/* Generated by tools/asset_packer.py from SpelunkyClassicHD - do not edit. */

#include "gml_assets.h"

/* sAlienBossDead: 1 masks of 40 bytes */
static const uint8_t s_mask_sAlienBossDead[40] = {
    0x01, 0x83, 0xf8, 0x00, 0x03, 0xff, 0xff, 0xc0, 0x03, 0xff, 0xff, 0xf0, 0x03, 0xff, 0xff, 0xf8,
    0x1f, 0xff, 0xff, 0xfc, 0x3f, 0xff, 0xff, 0xfc, 0x1f, 0xff, 0xff, 0xfc, 0x3f, 0xff, 0xff, 0xfc,
    0x7f, 0xff, 0xff, 0xfe, 0xff, 0xff, 0xff, 0xfe,
};

/* sAlienBossDie: 9 masks of 124 bytes */
static const uint8_t s_mask_sAlienBossDie[1116] = {
    0x00, 0x03, 0xf8, 0x00, 0x00, 0x1f, 0xff, 0x80, 0x00, 0x7f, 0xff, 0xe0, 0x01, 0xff, 0xff, 0xf0,
    0x03, 0xff, 0xff, 0xf8, 0x07, 0xff, 0xff, 0xfc, 0x0f, 0xff, 0xff, 0xfc, 0x1f, 0xff, 0xff, 0xfe,
    0x1f, 0xff, 0xff, 0xfe, 0x3f, 0xff, 0xff, 0xfe, 0x3f, 0xff, 0xff, 0xfe, 0x7f, 0xff, 0xff, 0xfe,
    0x7f, 0xff, 0xff, 0xfe, 0xff, 0xff, 0xff, 0xfe, 0xff, 0xff, 0xff, 0xfe, 0xff, 0xff, 0xff, 0xfe,
    0xff, 0xff, 0xff, 0xfe, 0xff, 0xff, 0xff, 0xfe, 0xff, 0xff, 0xff, 0xfe, 0x7f, 0xff, 0xff, 0xfe,
    0x7f, 0xff, 0xff, 0xfc, 0x3f, 0xff, 0xff, 0xfc, 0x3f, 0xff, 0xff, 0xf8, 0x1f, 0xff, 0xff, 0xf8,
    0x0f, 0xff, 0xff, 0xfc, 0x0f, 0xff, 0xff, 0xfe, 0x1f, 0xff, 0xff, 0xfe, 0x3f, 0xff, 0xff, 0xfe,
    0x7f, 0xff, 0xff, 0xfe, 0xff, 0xff, 0xff, 0xfe, 0xff, 0xff, 0xff, 0xfe,
    0x00, 0x0f, 0xfc, 0x00, 0x00, 0x3f, 0xff, 0xc0, 0x00, 0xff, 0xff, 0xf0, 0x03, 0xff, 0xff, 0xf8,
    0x07, 0xff, 0xff, 0xfc, 0x0f, 0xff, 0xff, 0xfc, 0x1f, 0xff, 0xff, 0xfe, 0x1f, 0xff, 0xff, 0xfe,
    0x7f, 0xff, 0xff, 0xfe, 0xff, 0xff, 0xff, 0xfe, 0xff, 0xff, 0xff, 0xfe, 0x7f, 0xff, 0xff, 0xfe,
    0x7f, 0xff, 0xff, 0xfe, 0x3f, 0xff, 0xff, 0xfe, 0x3f, 0xff, 0xff, 0xfe, 0x3f, 0xff, 0xff, 0xfe,
    0x3f, 0xff, 0xff, 0xfe, 0x7f, 0xff, 0xff, 0xfe, 0x7f, 0xff, 0xff, 0xfe, 0x7f, 0xff, 0xff, 0xfe,
    0x3f, 0xff, 0xff, 0xfc, 0x3f, 0xff, 0xff, 0xfc, 0x7f, 0xff, 0xff, 0xf8, 0xff, 0xff, 0xff, 0xf8,
    0x7f, 0xff, 0xff, 0xfc, 0x3f, 0xff, 0xff, 0xfe, 0x7f, 0xff, 0xff, 0xfe, 0xff, 0xff, 0xff, 0xfe,
    0xff, 0xff, 0xff, 0xfe, 0xff, 0xff, 0xff, 0xfe, 0x7f, 0xff, 0xff, 0xfe,
    0x00, 0x00, 0x00, 0x00, 0x00, 0x03, 0xf8, 0x00, 0x18, 0x1f, 0xff, 0x80, 0x3f, 0xff, 0xff, 0xe0,
    0x1f, 0xff, 0xff, 0xf0, 0x3f, 0xff, 0xff, 0xf8, 0x3f, 0xff, 0xff, 0xfc, 0x1f, 0xff, 0xff, 0xfc,
    0x1f, 0xff, 0xff, 0xfe, 0x0f, 0xff, 0xff, 0xfe, 0x0f, 0xff, 0xff, 0xfe, 0x1f, 0xff, 0xff, 0xfe,
    0x3f, 0xff, 0xff, 0xfe, 0x3f, 0xff, 0xff, 0xfe, 0x3f, 0xff, 0xff, 0xfe, 0x1f, 0xff, 0xff, 0xfe,
    0x3f, 0xff, 0xff, 0xfe, 0x7f, 0xff, 0xff, 0xfe, 0x7f, 0xff, 0xff, 0xfe, 0x7f, 0xff, 0xff, 0xfe,
    0x3f, 0xff, 0xff, 0xfc, 0x3f, 0xff, 0xff, 0xfc, 0x7f, 0xff, 0xff, 0xf8, 0xff, 0xff, 0xff, 0xf8,
    0x7f, 0xff, 0xff, 0xfc, 0x1f, 0xff, 0xff, 0xfe, 0x3f, 0xff, 0xff, 0xfe, 0x7f, 0xff, 0xff, 0xfe,
    0x7f, 0xff, 0xff, 0xfe, 0x7f, 0xff, 0xff, 0xfe, 0x3f, 0xff, 0xff, 0xfe,
    0x00, 0x00, 0x00, 0x00, 0x00, 0x00, 0x00, 0x00, 0x01, 0x83, 0xf8, 0x00, 0x03, 0xff, 0xff, 0x80,
    0x01, 0xff, 0xff, 0xe0, 0x03, 0xff, 0xff, 0xf0, 0x03, 0xff, 0xff, 0xf8, 0x01, 0xff, 0xff, 0xfc,
    0x01, 0xff, 0xff, 0xfc, 0x00, 0xff, 0xff, 0xfe, 0x00, 0xff, 0xff, 0xfe, 0x01, 0xff, 0xff, 0xfe,
    0x03, 0xff, 0xff, 0xfe, 0x03, 0xff, 0xff, 0xfe, 0x03, 0xff, 0xff, 0xfe, 0x03, 0xff, 0xff, 0xfe,
    0x07, 0xff, 0xff, 0xfe, 0x0f, 0xff, 0xff, 0xfe, 0x1f, 0xff, 0xff, 0xfe, 0x1f, 0xff, 0xff, 0xfe,
    0x1f, 0xff, 0xff, 0xfe, 0x0f, 0xff, 0xff, 0xfc, 0x0f, 0xff, 0xff, 0xf8, 0x1f, 0xff, 0xff, 0xf8,
    0x3f, 0xff, 0xff, 0xfc, 0x1f, 0xff, 0xff, 0xfe, 0x1f, 0xff, 0xff, 0xfe, 0x3f, 0xff, 0xff, 0xfe,
    0x7f, 0xff, 0xff, 0xfe, 0xff, 0xff, 0xff, 0xfe, 0xff, 0xff, 0xff, 0xfe,
    0x00, 0x00, 0x00, 0x00, 0x00, 0x00, 0x00, 0x00, 0x00, 0x00, 0x00, 0x00, 0x00, 0x00, 0x00, 0x00,
    0x00, 0x00, 0x00, 0x00, 0x00, 0x00, 0x00, 0x00, 0x00, 0x30, 0x7f, 0x00, 0x00, 0x7f, 0xff, 0xe0,
    0x00, 0x7f, 0xff, 0xf0, 0x00, 0x7f, 0xff, 0xf8, 0x00, 0x7f, 0xff, 0xfc, 0x00, 0x3f, 0xff, 0xfc,
    0x00, 0x3f, 0xff, 0xfe, 0x00, 0x1f, 0xff, 0xfe, 0x00, 0x7f, 0xff, 0xfe, 0x01, 0xff, 0xff, 0xfe,
    0x03, 0xff, 0xff, 0xfe, 0x0f, 0xff, 0xff, 0xfe, 0x1f, 0xff, 0xff, 0xfe, 0x1f, 0xff, 0xff, 0xfe,
    0x1f, 0xff, 0xff, 0xfe, 0x0f, 0xff, 0xff, 0xfc, 0x0f, 0xff, 0xff, 0xf8, 0x1f, 0xff, 0xff, 0xf8,
    0x3f, 0xff, 0xff, 0xfc, 0x1f, 0xff, 0xff, 0xfe, 0x1f, 0xff, 0xff, 0xfe, 0x3f, 0xff, 0xff, 0xfe,
    0x7f, 0xff, 0xff, 0xfe, 0xff, 0xff, 0xff, 0xfe, 0xff, 0xff, 0xff, 0xfe,
    0x00, 0x00, 0x00, 0x00, 0x00, 0x00, 0x00, 0x00, 0x00, 0x00, 0x00, 0x00, 0x00, 0x00, 0x00, 0x00,
    0x00, 0x00, 0x00, 0x00, 0x00, 0x00, 0x00, 0x00, 0x00, 0x00, 0x00, 0x00, 0x00, 0x00, 0x00, 0x00,
    0x00, 0x00, 0x00, 0x00, 0x00, 0x00, 0x00, 0x00, 0x00, 0x30, 0x7f, 0x00, 0x00, 0x7f, 0xff, 0xe0,
    0x00, 0x7f, 0xff, 0xf0, 0x00, 0x7f, 0xff, 0xf8, 0x00, 0x7f, 0xff, 0xfc, 0x00, 0x3f, 0xff, 0xfc,
    0x00, 0x3f, 0xff, 0xfe, 0x00, 0x1f, 0xff, 0xfe, 0x00, 0x7f, 0xff, 0xfe, 0x01, 0xff, 0xff, 0xfe,
    0x03, 0xff, 0xff, 0xfe, 0x0f, 0xff, 0xff, 0xfe, 0x1f, 0xff, 0xff, 0xfe, 0x0f, 0xff, 0xff, 0xf8,
    0x1f, 0xff, 0xff, 0xf8, 0x3f, 0xff, 0xff, 0xfc, 0x1f, 0xff, 0xff, 0xfe, 0x1f, 0xff, 0xff, 0xfe,
    0x3f, 0xff, 0xff, 0xfe, 0x7f, 0xff, 0xff, 0xfe, 0xff, 0xff, 0xff, 0xfe,
    0x00, 0x00, 0x00, 0x00, 0x00, 0x00, 0x00, 0x00, 0x00, 0x00, 0x00, 0x00, 0x00, 0x00, 0x00, 0x00,
    0x00, 0x00, 0x00, 0x00, 0x00, 0x00, 0x00, 0x00, 0x00, 0x00, 0x00, 0x00, 0x00, 0x00, 0x00, 0x00,
    0x00, 0x00, 0x00, 0x00, 0x00, 0x00, 0x00, 0x00, 0x00, 0x00, 0x00, 0x00, 0x00, 0x00, 0x00, 0x00,
    0x00, 0x00, 0x00, 0x00, 0x00, 0x00, 0x00, 0x00, 0x00, 0x30, 0x7f, 0x00, 0x00, 0x7f, 0xff, 0xe0,
    0x00, 0x7f, 0xff, 0xf0, 0x00, 0x7f, 0xff, 0xf8, 0x00, 0x7f, 0xff, 0xfc, 0x00, 0x7f, 0xff, 0xfc,
    0x01, 0xff, 0xff, 0xfe, 0x0f, 0xff, 0xff, 0xfe, 0x1f, 0xff, 0xff, 0xfe, 0x0f, 0xff, 0xff, 0xfe,
    0x1f, 0xff, 0xff, 0xfc, 0x3f, 0xff, 0xff, 0xfc, 0x1f, 0xff, 0xff, 0xfe, 0x1f, 0xff, 0xff, 0xfe,
    0x3f, 0xff, 0xff, 0xfe, 0x7f, 0xff, 0xff, 0xfe, 0xff, 0xff, 0xff, 0xfe,
    0x00, 0x00, 0x00, 0x00, 0x00, 0x00, 0x00, 0x00, 0x00, 0x00, 0x00, 0x00, 0x00, 0x00, 0x00, 0x00,
    0x00, 0x00, 0x00, 0x00, 0x00, 0x00, 0x00, 0x00, 0x00, 0x00, 0x00, 0x00, 0x00, 0x00, 0x00, 0x00,
    0x00, 0x00, 0x00, 0x00, 0x00, 0x00, 0x00, 0x00, 0x00, 0x00, 0x00, 0x00, 0x00, 0x00, 0x00, 0x00,
    0x00, 0x00, 0x00, 0x00, 0x00, 0x00, 0x00, 0x00, 0x00, 0x00, 0x00, 0x00, 0x00, 0x00, 0x00, 0x00,
    0x00, 0x00, 0x00, 0x00, 0x00, 0x00, 0x00, 0x00, 0x00, 0x00, 0x00, 0x00, 0x01, 0x83, 0xf8, 0x00,
    0x03, 0xff, 0xff, 0xc0, 0x03, 0xff, 0xff, 0xf0, 0x03, 0xff, 0xff, 0xf8, 0x1f, 0xff, 0xff, 0xfc,
    0x3f, 0xff, 0xff, 0xfc, 0x1f, 0xff, 0xff, 0xfc, 0x3f, 0xff, 0xff, 0xf8, 0x7f, 0xff, 0xff, 0xf8,
    0x3f, 0xff, 0xff, 0xfc, 0x7f, 0xff, 0xff, 0xfe, 0xff, 0xff, 0xff, 0xfe,
    0x00, 0x00, 0x00, 0x00, 0x00, 0x00, 0x00, 0x00, 0x00, 0x00, 0x00, 0x00, 0x00, 0x00, 0x00, 0x00,
    0x00, 0x00, 0x00, 0x00, 0x00, 0x00, 0x00, 0x00, 0x00, 0x00, 0x00, 0x00, 0x00, 0x00, 0x00, 0x00,
    0x00, 0x00, 0x00, 0x00, 0x00, 0x00, 0x00, 0x00, 0x00, 0x00, 0x00, 0x00, 0x00, 0x00, 0x00, 0x00,
    0x00, 0x00, 0x00, 0x00, 0x00, 0x00, 0x00, 0x00, 0x00, 0x00, 0x00, 0x00, 0x00, 0x00, 0x00, 0x00,
    0x00, 0x00, 0x00, 0x00, 0x00, 0x00, 0x00, 0x00, 0x00, 0x00, 0x00, 0x00, 0x00, 0x00, 0x00, 0x00,
    0x00, 0x00, 0x00, 0x00, 0x01, 0x83, 0xf8, 0x00, 0x03, 0xff, 0xff, 0xc0, 0x03, 0xff, 0xff, 0xf0,
    0x03, 0xff, 0xff, 0xf8, 0x1f, 0xff, 0xff, 0xfc, 0x3f, 0xff, 0xff, 0xfc, 0x1f, 0xff, 0xff, 0xfc,
    0x3f, 0xff, 0xff, 0xfc, 0x7f, 0xff, 0xff, 0xfe, 0xff, 0xff, 0xff, 0xfe,
};

/* sAnkh: 1 masks of 30 bytes */
static const uint8_t s_mask_sAnkh[30] = {
    0x07, 0x80, 0x0f, 0xc0, 0x1f, 0xe0, 0x1c, 0xe0, 0x1c, 0xe0, 0xef, 0xdc, 0xff, 0xfc, 0xff, 0xfc,
    0xff, 0xfc, 0xe7, 0x9c, 0x07, 0x80, 0x0f, 0xc0, 0x0f, 0xc0, 0x1f, 0xe0, 0x1f, 0xe0,
};

/* sAnkhIcon: 1 masks of 32 bytes */
static const uint8_t s_mask_sAnkhIcon[32] = {
    0x07, 0xc0, 0x0f, 0xc0, 0x1f, 0xf8, 0x1f, 0xf8, 0x1c, 0xf8, 0x1c, 0xf8, 0x1f, 0xf8, 0x1f, 0xf8,
    0xff, 0xe0, 0xff, 0xc0, 0xff, 0xe0, 0x7f, 0xe0, 0x7f, 0xe0, 0x0f, 0xe0, 0x0f, 0xe0, 0x0f, 0x80,
};

/* sArrowIcon: 1 masks of 32 bytes */
static const uint8_t s_mask_sArrowIcon[32] = {
    0x00, 0xf0, 0x01, 0xf0, 0x03, 0xf0, 0x07, 0xf0, 0x03, 0xe0, 0x03, 0xe0, 0x07, 0xe0, 0x07, 0x80,
    0x0f, 0x00, 0x0f, 0x00, 0x3e, 0x00, 0x7e, 0x00, 0xfe, 0x00, 0xfe, 0x00, 0x7e, 0x00, 0x1c, 0x00,
};

/* sArrowLeft: 1 masks of 5 bytes */
static const uint8_t s_mask_sArrowLeft[5] = {
    0x63, 0xff, 0xff, 0xff, 0x66,
};

/* sArrowRight: 1 masks of 5 bytes */
static const uint8_t s_mask_sArrowRight[5] = {
    0xc6, 0xff, 0xff, 0xff, 0x66,
};

/* sBall: 1 masks of 20 bytes */
static const uint8_t s_mask_sBall[20] = {
    0x1e, 0x00, 0x3f, 0x00, 0x7f, 0x80, 0xff, 0xc0, 0xff, 0xc0, 0xff, 0xc0, 0xff, 0xc0, 0x7f, 0x80,
    0x3f, 0x00, 0x1e, 0x00,
};

/* sBarrier: 3 masks of 96 bytes */
static const uint8_t s_mask_sBarrier[288] = {
    0x3f, 0x80, 0x7f, 0x40, 0x6f, 0x00, 0x2f, 0x00, 0x2f, 0x00, 0x1f, 0x00, 0x1f, 0x00, 0x0f, 0x00,
    0x0f, 0x00, 0x1f, 0x00, 0x1e, 0x00, 0x1e, 0x00, 0x1e, 0x00, 0x3e, 0x00, 0x7e, 0x00, 0x7a, 0x00,
    0x7a, 0x00, 0x7a, 0x00, 0x39, 0x00, 0x39, 0x00, 0x39, 0x00, 0x1d, 0x00, 0x1d, 0x00, 0x1f, 0x00,
    0x1f, 0x00, 0x1f, 0x00, 0x0f, 0x00, 0x0f, 0x80, 0x0f, 0x80, 0x0f, 0x80, 0x0f, 0x00, 0x0f, 0x00,
    0x1f, 0x00, 0x27, 0x00, 0x47, 0x00, 0x4f, 0x00, 0x4f, 0x80, 0x2f, 0x80, 0x1f, 0x80, 0x1f, 0x00,
    0x1f, 0x00, 0x1f, 0x00, 0x1f, 0x00, 0x3f, 0x00, 0x3f, 0x00, 0x3e, 0x80, 0x3e, 0x80, 0x1e, 0x80,
    0x3f, 0x80, 0x1f, 0x80, 0x9f, 0xa0, 0x5e, 0x80, 0x1e, 0x80, 0x0e, 0x80, 0x0f, 0x00, 0x0f, 0x00,
    0x0f, 0x00, 0x1f, 0x80, 0x17, 0x80, 0x27, 0x80, 0x47, 0xc0, 0x43, 0xc0, 0x43, 0x80, 0x27, 0x80,
    0x17, 0x00, 0x1f, 0x00, 0x0f, 0x00, 0x0f, 0x00, 0x0e, 0x80, 0x1e, 0x80, 0x1c, 0x80, 0x1c, 0x40,
    0x1c, 0x40, 0x1c, 0x40, 0x3c, 0x80, 0x3d, 0x00, 0x1f, 0x00, 0x1e, 0x00, 0x1e, 0x00, 0x0e, 0x00,
    0x0e, 0x00, 0x0f, 0x00, 0x0f, 0x00, 0x1f, 0x00, 0x1f, 0x00, 0x0f, 0x00, 0x0b, 0x00, 0x0b, 0x00,
    0x0f, 0x00, 0x0f, 0x00, 0x0e, 0x00, 0x0e, 0x00, 0x0f, 0x00, 0x1d, 0x00, 0x1d, 0x00, 0x1e, 0x80,
    0x3f, 0x00, 0x1f, 0x80, 0x1f, 0x80, 0x1e, 0x00, 0x9e, 0x00, 0x1e, 0x00, 0x1c, 0x00, 0x1c, 0x00,
    0x1c, 0x00, 0x3c, 0x00, 0x3e, 0x00, 0x3a, 0x00, 0x7a, 0x00, 0x79, 0x00, 0x39, 0x00, 0x3d, 0x00,
    0x1e, 0x00, 0x1e, 0x00, 0x1e, 0x00, 0x1e, 0x00, 0x16, 0x00, 0x27, 0x00, 0x23, 0x00, 0x27, 0x00,
    0x27, 0x80, 0x1f, 0x80, 0x1f, 0x80, 0x1e, 0x00, 0x1f, 0x00, 0x0f, 0x00, 0x0f, 0x00, 0x06, 0x00,
    0x0e, 0x00, 0x0e, 0x00, 0x1e, 0x00, 0x1e, 0x00, 0x1e, 0x00, 0x3a, 0x00, 0x39, 0x00, 0x79, 0x00,
    0x71, 0x00, 0xf9, 0x00, 0xf9, 0x00, 0x1d, 0x00, 0x1d, 0x00, 0x1d, 0x00, 0x0e, 0x00, 0x0e, 0x00,
};

/* sBarrierEmitter: 11 masks of 32 bytes */
static const uint8_t s_mask_sBarrierEmitter[352] = {
    0xff, 0xff, 0xff, 0xff, 0x7f, 0xfe, 0x7f, 0xfe, 0x7f, 0xfe, 0x7f, 0xfe, 0x7f, 0xfe, 0x3f, 0xfc,
    0x3f, 0xfc, 0x3f, 0xfc, 0x3f, 0xfc, 0x3f, 0xfc, 0x7f, 0xfe, 0x7f, 0xfe, 0x1f, 0xf8, 0x0f, 0xf0,
    0xff, 0xff, 0xff, 0xff, 0x7f, 0xfe, 0x7f, 0xfe, 0x7f, 0xfe, 0x7f, 0xfe, 0x7f, 0xfe, 0x3f, 0xfc,
    0x3f, 0xfc, 0x3f, 0xfc, 0x3f, 0xfc, 0x3f, 0xfc, 0x7f, 0xfe, 0x7f, 0xfe, 0x1f, 0xf8, 0x0f, 0xf0,
    0xff, 0xff, 0xff, 0xff, 0x7f, 0xfe, 0x7f, 0xfe, 0x7f, 0xfe, 0x7f, 0xfe, 0x7f, 0xfe, 0x3f, 0xfc,
    0x3f, 0xfc, 0x3f, 0xfc, 0x3f, 0xfc, 0x3f, 0xfc, 0x7f, 0xfe, 0x7f, 0xfe, 0x1f, 0xf8, 0x0f, 0xf0,
    0xff, 0xff, 0xff, 0xff, 0x7f, 0xfe, 0x7f, 0xfe, 0x7f, 0xfe, 0x7f, 0xfe, 0x7f, 0xfe, 0x3f, 0xfc,
    0x3f, 0xfc, 0x3f, 0xfc, 0x3f, 0xfc, 0x3f, 0xfc, 0x7f, 0xfe, 0x7f, 0xfe, 0x1f, 0xf8, 0x0f, 0xf0,
    0xff, 0xff, 0xff, 0xff, 0x7f, 0xfe, 0x7f, 0xfe, 0x7f, 0xfe, 0x7f, 0xfe, 0x7f, 0xfe, 0x3f, 0xfc,
    0x3f, 0xfc, 0x3f, 0xfc, 0x3f, 0xfc, 0x3f, 0xfc, 0x7f, 0xfe, 0x7f, 0xfe, 0x1f, 0xf8, 0x0f, 0xf0,
    0xff, 0xff, 0xff, 0xff, 0xff, 0xfe, 0xff, 0xfe, 0xff, 0xfe, 0xff, 0xfe, 0xff, 0xfe, 0xff, 0xfc,
    0xff, 0xfc, 0xff, 0xfc, 0xff, 0xfc, 0xff, 0xfc, 0x7f, 0xfe, 0x7f, 0xfe, 0x1f, 0xf8, 0x0f, 0xf0,
    0xff, 0xff, 0xff, 0xff, 0x7f, 0xfe, 0x7f, 0xfe, 0x7f, 0xfe, 0x7f, 0xfe, 0x7f, 0xfe, 0x3f, 0xfc,
    0x3f, 0xfc, 0x3f, 0xfc, 0x3f, 0xfc, 0x3f, 0xfc, 0x7f, 0xfe, 0x7f, 0xfe, 0x1f, 0xf8, 0x0f, 0xf0,
    0xff, 0xff, 0xff, 0xff, 0x7f, 0xfe, 0x7f, 0xfe, 0x7f, 0xfe, 0x7f, 0xfe, 0x7f, 0xfe, 0x3f, 0xfc,
    0x3f, 0xfc, 0x3f, 0xfc, 0x3f, 0xfc, 0x3f, 0xfc, 0x7f, 0xfe, 0x7f, 0xfe, 0x1f, 0xf8, 0x0f, 0xf0,
    0xff, 0xff, 0xff, 0xff, 0x7f, 0xfe, 0x7f, 0xfe, 0x7f, 0xfe, 0x7f, 0xfe, 0x7f, 0xfe, 0x3f, 0xfc,
    0x3f, 0xfc, 0x3f, 0xfc, 0x3f, 0xfc, 0x3f, 0xfc, 0x7f, 0xfe, 0x7f, 0xfe, 0x1f, 0xf8, 0x0f, 0xf0,
    0xff, 0xff, 0xff, 0xff, 0x7f, 0xfe, 0x7f, 0xfe, 0x7f, 0xfe, 0x7f, 0xfe, 0x7f, 0xfe, 0x3f, 0xfc,
    0x3f, 0xfc, 0x3f, 0xfc, 0x3f, 0xfc, 0x3f, 0xfc, 0x7f, 0xfe, 0x7f, 0xfe, 0x1f, 0xf8, 0x0f, 0xf0,
    0xff, 0xff, 0xff, 0xff, 0x7f, 0xff, 0x7f, 0xff, 0x7f, 0xff, 0x7f, 0xff, 0x7f, 0xff, 0x3f, 0xff,
    0x3f, 0xff, 0x3f, 0xff, 0x3f, 0xff, 0x3f, 0xff, 0x7f, 0xfe, 0x7f, 0xfe, 0x1f, 0xf8, 0x0f, 0xf0,
};

/* sBasket: 1 masks of 32 bytes */
static const uint8_t s_mask_sBasket[32] = {
    0x7f, 0xfe, 0xff, 0xff, 0xff, 0xff, 0xff, 0xff, 0x7f, 0xfe, 0x55, 0x56, 0x6a, 0xaa, 0x55, 0x56,
    0x6a, 0xaa, 0x35, 0x54, 0x2a, 0xac, 0x35, 0x54, 0x2a, 0xac, 0x35, 0x54, 0x2a, 0xac, 0x15, 0x58,
};

/* sBasketball: 1 masks of 8 bytes */
static const uint8_t s_mask_sBasketball[8] = {
    0x3c, 0x7e, 0xff, 0xff, 0xff, 0xff, 0x7e, 0x3c,
};

/* sBasketSwoosh: 6 masks of 32 bytes */
static const uint8_t s_mask_sBasketSwoosh[192] = {
    0x7f, 0xfe, 0xff, 0xff, 0xff, 0xff, 0xff, 0xff, 0x7f, 0xfe, 0x55, 0x56, 0x6a, 0xaa, 0x55, 0x56,
    0x6a, 0xaa, 0x35, 0x54, 0x2a, 0xac, 0x35, 0x54, 0x2a, 0xac, 0x35, 0x54, 0x2a, 0xac, 0x15, 0x58,
    0x7f, 0xfe, 0xff, 0xff, 0xff, 0xff, 0xff, 0xff, 0x7f, 0xfe, 0x55, 0x56, 0x6a, 0xaa, 0x35, 0x54,
    0x1a, 0xac, 0x1a, 0xa8, 0x15, 0x58, 0x1a, 0xa8, 0x15, 0x58, 0x35, 0x54, 0x2a, 0xac, 0x15, 0x58,
    0x7f, 0xfe, 0xff, 0xff, 0xff, 0xff, 0xff, 0xff, 0x7f, 0xfe, 0x55, 0x56, 0x6a, 0xaa, 0x55, 0x56,
    0x2a, 0xac, 0x35, 0x54, 0x2f, 0xec, 0x1f, 0xf8, 0x00, 0x00, 0x00, 0x00, 0x00, 0x00, 0x00, 0x00,
    0x7f, 0xfe, 0xff, 0xff, 0xff, 0xff, 0xff, 0xff, 0x7f, 0xfe, 0x55, 0x56, 0x6f, 0xfa, 0x3f, 0xfc,
    0x3f, 0xfc, 0x1f, 0xf8, 0x00, 0x00, 0x00, 0x00, 0x00, 0x00, 0x00, 0x00, 0x00, 0x00, 0x00, 0x00,
    0x7f, 0xfe, 0xff, 0xff, 0xff, 0xff, 0xff, 0xff, 0x7f, 0xfe, 0x55, 0x56, 0x6a, 0xaa, 0x55, 0x56,
    0x6a, 0xaa, 0x35, 0x54, 0x2a, 0xac, 0x35, 0x54, 0x2a, 0xac, 0x15, 0x58, 0x00, 0x00, 0x00, 0x00,
    0x7f, 0xfe, 0xff, 0xff, 0xff, 0xff, 0xff, 0xff, 0x7f, 0xfe, 0x55, 0x56, 0x6a, 0xaa, 0x35, 0x54,
    0x1a, 0xac, 0x1a, 0xa8, 0x15, 0x58, 0x1a, 0xa8, 0x15, 0x58, 0x35, 0x54, 0x2a, 0xac, 0x15, 0x58,
};

/* sBGEnd3: 1 masks of 6540 bytes */
static const uint8_t s_mask_sBGEnd3[6540] = {
    0x00, 0x00, 0x00, 0x00, 0x00, 0x00, 0x00, 0x00, 0x00, 0x00, 0x00, 0x00, 0x00, 0x00, 0x00, 0x00,
    0x00, 0x00, 0x00, 0x00, 0x00, 0x00, 0x01, 0xf8, 0x00, 0x00, 0x00, 0x00, 0x00, 0x00, 0x00, 0x00,
    0x00, 0x00, 0x00, 0x00, 0x00, 0x00, 0x00, 0x00, 0x00, 0x00, 0x00, 0x00, 0x00, 0x00, 0x00, 0x00,
    0x00, 0x00, 0x00, 0x00, 0x00, 0x00, 0x00, 0x00, 0x00, 0x00, 0x00, 0x00, 0x00, 0x00, 0x00, 0x00,
    0x00, 0x00, 0x00, 0x00, 0x00, 0x00, 0x00, 0x00, 0x00, 0x00, 0x00, 0x00, 0x00, 0x00, 0x00, 0x00,
    0x00, 0x01, 0xff, 0xfc, 0x00, 0x00, 0x00, 0x00, 0x00, 0x00, 0x00, 0x00, 0x00, 0x00, 0x00, 0x00,
    0x00, 0x00, 0x00, 0x00, 0x00, 0x00, 0x00, 0x00, 0x00, 0x00, 0x00, 0x00, 0x00, 0x00, 0x00, 0x00,
    0x00, 0x00, 0x00, 0x00, 0x00, 0x00, 0x00, 0x00, 0x00, 0x00, 0x00, 0x00, 0x00, 0x00, 0x00, 0x00,
    0x00, 0x00, 0x00, 0x00, 0x00, 0x00, 0x00, 0x00, 0x00, 0x00, 0x00, 0x00, 0x00, 0x1f, 0xff, 0xfe,
    0x00, 0x00, 0x00, 0x00, 0x00, 0x00, 0x00, 0x00, 0x00, 0x00, 0x00, 0x00, 0x00, 0x00, 0x00, 0x00,
    0x00, 0x00, 0x00, 0x00, 0x00, 0x00, 0x00, 0x00, 0x00, 0x00, 0x00, 0x00, 0x00, 0x00, 0x00, 0x00,
    0x00, 0x00, 0x00, 0x00, 0x00, 0x00, 0x00, 0x00, 0x00, 0x00, 0x00, 0x00, 0x00, 0x00, 0x00, 0x00,
    0x00, 0x00, 0x00, 0x00, 0x00, 0x00, 0x00, 0x00, 0x01, 0xff, 0xff, 0xff, 0x00, 0x00, 0x00, 0x00,
    0x00, 0x00, 0x00, 0x00, 0x00, 0x00, 0x00, 0x00, 0x00, 0x00, 0x00, 0x00, 0x00, 0x00, 0x00, 0x00,
    0x00, 0x00, 0x00, 0x00, 0x00, 0x00, 0x00, 0x00, 0x00, 0x00, 0x00, 0x00, 0x00, 0x00, 0x00, 0x00,
    0x00, 0x00, 0x00, 0x00, 0x00, 0x00, 0x00, 0x00, 0x00, 0x00, 0x00, 0x00, 0x00, 0x00, 0x00, 0x00,
    0x00, 0x00, 0x00, 0x00, 0x0f, 0xff, 0xff, 0xff, 0x00, 0x00, 0x00, 0x00, 0x00, 0x00, 0x00, 0x00,
    0x00, 0x00, 0x00, 0x00, 0x00, 0x00, 0x00, 0x00, 0x00, 0x00, 0x00, 0x00, 0x00, 0x00, 0x00, 0x00,
    0x00, 0x00, 0x00, 0x00, 0x00, 0x00, 0x00, 0x00, 0x00, 0x00, 0x00, 0x00, 0x00, 0x00, 0x00, 0x00,
    0x00, 0x00, 0x00, 0x00, 0x00, 0x00, 0x00, 0x00, 0x00, 0x00, 0x00, 0x00, 0x00, 0x00, 0x00, 0x00,
    0x7f, 0xff, 0xff, 0xff, 0x80, 0x00, 0x00, 0x00, 0x00, 0x00, 0x00, 0x00, 0x00, 0x00, 0x00, 0x00,
    0x00, 0x00, 0x00, 0x00, 0x00, 0x00, 0x00, 0x00, 0x00, 0x00, 0x00, 0x00, 0x00, 0x00, 0x00, 0x00,
    0x00, 0x00, 0x00, 0x00, 0x00, 0x00, 0x00, 0x00, 0x00, 0x00, 0x00, 0x00, 0x00, 0x00, 0x00, 0x00,
    0x00, 0x00, 0x00, 0x00, 0x00, 0x00, 0x00, 0x00, 0x00, 0x00, 0x00, 0x01, 0xff, 0xff, 0xff, 0xff,
    0xc0, 0x00, 0x00, 0x00, 0x00, 0x00, 0x00, 0x00, 0x00, 0x00, 0x00, 0x00, 0x00, 0x00, 0x00, 0x00,
    0x00, 0x00, 0x00, 0x00, 0x00, 0x00, 0x00, 0x00, 0x00, 0x00, 0x00, 0x00, 0x00, 0x00, 0x00, 0x00,
    0x00, 0x00, 0x00, 0x00, 0x00, 0x00, 0x00, 0x00, 0x00, 0x00, 0x00, 0x00, 0x00, 0x00, 0x00, 0x00,
    0x00, 0x00, 0x00, 0x00, 0x00, 0x00, 0x00, 0x07, 0xff, 0xff, 0xff, 0xff, 0xf0, 0x00, 0x00, 0x00,
    0x00, 0x00, 0x00, 0x00, 0x00, 0x00, 0x00, 0x00, 0x00, 0x00, 0x00, 0x00, 0x00, 0x00, 0x00, 0x00,
    0x00, 0x00, 0x00, 0x00, 0x00, 0x00, 0x00, 0x00, 0x00, 0x00, 0x00, 0x00, 0x00, 0x00, 0x00, 0x00,
    0x00, 0x00, 0x00, 0x00, 0x00, 0x00, 0x00, 0x00, 0x00, 0x00, 0x00, 0x00, 0x00, 0x00, 0x00, 0x00,
    0x00, 0x00, 0x00, 0x3f, 0xff, 0xff, 0xff, 0xff, 0xf8, 0x00, 0x00, 0x00, 0x00, 0x00, 0x00, 0x00,
    0x00, 0x00, 0x00, 0x00, 0x00, 0x00, 0x00, 0x00, 0x00, 0x00, 0x00, 0x00, 0x00, 0x00, 0x00, 0x00,
    0x00, 0x00, 0x00, 0x00, 0x00, 0x00, 0x00, 0x00, 0x00, 0x00, 0x00, 0x00, 0x00, 0x00, 0x00, 0x00,
    0x00, 0x00, 0x03, 0xc0, 0x00, 0x00, 0x00, 0x00, 0x00, 0x00, 0x00, 0x00, 0x00, 0x00, 0x00, 0x7f,
    0xff, 0xff, 0xff, 0xff, 0xfe, 0x00, 0x00, 0x00, 0x00, 0x00, 0x00, 0x00, 0x00, 0x00, 0x00, 0x00,
    0x00, 0x00, 0x00, 0x00, 0x00, 0x00, 0x00, 0x00, 0x00, 0x00, 0x00, 0x00, 0x00, 0x00, 0x00, 0x00,
    0x00, 0x00, 0x00, 0x00, 0x00, 0x00, 0x00, 0x00, 0x00, 0x00, 0x00, 0x00, 0x00, 0x00, 0x3f, 0xf0,
    0x00, 0x00, 0x00, 0x00, 0x00, 0x00, 0x00, 0x00, 0x00, 0x00, 0x01, 0xff, 0xff, 0xff, 0xff, 0xff,
    0xff, 0x80, 0x00, 0x00, 0x00, 0x00, 0x00, 0x00, 0x00, 0x00, 0x00, 0x00, 0x00, 0x00, 0x00, 0x00,
    0x00, 0x00, 0x00, 0x00, 0x00, 0x00, 0x00, 0x00, 0x00, 0x00, 0x00, 0x00, 0x00, 0x00, 0x00, 0x00,
    0x00, 0x00, 0x00, 0x00, 0x00, 0x00, 0x00, 0x00, 0x00, 0x01, 0xff, 0xf8, 0x00, 0x00, 0x00, 0x00,
    0x00, 0x00, 0x00, 0x00, 0x00, 0x00, 0x07, 0xff, 0xff, 0xff, 0xff, 0xff, 0xff, 0xe0, 0x00, 0x00,
    0x00, 0x00, 0x00, 0x00, 0x00, 0x00, 0x00, 0x00, 0x00, 0x00, 0x00, 0x00, 0x00, 0x00, 0x00, 0x00,
    0x00, 0x00, 0x00, 0x00, 0x00, 0x00, 0x00, 0x00, 0x00, 0x00, 0x00, 0x00, 0x00, 0x00, 0x00, 0x00,
    0x00, 0x00, 0x00, 0x00, 0x00, 0x0f, 0xff, 0xfe, 0x00, 0x00, 0x00, 0x00, 0x00, 0x00, 0x00, 0x00,
    0x00, 0x00, 0x1f, 0xff, 0xff, 0xff, 0xff, 0xff, 0xff, 0xf8, 0x00, 0x00, 0x00, 0x00, 0x00, 0x00,
    0x00, 0x00, 0x00, 0x00, 0x00, 0x00, 0x00, 0x00, 0x00, 0x00, 0x00, 0x7f, 0x00, 0x00, 0x00, 0x00,
    0x00, 0x00, 0x00, 0x00, 0x00, 0x00, 0x00, 0x00, 0x00, 0x00, 0x00, 0x00, 0x00, 0x00, 0x00, 0x00,
    0x00, 0x3f, 0xff, 0xff, 0x80, 0x00, 0x00, 0x00, 0x00, 0x00, 0x00, 0x00, 0x00, 0x00, 0x7f, 0xff,
    0xff, 0xff, 0xff, 0xff, 0xff, 0xfc, 0x00, 0x00, 0x00, 0x00, 0x00, 0x00, 0x00, 0x00, 0x00, 0x00,
    0x00, 0x00, 0x00, 0x00, 0x00, 0x00, 0x03, 0xff, 0xe0, 0x00, 0x00, 0x00, 0x00, 0x00, 0x00, 0x00,
    0x00, 0x00, 0x00, 0x00, 0x00, 0x00, 0x00, 0x00, 0x00, 0x00, 0x00, 0x00, 0x01, 0xff, 0xff, 0xff,
    0xe0, 0x00, 0x00, 0x00, 0x00, 0x00, 0x00, 0x00, 0x00, 0x00, 0xff, 0xff, 0xff, 0xff, 0xff, 0xff,
    0xff, 0xff, 0x00, 0x00, 0x00, 0x00, 0x00, 0x00, 0x00, 0x00, 0x00, 0x00, 0x00, 0x00, 0x00, 0x00,
    0x00, 0x00, 0x0f, 0xff, 0xf8, 0x00, 0x00, 0x00, 0x00, 0x00, 0x00, 0x00, 0x00, 0x00, 0x00, 0x00,
    0x00, 0x00, 0x00, 0x00, 0x00, 0x00, 0x00, 0x00, 0x07, 0xff, 0xff, 0xff, 0xfe, 0x00, 0x00, 0x00,
    0x00, 0x00, 0x00, 0x00, 0x00, 0x03, 0xff, 0xff, 0xff, 0xff, 0xff, 0xff, 0xff, 0xff, 0xc0, 0x00,
    0x00, 0x00, 0x00, 0x00, 0x00, 0x00, 0x00, 0x00, 0x00, 0x00, 0x00, 0x00, 0x00, 0x00, 0x1f, 0xff,
    0xfe, 0x00, 0x00, 0x00, 0x00, 0x00, 0x00, 0x00, 0x00, 0x00, 0x00, 0x00, 0x00, 0x00, 0x00, 0x00,
    0x00, 0x00, 0x00, 0x00, 0x1f, 0xff, 0xff, 0xff, 0xff, 0xc0, 0x00, 0x00, 0x00, 0x00, 0x00, 0x00,
    0x00, 0x0f, 0xff, 0xff, 0xff, 0xff, 0xff, 0xff, 0xff, 0xff, 0xe0, 0x00, 0x00, 0x00, 0x00, 0x00,
    0x00, 0x00, 0x00, 0x00, 0x00, 0x00, 0x00, 0x00, 0x00, 0x00, 0xff, 0xff, 0xff, 0x80, 0x00, 0x00,
    0x00, 0x00, 0x00, 0x00, 0x00, 0x00, 0x00, 0x00, 0x00, 0x00, 0x00, 0x00, 0x00, 0x00, 0x00, 0x00,
    0xff, 0xff, 0xff, 0xff, 0xff, 0xf8, 0x00, 0x00, 0x00, 0x00, 0x00, 0x00, 0x00, 0x3f, 0xff, 0xff,
    0xff, 0xff, 0xff, 0xff, 0xff, 0xff, 0xf0, 0x00, 0x00, 0x00, 0x00, 0x00, 0x00, 0x00, 0x00, 0x00,
    0x00, 0x00, 0x00, 0x00, 0x00, 0x03, 0xff, 0xff, 0xff, 0xf0, 0x00, 0x00, 0x00, 0x00, 0x00, 0x00,
    0x00, 0x00, 0x00, 0x00, 0x00, 0x00, 0x00, 0x00, 0x00, 0x00, 0x00, 0x07, 0xff, 0xff, 0xff, 0xff,
    0xff, 0xff, 0x00, 0x00, 0x00, 0x00, 0x00, 0x00, 0x00, 0xff, 0xff, 0xff, 0xff, 0xff, 0xff, 0xff,
    0xff, 0xff, 0xf8, 0x00, 0x00, 0x00, 0x00, 0x00, 0x00, 0x0f, 0xf0, 0x00, 0x00, 0x00, 0x00, 0x00,
    0x00, 0x0f, 0xff, 0xff, 0xff, 0xf8, 0x00, 0x00, 0x00, 0x00, 0x00, 0x00, 0x00, 0x00, 0x00, 0x00,
    0x00, 0x00, 0x00, 0x00, 0x00, 0x00, 0x00, 0x1f, 0xff, 0xff, 0xff, 0xff, 0xff, 0xff, 0xe0, 0x00,
    0x00, 0x00, 0x00, 0x00, 0x03, 0xff, 0xff, 0xff, 0xff, 0xff, 0xff, 0xff, 0xff, 0xff, 0xfe, 0x00,
    0x00, 0x00, 0x00, 0x00, 0x00, 0xff, 0xfe, 0x00, 0x00, 0x00, 0x00, 0x00, 0x00, 0x3f, 0xff, 0xff,
    0xff, 0xfe, 0x00, 0x00, 0x00, 0x00, 0x00, 0x00, 0x00, 0x00, 0x00, 0x00, 0x00, 0x00, 0x00, 0x00,
    0x00, 0x00, 0x07, 0xff, 0xff, 0xff, 0xff, 0xff, 0xff, 0xff, 0xf8, 0x00, 0x00, 0x00, 0x00, 0x00,
    0x0f, 0xff, 0xff, 0xff, 0xff, 0xff, 0xff, 0xff, 0xff, 0xff, 0xff, 0x00, 0x00, 0x00, 0x00, 0x00,
    0x1f, 0xff, 0xff, 0x80, 0x00, 0x00, 0x00, 0x00, 0x00, 0xff, 0xff, 0xff, 0xff, 0xff, 0x00, 0x00,
    0x00, 0x00, 0x00, 0x00, 0x00, 0x00, 0x00, 0x00, 0x00, 0x00, 0x00, 0x00, 0x00, 0x00, 0x1f, 0xff,
    0xff, 0xff, 0xff, 0xff, 0xff, 0xff, 0xff, 0x00, 0x00, 0x00, 0x00, 0x00, 0x7f, 0xff, 0xff, 0xff,
    0xff, 0xff, 0xff, 0xff, 0xff, 0xff, 0xff, 0x80, 0x00, 0x00, 0x00, 0x00, 0xff, 0xff, 0xff, 0xe0,
    0x00, 0x00, 0x00, 0x00, 0x03, 0xff, 0xff, 0xff, 0xff, 0xff, 0x80, 0x00, 0x00, 0x00, 0x00, 0x00,
    0x00, 0x00, 0x00, 0x00, 0x00, 0x00, 0x00, 0x00, 0x00, 0x01, 0xff, 0xff, 0xff, 0xff, 0xff, 0xff,
    0xff, 0xff, 0xff, 0x80, 0x00, 0x00, 0x00, 0x03, 0xff, 0xff, 0xff, 0xff, 0xff, 0xff, 0xff, 0xff,
    0xff, 0xff, 0xff, 0xe0, 0x00, 0x00, 0x00, 0x03, 0xff, 0xff, 0xff, 0xf8, 0x00, 0x00, 0x00, 0x00,
    0x0f, 0xff, 0xff, 0xff, 0xff, 0xff, 0xc0, 0x00, 0x00, 0x00, 0x00, 0x00, 0x00, 0x00, 0x00, 0x00,
    0x00, 0x00, 0x00, 0x00, 0x00, 0x0f, 0xff, 0xff, 0xff, 0xff, 0xff, 0xff, 0xff, 0xff, 0xff, 0xf0,
    0x00, 0x00, 0x00, 0x0f, 0xff, 0xff, 0xff, 0xff, 0xff, 0xff, 0xff, 0xff, 0xff, 0xff, 0xff, 0xf0,
    0x00, 0x00, 0x00, 0x1f, 0xff, 0xff, 0xff, 0xfe, 0x00, 0x00, 0x00, 0x00, 0x7f, 0xff, 0xff, 0xff,
    0xff, 0xff, 0xf0, 0x00, 0x00, 0x00, 0x00, 0x01, 0xff, 0xc0, 0x00, 0x00, 0x00, 0x00, 0x00, 0x00,
    0x00, 0x7f, 0xff, 0xff, 0xff, 0xff, 0xff, 0xff, 0xff, 0xff, 0xff, 0xff, 0x00, 0x00, 0x00, 0xff,
    0xff, 0xff, 0xff, 0xff, 0xff, 0xff, 0xff, 0xff, 0xff, 0xff, 0xff, 0xfc, 0x00, 0x00, 0x00, 0xff,
    0xff, 0xff, 0xff, 0xff, 0x80, 0x00, 0x00, 0x1f, 0xff, 0xff, 0xff, 0xff, 0xff, 0xff, 0xfe, 0x00,
    0x00, 0x00, 0x07, 0xff, 0xff, 0xff, 0xe0, 0x00, 0x00, 0x00, 0x00, 0x00, 0xff, 0xff, 0xff, 0xff,
    0xff, 0xff, 0xff, 0xff, 0xff, 0xff, 0xff, 0xff, 0xff, 0x80, 0x7f, 0xff, 0xff, 0xff, 0xff, 0xff,
    0xff, 0xff, 0xff, 0xff, 0xff, 0xff, 0xff, 0xfe, 0x00, 0x00, 0x07, 0xff, 0xff, 0xff, 0xff, 0xff,
    0xe0, 0x00, 0x00, 0xff, 0xff, 0xff, 0xff, 0xff, 0xff, 0xff, 0xff, 0xc0, 0x00, 0x00, 0x7f, 0xff,
    0xff, 0xff, 0xff, 0xc7, 0xfe, 0x00, 0x00, 0x00, 0xff, 0xff, 0xff, 0xff, 0xff, 0xff, 0xff, 0xff,
    0xff, 0xff, 0xff, 0xff, 0xff, 0xff, 0xff, 0xff, 0xff, 0xff, 0xff, 0xff, 0xff, 0xff, 0xff, 0xff,
    0xff, 0xff, 0xff, 0xff, 0xc0, 0x00, 0xff, 0xff, 0xff, 0xff, 0xff, 0xff, 0xfe, 0x00, 0x1f, 0xff,
    0xff, 0xff, 0xff, 0xff, 0xff, 0xff, 0xff, 0xfe, 0x00, 0x1f, 0xff, 0xff, 0xff, 0xff, 0xff, 0xff,
    0xff, 0xff, 0xc0, 0x00, 0xff, 0xff, 0xff, 0xff, 0xff, 0xff, 0xff, 0xff, 0xff, 0xff, 0xff, 0xff,
    0xff, 0xff, 0xff, 0xff, 0xff, 0xff, 0xff, 0xff, 0xff, 0xff, 0xff, 0xff, 0xff, 0xff, 0xff, 0xff,
    0xfc, 0x07, 0xff, 0xff, 0xff, 0xff, 0xff, 0xff, 0xff, 0xff, 0xff, 0xff, 0xff, 0xff, 0xff, 0xff,
    0xff, 0xff, 0xff, 0xff, 0xc0, 0xff, 0xff, 0xff, 0xff, 0xff, 0xff, 0xff, 0xff, 0xff, 0xff, 0xc0,
    0xff, 0xff, 0xff, 0xff, 0xff, 0xff, 0xff, 0xff, 0xff, 0xff, 0xff, 0xff, 0xff, 0xff, 0xff, 0xff,
    0xff, 0xff, 0xff, 0xff, 0xff, 0xff, 0xff, 0xff, 0xff, 0xff, 0xff, 0xff, 0xff, 0xff, 0xff, 0xff,
    0xff, 0xff, 0xff, 0xff, 0xff, 0xff, 0xff, 0xff, 0xff, 0xff, 0xff, 0xff, 0xff, 0xff, 0xff, 0xff,
    0xff, 0xff, 0xff, 0xff, 0xff, 0xff, 0xff, 0xff, 0xff, 0xff, 0xff, 0xff, 0xff, 0xff, 0xff, 0xff,
    0xff, 0xff, 0xff, 0xff, 0xff, 0xff, 0xff, 0xff, 0xff, 0xff, 0xff, 0xff, 0xff, 0xff, 0xff, 0xff,
    0xff, 0xff, 0xff, 0xff, 0xff, 0xff, 0xff, 0xff, 0xff, 0xff, 0xff, 0xff, 0xff, 0xff, 0xff, 0xff,
    0xff, 0xff, 0xff, 0xff, 0xff, 0xff, 0xff, 0xff, 0xff, 0xff, 0xff, 0xff, 0xff, 0xff, 0xff, 0xff,
    0xff, 0xff, 0xff, 0xff, 0xff, 0xff, 0xff, 0xff, 0xff, 0xff, 0xff, 0xff, 0xff, 0xff, 0xff, 0xff,
    0xff, 0xff, 0xff, 0xff, 0xff, 0xff, 0xff, 0xff, 0xff, 0xff, 0xff, 0xff, 0xff, 0xff, 0xff, 0xff,
    0xff, 0xff, 0xff, 0xff, 0xff, 0xff, 0xff, 0xff, 0xff, 0xff, 0xff, 0xff, 0xff, 0xff, 0xff, 0xff,
    0xff, 0xff, 0xff, 0xff, 0xff, 0xff, 0xff, 0xff, 0xff, 0xff, 0xff, 0xff, 0xff, 0xff, 0xff, 0xff,
    0xff, 0xff, 0xff, 0xff, 0xff, 0xff, 0xff, 0xff, 0xff, 0xff, 0xff, 0xff, 0xff, 0xff, 0xff, 0xff,
    0xff, 0xff, 0xff, 0xff, 0xff, 0xff, 0xff, 0xff, 0xff, 0xff, 0xff, 0xff, 0xff, 0xff, 0xff, 0xff,
    0xff, 0xff, 0xff, 0xff, 0xff, 0xff, 0xff, 0xff, 0xff, 0xff, 0xff, 0xff, 0xff, 0xff, 0xff, 0xff,
    0xff, 0xff, 0xff, 0xff, 0xff, 0xff, 0xff, 0xff, 0xff, 0xff, 0xff, 0xff, 0xff, 0xff, 0xff, 0xff,
    0xff, 0xff, 0xff, 0xff, 0xff, 0xff, 0xff, 0xff, 0xff, 0xff, 0xff, 0xff, 0xff, 0xff, 0xff, 0xff,
    0xff, 0xff, 0xff, 0xff, 0xff, 0xff, 0xff, 0xff, 0xff, 0xff, 0xff, 0xff, 0xff, 0xff, 0xff, 0xff,
    0xff, 0xff, 0xff, 0xff, 0xff, 0xff, 0xff, 0xff, 0xff, 0xff, 0xff, 0xff, 0xff, 0xff, 0xff, 0xff,
    0xff, 0xff, 0xff, 0xff, 0xff, 0xff, 0xff, 0xff, 0xff, 0xff, 0xff, 0xff, 0xff, 0xff, 0xff, 0xff,
    0xff, 0xff, 0xff, 0xff, 0xff, 0xff, 0xff, 0xff, 0xff, 0xff, 0xff, 0xff, 0xff, 0xff, 0xff, 0xff,
    0xff, 0xff, 0xff, 0xff, 0xff, 0xff, 0xff, 0xff, 0xff, 0xff, 0xff, 0xff, 0xff, 0xff, 0xff, 0xff,
    0xff, 0xff, 0xff, 0xff, 0xff, 0xff, 0xff, 0xff, 0xff, 0xff, 0xff, 0xff, 0xff, 0xff, 0xff, 0xff,
    0xff, 0xff, 0xff, 0xff, 0xff, 0xff, 0xff, 0xff, 0xff, 0xff, 0xff, 0xff, 0xff, 0xff, 0xff, 0xff,
    0xff, 0xff, 0xff, 0xff, 0xff, 0xff, 0xff, 0xff, 0xff, 0xff, 0xff, 0xff, 0xff, 0xff, 0xff, 0xff,
    0xff, 0xff, 0xff, 0xff, 0xff, 0xff, 0xff, 0xff, 0xff, 0xff, 0xff, 0xff, 0xff, 0xff, 0xff, 0xff,
    0xff, 0xff, 0xff, 0xff, 0xff, 0xff, 0xff, 0xff, 0xff, 0xff, 0xff, 0xff, 0xff, 0xff, 0xff, 0xff,
    0xff, 0xff, 0xff, 0xff, 0xff, 0xff, 0xff, 0xff, 0xff, 0xff, 0xff, 0xff, 0xff, 0xff, 0xff, 0xff,
    0xff, 0xff, 0xff, 0xff, 0xff, 0xff, 0xff, 0xff, 0xff, 0xff, 0xff, 0xff, 0xff, 0xff, 0xff, 0xff,
    0xff, 0xff, 0xff, 0xff, 0xff, 0xff, 0xff, 0xff, 0xff, 0xff, 0xff, 0xff, 0xff, 0xff, 0xff, 0xff,
    0xff, 0xff, 0xff, 0xff, 0xff, 0xff, 0xff, 0xff, 0xff, 0xff, 0xff, 0xff, 0xff, 0xff, 0xff, 0xff,
    0xff, 0xff, 0xff, 0xff, 0xff, 0xff, 0xff, 0xff, 0xff, 0xff, 0xff, 0xff, 0xff, 0xff, 0xff, 0xff,
    0xff, 0xff, 0xff, 0xff, 0xff, 0xff, 0xff, 0xff, 0xff, 0xff, 0xff, 0xff, 0xff, 0xff, 0xff, 0xff,
    0xff, 0xff, 0xff, 0xff, 0xff, 0xff, 0xff, 0xff, 0xff, 0xff, 0xff, 0xff, 0xff, 0xff, 0xff, 0xff,
    0xff, 0xff, 0xff, 0xff, 0xff, 0xff, 0xff, 0xff, 0xff, 0xff, 0xff, 0xff, 0xff, 0xff, 0xff, 0xff,
    0xff, 0xff, 0xff, 0xff, 0xff, 0xff, 0xff, 0xff, 0xff, 0xff, 0xff, 0xff, 0xff, 0xff, 0xff, 0xff,
    0xff, 0xff, 0xff, 0xff, 0xff, 0xff, 0xff, 0xff, 0xff, 0xff, 0xff, 0xff, 0xff, 0xff, 0xff, 0xff,
    0xff, 0xff, 0xff, 0xff, 0xff, 0xff, 0xff, 0xff, 0xff, 0xff, 0xff, 0xff, 0xff, 0xff, 0xff, 0xff,
    0xff, 0xff, 0xff, 0xff, 0xff, 0xff, 0xff, 0xff, 0xff, 0xff, 0xff, 0xff, 0xff, 0xff, 0xff, 0xff,
    0xff, 0xff, 0xff, 0xff, 0xff, 0xff, 0xff, 0xff, 0xff, 0xff, 0xff, 0xff, 0xff, 0xff, 0xff, 0xff,
    0xff, 0xff, 0xff, 0xff, 0xff, 0xff, 0xff, 0xff, 0xff, 0xff, 0xff, 0xff, 0xff, 0xff, 0xff, 0xff,
    0xff, 0xff, 0xff, 0xff, 0xff, 0xff, 0xff, 0xff, 0xff, 0xff, 0xff, 0xff, 0xff, 0xff, 0xff, 0xff,
    0xff, 0xff, 0xff, 0xff, 0xff, 0xff, 0xff, 0xff, 0xff, 0xff, 0xff, 0xff, 0xff, 0xff, 0xff, 0xff,
    0xff, 0xff, 0xff, 0xff, 0xff, 0xff, 0xff, 0xff, 0xff, 0xff, 0xff, 0xff, 0xff, 0xff, 0xff, 0xff,
    0xff, 0xff, 0xff, 0xff, 0xff, 0xff, 0xff, 0xff, 0xff, 0xff, 0xff, 0xff, 0xff, 0xff, 0xff, 0xff,
    0xff, 0xff, 0xff, 0xff, 0xff, 0xff, 0xff, 0xff, 0xff, 0xff, 0xff, 0xff, 0xff, 0xff, 0xff, 0xff,
    0xff, 0xff, 0xff, 0xff, 0xff, 0xff, 0xff, 0xff, 0xff, 0xff, 0xff, 0xff, 0xff, 0xff, 0xff, 0xff,
    0xff, 0xff, 0xff, 0xff, 0xff, 0xff, 0xff, 0xff, 0xff, 0xff, 0xff, 0xff, 0xff, 0xff, 0xff, 0xff,
    0xff, 0xff, 0xff, 0xff, 0xff, 0xff, 0xff, 0xff, 0xff, 0xff, 0xff, 0xff, 0xff, 0xff, 0xff, 0xff,
    0xff, 0xff, 0xff, 0xff, 0xff, 0xff, 0xff, 0xff, 0xff, 0xff, 0xff, 0xff, 0xff, 0xff, 0xff, 0xff,
    0xff, 0xff, 0xff, 0xff, 0xff, 0xff, 0xff, 0xff, 0xff, 0xff, 0xff, 0xff, 0xff, 0xff, 0xff, 0xff,
    0xff, 0xff, 0xff, 0xff, 0xff, 0xff, 0xff, 0xff, 0xff, 0xff, 0xff, 0xff, 0xff, 0xff, 0xff, 0xff,
    0xff, 0xff, 0xff, 0xff, 0xff, 0xff, 0xff, 0xff, 0xff, 0xff, 0xff, 0xff, 0xff, 0xff, 0xff, 0xff,
    0xff, 0xff, 0xff, 0xff, 0xff, 0xff, 0xff, 0xff, 0xff, 0xff, 0xff, 0xff, 0xff, 0xff, 0xff, 0xff,
    0xff, 0xff, 0xff, 0xff, 0xff, 0xff, 0xff, 0xff, 0xff, 0xff, 0xff, 0xff, 0xff, 0xff, 0xff, 0xff,
    0xff, 0xff, 0xff, 0xff, 0xff, 0xff, 0xff, 0xff, 0xff, 0xff, 0xff, 0xff, 0xff, 0xff, 0xff, 0xff,
    0xff, 0xff, 0xff, 0xff, 0xff, 0xff, 0xff, 0xff, 0xff, 0xff, 0xff, 0xff, 0xff, 0xff, 0xff, 0xff,
    0xff, 0xff, 0xff, 0xff, 0xff, 0xff, 0xff, 0xff, 0xff, 0xff, 0xff, 0xff, 0xff, 0xff, 0xff, 0xff,
    0xff, 0xff, 0xff, 0xff, 0xff, 0xff, 0xff, 0xff, 0xff, 0xff, 0xff, 0xff, 0xff, 0xff, 0xff, 0xff,
    0xff, 0xff, 0xff, 0xff, 0xff, 0xff, 0xff, 0xff, 0xff, 0xff, 0xff, 0xff, 0xff, 0xff, 0xff, 0xff,
    0xff, 0xff, 0xff, 0xff, 0xff, 0xff, 0xff, 0xff, 0xff, 0xff, 0xff, 0xff, 0xff, 0xff, 0xff, 0xff,
    0xff, 0xff, 0xff, 0xff, 0xff, 0xff, 0xff, 0xff, 0xff, 0xff, 0xff, 0xff, 0xff, 0xff, 0xff, 0xff,
    0xff, 0xff, 0xff, 0xff, 0xff, 0xff, 0xff, 0xff, 0xff, 0xff, 0xff, 0xff, 0xff, 0xff, 0xff, 0xff,
    0xff, 0xff, 0xff, 0xff, 0xff, 0xff, 0xff, 0xff, 0xff, 0xff, 0xff, 0xff, 0xff, 0xff, 0xff, 0xff,
    0xff, 0xff, 0xff, 0xff, 0xff, 0xff, 0xff, 0xff, 0xff, 0xff, 0xff, 0xff, 0xff, 0xff, 0xff, 0xff,
    0xff, 0xff, 0xff, 0xff, 0xff, 0xff, 0xff, 0xff, 0xff, 0xff, 0xff, 0xff, 0xff, 0xff, 0xff, 0xff,
    0xff, 0xff, 0xff, 0xff, 0xff, 0xff, 0xff, 0xff, 0xff, 0xff, 0xff, 0xff, 0xff, 0xff, 0xff, 0xff,
    0xff, 0xff, 0xff, 0xff, 0xff, 0xff, 0xff, 0xff, 0xff, 0xff, 0xff, 0xff, 0xff, 0xff, 0xff, 0xff,
    0xff, 0xff, 0xff, 0xff, 0xff, 0xff, 0xff, 0xff, 0xff, 0xff, 0xff, 0xff, 0xff, 0xff, 0xff, 0xff,
    0xff, 0xff, 0xff, 0xff, 0xff, 0xff, 0xff, 0xff, 0xff, 0xff, 0xff, 0xff, 0xff, 0xff, 0xff, 0xff,
    0xff, 0xff, 0xff, 0xff, 0xff, 0xff, 0xff, 0xff, 0xff, 0xff, 0xff, 0xff, 0xff, 0xff, 0xff, 0xff,
    0xff, 0xff, 0xff, 0xff, 0xff, 0xff, 0xff, 0xff, 0xff, 0xff, 0xff, 0xff, 0xff, 0xff, 0xff, 0xff,
    0xff, 0xff, 0xff, 0xff, 0xff, 0xff, 0xff, 0xff, 0xff, 0xff, 0xff, 0xff, 0xff, 0xff, 0xff, 0xff,
    0xff, 0xff, 0xff, 0xff, 0xff, 0xff, 0xff, 0xff, 0xff, 0xff, 0xff, 0xff, 0xff, 0xff, 0xff, 0xff,
    0xff, 0xff, 0xff, 0xff, 0xff, 0xff, 0xff, 0xff, 0xff, 0xff, 0xff, 0xff, 0xff, 0xff, 0xff, 0xff,
    0xff, 0xff, 0xff, 0xff, 0xff, 0xff, 0xff, 0xff, 0xff, 0xff, 0xff, 0xff, 0xff, 0xff, 0xff, 0xff,
    0xff, 0xff, 0xff, 0xff, 0xff, 0xff, 0xff, 0xff, 0xff, 0xff, 0xff, 0xff, 0xff, 0xff, 0xff, 0xff,
    0xff, 0xff, 0xff, 0xff, 0xff, 0xff, 0xff, 0xff, 0xff, 0xff, 0xff, 0xff, 0xff, 0xff, 0xff, 0xff,
    0xff, 0xff, 0xff, 0xff, 0xff, 0xff, 0xff, 0xff, 0xff, 0xff, 0xff, 0xff, 0xff, 0xff, 0xff, 0xff,
    0xff, 0xff, 0xff, 0xff, 0xff, 0xff, 0xff, 0xff, 0xff, 0xff, 0xff, 0xff, 0xff, 0xff, 0xff, 0xff,
    0xff, 0xff, 0xff, 0xff, 0xff, 0xff, 0xff, 0xff, 0xff, 0xff, 0xff, 0xff, 0xff, 0xff, 0xff, 0xff,
    0xff, 0xff, 0xff, 0xff, 0xff, 0xff, 0xff, 0xff, 0xff, 0xff, 0xff, 0xff, 0xff, 0xff, 0xff, 0xff,
    0xff, 0xff, 0xff, 0xff, 0xff, 0xff, 0xff, 0xff, 0xff, 0xff, 0xff, 0xff, 0xff, 0xff, 0xff, 0xff,
    0xff, 0xff, 0xff, 0xff, 0xff, 0xff, 0xff, 0xff, 0xff, 0xff, 0xff, 0xff, 0xff, 0xff, 0xff, 0xff,
    0xff, 0xff, 0xff, 0xff, 0xff, 0xff, 0xff, 0xff, 0xff, 0xff, 0xff, 0xff, 0xff, 0xff, 0xff, 0xff,
    0xff, 0xff, 0xff, 0xff, 0xff, 0xff, 0xff, 0xff, 0xff, 0xff, 0xff, 0xff, 0xff, 0xff, 0xff, 0xff,
    0xff, 0xff, 0xff, 0xff, 0xff, 0xff, 0xff, 0xff, 0xff, 0xff, 0xff, 0xff, 0xff, 0xff, 0xff, 0xff,
    0xff, 0xff, 0xff, 0xff, 0xff, 0xff, 0xff, 0xff, 0xff, 0xff, 0xff, 0xff, 0xff, 0xff, 0xff, 0xff,
    0xff, 0xff, 0xff, 0xff, 0xff, 0xff, 0xff, 0xff, 0xff, 0xff, 0xff, 0xff, 0xff, 0xff, 0xff, 0xff,
    0xff, 0xff, 0xff, 0xff, 0xff, 0xff, 0xff, 0xff, 0xff, 0xff, 0xff, 0xff, 0xff, 0xff, 0xff, 0xff,
    0xff, 0xff, 0xff, 0xff, 0xff, 0xff, 0xff, 0xff, 0xff, 0xff, 0xff, 0xff, 0xff, 0xff, 0xff, 0xff,
    0xff, 0xff, 0xff, 0xff, 0xff, 0xff, 0xff, 0xff, 0xff, 0xff, 0xff, 0xff, 0xff, 0xff, 0xff, 0xff,
    0xff, 0xff, 0xff, 0xff, 0xff, 0xff, 0xff, 0xff, 0xff, 0xff, 0xff, 0xff, 0xff, 0xff, 0xff, 0xff,
    0xff, 0xff, 0xff, 0xff, 0xff, 0xff, 0xff, 0xff, 0xff, 0xff, 0xff, 0xff, 0xff, 0xff, 0xff, 0xff,
    0xff, 0xff, 0xff, 0xff, 0xff, 0xff, 0xff, 0xff, 0xff, 0xff, 0xff, 0xff, 0xff, 0xff, 0xff, 0xff,
    0xff, 0xff, 0xff, 0xff, 0xff, 0xff, 0xff, 0xff, 0xff, 0xff, 0xff, 0xff, 0xff, 0xff, 0xff, 0xff,
    0xff, 0xff, 0xff, 0xff, 0xff, 0xff, 0xff, 0xff, 0xff, 0xff, 0xff, 0xff, 0xff, 0xff, 0xff, 0xff,
    0xff, 0xff, 0xff, 0xff, 0xff, 0xff, 0xff, 0xff, 0xff, 0xff, 0xff, 0xff, 0xff, 0xff, 0xff, 0xff,
    0xff, 0xff, 0xff, 0xff, 0xff, 0xff, 0xff, 0xff, 0xff, 0xff, 0xff, 0xff, 0xff, 0xff, 0xff, 0xff,
    0xff, 0xff, 0xff, 0xff, 0xff, 0xff, 0xff, 0xff, 0xff, 0xff, 0xff, 0xff, 0xff, 0xff, 0xff, 0xff,
    0xff, 0xff, 0xff, 0xff, 0xff, 0xff, 0xff, 0xff, 0xff, 0xff, 0xff, 0xff, 0xff, 0xff, 0xff, 0xff,
    0xff, 0xff, 0xff, 0xff, 0xff, 0xff, 0xff, 0xff, 0xff, 0xff, 0xff, 0xff, 0xff, 0xff, 0xff, 0xff,
    0xff, 0xff, 0xff, 0xff, 0xff, 0xff, 0xff, 0xff, 0xff, 0xff, 0xff, 0xff, 0xff, 0xff, 0xff, 0xff,
    0xff, 0xff, 0xff, 0xff, 0xff, 0xff, 0xff, 0xff, 0xff, 0xff, 0xff, 0xff, 0xff, 0xff, 0xff, 0xff,
    0xff, 0xff, 0xff, 0xff, 0xff, 0xff, 0xff, 0xff, 0xff, 0xff, 0xff, 0xff, 0xff, 0xff, 0xff, 0xff,
    0xff, 0xff, 0xff, 0xff, 0xff, 0xff, 0xff, 0xff, 0xff, 0xff, 0xff, 0xff, 0xff, 0xff, 0xff, 0xff,
    0xff, 0xff, 0xff, 0xff, 0xff, 0xff, 0xff, 0xff, 0xff, 0xff, 0xff, 0xff, 0xff, 0xff, 0xff, 0xff,
    0xff, 0xff, 0xff, 0xff, 0xff, 0xff, 0xff, 0xff, 0xff, 0xff, 0xff, 0xff, 0xff, 0xff, 0xff, 0xff,
    0xff, 0xff, 0xff, 0xff, 0xff, 0xff, 0xff, 0xff, 0xff, 0xff, 0xff, 0xff, 0xff, 0xff, 0xff, 0xff,
    0xff, 0xff, 0xff, 0xff, 0xff, 0xff, 0xff, 0xff, 0xff, 0xff, 0xff, 0xff, 0xff, 0xff, 0xff, 0xff,
    0xff, 0xff, 0xff, 0xff, 0xff, 0xff, 0xff, 0xff, 0xff, 0xff, 0xff, 0xff, 0xff, 0xff, 0xff, 0xff,
    0xff, 0xff, 0xff, 0xff, 0xff, 0xff, 0xff, 0xff, 0xff, 0xff, 0xff, 0xff, 0xff, 0xff, 0xff, 0xff,
    0xff, 0xff, 0xff, 0xff, 0xff, 0xff, 0xff, 0xff, 0xff, 0xff, 0xff, 0xff, 0xff, 0xff, 0xff, 0xff,
    0xff, 0xff, 0xff, 0xff, 0xff, 0xff, 0xff, 0xff, 0xff, 0xff, 0xff, 0xff, 0xff, 0xff, 0xff, 0xff,
    0xff, 0xff, 0xff, 0xff, 0xff, 0xff, 0xff, 0xff, 0xff, 0xff, 0xff, 0xff, 0xff, 0xff, 0xff, 0xff,
    0xff, 0xff, 0xff, 0xff, 0xff, 0xff, 0xff, 0xff, 0xff, 0xff, 0xff, 0xff, 0xff, 0xff, 0xff, 0xff,
    0xff, 0xff, 0xff, 0xff, 0xff, 0xff, 0xff, 0xff, 0xff, 0xff, 0xff, 0xff, 0xff, 0xff, 0xff, 0xff,
    0xff, 0xff, 0xff, 0xff, 0xff, 0xff, 0xff, 0xff, 0xff, 0xff, 0xff, 0xff, 0xff, 0xff, 0xff, 0xff,
    0xff, 0xff, 0xff, 0xff, 0xff, 0xff, 0xff, 0xff, 0xff, 0xff, 0xff, 0xff, 0xff, 0xff, 0xff, 0xff,
    0xff, 0xff, 0xff, 0xff, 0xff, 0xff, 0xff, 0xff, 0xff, 0xff, 0xff, 0xff, 0xff, 0xff, 0xff, 0xff,
    0xff, 0xff, 0xff, 0xff, 0xff, 0xff, 0xff, 0xff, 0xff, 0xff, 0xff, 0xff, 0xff, 0xff, 0xff, 0xff,
    0xff, 0xff, 0xff, 0xff, 0xff, 0xff, 0xff, 0xff, 0xff, 0xff, 0xff, 0xff, 0xff, 0xff, 0xff, 0xff,
    0xff, 0xff, 0xff, 0xff, 0xff, 0xff, 0xff, 0xff, 0xff, 0xff, 0xff, 0xff, 0xff, 0xff, 0xff, 0xff,
    0xff, 0xff, 0xff, 0xff, 0xff, 0xff, 0xff, 0xff, 0xff, 0xff, 0xff, 0xff, 0xff, 0xff, 0xff, 0xff,
    0xff, 0xff, 0xff, 0xff, 0xff, 0xff, 0xff, 0xff, 0xff, 0xff, 0xff, 0xff, 0xff, 0xff, 0xff, 0xff,
    0xff, 0xff, 0xff, 0xff, 0xff, 0xff, 0xff, 0xff, 0xff, 0xff, 0xff, 0xff, 0xff, 0xff, 0xff, 0xff,
    0xff, 0xff, 0xff, 0xff, 0xff, 0xff, 0xff, 0xff, 0xff, 0xff, 0xff, 0xff, 0xff, 0xff, 0xff, 0xff,
    0xff, 0xff, 0xff, 0xff, 0xff, 0xff, 0xff, 0xff, 0xff, 0xff, 0xff, 0xff, 0xff, 0xff, 0xff, 0xff,
    0xff, 0xff, 0xff, 0xff, 0xff, 0xff, 0xff, 0xff, 0xff, 0xff, 0xff, 0xff, 0xff, 0xff, 0xff, 0xff,
    0xff, 0xff, 0xff, 0xff, 0xff, 0xff, 0xff, 0xff, 0xff, 0xff, 0xff, 0xff, 0xff, 0xff, 0xff, 0xff,
    0xff, 0xff, 0xff, 0xff, 0xff, 0xff, 0xff, 0xff, 0xff, 0xff, 0xff, 0xff, 0xff, 0xff, 0xff, 0xff,
    0xff, 0xff, 0xff, 0xff, 0xff, 0xff, 0xff, 0xff, 0xff, 0xff, 0xff, 0xff, 0xff, 0xff, 0xff, 0xff,
    0xff, 0xff, 0xff, 0xff, 0xff, 0xff, 0xff, 0xff, 0xff, 0xff, 0xff, 0xff, 0xff, 0xff, 0xff, 0xff,
    0xff, 0xff, 0xff, 0xff, 0xff, 0xff, 0xff, 0xff, 0xff, 0xff, 0xff, 0xff, 0xff, 0xff, 0xff, 0xff,
    0xff, 0xff, 0xff, 0xff, 0xff, 0xff, 0xff, 0xff, 0xff, 0xff, 0xff, 0xff, 0xff, 0xff, 0xff, 0xff,
    0xff, 0xff, 0xff, 0xff, 0xff, 0xff, 0xff, 0xff, 0xff, 0xff, 0xff, 0xff, 0xff, 0xff, 0xff, 0xff,
    0xff, 0xff, 0xff, 0xff, 0xff, 0xff, 0xff, 0xff, 0xff, 0xff, 0xff, 0xff, 0xff, 0xff, 0xff, 0xff,
    0xff, 0xff, 0xff, 0xff, 0xff, 0xff, 0xff, 0xff, 0xff, 0xff, 0xff, 0xff, 0xff, 0xff, 0xff, 0xff,
    0xff, 0xff, 0xff, 0xff, 0xff, 0xff, 0xff, 0xff, 0xff, 0xff, 0xff, 0xff, 0xff, 0xff, 0xff, 0xff,
    0xff, 0xff, 0xff, 0xff, 0xff, 0xff, 0xff, 0xff, 0xff, 0xff, 0xff, 0xff, 0xff, 0xff, 0xff, 0xff,
    0xff, 0xff, 0xff, 0xff, 0xff, 0xff, 0xff, 0xff, 0xff, 0xff, 0xff, 0xff, 0xff, 0xff, 0xff, 0xff,
    0xff, 0xff, 0xff, 0xff, 0xff, 0xff, 0xff, 0xff, 0xff, 0xff, 0xff, 0xff, 0xff, 0xff, 0xff, 0xff,
    0xff, 0xff, 0xff, 0xff, 0xff, 0xff, 0xff, 0xff, 0xff, 0xff, 0xff, 0xff, 0xff, 0xff, 0xff, 0xff,
    0xff, 0xff, 0xff, 0xff, 0xff, 0xff, 0xff, 0xff, 0xff, 0xff, 0xff, 0xff, 0xff, 0xff, 0xff, 0xff,
    0xff, 0xff, 0xff, 0xff, 0xff, 0xff, 0xff, 0xff, 0xff, 0xff, 0xff, 0xff, 0xff, 0xff, 0xff, 0xff,
    0xff, 0xff, 0xff, 0xff, 0xff, 0xff, 0xff, 0xff, 0xff, 0xff, 0xff, 0xff, 0xff, 0xff, 0xff, 0xff,
    0xff, 0xff, 0xff, 0xff, 0xff, 0xff, 0xff, 0xff, 0xff, 0xff, 0xff, 0xff, 0xff, 0xff, 0xff, 0xff,
    0xff, 0xff, 0xff, 0xff, 0xff, 0xff, 0xff, 0xff, 0xff, 0xff, 0xff, 0xff, 0xff, 0xff, 0xff, 0xff,
    0xff, 0xff, 0xff, 0xff, 0xff, 0xff, 0xff, 0xff, 0xff, 0xff, 0xff, 0xff, 0xff, 0xff, 0xff, 0xff,
    0xff, 0xff, 0xff, 0xff, 0xff, 0xff, 0xff, 0xff, 0xff, 0xff, 0xff, 0xff, 0xff, 0xff, 0xff, 0xff,
    0xff, 0xff, 0xff, 0xff, 0xff, 0xff, 0xff, 0xff, 0xff, 0xff, 0xff, 0xff, 0xff, 0xff, 0xff, 0xff,
    0xff, 0xff, 0xff, 0xff, 0xff, 0xff, 0xff, 0xff, 0xff, 0xff, 0xff, 0xff, 0xff, 0xff, 0xff, 0xff,
    0xff, 0xff, 0xff, 0xff, 0xff, 0xff, 0xff, 0xff, 0xff, 0xff, 0xff, 0xff, 0xff, 0xff, 0xff, 0xff,
    0xff, 0xff, 0xff, 0xff, 0xff, 0xff, 0xff, 0xff, 0xff, 0xff, 0xff, 0xff, 0xff, 0xff, 0xff, 0xff,
    0xff, 0xff, 0xff, 0xff, 0xff, 0xff, 0xff, 0xff, 0xff, 0xff, 0xff, 0xff, 0xff, 0xff, 0xff, 0xff,
    0xff, 0xff, 0xff, 0xff, 0xff, 0xff, 0xff, 0xff, 0xff, 0xff, 0xff, 0xff, 0xff, 0xff, 0xff, 0xff,
    0xff, 0xff, 0xff, 0xff, 0xff, 0xff, 0xff, 0xff, 0xff, 0xff, 0xff, 0xff, 0xff, 0xff, 0xff, 0xff,
    0xff, 0xff, 0xff, 0xff, 0xff, 0xff, 0xff, 0xff, 0xff, 0xff, 0xff, 0xff, 0xff, 0xff, 0xff, 0xff,
    0xff, 0xff, 0xff, 0xff, 0xff, 0xff, 0xff, 0xff, 0xff, 0xff, 0xff, 0xff, 0xff, 0xff, 0xff, 0xff,
    0xff, 0xff, 0xff, 0xff, 0xff, 0xff, 0xff, 0xff, 0xff, 0xff, 0xff, 0xff, 0xff, 0xff, 0xff, 0xff,
    0xff, 0xff, 0xff, 0xff, 0xff, 0xff, 0xff, 0xff, 0xff, 0xff, 0xff, 0xff, 0xff, 0xff, 0xff, 0xff,
    0xff, 0xff, 0xff, 0xff, 0xff, 0xff, 0xff, 0xff, 0xff, 0xff, 0xff, 0xff, 0xff, 0xff, 0xff, 0xff,
    0xff, 0xff, 0xff, 0xff, 0xff, 0xff, 0xff, 0xff, 0xff, 0xff, 0xff, 0xff, 0xff, 0xff, 0xff, 0xff,
    0xff, 0xff, 0xff, 0xff, 0xff, 0xff, 0xff, 0xff, 0xff, 0xff, 0xff, 0xff, 0xff, 0xff, 0xff, 0xff,
    0xff, 0xff, 0xff, 0xff, 0xff, 0xff, 0xff, 0xff, 0xff, 0xff, 0xff, 0xff, 0xff, 0xff, 0xff, 0xff,
    0xff, 0xff, 0xff, 0xff, 0xff, 0xff, 0xff, 0xff, 0xff, 0xff, 0xff, 0xff, 0xff, 0xff, 0xff, 0xff,
    0xff, 0xff, 0xff, 0xff, 0xff, 0xff, 0xff, 0xff, 0xff, 0xff, 0xff, 0xff, 0xff, 0xff, 0xff, 0xff,
    0xff, 0xff, 0xff, 0xff, 0xff, 0xff, 0xff, 0xff, 0xff, 0xff, 0xff, 0xff, 0xff, 0xff, 0xff, 0xff,
    0xff, 0xff, 0xff, 0xff, 0xff, 0xff, 0xff, 0xff, 0xff, 0xff, 0xff, 0xff, 0xff, 0xff, 0xff, 0xff,
    0xff, 0xff, 0xff, 0xff, 0xff, 0xff, 0xff, 0xff, 0xff, 0xff, 0xff, 0xff, 0xff, 0xff, 0xff, 0xff,
    0xff, 0xff, 0xff, 0xff, 0xff, 0xff, 0xff, 0xff, 0xff, 0xff, 0xff, 0xff, 0xff, 0xff, 0xff, 0xff,
    0xff, 0xff, 0xff, 0xff, 0xff, 0xff, 0xff, 0xff, 0xff, 0xff, 0xff, 0xff, 0xff, 0xff, 0xff, 0xff,
    0xff, 0xff, 0xff, 0xff, 0xff, 0xff, 0xff, 0xff, 0xff, 0xff, 0xff, 0xff, 0xff, 0xff, 0xff, 0xff,
    0xff, 0xff, 0xff, 0xff, 0xff, 0xff, 0xff, 0xff, 0xff, 0xff, 0xff, 0xff, 0xff, 0xff, 0xff, 0xff,
    0xff, 0xff, 0xff, 0xff, 0xff, 0xff, 0xff, 0xff, 0xff, 0xff, 0xff, 0xff, 0xff, 0xff, 0xff, 0xff,
    0xff, 0xff, 0xff, 0xff, 0xff, 0xff, 0xff, 0xff, 0xff, 0xff, 0xff, 0xff, 0xff, 0xff, 0xff, 0xff,
    0xff, 0xff, 0xff, 0xff, 0xff, 0xff, 0xff, 0xff, 0xff, 0xff, 0xff, 0xff, 0xff, 0xff, 0xff, 0xff,
    0xff, 0xff, 0xff, 0xff, 0xff, 0xff, 0xff, 0xff, 0xff, 0xff, 0xff, 0xff, 0xff, 0xff, 0xff, 0xff,
    0xff, 0xff, 0xff, 0xff, 0xff, 0xff, 0xff, 0xff, 0xff, 0xff, 0xff, 0xff, 0xff, 0xff, 0xff, 0xff,
    0xff, 0xff, 0xff, 0xff, 0xff, 0xff, 0xff, 0xff, 0xff, 0xff, 0xff, 0xff, 0xff, 0xff, 0xff, 0xff,
    0xff, 0xff, 0xff, 0xff, 0xff, 0xff, 0xff, 0xff, 0xff, 0xff, 0xff, 0xff, 0xff, 0xff, 0xff, 0xff,
    0xff, 0xff, 0xff, 0xff, 0xff, 0xff, 0xff, 0xff, 0xff, 0xff, 0xff, 0xff, 0xff, 0xff, 0xff, 0xff,
    0xff, 0xff, 0xff, 0xff, 0xff, 0xff, 0xff, 0xff, 0xff, 0xff, 0xff, 0xff, 0xff, 0xff, 0xff, 0xff,
    0xff, 0xff, 0xff, 0xff, 0xff, 0xff, 0xff, 0xff, 0xff, 0xff, 0xff, 0xff, 0xff, 0xff, 0xff, 0xff,
    0xff, 0xff, 0xff, 0xff, 0xff, 0xff, 0xff, 0xff, 0xff, 0xff, 0xff, 0xff, 0xff, 0xff, 0xff, 0xff,
    0xff, 0xff, 0xff, 0xff, 0xff, 0xff, 0xff, 0xff, 0xff, 0xff, 0xff, 0xff, 0xff, 0xff, 0xff, 0xff,
    0xff, 0xff, 0xff, 0xff, 0xff, 0xff, 0xff, 0xff, 0xff, 0xff, 0xff, 0xff, 0xff, 0xff, 0xff, 0xff,
    0xff, 0xff, 0xff, 0xff, 0xff, 0xff, 0xff, 0xff, 0xff, 0xff, 0xff, 0xff, 0xff, 0xff, 0xff, 0xff,
    0xff, 0xff, 0xff, 0xff, 0xff, 0xff, 0xff, 0xff, 0xff, 0xff, 0xff, 0xff, 0xff, 0xff, 0xff, 0xff,
    0xff, 0xff, 0xff, 0xff, 0xff, 0xff, 0xff, 0xff, 0xff, 0xff, 0xff, 0xff, 0xff, 0xff, 0xff, 0xff,
    0xff, 0xff, 0xff, 0xff, 0xff, 0xff, 0xff, 0xff, 0xff, 0xff, 0xff, 0xff, 0xff, 0xff, 0xff, 0xff,
    0xff, 0xff, 0xff, 0xff, 0xff, 0xff, 0xff, 0xff, 0xff, 0xff, 0xff, 0xff, 0xff, 0xff, 0xff, 0xff,
    0xff, 0xff, 0xff, 0xff, 0xff, 0xff, 0xff, 0xff, 0xff, 0xff, 0xff, 0xff, 0xff, 0xff, 0xff, 0xff,
    0xff, 0xff, 0xff, 0xff, 0xff, 0xff, 0xff, 0xff, 0xff, 0xff, 0xff, 0xff, 0xff, 0xff, 0xff, 0xff,
    0xff, 0xff, 0xff, 0xff, 0xff, 0xff, 0xff, 0xff, 0xff, 0xff, 0xff, 0xff, 0xff, 0xff, 0xff, 0xff,
    0xff, 0xff, 0xff, 0xff, 0xff, 0xff, 0xff, 0xff, 0xff, 0xff, 0xff, 0xff, 0xff, 0xff, 0xff, 0xff,
    0xff, 0xff, 0xff, 0xff, 0xff, 0xff, 0xff, 0xff, 0xff, 0xff, 0xff, 0xff, 0xff, 0xff, 0xff, 0xff,
    0xff, 0xff, 0xff, 0xff, 0xff, 0xff, 0xff, 0xff, 0xff, 0xff, 0xff, 0xff, 0xff, 0xff, 0xff, 0xff,
    0xff, 0xff, 0xff, 0xff, 0xff, 0xff, 0xff, 0xff, 0xff, 0xff, 0xff, 0xff, 0xff, 0xff, 0xff, 0xff,
    0xff, 0xff, 0xff, 0xff, 0xff, 0xff, 0xff, 0xff, 0xff, 0xff, 0xff, 0xff, 0xff, 0xff, 0xff, 0xff,
    0xff, 0xff, 0xff, 0xff, 0xff, 0xff, 0xff, 0xff, 0xff, 0xff, 0xff, 0xff, 0xff, 0xff, 0xff, 0xff,
    0xff, 0xff, 0xff, 0xff, 0xff, 0xff, 0xff, 0xff, 0xff, 0xff, 0xff, 0xff, 0xff, 0xff, 0xff, 0xff,
    0xff, 0xff, 0xff, 0xff, 0xff, 0xff, 0xff, 0xff, 0xff, 0xff, 0xff, 0xff, 0xff, 0xff, 0xff, 0xff,
    0xff, 0xff, 0xff, 0xff, 0xff, 0xff, 0xff, 0xff, 0xff, 0xff, 0xff, 0xff, 0xff, 0xff, 0xff, 0xff,
    0xff, 0xff, 0xff, 0xff, 0xff, 0xff, 0xff, 0xff, 0xff, 0xff, 0xff, 0xff, 0xff, 0xff, 0xff, 0xff,
    0xff, 0xff, 0xff, 0xff, 0xff, 0xff, 0xff, 0xff, 0xff, 0xff, 0xff, 0xff, 0xff, 0xff, 0xff, 0xff,
    0xff, 0xff, 0xff, 0xff, 0xff, 0xff, 0xff, 0xff, 0xff, 0xff, 0xff, 0xff, 0xff, 0xff, 0xff, 0xff,
    0xff, 0xff, 0xff, 0xff, 0xff, 0xff, 0xff, 0xff, 0xff, 0xff, 0xff, 0xff, 0xff, 0xff, 0xff, 0xff,
    0xff, 0xff, 0xff, 0xff, 0xff, 0xff, 0xff, 0xff, 0xff, 0xff, 0xff, 0xff, 0xff, 0xff, 0xff, 0xff,
    0xff, 0xff, 0xff, 0xff, 0xff, 0xff, 0xff, 0xff, 0xff, 0xff, 0xff, 0xff, 0xff, 0xff, 0xff, 0xff,
    0xff, 0xff, 0xff, 0xff, 0xff, 0xff, 0xff, 0xff, 0xff, 0xff, 0xff, 0xff, 0xff, 0xff, 0xff, 0xff,
    0xff, 0xff, 0xff, 0xff, 0xff, 0xff, 0xff, 0xff, 0xff, 0xff, 0xff, 0xff, 0xff, 0xff, 0xff, 0xff,
    0xff, 0xff, 0xff, 0xff, 0xff, 0xff, 0xff, 0xff, 0xff, 0xff, 0xff, 0xff, 0xff, 0xff, 0xff, 0xff,
    0xff, 0xff, 0xff, 0xff, 0xff, 0xff, 0xff, 0xff, 0xff, 0xff, 0xff, 0xff, 0xff, 0xff, 0xff, 0xff,
    0xff, 0xff, 0xff, 0xff, 0xff, 0xff, 0xff, 0xff, 0xff, 0xff, 0xff, 0xff, 0xff, 0xff, 0xff, 0xff,
    0xff, 0xff, 0xff, 0xff, 0xff, 0xff, 0xff, 0xff, 0xff, 0xff, 0xff, 0xff, 0xff, 0xff, 0xff, 0xff,
    0xff, 0xff, 0xff, 0xff, 0xff, 0xff, 0xff, 0xff, 0xff, 0xff, 0xff, 0xff, 0xff, 0xff, 0xff, 0xff,
    0xff, 0xff, 0xff, 0xff, 0xff, 0xff, 0xff, 0xff, 0xff, 0xff, 0xff, 0xff, 0xff, 0xff, 0xff, 0xff,
    0xff, 0xff, 0xff, 0xff, 0xff, 0xff, 0xff, 0xff, 0xff, 0xff, 0xff, 0xff, 0xff, 0xff, 0xff, 0xff,
    0xff, 0xff, 0xff, 0xff, 0xff, 0xff, 0xff, 0xff, 0xff, 0xff, 0xff, 0xff, 0xff, 0xff, 0xff, 0xff,
    0xff, 0xff, 0xff, 0xff, 0xff, 0xff, 0xff, 0xff, 0xff, 0xff, 0xff, 0xff, 0xff, 0xff, 0xff, 0xff,
    0xff, 0xff, 0xff, 0xff, 0xff, 0xff, 0xff, 0xff, 0xff, 0xff, 0xff, 0xff, 0xff, 0xff, 0xff, 0xff,
    0xff, 0xff, 0xff, 0xff, 0xff, 0xff, 0xff, 0xff, 0xff, 0xff, 0xff, 0xff, 0xff, 0xff, 0xff, 0xff,
    0xff, 0xff, 0xff, 0xff, 0xff, 0xff, 0xff, 0xff, 0xff, 0xff, 0xff, 0xff, 0xff, 0xff, 0xff, 0xff,
    0xff, 0xff, 0xff, 0xff, 0xff, 0xff, 0xff, 0xff, 0xff, 0xff, 0xff, 0xff, 0xff, 0xff, 0xff, 0xff,
    0xff, 0xff, 0xff, 0xff, 0xff, 0xff, 0xff, 0xff, 0xff, 0xff, 0xff, 0xff, 0xff, 0xff, 0xff, 0xff,
    0xff, 0xff, 0xff, 0xff, 0xff, 0xff, 0xff, 0xff, 0xff, 0xff, 0xff, 0xff, 0xff, 0xff, 0xff, 0xff,
    0xff, 0xff, 0xff, 0xff, 0xff, 0xff, 0xff, 0xff, 0xff, 0xff, 0xff, 0xff, 0xff, 0xff, 0xff, 0xff,
    0xff, 0xff, 0xff, 0xff, 0xff, 0xff, 0xff, 0xff, 0xff, 0xff, 0xff, 0xff, 0xff, 0xff, 0xff, 0xff,
    0xff, 0xff, 0xff, 0xff, 0xff, 0xff, 0xff, 0xff, 0xff, 0xff, 0xff, 0xff, 0xff, 0xff, 0xff, 0xff,
    0xff, 0xff, 0xff, 0xff, 0xff, 0xff, 0xff, 0xff, 0xff, 0xff, 0xff, 0xff, 0xff, 0xff, 0xff, 0xff,
    0xff, 0xff, 0xff, 0xff, 0xff, 0xff, 0xff, 0xff, 0xff, 0xff, 0xff, 0xff, 0xff, 0xff, 0xff, 0xff,
    0xff, 0xff, 0xff, 0xff, 0xff, 0xff, 0xff, 0xff, 0xff, 0xff, 0xff, 0xff, 0xff, 0xff, 0xff, 0xff,
    0xff, 0xff, 0xff, 0xff, 0xff, 0xff, 0xff, 0xff, 0xff, 0xff, 0xff, 0xff, 0xff, 0xff, 0xff, 0xff,
    0xff, 0xff, 0xff, 0xff, 0xff, 0xff, 0xff, 0xff, 0xff, 0xff, 0xff, 0xff, 0xff, 0xff, 0xff, 0xff,
    0xff, 0xff, 0xff, 0xff, 0xff, 0xff, 0xff, 0xff, 0xff, 0xff, 0xff, 0xff, 0xff, 0xff, 0xff, 0xff,
    0xff, 0xff, 0xff, 0xff, 0xff, 0xff, 0xff, 0xff, 0xff, 0xff, 0xff, 0xff, 0xff, 0xff, 0xff, 0xff,
    0xff, 0xff, 0xff, 0xff, 0xff, 0xff, 0xff, 0xff, 0xff, 0xff, 0xff, 0xff, 0xff, 0xff, 0xff, 0xff,
    0xff, 0xff, 0xff, 0xff, 0xff, 0xff, 0xff, 0xff, 0xff, 0xff, 0xff, 0xff, 0xff, 0xff, 0xff, 0xff,
    0xff, 0xff, 0xff, 0xff, 0xff, 0xff, 0xff, 0xff, 0xff, 0xff, 0xff, 0xff, 0xff, 0xff, 0xff, 0xff,
    0xff, 0xff, 0xff, 0xff, 0xff, 0xff, 0xff, 0xff, 0xff, 0xff, 0xff, 0xff, 0xff, 0xff, 0xff, 0xff,
    0xff, 0xff, 0xff, 0xff, 0xff, 0xff, 0xff, 0xff, 0xff, 0xff, 0xff, 0xff, 0xff, 0xff, 0xff, 0xff,
    0xff, 0xff, 0xff, 0xff, 0xff, 0xff, 0xff, 0xff, 0xff, 0xff, 0xff, 0xff, 0xff, 0xff, 0xff, 0xff,
    0xff, 0xff, 0xff, 0xff, 0xff, 0xff, 0xff, 0xff, 0xff, 0xff, 0xff, 0xff, 0xff, 0xff, 0xff, 0xff,
    0xff, 0xff, 0xff, 0xff, 0xff, 0xff, 0xff, 0xff, 0xff, 0xff, 0xff, 0xff, 0xff, 0xff, 0xff, 0xff,
    0xff, 0xff, 0xff, 0xff, 0xff, 0xff, 0xff, 0xff, 0xff, 0xff, 0xff, 0xff, 0xff, 0xff, 0xff, 0xff,
    0xff, 0xff, 0xff, 0xff, 0xff, 0xff, 0xff, 0xff, 0xff, 0xff, 0xff, 0xff, 0xff, 0xff, 0xff, 0xff,
    0xff, 0xff, 0xff, 0xff, 0xff, 0xff, 0xff, 0xff, 0xff, 0xff, 0xff, 0xff, 0xff, 0xff, 0xff, 0xff,
    0xff, 0xff, 0xff, 0xff, 0xff, 0xff, 0xff, 0xff, 0xff, 0xff, 0xff, 0xff, 0xff, 0xff, 0xff, 0xff,
    0xff, 0xff, 0xff, 0xff, 0xff, 0xff, 0xff, 0xff, 0xff, 0xff, 0xff, 0xff, 0xff, 0xff, 0xff, 0xff,
    0xff, 0xff, 0xff, 0xff, 0xff, 0xff, 0xff, 0xff, 0xff, 0xff, 0xff, 0xff, 0xff, 0xff, 0xff, 0xff,
    0xff, 0xff, 0xff, 0xff, 0xff, 0xff, 0xff, 0xff, 0xff, 0xff, 0xff, 0xff, 0xff, 0xff, 0xff, 0xff,
    0xff, 0xff, 0xff, 0xff, 0xff, 0xff, 0xff, 0xff, 0xff, 0xff, 0xff, 0xff, 0xff, 0xff, 0xff, 0xff,
    0xff, 0xff, 0xff, 0xff, 0xff, 0xff, 0xff, 0xff, 0xff, 0xff, 0xff, 0xff, 0xff, 0xff, 0xff, 0xff,
    0xff, 0xff, 0xff, 0xff, 0xff, 0xff, 0xff, 0xff, 0xff, 0xff, 0xff, 0xff, 0xff, 0xff, 0xff, 0xff,
    0xff, 0xff, 0xff, 0xff, 0xff, 0xff, 0xff, 0xff, 0xff, 0xff, 0xff, 0xff, 0xff, 0xff, 0xff, 0xff,
    0xff, 0xff, 0xff, 0xff, 0xff, 0xff, 0xff, 0xff, 0xff, 0xff, 0xff, 0xff, 0xff, 0xff, 0xff, 0xff,
    0xff, 0xff, 0xff, 0xff, 0xff, 0xff, 0xff, 0xff, 0xff, 0xff, 0xff, 0xff, 0xff, 0xff, 0xff, 0xff,
    0xff, 0xff, 0xff, 0xff, 0xff, 0xff, 0xff, 0xff, 0xff, 0xff, 0xff, 0xff, 0xff, 0xff, 0xff, 0xff,
    0xff, 0xff, 0xff, 0xff, 0xff, 0xff, 0xff, 0xff, 0xff, 0xff, 0xff, 0xff, 0xff, 0xff, 0xff, 0xff,
    0xff, 0xff, 0xff, 0xff, 0xff, 0xff, 0xff, 0xff, 0xff, 0xff, 0xff, 0xff, 0xff, 0xff, 0xff, 0xff,
    0xff, 0xff, 0xff, 0xff, 0xff, 0xff, 0xff, 0xff, 0xff, 0xff, 0xff, 0xff, 0xff, 0xff, 0xff, 0xff,
    0xff, 0xff, 0xff, 0xff, 0xff, 0xff, 0xff, 0xff, 0xff, 0xff, 0xff, 0xff, 0xff, 0xff, 0xff, 0xff,
    0xff, 0xff, 0xff, 0xff, 0xff, 0xff, 0xff, 0xff, 0xff, 0xff, 0xff, 0xff, 0xff, 0xff, 0xff, 0xff,
    0xff, 0xff, 0xff, 0xff, 0xff, 0xff, 0xff, 0xff, 0xff, 0xff, 0xff, 0xff, 0xff, 0xff, 0xff, 0xff,
    0xff, 0xff, 0xff, 0xff, 0xff, 0xff, 0xff, 0xff, 0xff, 0xff, 0xff, 0xff, 0xff, 0xff, 0xff, 0xff,
    0xff, 0xff, 0xff, 0xff, 0xff, 0xff, 0xff, 0xff, 0xff, 0xff, 0xff, 0xff, 0xff, 0xff, 0xff, 0xff,
    0xff, 0xff, 0xff, 0xff, 0xff, 0xff, 0xff, 0xff, 0xff, 0xff, 0xff, 0xff, 0xff, 0xff, 0xff, 0xff,
    0xff, 0xff, 0xff, 0xff, 0xff, 0xff, 0xff, 0xff, 0xff, 0xff, 0xff, 0xff, 0xff, 0xff, 0xff, 0xff,
    0xff, 0xff, 0xff, 0xff, 0xff, 0xff, 0xff, 0xff, 0xff, 0xff, 0xff, 0xff, 0xff, 0xff, 0xff, 0xff,
    0xff, 0xff, 0xff, 0xff, 0xff, 0xff, 0xff, 0xff, 0xff, 0xff, 0xff, 0xff, 0xff, 0xff, 0xff, 0xff,
    0xff, 0xff, 0xff, 0xff, 0xff, 0xff, 0xff, 0xff, 0xff, 0xff, 0xff, 0xff, 0xff, 0xff, 0xff, 0xff,
    0xff, 0xff, 0xff, 0xff, 0xff, 0xff, 0xff, 0xff, 0xff, 0xff, 0xff, 0xff, 0xff, 0xff, 0xff, 0xff,
    0xff, 0xff, 0xff, 0xff, 0xff, 0xff, 0xff, 0xff, 0xff, 0xff, 0xff, 0xff, 0xff, 0xff, 0xff, 0xff,
    0xff, 0xff, 0xff, 0xff, 0xff, 0xff, 0xff, 0xff, 0xff, 0xff, 0xff, 0xff, 0xff, 0xff, 0xff, 0xff,
    0xff, 0xff, 0xff, 0xff, 0xff, 0xff, 0xff, 0xff, 0xff, 0xff, 0xff, 0xff, 0xff, 0xff, 0xff, 0xff,
    0xff, 0xff, 0xff, 0xff, 0xff, 0xff, 0xff, 0xff, 0xff, 0xff, 0xff, 0xff, 0xff, 0xff, 0xff, 0xff,
    0xff, 0xff, 0xff, 0xff, 0xff, 0xff, 0xff, 0xff, 0xff, 0xff, 0xff, 0xff, 0xff, 0xff, 0xff, 0xff,
    0xff, 0xff, 0xff, 0xff, 0xff, 0xff, 0xff, 0xff, 0xff, 0xff, 0xff, 0xff, 0xff, 0xff, 0xff, 0xff,
    0xff, 0xff, 0xff, 0xff, 0xff, 0xff, 0xff, 0xff, 0xff, 0xff, 0xff, 0xff, 0xff, 0xff, 0xff, 0xff,
    0xff, 0xff, 0xff, 0xff, 0xff, 0xff, 0xff, 0xff, 0xff, 0xff, 0xff, 0xff, 0xff, 0xff, 0xff, 0xff,
    0xff, 0xff, 0xff, 0xff, 0xff, 0xff, 0xff, 0xff, 0xff, 0xff, 0xff, 0xff, 0xff, 0xff, 0xff, 0xff,
    0xff, 0xff, 0xff, 0xff, 0xff, 0xff, 0xff, 0xff, 0xff, 0xff, 0xff, 0xff, 0xff, 0xff, 0xff, 0xff,
    0xff, 0xff, 0xff, 0xff, 0xff, 0xff, 0xff, 0xff, 0xff, 0xff, 0xff, 0xff, 0xff, 0xff, 0xff, 0xff,
    0xff, 0xff, 0xff, 0xff, 0xff, 0xff, 0xff, 0xff, 0xff, 0xff, 0xff, 0xff, 0xff, 0xff, 0xff, 0xff,
    0xff, 0xff, 0xff, 0xff, 0xff, 0xff, 0xff, 0xff, 0xff, 0xff, 0xff, 0xff, 0xff, 0xff, 0xff, 0xff,
    0xff, 0xff, 0xff, 0xff, 0xff, 0xff, 0xff, 0xff, 0xff, 0xff, 0xff, 0xff, 0xff, 0xff, 0xff, 0xff,
    0xff, 0xff, 0xff, 0xff, 0xff, 0xff, 0xff, 0xff, 0xff, 0xff, 0xff, 0xff, 0xff, 0xff, 0xff, 0xff,
    0xff, 0xff, 0xff, 0xff, 0xff, 0xff, 0xff, 0xff, 0xff, 0xff, 0xff, 0xff, 0xff, 0xff, 0xff, 0xff,
    0xff, 0xff, 0xff, 0xff, 0xff, 0xff, 0xff, 0xff, 0xff, 0xff, 0xff, 0xff, 0xff, 0xff, 0xff, 0xff,
    0xff, 0xff, 0xff, 0xff, 0xff, 0xff, 0xff, 0xff, 0xff, 0xff, 0xff, 0xff, 0xff, 0xff, 0xff, 0xff,
    0xff, 0xff, 0xff, 0xff, 0xff, 0xff, 0xff, 0xff, 0xff, 0xff, 0xff, 0xff, 0xff, 0xff, 0xff, 0xff,
    0xff, 0xff, 0xff, 0xff, 0xff, 0xff, 0xff, 0xff, 0xff, 0xff, 0xff, 0xff, 0xff, 0xff, 0xff, 0xff,
    0xff, 0xff, 0xff, 0xff, 0xff, 0xff, 0xff, 0xff, 0xff, 0xff, 0xff, 0xff, 0xff, 0xff, 0xff, 0xff,
    0xff, 0xff, 0xff, 0xff, 0xff, 0xff, 0xff, 0xff, 0xff, 0xff, 0xff, 0xff, 0xff, 0xff, 0xff, 0xff,
    0xff, 0xff, 0xff, 0xff, 0xff, 0xff, 0xff, 0xff, 0xff, 0xff, 0xff, 0xff, 0xff, 0xff, 0xff, 0xff,
    0xff, 0xff, 0xff, 0xff, 0xff, 0xff, 0xff, 0xff, 0xff, 0xff, 0xff, 0xff, 0xff, 0xff, 0xff, 0xff,
    0xff, 0xff, 0xff, 0xff, 0xff, 0xff, 0xff, 0xff, 0xff, 0xff, 0xff, 0xff, 0xff, 0xff, 0xff, 0xff,
    0xff, 0xff, 0xff, 0xff, 0xff, 0xff, 0xff, 0xff, 0xff, 0xff, 0xff, 0xff, 0xff, 0xff, 0xff, 0xff,
    0xff, 0xff, 0xff, 0xff, 0xff, 0xff, 0xff, 0xff, 0xff, 0xff, 0xff, 0xff, 0xff, 0xff, 0xff, 0xff,
    0xff, 0xff, 0xff, 0xff, 0xff, 0xff, 0xff, 0xff, 0xff, 0xff, 0xff, 0xff, 0xff, 0xff, 0xff, 0xff,
    0x7f, 0xff, 0xff, 0xff, 0xff, 0xff, 0xff, 0xff, 0xff, 0xff, 0xff, 0xff, 0xff, 0xff, 0xff, 0xff,
    0xff, 0xff, 0xff, 0xff, 0xff, 0xff, 0xff, 0xff, 0xff, 0xff, 0xff, 0xff, 0xff, 0xff, 0xff, 0xff,
    0xff, 0xff, 0xff, 0xff, 0xff, 0xff, 0xff, 0xff, 0xff, 0xff, 0xff, 0xff, 0xff, 0xff, 0xff, 0xff,
    0xff, 0xff, 0xff, 0xff, 0xff, 0xff, 0xff, 0xff, 0xff, 0xff, 0xff, 0xff,
};

/* sBigChest: 1 masks of 186 bytes */
static const uint8_t s_mask_sBigChest[186] = {
    0x0f, 0xff, 0xff, 0xff, 0xff, 0x80, 0x3f, 0xff, 0xff, 0xff, 0xff, 0xe0, 0x7f, 0xff, 0xff, 0xff,
    0xff, 0xf0, 0x7f, 0xff, 0xff, 0xff, 0xff, 0xf8, 0xff, 0xff, 0xff, 0xff, 0xff, 0xf8, 0xff, 0xff,
    0xff, 0xff, 0xff, 0xfc, 0xff, 0xff, 0xff, 0xff, 0xff, 0xfc, 0xff, 0xff, 0xff, 0xff, 0xff, 0xfc,
    0xff, 0xff, 0xff, 0xff, 0xff, 0xfc, 0xff, 0xff, 0xff, 0xff, 0xff, 0xfc, 0xff, 0xff, 0xff, 0xff,
    0xff, 0xfc, 0xff, 0xff, 0xff, 0xff, 0xff, 0xfc, 0xff, 0xff, 0xff, 0xff, 0xff, 0xfc, 0xff, 0xff,
    0xff, 0xff, 0xff, 0xfc, 0xff, 0xff, 0xff, 0xff, 0xff, 0xfc, 0xff, 0xff, 0xff, 0xff, 0xff, 0xfc,
    0xff, 0xff, 0xff, 0xff, 0xff, 0xfc, 0xff, 0xff, 0xff, 0xff, 0xff, 0xfc, 0xff, 0xff, 0xff, 0xff,
    0xff, 0xfc, 0xff, 0xff, 0xff, 0xff, 0xff, 0xfc, 0xff, 0xff, 0xff, 0xff, 0xff, 0xfc, 0xff, 0xff,
    0xff, 0xff, 0xff, 0xfc, 0xff, 0xff, 0xff, 0xff, 0xff, 0xfc, 0xff, 0xff, 0xff, 0xff, 0xff, 0xfc,
    0xff, 0xff, 0xff, 0xff, 0xff, 0xfc, 0xff, 0xff, 0xff, 0xff, 0xff, 0xfc, 0xff, 0xff, 0xff, 0xff,
    0xff, 0xfc, 0xff, 0xff, 0xff, 0xff, 0xff, 0xfc, 0xff, 0xff, 0xff, 0xff, 0xff, 0xfc, 0xff, 0xff,
    0xff, 0xff, 0xff, 0xfc, 0xff, 0xff, 0xff, 0xff, 0xff, 0xfc,
};

/* sBigChestOpen: 1 masks of 296 bytes */
static const uint8_t s_mask_sBigChestOpen[296] = {
    0x00, 0x00, 0x0f, 0xff, 0xff, 0xff, 0xff, 0x80, 0x00, 0x00, 0x0f, 0xff, 0xff, 0xff, 0xff, 0xf0,
    0x00, 0x00, 0x0f, 0xff, 0xff, 0xff, 0xff, 0xf8, 0x00, 0x00, 0x0f, 0xff, 0xff, 0xff, 0xff, 0xfc,
    0x00, 0x00, 0x0f, 0xff, 0xff, 0xff, 0xff, 0xfc, 0x00, 0x00, 0x0f, 0xff, 0xff, 0xff, 0xff, 0xfc,
    0x00, 0x00, 0x0f, 0xff, 0xff, 0xff, 0xff, 0xfc, 0x00, 0x00, 0x0f, 0xff, 0xff, 0xff, 0xff, 0xfc,
    0x00, 0x00, 0x0f, 0xff, 0xff, 0xff, 0xff, 0xfc, 0x00, 0x00, 0x0f, 0xff, 0xff, 0xff, 0xff, 0xfc,
    0x00, 0x00, 0x0f, 0xff, 0xff, 0xff, 0xff, 0xfc, 0x00, 0x00, 0x0f, 0xff, 0xff, 0xff, 0xff, 0xfc,
    0x00, 0x00, 0x0f, 0xff, 0xff, 0xff, 0xff, 0xfc, 0x00, 0x00, 0x0f, 0xff, 0xff, 0xff, 0xff, 0xfc,
    0x00, 0x00, 0x0f, 0xff, 0xff, 0xff, 0xff, 0xfc, 0x00, 0x00, 0x0f, 0xff, 0xff, 0xff, 0xff, 0xfc,
    0x00, 0x00, 0x0f, 0xff, 0xff, 0xff, 0xff, 0xfc, 0x00, 0x00, 0x0f, 0xff, 0xff, 0xff, 0xff, 0xf8,
    0x00, 0x00, 0x0f, 0xff, 0xff, 0xff, 0xff, 0xf8, 0x00, 0x00, 0x0f, 0xff, 0xff, 0xff, 0xff, 0xf0,
    0x00, 0x00, 0x0f, 0xff, 0xff, 0xff, 0xff, 0xe0, 0x00, 0x00, 0x0f, 0xff, 0xff, 0xff, 0xff, 0x80,
    0xff, 0xff, 0xff, 0xff, 0xff, 0xff, 0x80, 0x00, 0xff, 0xff, 0xff, 0xff, 0xff, 0xff, 0x80, 0x00,
    0xff, 0xff, 0xff, 0xff, 0xff, 0xff, 0x00, 0x00, 0xff, 0xff, 0xff, 0xff, 0xff, 0xfe, 0x00, 0x00,
    0xff, 0xff, 0xff, 0xff, 0xff, 0xfc, 0x00, 0x00, 0xff, 0xff, 0xff, 0xff, 0xff, 0xfc, 0x00, 0x00,
    0xff, 0xff, 0xff, 0xff, 0xff, 0xfc, 0x00, 0x00, 0xff, 0xff, 0xff, 0xff, 0xff, 0xfc, 0x00, 0x00,
    0xff, 0xff, 0xff, 0xff, 0xff, 0xfc, 0x00, 0x00, 0xff, 0xff, 0xff, 0xff, 0xff, 0xfc, 0x00, 0x00,
    0xff, 0xff, 0xff, 0xff, 0xff, 0xfc, 0x00, 0x00, 0xff, 0xff, 0xff, 0xff, 0xff, 0xfc, 0x00, 0x00,
    0xff, 0xff, 0xff, 0xff, 0xff, 0xfc, 0x00, 0x00, 0xff, 0xff, 0xff, 0xff, 0xff, 0xfc, 0x00, 0x00,
    0xff, 0xff, 0xff, 0xff, 0xff, 0xfc, 0x00, 0x00,
};

/* sBigCollect: 1 masks of 16 bytes */
static const uint8_t s_mask_sBigCollect[16] = {
    0x0c, 0x0c, 0x3f, 0x7f, 0xff, 0xff, 0xfc, 0xfe, 0x7f, 0x3f, 0xff, 0xff, 0xfe, 0xfc, 0x30, 0x30,
};

/* sBigTreasure: 1 masks of 120 bytes */
static const uint8_t s_mask_sBigTreasure[120] = {
    0x01, 0xff, 0xe0, 0x00, 0x07, 0xff, 0xf8, 0x00, 0x0f, 0xff, 0xfc, 0x00, 0x1f, 0xff, 0xfe, 0x00,
    0x3f, 0xff, 0xfe, 0x00, 0x3f, 0xff, 0xff, 0x00, 0x3f, 0xff, 0xff, 0x00, 0x3f, 0xff, 0xff, 0x00,
    0x3f, 0xff, 0xff, 0x00, 0x7f, 0xff, 0xff, 0x80, 0x7f, 0xff, 0xff, 0x80, 0xff, 0xff, 0xff, 0xc0,
    0xff, 0xff, 0xff, 0xc0, 0xff, 0xff, 0xff, 0xc0, 0xff, 0xff, 0xff, 0xc0, 0xff, 0xff, 0xff, 0xc0,
    0xff, 0xff, 0xff, 0xc0, 0x7f, 0xff, 0xff, 0x80, 0x7f, 0xff, 0xff, 0x80, 0x3f, 0xff, 0xff, 0x00,
    0x3f, 0xff, 0xff, 0x00, 0x3f, 0xff, 0xff, 0x00, 0x3f, 0xff, 0xff, 0x00, 0x3f, 0xff, 0xff, 0x00,
    0x1f, 0xff, 0xfe, 0x00, 0x1f, 0xff, 0xfe, 0x00, 0x1f, 0xff, 0xfe, 0x00, 0x1f, 0xff, 0xfe, 0x00,
    0x1f, 0xff, 0xfe, 0x00, 0x0f, 0xff, 0xfc, 0x00,
};

/* sBlack: 1 masks of 32 bytes */
static const uint8_t s_mask_sBlack[32] = {
    0xff, 0xff, 0xff, 0xff, 0xff, 0xff, 0xff, 0xff, 0xff, 0xff, 0xff, 0xff, 0xff, 0xff, 0xff, 0xff,
    0xff, 0xff, 0xff, 0xff, 0xff, 0xff, 0xff, 0xff, 0xff, 0xff, 0xff, 0xff, 0xff, 0xff, 0xff, 0xff,
};

/* sBlackFadeUp: 1 masks of 16 bytes */
static const uint8_t s_mask_sBlackFadeUp[16] = {
    0x55, 0x55, 0xaa, 0xaa, 0x55, 0x55, 0xaa, 0xaa, 0x77, 0x77, 0xaa, 0xaa, 0xff, 0xff, 0xff, 0xff,
};

/* sBlood: 3 masks of 5 bytes */
static const uint8_t s_mask_sBlood[15] = {
    0x70, 0xf8, 0xf8, 0x78, 0x30,
    0x70, 0xf8, 0xf8, 0xf8, 0x70,
    0x00, 0x38, 0x7c, 0x7c, 0x78,
};

/* sBloodSpark: 9 masks of 8 bytes */
static const uint8_t s_mask_sBloodSpark[72] = {
    0x00, 0x00, 0x18, 0x3c, 0x3c, 0x18, 0x00, 0x00,
    0x00, 0x18, 0x3c, 0x7e, 0x7e, 0x3c, 0x18, 0x00,
    0x00, 0x00, 0x7e, 0xff, 0xff, 0xff, 0x7e, 0x00,
    0x00, 0x18, 0x3c, 0x3c, 0x3c, 0x3c, 0x18, 0x00,
    0x18, 0x3c, 0x3c, 0x3c, 0x3c, 0x3c, 0x3c, 0x18,
    0x00, 0x1c, 0x1c, 0x1c, 0x1c, 0x1c, 0x1c, 0x00,
    0x00, 0x08, 0x1c, 0x1c, 0x08, 0x00, 0x00, 0x00,
    0x00, 0x08, 0x1c, 0x08, 0x00, 0x00, 0x00, 0x00,
    0x1c, 0x1c, 0x1c, 0x00, 0x00, 0x00, 0x00, 0x00,
};

/* sBloodTrail: 7 masks of 5 bytes */
static const uint8_t s_mask_sBloodTrail[35] = {
    0x38, 0x7c, 0x7c, 0x3c, 0x18,
    0x38, 0xfc, 0xfe, 0x7e, 0x18,
    0x38, 0x7c, 0xfc, 0xfc, 0x38,
    0x18, 0x3c, 0x7e, 0x7e, 0x3c,
    0x00, 0x3c, 0x7c, 0x38, 0x00,
    0x00, 0x00, 0x38, 0x38, 0x00,
    0x00, 0x00, 0x10, 0x10, 0x00,
};

/* sBomb: 1 masks of 7 bytes */
static const uint8_t s_mask_sBomb[7] = {
    0x38, 0x7c, 0xfe, 0xfe, 0xfe, 0x7c, 0x38,
};

/* sBombArmed: 2 masks of 7 bytes */
static const uint8_t s_mask_sBombArmed[14] = {
    0x38, 0x7c, 0xfe, 0xfe, 0xfe, 0x7c, 0x38,
    0x38, 0x7c, 0xfe, 0xfe, 0xfe, 0x7c, 0x38,
};

/* sBombArrowLeft: 2 masks of 14 bytes */
static const uint8_t s_mask_sBombArrowLeft[28] = {
    0x38, 0x00, 0x7c, 0x00, 0xfe, 0x30, 0xff, 0xf0, 0xff, 0xf0, 0x7c, 0x30, 0x38, 0x00,
    0x38, 0x00, 0x7c, 0x00, 0xfe, 0x30, 0xff, 0xf0, 0xff, 0xf0, 0x7c, 0x30, 0x38, 0x00,
};

/* sBombArrowRight: 2 masks of 14 bytes */
static const uint8_t s_mask_sBombArrowRight[28] = {
    0x01, 0xc0, 0x03, 0xe0, 0xc7, 0xf0, 0xff, 0xf0, 0xff, 0xf0, 0xc3, 0xe0, 0x01, 0xc0,
    0x01, 0xc0, 0x03, 0xe0, 0xc7, 0xf0, 0xff, 0xf0, 0xff, 0xf0, 0xc3, 0xe0, 0x01, 0xc0,
};

/* sBombBag: 1 masks of 24 bytes */
static const uint8_t s_mask_sBombBag[24] = {
    0x0f, 0x00, 0x1f, 0x80, 0x1f, 0x80, 0x0f, 0x00, 0x1f, 0x80, 0x3f, 0xc0, 0x7f, 0xe0, 0xff, 0xf0,
    0xff, 0xf0, 0xff, 0xf0, 0xff, 0xf0, 0x7f, 0xe0,
};

/* sBombBagTile: 1 masks of 24 bytes */
static const uint8_t s_mask_sBombBagTile[24] = {
    0x0f, 0x00, 0x1f, 0x80, 0x1f, 0x80, 0x0f, 0x00, 0x1f, 0x80, 0x3f, 0xc0, 0x7f, 0xe0, 0xff, 0xf0,
    0xff, 0xf0, 0xff, 0xf0, 0xff, 0xf0, 0x7f, 0xe0,
};

/* sBombBox: 1 masks of 22 bytes */
static const uint8_t s_mask_sBombBox[22] = {
    0xff, 0xfc, 0xff, 0xfc, 0xff, 0xfc, 0xff, 0xfc, 0xff, 0xfc, 0xff, 0xfc, 0xff, 0xfc, 0xff, 0xfc,
    0xff, 0xfc, 0xff, 0xfc, 0xff, 0xfc,
};

/* sBombBoxTile: 1 masks of 22 bytes */
static const uint8_t s_mask_sBombBoxTile[22] = {
    0xff, 0xfc, 0xff, 0xfc, 0xff, 0xfc, 0xff, 0xfc, 0xff, 0xfc, 0xff, 0xfc, 0xff, 0xfc, 0xff, 0xfc,
    0xff, 0xfc, 0xff, 0xfc, 0xff, 0xfc,
};

/* sBombIcon: 1 masks of 28 bytes */
static const uint8_t s_mask_sBombIcon[28] = {
    0x07, 0x90, 0x1f, 0xf8, 0x3f, 0xf8, 0x7f, 0xf8, 0x7f, 0xf8, 0xff, 0xfc, 0xff, 0xfc, 0xff, 0xfc,
    0xff, 0xfc, 0x7f, 0xf8, 0x7f, 0xf8, 0x3f, 0xf0, 0x1f, 0xe0, 0x07, 0x80,
};

/* sBombPasteTile: 1 masks of 24 bytes */
static const uint8_t s_mask_sBombPasteTile[24] = {
    0x7f, 0xe0, 0x58, 0x20, 0x68, 0x60, 0x30, 0xc0, 0x58, 0x20, 0xff, 0xf0, 0xff, 0xf0, 0xff, 0xf0,
    0xff, 0xf0, 0xff, 0xf0, 0xff, 0xf0, 0x7f, 0xe0,
};

/* sBombsGet: 2 masks of 30 bytes */
static const uint8_t s_mask_sBombsGet[60] = {
    0x1e, 0x37, 0x7c, 0x1f, 0x7f, 0xfe, 0x1f, 0xff, 0xff, 0x5f, 0xff, 0xff, 0xff, 0xff, 0xfe, 0xff,
    0xff, 0xff, 0xff, 0xff, 0xff, 0x5f, 0xff, 0xff, 0x1f, 0x7f, 0xfe, 0x1e, 0x37, 0xfc,
    0x1e, 0x37, 0x7c, 0x1f, 0x7f, 0xfe, 0x1f, 0xff, 0xff, 0x5f, 0xff, 0xff, 0xff, 0xff, 0xfe, 0xff,
    0xff, 0xff, 0xff, 0xff, 0xff, 0x5f, 0xff, 0xff, 0x1f, 0x7f, 0xfe, 0x1e, 0x37, 0xfc,
};

/* sBone: 8 masks of 8 bytes */
static const uint8_t s_mask_sBone[64] = {
    0x0c, 0x1e, 0x1e, 0x3c, 0x38, 0x70, 0x60, 0x00,
    0x18, 0x3c, 0x3c, 0x3c, 0x38, 0x38, 0x30, 0x00,
    0x00, 0x60, 0xf0, 0xf8, 0x7c, 0x1e, 0x06, 0x00,
    0x00, 0x00, 0x70, 0xfc, 0xfe, 0x7e, 0x00, 0x00,
    0x00, 0x06, 0x0e, 0x1c, 0x3c, 0x78, 0x78, 0x30,
    0x00, 0x0c, 0x1c, 0x1c, 0x3c, 0x3c, 0x3c, 0x18,
    0x00, 0x60, 0x78, 0x3e, 0x1f, 0x0f, 0x06, 0x00,
    0x00, 0x00, 0x7e, 0x7f, 0x3f, 0x0e, 0x00, 0x00,
};

/* sBoulderRotateL: 4 masks of 128 bytes */
static const uint8_t s_mask_sBoulderRotateL[512] = {
    0x00, 0x3f, 0xfe, 0x00, 0x00, 0xff, 0xff, 0x80, 0x03, 0xff, 0xff, 0xe0, 0x07, 0xff, 0xff, 0xf0,
    0x0f, 0xff, 0xff, 0xf8, 0x1f, 0xff, 0xff, 0xfc, 0x1f, 0xff, 0xff, 0xfc, 0x3f, 0xff, 0xff, 0xfe,
    0x3f, 0xff, 0xff, 0xfe, 0x7f, 0xff, 0xff, 0xfe, 0x7f, 0xff, 0xff, 0xff, 0xff, 0xff, 0xff, 0xff,
    0xff, 0xff, 0xff, 0xff, 0xff, 0xff, 0xff, 0xff, 0xff, 0xff, 0xff, 0xff, 0xff, 0xff, 0xff, 0xff,
    0xff, 0xff, 0xff, 0xff, 0xff, 0xff, 0xff, 0xff, 0xff, 0xff, 0xff, 0xff, 0xff, 0xff, 0xff, 0xff,
    0xff, 0xff, 0xff, 0xff, 0x7f, 0xff, 0xff, 0xff, 0x7f, 0xff, 0xff, 0xff, 0x3f, 0xff, 0xff, 0xfe,
    0x3f, 0xff, 0xff, 0xfe, 0x1f, 0xff, 0xff, 0xfc, 0x1f, 0xff, 0xff, 0xfc, 0x0f, 0xff, 0xff, 0xf8,
    0x07, 0xff, 0xff, 0xf0, 0x03, 0xff, 0xff, 0xe0, 0x00, 0xff, 0xff, 0x80, 0x00, 0x3f, 0xfe, 0x00,
    0x00, 0x3f, 0xfe, 0x00, 0x01, 0xff, 0xff, 0x80, 0x07, 0xff, 0xff, 0xe0, 0x0f, 0xff, 0xff, 0xf0,
    0x1f, 0xff, 0xff, 0xf8, 0x3f, 0xff, 0xff, 0xfc, 0x3f, 0xff, 0xff, 0xfc, 0x7f, 0xff, 0xff, 0xfe,
    0x7f, 0xff, 0xff, 0xfe, 0xff, 0xff, 0xff, 0xff, 0xff, 0xff, 0xff, 0xff, 0xff, 0xff, 0xff, 0xff,
    0xff, 0xff, 0xff, 0xff, 0xff, 0xff, 0xff, 0xff, 0xff, 0xff, 0xff, 0xff, 0xff, 0xff, 0xff, 0xff,
    0xff, 0xff, 0xff, 0xff, 0xff, 0xff, 0xff, 0xff, 0xff, 0xff, 0xff, 0xff, 0xff, 0xff, 0xff, 0xff,
    0xff, 0xff, 0xff, 0xff, 0xff, 0xff, 0xff, 0xff, 0x7f, 0xff, 0xff, 0xfe, 0x7f, 0xff, 0xff, 0xfe,
    0x3f, 0xff, 0xff, 0xfc, 0x3f, 0xff, 0xff, 0xfc, 0x1f, 0xff, 0xff, 0xf8, 0x0f, 0xff, 0xff, 0xf0,
    0x07, 0xff, 0xff, 0xe0, 0x01, 0xff, 0xff, 0x80, 0x00, 0x7f, 0xfe, 0x00, 0x00, 0x1f, 0xf8, 0x00,
    0x00, 0x7f, 0xfc, 0x00, 0x01, 0xff, 0xff, 0x00, 0x07, 0xff, 0xff, 0xc0, 0x0f, 0xff, 0xff, 0xe0,
    0x1f, 0xff, 0xff, 0xf0, 0x3f, 0xff, 0xff, 0xf8, 0x3f, 0xff, 0xff, 0xf8, 0x7f, 0xff, 0xff, 0xfc,
    0x7f, 0xff, 0xff, 0xfc, 0xff, 0xff, 0xff, 0xfe, 0xff, 0xff, 0xff, 0xfe, 0xff, 0xff, 0xff, 0xff,
    0xff, 0xff, 0xff, 0xff, 0xff, 0xff, 0xff, 0xff, 0xff, 0xff, 0xff, 0xff, 0xff, 0xff, 0xff, 0xff,
    0xff, 0xff, 0xff, 0xff, 0xff, 0xff, 0xff, 0xff, 0xff, 0xff, 0xff, 0xff, 0xff, 0xff, 0xff, 0xff,
    0xff, 0xff, 0xff, 0xff, 0xff, 0xff, 0xff, 0xfe, 0x7f, 0xff, 0xff, 0xfe, 0x7f, 0xff, 0xff, 0xfc,
    0x7f, 0xff, 0xff, 0xfc, 0x3f, 0xff, 0xff, 0xf8, 0x3f, 0xff, 0xff, 0xf8, 0x1f, 0xff, 0xff, 0xf0,
    0x0f, 0xff, 0xff, 0xe0, 0x07, 0xff, 0xff, 0xc0, 0x01, 0xff, 0xff, 0x00, 0x00, 0x7f, 0xfc, 0x00,
    0x00, 0x1f, 0xf8, 0x00, 0x00, 0x7f, 0xfe, 0x00, 0x01, 0xff, 0xff, 0x80, 0x07, 0xff, 0xff, 0xe0,
    0x0f, 0xff, 0xff, 0xf0, 0x1f, 0xff, 0xff, 0xf8, 0x3f, 0xff, 0xff, 0xfc, 0x3f, 0xff, 0xff, 0xfc,
    0x7f, 0xff, 0xff, 0xfe, 0x7f, 0xff, 0xff, 0xfe, 0xff, 0xff, 0xff, 0xff, 0xff, 0xff, 0xff, 0xff,
    0xff, 0xff, 0xff, 0xff, 0xff, 0xff, 0xff, 0xff, 0xff, 0xff, 0xff, 0xff, 0xff, 0xff, 0xff, 0xff,
    0xff, 0xff, 0xff, 0xff, 0xff, 0xff, 0xff, 0xff, 0xff, 0xff, 0xff, 0xff, 0xff, 0xff, 0xff, 0xff,
    0xff, 0xff, 0xff, 0xff, 0xff, 0xff, 0xff, 0xff, 0xff, 0xff, 0xff, 0xff, 0x7f, 0xff, 0xff, 0xfe,
    0x7f, 0xff, 0xff, 0xfe, 0x3f, 0xff, 0xff, 0xfc, 0x3f, 0xff, 0xff, 0xfc, 0x1f, 0xff, 0xff, 0xf8,
    0x0f, 0xff, 0xff, 0xf0, 0x07, 0xff, 0xff, 0xe0, 0x01, 0xff, 0xff, 0x80, 0x00, 0x7f, 0xfc, 0x00,
};

/* sBoulderRotateR: 4 masks of 128 bytes */
static const uint8_t s_mask_sBoulderRotateR[512] = {
    0x00, 0x1f, 0xf8, 0x00, 0x00, 0x7f, 0xfe, 0x00, 0x01, 0xff, 0xff, 0x80, 0x07, 0xff, 0xff, 0xe0,
    0x0f, 0xff, 0xff, 0xf0, 0x1f, 0xff, 0xff, 0xf8, 0x3f, 0xff, 0xff, 0xfc, 0x3f, 0xff, 0xff, 0xfc,
    0x7f, 0xff, 0xff, 0xfe, 0x7f, 0xff, 0xff, 0xfe, 0xff, 0xff, 0xff, 0xff, 0xff, 0xff, 0xff, 0xff,
    0xff, 0xff, 0xff, 0xff, 0xff, 0xff, 0xff, 0xff, 0xff, 0xff, 0xff, 0xff, 0xff, 0xff, 0xff, 0xff,
    0xff, 0xff, 0xff, 0xff, 0xff, 0xff, 0xff, 0xff, 0xff, 0xff, 0xff, 0xff, 0xff, 0xff, 0xff, 0xff,
    0xff, 0xff, 0xff, 0xff, 0xff, 0xff, 0xff, 0xff, 0xff, 0xff, 0xff, 0xff, 0x7f, 0xff, 0xff, 0xfe,
    0x7f, 0xff, 0xff, 0xfe, 0x3f, 0xff, 0xff, 0xfc, 0x3f, 0xff, 0xff, 0xfc, 0x1f, 0xff, 0xff, 0xf8,
    0x0f, 0xff, 0xff, 0xf0, 0x07, 0xff, 0xff, 0xe0, 0x01, 0xff, 0xff, 0x80, 0x00, 0x7f, 0xfc, 0x00,
    0x00, 0x7f, 0xfc, 0x00, 0x01, 0xff, 0xff, 0x00, 0x07, 0xff, 0xff, 0xc0, 0x0f, 0xff, 0xff, 0xe0,
    0x1f, 0xff, 0xff, 0xf0, 0x3f, 0xff, 0xff, 0xf8, 0x3f, 0xff, 0xff, 0xf8, 0x7f, 0xff, 0xff, 0xfc,
    0x7f, 0xff, 0xff, 0xfc, 0xff, 0xff, 0xff, 0xfe, 0xff, 0xff, 0xff, 0xfe, 0xff, 0xff, 0xff, 0xff,
    0xff, 0xff, 0xff, 0xff, 0xff, 0xff, 0xff, 0xff, 0xff, 0xff, 0xff, 0xff, 0xff, 0xff, 0xff, 0xff,
    0xff, 0xff, 0xff, 0xff, 0xff, 0xff, 0xff, 0xff, 0xff, 0xff, 0xff, 0xff, 0xff, 0xff, 0xff, 0xff,
    0xff, 0xff, 0xff, 0xff, 0xff, 0xff, 0xff, 0xfe, 0x7f, 0xff, 0xff, 0xfe, 0x7f, 0xff, 0xff, 0xfc,
    0x7f, 0xff, 0xff, 0xfc, 0x3f, 0xff, 0xff, 0xf8, 0x3f, 0xff, 0xff, 0xf8, 0x1f, 0xff, 0xff, 0xf0,
    0x0f, 0xff, 0xff, 0xe0, 0x07, 0xff, 0xff, 0xc0, 0x01, 0xff, 0xff, 0x00, 0x00, 0x7f, 0xfc, 0x00,
    0x00, 0x3f, 0xfe, 0x00, 0x01, 0xff, 0xff, 0x80, 0x07, 0xff, 0xff, 0xe0, 0x0f, 0xff, 0xff, 0xf0,
    0x1f, 0xff, 0xff, 0xf8, 0x3f, 0xff, 0xff, 0xfc, 0x3f, 0xff, 0xff, 0xfc, 0x7f, 0xff, 0xff, 0xfe,
    0x7f, 0xff, 0xff, 0xfe, 0xff, 0xff, 0xff, 0xff, 0xff, 0xff, 0xff, 0xff, 0xff, 0xff, 0xff, 0xff,
    0xff, 0xff, 0xff, 0xff, 0xff, 0xff, 0xff, 0xff, 0xff, 0xff, 0xff, 0xff, 0xff, 0xff, 0xff, 0xff,
    0xff, 0xff, 0xff, 0xff, 0xff, 0xff, 0xff, 0xff, 0xff, 0xff, 0xff, 0xff, 0xff, 0xff, 0xff, 0xff,
    0xff, 0xff, 0xff, 0xff, 0xff, 0xff, 0xff, 0xff, 0x7f, 0xff, 0xff, 0xfe, 0x7f, 0xff, 0xff, 0xfe,
    0x3f, 0xff, 0xff, 0xfc, 0x3f, 0xff, 0xff, 0xfc, 0x1f, 0xff, 0xff, 0xf8, 0x0f, 0xff, 0xff, 0xf0,
    0x07, 0xff, 0xff, 0xe0, 0x01, 0xff, 0xff, 0x80, 0x00, 0x7f, 0xfe, 0x00, 0x00, 0x1f, 0xf8, 0x00,
    0x00, 0x3f, 0xfe, 0x00, 0x00, 0xff, 0xff, 0x80, 0x03, 0xff, 0xff, 0xe0, 0x07, 0xff, 0xff, 0xf0,
    0x0f, 0xff, 0xff, 0xf8, 0x1f, 0xff, 0xff, 0xfc, 0x1f, 0xff, 0xff, 0xfc, 0x3f, 0xff, 0xff, 0xfe,
    0x3f, 0xff, 0xff, 0xfe, 0x7f, 0xff, 0xff, 0xfe, 0x7f, 0xff, 0xff, 0xff, 0xff, 0xff, 0xff, 0xff,
    0xff, 0xff, 0xff, 0xff, 0xff, 0xff, 0xff, 0xff, 0xff, 0xff, 0xff, 0xff, 0xff, 0xff, 0xff, 0xff,
    0xff, 0xff, 0xff, 0xff, 0xff, 0xff, 0xff, 0xff, 0xff, 0xff, 0xff, 0xff, 0xff, 0xff, 0xff, 0xff,
    0xff, 0xff, 0xff, 0xff, 0x7f, 0xff, 0xff, 0xff, 0x7f, 0xff, 0xff, 0xff, 0x3f, 0xff, 0xff, 0xfe,
    0x3f, 0xff, 0xff, 0xfe, 0x1f, 0xff, 0xff, 0xfc, 0x1f, 0xff, 0xff, 0xfc, 0x0f, 0xff, 0xff, 0xf8,
    0x07, 0xff, 0xff, 0xf0, 0x03, 0xff, 0xff, 0xe0, 0x00, 0xff, 0xff, 0x80, 0x00, 0x3f, 0xfe, 0x00,
};

/* sBowDisp: 1 masks of 11 bytes */
static const uint8_t s_mask_sBowDisp[11] = {
    0x18, 0x3c, 0x3e, 0x4e, 0x9c, 0x9c, 0x9c, 0x4e, 0x3e, 0x3c, 0x18,
};

/* sBowLeft: 4 masks of 22 bytes */
static const uint8_t s_mask_sBowLeft[88] = {
    0x30, 0x00, 0x78, 0x00, 0xf8, 0x00, 0xe4, 0x00, 0x72, 0x00, 0x72, 0x00, 0x72, 0x00, 0xe4, 0x00,
    0xf8, 0x00, 0x78, 0x00, 0x30, 0x00,
    0x30, 0x00, 0x78, 0x00, 0xf8, 0x00, 0xe4, 0x00, 0x72, 0x00, 0x71, 0x00, 0x72, 0x00, 0xe4, 0x00,
    0xf8, 0x00, 0x78, 0x00, 0x30, 0x00,
    0x18, 0x00, 0x3c, 0x00, 0x7c, 0x00, 0xe3, 0x00, 0x70, 0x80, 0x70, 0x40, 0x70, 0x80, 0xe3, 0x00,
    0x7c, 0x00, 0x3c, 0x00, 0x18, 0x00,
    0x0c, 0x00, 0x1e, 0x00, 0x3e, 0x00, 0x71, 0x80, 0x70, 0x60, 0x70, 0x10, 0x70, 0x60, 0x71, 0x80,
    0x3e, 0x00, 0x1e, 0x00, 0x0c, 0x00,
};

/* sBowRight: 4 masks of 22 bytes */
static const uint8_t s_mask_sBowRight[88] = {
    0x00, 0xc0, 0x01, 0xe0, 0x01, 0xf0, 0x02, 0x70, 0x04, 0xe0, 0x04, 0xe0, 0x04, 0xe0, 0x02, 0x70,
    0x01, 0xf0, 0x01, 0xe0, 0x00, 0xc0,
    0x00, 0xc0, 0x01, 0xe0, 0x01, 0xf0, 0x02, 0x70, 0x04, 0xe0, 0x08, 0xe0, 0x04, 0xe0, 0x02, 0x70,
    0x01, 0xf0, 0x01, 0xe0, 0x00, 0xc0,
    0x01, 0x80, 0x03, 0xc0, 0x03, 0xe0, 0x0c, 0x70, 0x10, 0xe0, 0x20, 0xe0, 0x10, 0xe0, 0x0c, 0x70,
    0x03, 0xe0, 0x03, 0xc0, 0x01, 0x80,
    0x03, 0x00, 0x07, 0x80, 0x07, 0xc0, 0x18, 0xe0, 0x60, 0xe0, 0x80, 0xe0, 0x60, 0xe0, 0x18, 0xe0,
    0x07, 0xc0, 0x07, 0x80, 0x03, 0x00,
};

/* sBowTile: 1 masks of 11 bytes */
static const uint8_t s_mask_sBowTile[11] = {
    0x18, 0x3c, 0x3e, 0x4e, 0x9c, 0x9c, 0x9c, 0x4e, 0x3e, 0x3c, 0x18,
};

/* sBronzeTrophy: 1 masks of 12 bytes */
static const uint8_t s_mask_sBronzeTrophy[12] = {
    0xff, 0xff, 0xff, 0xff, 0xff, 0xff, 0xff, 0x7e, 0x3c, 0x3c, 0x7e, 0x7e,
};

/* sBubble: 9 masks of 6 bytes */
static const uint8_t s_mask_sBubble[54] = {
    0x00, 0x00, 0x18, 0x18, 0x00, 0x00,
    0x00, 0x18, 0x24, 0x24, 0x18, 0x00,
    0x18, 0x24, 0x42, 0x42, 0x24, 0x18,
    0x30, 0x48, 0x84, 0x84, 0x48, 0x30,
    0x18, 0x24, 0x42, 0x42, 0x24, 0x18,
    0x0c, 0x12, 0x21, 0x21, 0x12, 0x0c,
    0x18, 0x24, 0x42, 0x42, 0x24, 0x18,
    0x08, 0x08, 0x60, 0x06, 0x10, 0x10,
    0x08, 0x00, 0x40, 0x02, 0x00, 0x10,
};

/* sBullet: 1 masks of 4 bytes */
static const uint8_t s_mask_sBullet[4] = {
    0x60, 0xf0, 0xf0, 0x60,
};

/* sBurn: 9 masks of 14 bytes */
static const uint8_t s_mask_sBurn[126] = {
    0x00, 0x10, 0x38, 0x7c, 0xfe, 0xfe, 0x7c, 0xfe, 0xfe, 0xfe, 0x7e, 0x3c, 0x18, 0x00,
    0x04, 0x34, 0x3c, 0x2c, 0x1e, 0x3e, 0x7e, 0x7e, 0x7e, 0x36, 0x74, 0x70, 0x60, 0x20,
    0x10, 0x00, 0x24, 0x2c, 0x1c, 0x7c, 0x7e, 0x7e, 0x7e, 0x7c, 0x30, 0x20, 0x08, 0x00,
    0x08, 0x08, 0x20, 0x78, 0x7c, 0xff, 0xff, 0xfe, 0x7e, 0x7c, 0x38, 0x00, 0x10, 0x00,
    0x00, 0x00, 0x00, 0x0e, 0x7e, 0xf6, 0xe0, 0x0c, 0x6d, 0x70, 0x34, 0x00, 0x00, 0x00,
    0x00, 0x00, 0x00, 0x60, 0xe6, 0xc0, 0x0c, 0x18, 0x40, 0x02, 0x12, 0x00, 0x00, 0x00,
    0x00, 0x00, 0x00, 0x04, 0x64, 0x48, 0x00, 0x10, 0x10, 0x00, 0x00, 0x00, 0x00, 0x00,
    0x00, 0x00, 0x00, 0x08, 0x20, 0x10, 0x00, 0x00, 0x00, 0x00, 0x00, 0x00, 0x00, 0x00,
    0x00, 0x00, 0x00, 0x00, 0x00, 0x00, 0x00, 0x00, 0x00, 0x00, 0x00, 0x00, 0x00, 0x00,
};

/* sCamel: 6 masks of 282 bytes */
static const uint8_t s_mask_sCamel[1692] = {
    0x00, 0x00, 0x00, 0x00, 0x00, 0x00, 0x00, 0x00, 0x00, 0x00, 0x00, 0x00, 0x00, 0x00, 0x07, 0xe0,
    0x00, 0x00, 0x00, 0x00, 0x0f, 0xf0, 0x00, 0x00, 0x00, 0x00, 0x0f, 0xf0, 0x00, 0x00, 0x00, 0x00,
    0x3f, 0xf8, 0x00, 0x00, 0x00, 0x00, 0x3f, 0xfc, 0x00, 0x00, 0x00, 0x00, 0x0f, 0xfc, 0x00, 0x00,
    0x00, 0x00, 0x0f, 0xf0, 0x00, 0x00, 0x00, 0x00, 0x0f, 0xf0, 0x00, 0x00, 0x00, 0x00, 0x07, 0xf0,
    0x00, 0x00, 0x00, 0x00, 0x1f, 0xfe, 0x00, 0x00, 0x00, 0x00, 0x3f, 0xff, 0x80, 0x00, 0x00, 0x00,
    0x3f, 0xff, 0xc0, 0x00, 0x07, 0xc0, 0x1f, 0xff, 0xf0, 0x00, 0x3f, 0xf8, 0x1f, 0xff, 0xf8, 0x00,
    0x7f, 0xf8, 0x1f, 0xff, 0xfc, 0x00, 0xff, 0xf0, 0x1f, 0xff, 0xfc, 0x00, 0xff, 0xf0, 0x1f, 0xff,
    0xfe, 0x00, 0xff, 0xf0, 0x1f, 0xff, 0xfe, 0x00, 0x7f, 0xf0, 0x1f, 0xff, 0xff, 0x00, 0x35, 0xf0,
    0x1f, 0xff, 0xff, 0x80, 0x05, 0xf8, 0x1f, 0xff, 0xff, 0xc0, 0x05, 0xf8, 0x7f, 0xff, 0xff, 0xe0,
    0x04, 0xff, 0xff, 0xff, 0xff, 0xf0, 0x04, 0xff, 0xff, 0xff, 0xff, 0xf8, 0x04, 0xff, 0xff, 0xff,
    0xff, 0xfc, 0x04, 0x7f, 0xff, 0xff, 0xff, 0xfc, 0x04, 0x3f, 0xff, 0xff, 0xff, 0xfe, 0x02, 0x1f,
    0xff, 0xff, 0xff, 0xfe, 0x02, 0x0f, 0xff, 0xff, 0xff, 0xfe, 0x01, 0x00, 0xbf, 0xff, 0xff, 0xfe,
    0x00, 0x81, 0x1f, 0xff, 0xff, 0xff, 0x00, 0x7e, 0x1f, 0xff, 0xff, 0xff, 0x00, 0x00, 0x0f, 0xef,
    0xff, 0xfe, 0x00, 0x00, 0x0f, 0xe0, 0xe7, 0xfe, 0x00, 0x00, 0x0f, 0xe0, 0x03, 0xfc, 0x00, 0x00,
    0x07, 0xe0, 0x03, 0xbc, 0x00, 0x00, 0x07, 0xf0, 0x01, 0xbc, 0x00, 0x00, 0x07, 0xf0, 0x01, 0xbc,
    0x00, 0x00, 0x03, 0xf0, 0x01, 0xbc, 0x00, 0x00, 0x03, 0xf0, 0x01, 0xbc, 0x00, 0x00, 0x03, 0x78,
    0x01, 0xbc, 0x00, 0x00, 0x03, 0x78, 0x01, 0xbc, 0x00, 0x00, 0x03, 0x78, 0x01, 0xbc, 0x00, 0x00,
    0x07, 0xf8, 0x03, 0xfc, 0x00, 0x00, 0x07, 0xf8, 0x07, 0xfc,
    0x00, 0x00, 0x00, 0x00, 0x00, 0x00, 0x00, 0x00, 0x00, 0x00, 0x00, 0x00, 0x00, 0x00, 0x00, 0x00,
    0x00, 0x00, 0x00, 0x00, 0x07, 0xe0, 0x00, 0x00, 0x00, 0x00, 0x0f, 0xf0, 0x00, 0x00, 0x00, 0x00,
    0x0f, 0xf0, 0x00, 0x00, 0x00, 0x00, 0x3f, 0xf8, 0x00, 0x00, 0x00, 0x00, 0x3f, 0xfc, 0x00, 0x00,
    0x00, 0x00, 0x0f, 0xfc, 0x00, 0x00, 0x00, 0x00, 0x0f, 0xf0, 0x00, 0x00, 0x00, 0x00, 0x0f, 0xf0,
    0x00, 0x00, 0x00, 0x00, 0x07, 0xf0, 0x00, 0x00, 0x00, 0x00, 0x1f, 0xfe, 0x00, 0x00, 0x00, 0x00,
    0x3f, 0xff, 0x80, 0x00, 0x00, 0x00, 0x3f, 0xff, 0xc0, 0x00, 0x07, 0xc0, 0x1f, 0xff, 0xf0, 0x00,
    0x1f, 0xf8, 0x1f, 0xff, 0xf8, 0x00, 0x7f, 0xf8, 0x1f, 0xff, 0xfc, 0x00, 0xff, 0xf0, 0x1f, 0xff,
    0xfc, 0x00, 0xff, 0xf0, 0x1f, 0xff, 0xfe, 0x00, 0xff, 0xf0, 0x1f, 0xff, 0xfe, 0x00, 0xff, 0xf0,
    0x1f, 0xff, 0xff, 0x00, 0x7d, 0xf0, 0x1f, 0xff, 0xff, 0x80, 0x35, 0xf8, 0x1f, 0xff, 0xff, 0xc0,
    0x05, 0xf8, 0x3f, 0xff, 0xff, 0xe0, 0x04, 0xfc, 0x7f, 0xff, 0xff, 0xf0, 0x04, 0xff, 0xff, 0xff,
    0xff, 0xf8, 0x04, 0xff, 0xff, 0xff, 0xff, 0xfc, 0x04, 0x7f, 0xff, 0xff, 0xff, 0xfc, 0x04, 0x3f,
    0xff, 0xff, 0xff, 0xfe, 0x02, 0x1f, 0xff, 0xff, 0xff, 0xfe, 0x02, 0x0f, 0xff, 0xff, 0xff, 0xfe,
    0x01, 0x03, 0xbf, 0xff, 0xff, 0xfe, 0x00, 0x81, 0x1f, 0xff, 0xff, 0xff, 0x00, 0x7e, 0x0f, 0xff,
    0xff, 0xff, 0x00, 0x00, 0x0f, 0xff, 0xff, 0xfe, 0x00, 0x00, 0x0f, 0xf0, 0xef, 0xfe, 0x00, 0x00,
    0x1f, 0xf0, 0x03, 0xfc, 0x00, 0x00, 0x1e, 0xf0, 0x03, 0xbc, 0x00, 0x00, 0x18, 0xf0, 0x03, 0xbc,
    0x00, 0x00, 0x38, 0x78, 0x07, 0x1e, 0x00, 0x00, 0x30, 0x78, 0x06, 0x1e, 0x00, 0x00, 0x30, 0x3c,
    0x0e, 0x1e, 0x00, 0x00, 0x38, 0x3c, 0x3c, 0x1e, 0x00, 0x00, 0x38, 0x3c, 0x38, 0x1e, 0x00, 0x00,
    0x38, 0x7c, 0x30, 0x3e, 0x00, 0x00, 0x00, 0x7c, 0x00, 0x7e,
    0x00, 0x00, 0x00, 0x00, 0x00, 0x00, 0x00, 0x00, 0x00, 0x00, 0x00, 0x00, 0x00, 0x00, 0x00, 0x00,
    0x00, 0x00, 0x00, 0x00, 0x07, 0xe0, 0x00, 0x00, 0x00, 0x00, 0x0f, 0xf0, 0x00, 0x00, 0x00, 0x00,
    0x0f, 0xf0, 0x00, 0x00, 0x00, 0x00, 0x3f, 0xf8, 0x00, 0x00, 0x00, 0x00, 0x3f, 0xfc, 0x00, 0x00,
    0x00, 0x00, 0x0f, 0xfc, 0x00, 0x00, 0x00, 0x00, 0x0f, 0xf0, 0x00, 0x00, 0x00, 0x00, 0x0f, 0xf0,
    0x00, 0x00, 0x00, 0x00, 0x07, 0xf0, 0x00, 0x00, 0x00, 0x00, 0x1f, 0xfe, 0x00, 0x00, 0x00, 0x00,
    0x3f, 0xff, 0x80, 0x00, 0x00, 0x00, 0x3f, 0xff, 0xc0, 0x00, 0x00, 0x00, 0x1f, 0xff, 0xf0, 0x00,
    0x07, 0xc0, 0x1f, 0xff, 0xf8, 0x00, 0x0f, 0xf8, 0x1f, 0xff, 0xfc, 0x00, 0x3f, 0xf8, 0x1f, 0xff,
    0xfc, 0x00, 0x7f, 0xf0, 0x1f, 0xff, 0xfe, 0x00, 0xff, 0xf0, 0x1f, 0xff, 0xfe, 0x00, 0xff, 0xf0,
    0x1f, 0xff, 0xff, 0x00, 0xff, 0xf0, 0x1f, 0xff, 0xff, 0x80, 0x7d, 0xf0, 0x1f, 0xff, 0xff, 0xc0,
    0x35, 0xf8, 0x7f, 0xff, 0xff, 0xe0, 0x04, 0xff, 0xff, 0xff, 0xff, 0xf0, 0x04, 0xff, 0xff, 0xff,
    0xff, 0xf8, 0x04, 0xff, 0xff, 0xff, 0xff, 0xfc, 0x04, 0x7f, 0xff, 0xff, 0xff, 0xfc, 0x04, 0x3f,
    0xff, 0xff, 0xff, 0xfe, 0x02, 0x1f, 0xff, 0xff, 0xff, 0xfe, 0x02, 0x0f, 0xff, 0xff, 0xff, 0xfe,
    0x01, 0x00, 0xbf, 0xff, 0xff, 0xfe, 0x00, 0x81, 0x1f, 0xff, 0xff, 0xff, 0x00, 0x7e, 0x1f, 0xff,
    0xff, 0xff, 0x00, 0x00, 0x1f, 0xef, 0xff, 0xfe, 0x00, 0x00, 0x1f, 0xf0, 0xef, 0xfe, 0x00, 0x00,
    0x3c, 0xf8, 0x07, 0xfe, 0x00, 0x00, 0x38, 0x78, 0x07, 0x3e, 0x00, 0x00, 0x70, 0x78, 0x0f, 0x1e,
    0x00, 0x00, 0x60, 0x3c, 0x0e, 0x1e, 0x00, 0x00, 0xe0, 0x3c, 0x1e, 0x0f, 0x00, 0x00, 0xc0, 0x1e,
    0x1c, 0x0f, 0x00, 0x00, 0xc0, 0x1e, 0x38, 0x0f, 0x00, 0x01, 0xc0, 0x1e, 0x38, 0x0f, 0x00, 0x01,
    0xc0, 0x3e, 0x70, 0x1f, 0x00, 0x01, 0x80, 0x3e, 0x70, 0x3f,
    0x00, 0x00, 0x00, 0x00, 0x00, 0x00, 0x00, 0x00, 0x07, 0xe0, 0x00, 0x00, 0x00, 0x00, 0x0f, 0xf0,
    0x00, 0x00, 0x00, 0x00, 0x1f, 0xf8, 0x00, 0x00, 0x00, 0x00, 0x3f, 0xf8, 0x00, 0x00, 0x00, 0x00,
    0x2f, 0xfc, 0x00, 0x00, 0x00, 0x00, 0x0f, 0xf4, 0x00, 0x00, 0x00, 0x00, 0x0f, 0xf0, 0x00, 0x00,
    0x00, 0x00, 0x07, 0xf0, 0x00, 0x00, 0x00, 0x00, 0x1f, 0xf8, 0x00, 0x00, 0x00, 0x00, 0x3f, 0xf8,
    0x00, 0x00, 0x00, 0x00, 0x3f, 0xfe, 0x00, 0x00, 0x00, 0x00, 0x1f, 0xff, 0x80, 0x00, 0x00, 0x00,
    0x1f, 0xff, 0xc0, 0x00, 0x07, 0xc0, 0x0f, 0xff, 0xf0, 0x00, 0x0f, 0xf8, 0x1f, 0xff, 0xf8, 0x00,
    0x3f, 0xf8, 0x1f, 0xff, 0xfc, 0x00, 0x7f, 0xf0, 0x1f, 0xff, 0xfc, 0x00, 0xff, 0xf0, 0x1f, 0xff,
    0xfe, 0x00, 0xff, 0xf0, 0x1f, 0xff, 0xfe, 0x00, 0xff, 0xf0, 0x1f, 0xff, 0xff, 0x00, 0x7d, 0xf0,
    0x1f, 0xff, 0xff, 0x80, 0x35, 0xf8, 0x1f, 0xff, 0xff, 0xc0, 0x05, 0xf8, 0x7f, 0xff, 0xff, 0xe0,
    0x04, 0xff, 0xff, 0xff, 0xff, 0xf0, 0x04, 0xff, 0xff, 0xff, 0xff, 0xf8, 0x04, 0xff, 0xff, 0xff,
    0xff, 0xfc, 0x04, 0x7f, 0xff, 0xff, 0xff, 0xfc, 0x04, 0x3f, 0xff, 0xff, 0xff, 0xfe, 0x02, 0x1f,
    0xff, 0xff, 0xff, 0xfe, 0x02, 0x0f, 0xff, 0xff, 0xff, 0xfe, 0x01, 0x00, 0xbf, 0xff, 0xff, 0xfe,
    0x00, 0x81, 0x1f, 0xff, 0xff, 0xff, 0x00, 0x7e, 0x1f, 0xff, 0xff, 0xff, 0x00, 0x00, 0x1f, 0xef,
    0xff, 0xfe, 0x00, 0x00, 0x1f, 0xe0, 0xef, 0xfe, 0x00, 0x00, 0x1d, 0xe0, 0x07, 0xf8, 0x00, 0x00,
    0x1d, 0xe0, 0x07, 0xf8, 0x00, 0x00, 0x1d, 0xe0, 0x07, 0xf8, 0x00, 0x00, 0x1d, 0xe0, 0x07, 0x78,
    0x00, 0x00, 0x18, 0xf0, 0x07, 0x3c, 0x00, 0x00, 0x18, 0xf0, 0x07, 0x3c, 0x00, 0x00, 0x18, 0xf0,
    0x06, 0x3e, 0x00, 0x00, 0x38, 0xf8, 0x0e, 0x1f, 0x00, 0x00, 0x38, 0x78, 0x0e, 0x0f, 0x00, 0x00,
    0x70, 0x30, 0x0e, 0x07, 0x00, 0x00, 0xf0, 0x00, 0x1e, 0x00,
    0x00, 0x00, 0x07, 0xe0, 0x00, 0x00, 0x00, 0x00, 0x0f, 0xf0, 0x00, 0x00, 0x00, 0x00, 0x3f, 0xf4,
    0x00, 0x00, 0x00, 0x00, 0x3f, 0xfc, 0x00, 0x00, 0x00, 0x00, 0x1f, 0xfc, 0x00, 0x00, 0x00, 0x00,
    0x0f, 0xf8, 0x00, 0x00, 0x00, 0x00, 0x0f, 0xf8, 0x00, 0x00, 0x00, 0x00, 0x0f, 0xf0, 0x00, 0x00,
    0x00, 0x00, 0x0f, 0xf0, 0x00, 0x00, 0x00, 0x00, 0x07, 0xf0, 0x00, 0x00, 0x00, 0x00, 0x1f, 0xf8,
    0x00, 0x00, 0x00, 0x00, 0x3f, 0xfe, 0x00, 0x00, 0x00, 0x00, 0x3f, 0xff, 0x80, 0x00, 0x00, 0x00,
    0x1f, 0xff, 0xc0, 0x00, 0x07, 0xc0, 0x1f, 0xff, 0xf0, 0x00, 0x3f, 0xf8, 0x1f, 0xff, 0xf8, 0x00,
    0x7f, 0xf8, 0x1f, 0xff, 0xfc, 0x00, 0xff, 0xf0, 0x1f, 0xff, 0xfc, 0x00, 0xff, 0xf0, 0x1f, 0xff,
    0xfe, 0x00, 0xff, 0xf0, 0x1f, 0xff, 0xfe, 0x00, 0x7f, 0xf0, 0x1f, 0xff, 0xff, 0x00, 0x35, 0xf0,
    0x1f, 0xff, 0xff, 0x80, 0x05, 0xf8, 0x1f, 0xff, 0xff, 0xc0, 0x05, 0xf8, 0x7f, 0xff, 0xff, 0xe0,
    0x04, 0xff, 0xff, 0xff, 0xff, 0xf0, 0x04, 0xff, 0xff, 0xff, 0xff, 0xf8, 0x04, 0xff, 0xff, 0xff,
    0xff, 0xfc, 0x04, 0x7f, 0xff, 0xff, 0xff, 0xfc, 0x04, 0x3f, 0xff, 0xff, 0xff, 0xfe, 0x02, 0x1f,
    0xff, 0xff, 0xff, 0xfe, 0x02, 0x0f, 0xff, 0xff, 0xff, 0xfe, 0x01, 0x00, 0xbf, 0xff, 0xff, 0xfe,
    0x00, 0x81, 0x1f, 0xff, 0xff, 0xff, 0x00, 0x7e, 0x1f, 0xff, 0xff, 0xff, 0x00, 0x00, 0x0f, 0xef,
    0xff, 0xfe, 0x00, 0x00, 0x0f, 0xe0, 0xe7, 0xf0, 0x00, 0x00, 0x0f, 0xc0, 0x03, 0xf0, 0x00, 0x00,
    0x0f, 0xc0, 0x03, 0xe0, 0x00, 0x00, 0x1f, 0xc0, 0x07, 0xe0, 0x00, 0x00, 0x1f, 0xc0, 0x07, 0xc0,
    0x00, 0x00, 0x3f, 0xc0, 0x07, 0xc0, 0x00, 0x00, 0x3d, 0xc0, 0x07, 0xc0, 0x00, 0x00, 0x3d, 0x80,
    0x07, 0xc0, 0x00, 0x00, 0x3f, 0x80, 0x07, 0xe0, 0x00, 0x00, 0x3f, 0x80, 0x07, 0xe0, 0x00, 0x00,
    0x1f, 0xc0, 0x03, 0xe0, 0x00, 0x00, 0x0f, 0xc0, 0x01, 0xe0,
    0x00, 0x00, 0x00, 0x00, 0x00, 0x00, 0x00, 0x00, 0x00, 0x00, 0x00, 0x00, 0x00, 0x00, 0x00, 0x00,
    0x00, 0x00, 0x00, 0x00, 0x07, 0xe0, 0x00, 0x00, 0x00, 0x00, 0x0f, 0xf0, 0x00, 0x00, 0x00, 0x00,
    0x2f, 0xf0, 0x00, 0x00, 0x00, 0x00, 0x3f, 0xfc, 0x00, 0x00, 0x00, 0x00, 0x1f, 0xfc, 0x00, 0x00,
    0x00, 0x00, 0x0f, 0xf8, 0x00, 0x00, 0x00, 0x00, 0x0f, 0xf0, 0x00, 0x00, 0x00, 0x00, 0x07, 0xf0,
    0x00, 0x00, 0x00, 0x00, 0x1f, 0xfe, 0x00, 0x00, 0x00, 0x00, 0x3f, 0xff, 0x80, 0x00, 0x00, 0x00,
    0x3f, 0xff, 0xc0, 0x00, 0x07, 0xc0, 0x1f, 0xff, 0xf0, 0x00, 0x3f, 0xf8, 0x1f, 0xff, 0xf8, 0x00,
    0x7f, 0xf8, 0x1f, 0xff, 0xfc, 0x00, 0xff, 0xf0, 0x1f, 0xff, 0xfc, 0x00, 0xff, 0xf0, 0x1f, 0xff,
    0xfe, 0x00, 0xff, 0xf0, 0x1f, 0xff, 0xfe, 0x00, 0x7f, 0xf0, 0x1f, 0xff, 0xff, 0x00, 0x35, 0xf0,
    0x1f, 0xff, 0xff, 0x80, 0x05, 0xf8, 0x1f, 0xff, 0xff, 0xc0, 0x05, 0xf8, 0x7f, 0xff, 0xff, 0xe0,
    0x04, 0xff, 0xff, 0xff, 0xff, 0xf0, 0x04, 0xff, 0xff, 0xff, 0xff, 0xf8, 0x04, 0xff, 0xff, 0xff,
    0xff, 0xfc, 0x04, 0x7f, 0xff, 0xff, 0xff, 0xfc, 0x04, 0x3f, 0xff, 0xff, 0xff, 0xfe, 0x02, 0x1f,
    0xff, 0xff, 0xff, 0xfe, 0x02, 0x0f, 0xff, 0xff, 0xff, 0xfe, 0x01, 0x00, 0xbf, 0xff, 0xff, 0xfe,
    0x00, 0x81, 0x1f, 0xff, 0xff, 0xff, 0x00, 0x7e, 0x1f, 0xff, 0xff, 0xff, 0x00, 0x00, 0x0f, 0xef,
    0xff, 0xfe, 0x00, 0x00, 0x0f, 0xe0, 0xe7, 0xf8, 0x00, 0x00, 0x0f, 0xc0, 0x07, 0xf8, 0x00, 0x00,
    0x1f, 0xc0, 0x07, 0xf8, 0x00, 0x00, 0x1f, 0xc0, 0x0f, 0xf8, 0x00, 0x00, 0x3f, 0xc0, 0x0f, 0xb8,
    0x00, 0x00, 0x3f, 0xc0, 0x0f, 0x98, 0x00, 0x00, 0x3d, 0xc0, 0x0f, 0x18, 0x00, 0x00, 0x7d, 0xc0,
    0x0f, 0x18, 0x00, 0x00, 0x79, 0xc0, 0x0f, 0x38, 0x00, 0x00, 0x79, 0xc0, 0x1f, 0x38, 0x00, 0x00,
    0xf1, 0xe0, 0x1f, 0x38, 0x00, 0x01, 0xf1, 0xe0, 0x3e, 0x78,
};

/* sCamelDamsel: 6 masks of 282 bytes */
static const uint8_t s_mask_sCamelDamsel[1692] = {
    0x00, 0x00, 0x00, 0x00, 0x00, 0x00, 0x00, 0x00, 0x00, 0x00, 0x00, 0x00, 0x00, 0x00, 0x0f, 0xe0,
    0x00, 0x00, 0x00, 0x00, 0x1f, 0xf0, 0x00, 0x00, 0x00, 0x00, 0x3f, 0xf8, 0x00, 0x00, 0x00, 0x00,
    0x3f, 0xfc, 0x00, 0x00, 0x00, 0x00, 0x3f, 0xfc, 0x00, 0x00, 0x00, 0x00, 0x1f, 0xf8, 0x00, 0x00,
    0x00, 0x00, 0x1f, 0xf8, 0x00, 0x00, 0x00, 0x00, 0x3f, 0xfc, 0x00, 0x00, 0x00, 0x00, 0x3f, 0xfc,
    0x00, 0x00, 0x00, 0x00, 0x3f, 0xfe, 0x00, 0x00, 0x00, 0x00, 0x3f, 0xff, 0x80, 0x00, 0x00, 0x00,
    0x3f, 0xff, 0xc0, 0x00, 0x07, 0xc0, 0x7f, 0xff, 0xf0, 0x00, 0x3f, 0xf8, 0x7f, 0xff, 0xf8, 0x00,
    0x7f, 0xf8, 0x1f, 0xff, 0xfc, 0x00, 0xff, 0xf0, 0x1f, 0xff, 0xfc, 0x00, 0xff, 0xf0, 0x1f, 0xff,
    0xfe, 0x00, 0xff, 0xf0, 0x1f, 0xff, 0xfe, 0x00, 0x7f, 0xf0, 0x1f, 0xff, 0xff, 0x00, 0x35, 0xf0,
    0x1f, 0xff, 0xff, 0x80, 0x05, 0xf8, 0x1f, 0xff, 0xff, 0xc0, 0x05, 0xf8, 0x7f, 0xff, 0xff, 0xe0,
    0x04, 0xff, 0xff, 0xff, 0xff, 0xf0, 0x04, 0xff, 0xff, 0xff, 0xff, 0xf8, 0x04, 0xff, 0xff, 0xff,
    0xff, 0xfc, 0x04, 0x7f, 0xff, 0xff, 0xff, 0xfc, 0x04, 0x3f, 0xff, 0xff, 0xff, 0xfe, 0x02, 0x1f,
    0xff, 0xff, 0xff, 0xfe, 0x02, 0x0f, 0xff, 0xff, 0xff, 0xfe, 0x01, 0x00, 0xbf, 0xff, 0xff, 0xfe,
    0x00, 0x81, 0x1f, 0xff, 0xff, 0xff, 0x00, 0x7e, 0x1f, 0xff, 0xff, 0xff, 0x00, 0x00, 0x0f, 0xef,
    0xff, 0xfe, 0x00, 0x00, 0x0f, 0xe0, 0xe7, 0xfe, 0x00, 0x00, 0x0f, 0xe0, 0x03, 0xfc, 0x00, 0x00,
    0x07, 0xe0, 0x03, 0xbc, 0x00, 0x00, 0x07, 0xf0, 0x01, 0xbc, 0x00, 0x00, 0x07, 0xf0, 0x01, 0xbc,
    0x00, 0x00, 0x03, 0xf0, 0x01, 0xbc, 0x00, 0x00, 0x03, 0xf0, 0x01, 0xbc, 0x00, 0x00, 0x03, 0x78,
    0x01, 0xbc, 0x00, 0x00, 0x03, 0x78, 0x01, 0xbc, 0x00, 0x00, 0x03, 0x78, 0x01, 0xbc, 0x00, 0x00,
    0x07, 0xf8, 0x03, 0xfc, 0x00, 0x00, 0x07, 0xf8, 0x07, 0xfc,
    0x00, 0x00, 0x00, 0x00, 0x00, 0x00, 0x00, 0x00, 0x00, 0x00, 0x00, 0x00, 0x00, 0x00, 0x00, 0x00,
    0x00, 0x00, 0x00, 0x00, 0x0f, 0xe0, 0x00, 0x00, 0x00, 0x00, 0x1f, 0xf0, 0x00, 0x00, 0x00, 0x00,
    0x3f, 0xf8, 0x00, 0x00, 0x00, 0x00, 0x3f, 0xfc, 0x00, 0x00, 0x00, 0x00, 0x3f, 0xfc, 0x00, 0x00,
    0x00, 0x00, 0x1f, 0xf8, 0x00, 0x00, 0x00, 0x00, 0x1f, 0xf8, 0x00, 0x00, 0x00, 0x00, 0x3f, 0xfc,
    0x00, 0x00, 0x00, 0x00, 0x3f, 0xfc, 0x00, 0x00, 0x00, 0x00, 0x3f, 0xfe, 0x00, 0x00, 0x00, 0x00,
    0x3f, 0xff, 0x80, 0x00, 0x00, 0x00, 0x3f, 0xff, 0xc0, 0x00, 0x07, 0xc0, 0x7f, 0xff, 0xf0, 0x00,
    0x1f, 0xf8, 0x7f, 0xff, 0xf8, 0x00, 0x7f, 0xf8, 0x1f, 0xff, 0xfc, 0x00, 0xff, 0xf0, 0x1f, 0xff,
    0xfc, 0x00, 0xff, 0xf0, 0x1f, 0xff, 0xfe, 0x00, 0xff, 0xf0, 0x1f, 0xff, 0xfe, 0x00, 0xff, 0xf0,
    0x1f, 0xff, 0xff, 0x00, 0x7d, 0xf0, 0x1f, 0xff, 0xff, 0x80, 0x35, 0xf8, 0x1f, 0xff, 0xff, 0xc0,
    0x05, 0xf8, 0x3f, 0xff, 0xff, 0xe0, 0x04, 0xfc, 0x7f, 0xff, 0xff, 0xf0, 0x04, 0xff, 0xff, 0xff,
    0xff, 0xf8, 0x04, 0xff, 0xff, 0xff, 0xff, 0xfc, 0x04, 0x7f, 0xff, 0xff, 0xff, 0xfc, 0x04, 0x3f,
    0xff, 0xff, 0xff, 0xfe, 0x02, 0x1f, 0xff, 0xff, 0xff, 0xfe, 0x02, 0x0f, 0xff, 0xff, 0xff, 0xfe,
    0x01, 0x03, 0xbf, 0xff, 0xff, 0xfe, 0x00, 0x81, 0x1f, 0xff, 0xff, 0xff, 0x00, 0x7e, 0x0f, 0xff,
    0xff, 0xff, 0x00, 0x00, 0x0f, 0xff, 0xff, 0xfe, 0x00, 0x00, 0x0f, 0xf0, 0xef, 0xfe, 0x00, 0x00,
    0x1f, 0xf0, 0x03, 0xfc, 0x00, 0x00, 0x1e, 0xf0, 0x03, 0xbc, 0x00, 0x00, 0x18, 0xf0, 0x03, 0xbc,
    0x00, 0x00, 0x38, 0x78, 0x07, 0x1e, 0x00, 0x00, 0x30, 0x78, 0x06, 0x1e, 0x00, 0x00, 0x30, 0x3c,
    0x0e, 0x1e, 0x00, 0x00, 0x38, 0x3c, 0x3c, 0x1e, 0x00, 0x00, 0x38, 0x3c, 0x38, 0x1e, 0x00, 0x00,
    0x38, 0x7c, 0x30, 0x3e, 0x00, 0x00, 0x00, 0x7c, 0x00, 0x7e,
    0x00, 0x00, 0x00, 0x00, 0x00, 0x00, 0x00, 0x00, 0x00, 0x00, 0x00, 0x00, 0x00, 0x00, 0x00, 0x00,
    0x00, 0x00, 0x00, 0x00, 0x0f, 0xe0, 0x00, 0x00, 0x00, 0x00, 0x1f, 0xf0, 0x00, 0x00, 0x00, 0x00,
    0x3f, 0xf8, 0x00, 0x00, 0x00, 0x00, 0x3f, 0xfc, 0x00, 0x00, 0x00, 0x00, 0x3f, 0xfc, 0x00, 0x00,
    0x00, 0x00, 0x1f, 0xf8, 0x00, 0x00, 0x00, 0x00, 0x1f, 0xf8, 0x00, 0x00, 0x00, 0x00, 0x3f, 0xfc,
    0x00, 0x00, 0x00, 0x00, 0x3f, 0xfc, 0x00, 0x00, 0x00, 0x00, 0x3f, 0xfe, 0x00, 0x00, 0x00, 0x00,
    0x3f, 0xff, 0x80, 0x00, 0x00, 0x00, 0x3f, 0xff, 0xc0, 0x00, 0x00, 0x00, 0x7f, 0xff, 0xf0, 0x00,
    0x07, 0xc0, 0x7f, 0xff, 0xf8, 0x00, 0x0f, 0xf8, 0x1f, 0xff, 0xfc, 0x00, 0x3f, 0xf8, 0x1f, 0xff,
    0xfc, 0x00, 0x7f, 0xf0, 0x1f, 0xff, 0xfe, 0x00, 0xff, 0xf0, 0x1f, 0xff, 0xfe, 0x00, 0xff, 0xf0,
    0x1f, 0xff, 0xff, 0x00, 0xff, 0xf0, 0x1f, 0xff, 0xff, 0x80, 0x7d, 0xf0, 0x1f, 0xff, 0xff, 0xc0,
    0x35, 0xf8, 0x7f, 0xff, 0xff, 0xe0, 0x04, 0xff, 0xff, 0xff, 0xff, 0xf0, 0x04, 0xff, 0xff, 0xff,
    0xff, 0xf8, 0x04, 0xff, 0xff, 0xff, 0xff, 0xfc, 0x04, 0x7f, 0xff, 0xff, 0xff, 0xfc, 0x04, 0x3f,
    0xff, 0xff, 0xff, 0xfe, 0x02, 0x1f, 0xff, 0xff, 0xff, 0xfe, 0x02, 0x0f, 0xff, 0xff, 0xff, 0xfe,
    0x01, 0x00, 0xbf, 0xff, 0xff, 0xfe, 0x00, 0x81, 0x1f, 0xff, 0xff, 0xff, 0x00, 0x7e, 0x1f, 0xff,
    0xff, 0xff, 0x00, 0x00, 0x1f, 0xef, 0xff, 0xfe, 0x00, 0x00, 0x1f, 0xf0, 0xef, 0xfe, 0x00, 0x00,
    0x3c, 0xf8, 0x07, 0xfe, 0x00, 0x00, 0x38, 0x78, 0x07, 0x3e, 0x00, 0x00, 0x70, 0x78, 0x0f, 0x1e,
    0x00, 0x00, 0x60, 0x3c, 0x0e, 0x1e, 0x00, 0x00, 0xe0, 0x3c, 0x1e, 0x0f, 0x00, 0x00, 0xc0, 0x1e,
    0x1c, 0x0f, 0x00, 0x00, 0xc0, 0x1e, 0x38, 0x0f, 0x00, 0x01, 0xc0, 0x1e, 0x38, 0x0f, 0x00, 0x01,
    0xc0, 0x3e, 0x70, 0x1f, 0x00, 0x01, 0x80, 0x3e, 0x70, 0x3f,
    0x00, 0x00, 0x0f, 0xe0, 0x00, 0x00, 0x00, 0x00, 0x1f, 0xf0, 0x00, 0x00, 0x00, 0x00, 0x3f, 0xf8,
    0x00, 0x00, 0x00, 0x00, 0x3f, 0xfc, 0x00, 0x00, 0x00, 0x00, 0x3f, 0xfc, 0x00, 0x00, 0x00, 0x00,
    0x1f, 0xf8, 0x00, 0x00, 0x00, 0x00, 0x1f, 0xf8, 0x00, 0x00, 0x00, 0x00, 0x3f, 0xfc, 0x00, 0x00,
    0x00, 0x00, 0x3f, 0xfc, 0x00, 0x00, 0x00, 0x00, 0x3f, 0xf8, 0x00, 0x00, 0x00, 0x00, 0x3f, 0xfc,
    0x00, 0x00, 0x00, 0x00, 0x3f, 0xfe, 0x00, 0x00, 0x00, 0x00, 0x7f, 0xff, 0x80, 0x00, 0x00, 0x00,
    0x7f, 0xff, 0xc0, 0x00, 0x07, 0xc0, 0x0f, 0xff, 0xf0, 0x00, 0x0f, 0xf8, 0x1f, 0xff, 0xf8, 0x00,
    0x3f, 0xf8, 0x1f, 0xff, 0xfc, 0x00, 0x7f, 0xf0, 0x1f, 0xff, 0xfc, 0x00, 0xff, 0xf0, 0x1f, 0xff,
    0xfe, 0x00, 0xff, 0xf0, 0x1f, 0xff, 0xfe, 0x00, 0xff, 0xf0, 0x1f, 0xff, 0xff, 0x00, 0x7d, 0xf0,
    0x1f, 0xff, 0xff, 0x80, 0x35, 0xf8, 0x1f, 0xff, 0xff, 0xc0, 0x05, 0xf8, 0x7f, 0xff, 0xff, 0xe0,
    0x04, 0xff, 0xff, 0xff, 0xff, 0xf0, 0x04, 0xff, 0xff, 0xff, 0xff, 0xf8, 0x04, 0xff, 0xff, 0xff,
    0xff, 0xfc, 0x04, 0x7f, 0xff, 0xff, 0xff, 0xfc, 0x04, 0x3f, 0xff, 0xff, 0xff, 0xfe, 0x02, 0x1f,
    0xff, 0xff, 0xff, 0xfe, 0x02, 0x0f, 0xff, 0xff, 0xff, 0xfe, 0x01, 0x00, 0xbf, 0xff, 0xff, 0xfe,
    0x00, 0x81, 0x1f, 0xff, 0xff, 0xff, 0x00, 0x7e, 0x1f, 0xff, 0xff, 0xff, 0x00, 0x00, 0x1f, 0xef,
    0xff, 0xfe, 0x00, 0x00, 0x1f, 0xe0, 0xef, 0xfe, 0x00, 0x00, 0x1d, 0xe0, 0x07, 0xf8, 0x00, 0x00,
    0x1d, 0xe0, 0x07, 0xf8, 0x00, 0x00, 0x1d, 0xe0, 0x07, 0xf8, 0x00, 0x00, 0x1d, 0xe0, 0x07, 0x78,
    0x00, 0x00, 0x18, 0xf0, 0x07, 0x3c, 0x00, 0x00, 0x18, 0xf0, 0x07, 0x3c, 0x00, 0x00, 0x18, 0xf0,
    0x06, 0x3e, 0x00, 0x00, 0x38, 0xf8, 0x0e, 0x1f, 0x00, 0x00, 0x38, 0x78, 0x0e, 0x0f, 0x00, 0x00,
    0x70, 0x30, 0x0e, 0x07, 0x00, 0x00, 0xf0, 0x00, 0x1e, 0x00,
    0x00, 0x00, 0x00, 0x00, 0x00, 0x00, 0x00, 0x00, 0x0f, 0xe0, 0x00, 0x00, 0x00, 0x00, 0x1f, 0xf0,
    0x00, 0x00, 0x00, 0x00, 0x3f, 0xf8, 0x00, 0x00, 0x00, 0x00, 0x3f, 0xfc, 0x00, 0x00, 0x00, 0x00,
    0x3f, 0xfc, 0x00, 0x00, 0x00, 0x00, 0x1f, 0xf8, 0x00, 0x00, 0x00, 0x00, 0x1f, 0xf8, 0x00, 0x00,
    0x00, 0x00, 0x3f, 0xfc, 0x00, 0x00, 0x00, 0x00, 0x3f, 0xfc, 0x00, 0x00, 0x00, 0x00, 0x3f, 0xfc,
    0x00, 0x00, 0x00, 0x00, 0x3f, 0xfe, 0x00, 0x00, 0x00, 0x00, 0x3f, 0xff, 0x80, 0x00, 0x00, 0x00,
    0x7f, 0xff, 0xc0, 0x00, 0x07, 0xc0, 0x7f, 0xff, 0xf0, 0x00, 0x3f, 0xf8, 0x1f, 0xff, 0xf8, 0x00,
    0x7f, 0xf8, 0x1f, 0xff, 0xfc, 0x00, 0xff, 0xf0, 0x1f, 0xff, 0xfc, 0x00, 0xff, 0xf0, 0x1f, 0xff,
    0xfe, 0x00, 0xff, 0xf0, 0x1f, 0xff, 0xfe, 0x00, 0x7f, 0xf0, 0x1f, 0xff, 0xff, 0x00, 0x35, 0xf0,
    0x1f, 0xff, 0xff, 0x80, 0x05, 0xf8, 0x1f, 0xff, 0xff, 0xc0, 0x05, 0xf8, 0x7f, 0xff, 0xff, 0xe0,
    0x04, 0xff, 0xff, 0xff, 0xff, 0xf0, 0x04, 0xff, 0xff, 0xff, 0xff, 0xf8, 0x04, 0xff, 0xff, 0xff,
    0xff, 0xfc, 0x04, 0x7f, 0xff, 0xff, 0xff, 0xfc, 0x04, 0x3f, 0xff, 0xff, 0xff, 0xfe, 0x02, 0x1f,
    0xff, 0xff, 0xff, 0xfe, 0x02, 0x0f, 0xff, 0xff, 0xff, 0xfe, 0x01, 0x00, 0xbf, 0xff, 0xff, 0xfe,
    0x00, 0x81, 0x1f, 0xff, 0xff, 0xff, 0x00, 0x7e, 0x1f, 0xff, 0xff, 0xff, 0x00, 0x00, 0x0f, 0xef,
    0xff, 0xfe, 0x00, 0x00, 0x0f, 0xe0, 0xe7, 0xf0, 0x00, 0x00, 0x0f, 0xc0, 0x03, 0xf0, 0x00, 0x00,
    0x0f, 0xc0, 0x03, 0xe0, 0x00, 0x00, 0x1f, 0xc0, 0x07, 0xe0, 0x00, 0x00, 0x1f, 0xc0, 0x07, 0xc0,
    0x00, 0x00, 0x3f, 0xc0, 0x07, 0xc0, 0x00, 0x00, 0x3d, 0xc0, 0x07, 0xc0, 0x00, 0x00, 0x3d, 0x80,
    0x07, 0xc0, 0x00, 0x00, 0x3f, 0x80, 0x07, 0xe0, 0x00, 0x00, 0x3f, 0x80, 0x07, 0xe0, 0x00, 0x00,
    0x1f, 0xc0, 0x03, 0xe0, 0x00, 0x00, 0x0f, 0xc0, 0x01, 0xe0,
    0x00, 0x00, 0x00, 0x00, 0x00, 0x00, 0x00, 0x00, 0x00, 0x00, 0x00, 0x00, 0x00, 0x00, 0x0f, 0xe0,
    0x00, 0x00, 0x00, 0x00, 0x1f, 0xf0, 0x00, 0x00, 0x00, 0x00, 0x3f, 0xf8, 0x00, 0x00, 0x00, 0x00,
    0x3f, 0xfc, 0x00, 0x00, 0x00, 0x00, 0x3f, 0xfc, 0x00, 0x00, 0x00, 0x00, 0x1f, 0xf8, 0x00, 0x00,
    0x00, 0x00, 0x1f, 0xf8, 0x00, 0x00, 0x00, 0x00, 0x3f, 0xfc, 0x00, 0x00, 0x00, 0x00, 0x3f, 0xfc,
    0x00, 0x00, 0x00, 0x00, 0x3f, 0xfe, 0x00, 0x00, 0x00, 0x00, 0x3f, 0xff, 0x80, 0x00, 0x00, 0x00,
    0x3f, 0xff, 0xc0, 0x00, 0x07, 0xc0, 0x7f, 0xff, 0xf0, 0x00, 0x3f, 0xf8, 0x7f, 0xff, 0xf8, 0x00,
    0x7f, 0xf8, 0x1f, 0xff, 0xfc, 0x00, 0xff, 0xf0, 0x1f, 0xff, 0xfc, 0x00, 0xff, 0xf0, 0x1f, 0xff,
    0xfe, 0x00, 0xff, 0xf0, 0x1f, 0xff, 0xfe, 0x00, 0x7f, 0xf0, 0x1f, 0xff, 0xff, 0x00, 0x35, 0xf0,
    0x1f, 0xff, 0xff, 0x80, 0x05, 0xf8, 0x1f, 0xff, 0xff, 0xc0, 0x05, 0xf8, 0x7f, 0xff, 0xff, 0xe0,
    0x04, 0xff, 0xff, 0xff, 0xff, 0xf0, 0x04, 0xff, 0xff, 0xff, 0xff, 0xf8, 0x04, 0xff, 0xff, 0xff,
    0xff, 0xfc, 0x04, 0x7f, 0xff, 0xff, 0xff, 0xfc, 0x04, 0x3f, 0xff, 0xff, 0xff, 0xfe, 0x02, 0x1f,
    0xff, 0xff, 0xff, 0xfe, 0x02, 0x0f, 0xff, 0xff, 0xff, 0xfe, 0x01, 0x00, 0xbf, 0xff, 0xff, 0xfe,
    0x00, 0x81, 0x1f, 0xff, 0xff, 0xff, 0x00, 0x7e, 0x1f, 0xff, 0xff, 0xff, 0x00, 0x00, 0x0f, 0xef,
    0xff, 0xfe, 0x00, 0x00, 0x0f, 0xe0, 0xe7, 0xf8, 0x00, 0x00, 0x0f, 0xc0, 0x07, 0xf8, 0x00, 0x00,
    0x1f, 0xc0, 0x07, 0xf8, 0x00, 0x00, 0x1f, 0xc0, 0x0f, 0xf8, 0x00, 0x00, 0x3f, 0xc0, 0x0f, 0xb8,
    0x00, 0x00, 0x3f, 0xc0, 0x0f, 0x98, 0x00, 0x00, 0x3d, 0xc0, 0x0f, 0x18, 0x00, 0x00, 0x7d, 0xc0,
    0x0f, 0x18, 0x00, 0x00, 0x79, 0xc0, 0x0f, 0x38, 0x00, 0x00, 0x79, 0xc0, 0x1f, 0x38, 0x00, 0x00,
    0xf1, 0xe0, 0x1f, 0x38, 0x00, 0x01, 0xf1, 0xe0, 0x3e, 0x78,
};

/* sCamelTunnel: 6 masks of 282 bytes */
static const uint8_t s_mask_sCamelTunnel[1692] = {
    0x00, 0x00, 0x00, 0x00, 0x00, 0x00, 0x00, 0x00, 0x00, 0x00, 0x00, 0x00, 0x00, 0x00, 0x1f, 0xe0,
    0x00, 0x00, 0x00, 0x00, 0x3f, 0xf0, 0x00, 0x00, 0x00, 0x00, 0x3f, 0xf8, 0x00, 0x00, 0x00, 0x00,
    0x3f, 0xf8, 0x00, 0x00, 0x00, 0x00, 0x3f, 0xf8, 0x00, 0x00, 0x00, 0x00, 0x3f, 0xf8, 0x00, 0x00,
    0x00, 0x00, 0x3f, 0xf8, 0x00, 0x00, 0x00, 0x00, 0x1f, 0xf0, 0x00, 0x00, 0x00, 0x00, 0x1f, 0xe0,
    0x00, 0x00, 0x00, 0x00, 0x1f, 0xfe, 0x00, 0x00, 0x00, 0x00, 0x3f, 0xff, 0x80, 0x00, 0x00, 0x00,
    0x3f, 0xff, 0xc0, 0x00, 0x07, 0xc0, 0x1f, 0xff, 0xf0, 0x00, 0x3f, 0xf8, 0x1f, 0xff, 0xf8, 0x00,
    0x7f, 0xf8, 0x1f, 0xff, 0xfc, 0x00, 0xff, 0xf0, 0x1f, 0xff, 0xfc, 0x00, 0xff, 0xf0, 0x1f, 0xff,
    0xfe, 0x00, 0xff, 0xf0, 0x1f, 0xff, 0xfe, 0x00, 0x7f, 0xf0, 0x1f, 0xff, 0xff, 0x00, 0x35, 0xf0,
    0x1f, 0xff, 0xff, 0x80, 0x05, 0xf8, 0x1f, 0xff, 0xff, 0xc0, 0x05, 0xf8, 0x7f, 0xff, 0xff, 0xe0,
    0x04, 0xff, 0xff, 0xff, 0xff, 0xf0, 0x04, 0xff, 0xff, 0xff, 0xff, 0xf8, 0x04, 0xff, 0xff, 0xff,
    0xff, 0xfc, 0x04, 0x7f, 0xff, 0xff, 0xff, 0xfc, 0x04, 0x3f, 0xff, 0xff, 0xff, 0xfe, 0x02, 0x1f,
    0xff, 0xff, 0xff, 0xfe, 0x02, 0x0f, 0xff, 0xff, 0xff, 0xfe, 0x01, 0x00, 0xbf, 0xff, 0xff, 0xfe,
    0x00, 0x81, 0x1f, 0xff, 0xff, 0xff, 0x00, 0x7e, 0x1f, 0xff, 0xff, 0xff, 0x00, 0x00, 0x0f, 0xef,
    0xff, 0xfe, 0x00, 0x00, 0x0f, 0xe0, 0xe7, 0xfe, 0x00, 0x00, 0x0f, 0xe0, 0x03, 0xfc, 0x00, 0x00,
    0x07, 0xe0, 0x03, 0xbc, 0x00, 0x00, 0x07, 0xf0, 0x01, 0xbc, 0x00, 0x00, 0x07, 0xf0, 0x01, 0xbc,
    0x00, 0x00, 0x03, 0xf0, 0x01, 0xbc, 0x00, 0x00, 0x03, 0xf0, 0x01, 0xbc, 0x00, 0x00, 0x03, 0x78,
    0x01, 0xbc, 0x00, 0x00, 0x03, 0x78, 0x01, 0xbc, 0x00, 0x00, 0x03, 0x78, 0x01, 0xbc, 0x00, 0x00,
    0x07, 0xf8, 0x03, 0xfc, 0x00, 0x00, 0x07, 0xf8, 0x07, 0xfc,
    0x00, 0x00, 0x00, 0x00, 0x00, 0x00, 0x00, 0x00, 0x00, 0x00, 0x00, 0x00, 0x00, 0x00, 0x00, 0x00,
    0x00, 0x00, 0x00, 0x00, 0x1f, 0xe0, 0x00, 0x00, 0x00, 0x00, 0x3f, 0xf0, 0x00, 0x00, 0x00, 0x00,
    0x3f, 0xf8, 0x00, 0x00, 0x00, 0x00, 0x3f, 0xf8, 0x00, 0x00, 0x00, 0x00, 0x3f, 0xf8, 0x00, 0x00,
    0x00, 0x00, 0x3f, 0xf8, 0x00, 0x00, 0x00, 0x00, 0x3f, 0xf8, 0x00, 0x00, 0x00, 0x00, 0x1f, 0xf0,
    0x00, 0x00, 0x00, 0x00, 0x1f, 0xe0, 0x00, 0x00, 0x00, 0x00, 0x1f, 0xfe, 0x00, 0x00, 0x00, 0x00,
    0x3f, 0xff, 0x80, 0x00, 0x00, 0x00, 0x3f, 0xff, 0xc0, 0x00, 0x07, 0xc0, 0x1f, 0xff, 0xf0, 0x00,
    0x1f, 0xf8, 0x1f, 0xff, 0xf8, 0x00, 0x7f, 0xf8, 0x1f, 0xff, 0xfc, 0x00, 0xff, 0xf0, 0x1f, 0xff,
    0xfc, 0x00, 0xff, 0xf0, 0x1f, 0xff, 0xfe, 0x00, 0xff, 0xf0, 0x1f, 0xff, 0xfe, 0x00, 0xff, 0xf0,
    0x1f, 0xff, 0xff, 0x00, 0x7d, 0xf0, 0x1f, 0xff, 0xff, 0x80, 0x35, 0xf8, 0x1f, 0xff, 0xff, 0xc0,
    0x05, 0xf8, 0x3f, 0xff, 0xff, 0xe0, 0x04, 0xfc, 0x7f, 0xff, 0xff, 0xf0, 0x04, 0xff, 0xff, 0xff,
    0xff, 0xf8, 0x04, 0xff, 0xff, 0xff, 0xff, 0xfc, 0x04, 0x7f, 0xff, 0xff, 0xff, 0xfc, 0x04, 0x3f,
    0xff, 0xff, 0xff, 0xfe, 0x02, 0x1f, 0xff, 0xff, 0xff, 0xfe, 0x02, 0x0f, 0xff, 0xff, 0xff, 0xfe,
    0x01, 0x03, 0xbf, 0xff, 0xff, 0xfe, 0x00, 0x81, 0x1f, 0xff, 0xff, 0xff, 0x00, 0x7e, 0x0f, 0xff,
    0xff, 0xff, 0x00, 0x00, 0x0f, 0xff, 0xff, 0xfe, 0x00, 0x00, 0x0f, 0xf0, 0xef, 0xfe, 0x00, 0x00,
    0x1f, 0xf0, 0x03, 0xfc, 0x00, 0x00, 0x1e, 0xf0, 0x03, 0xbc, 0x00, 0x00, 0x18, 0xf0, 0x03, 0xbc,
    0x00, 0x00, 0x38, 0x78, 0x07, 0x1e, 0x00, 0x00, 0x30, 0x78, 0x06, 0x1e, 0x00, 0x00, 0x30, 0x3c,
    0x0e, 0x1e, 0x00, 0x00, 0x38, 0x3c, 0x3c, 0x1e, 0x00, 0x00, 0x38, 0x3c, 0x38, 0x1e, 0x00, 0x00,
    0x38, 0x7c, 0x30, 0x3e, 0x00, 0x00, 0x00, 0x7c, 0x00, 0x7e,
    0x00, 0x00, 0x00, 0x00, 0x00, 0x00, 0x00, 0x00, 0x00, 0x00, 0x00, 0x00, 0x00, 0x00, 0x00, 0x00,
    0x00, 0x00, 0x00, 0x00, 0x1f, 0xe0, 0x00, 0x00, 0x00, 0x00, 0x3f, 0xf0, 0x00, 0x00, 0x00, 0x00,
    0x3f, 0xf8, 0x00, 0x00, 0x00, 0x00, 0x3f, 0xf8, 0x00, 0x00, 0x00, 0x00, 0x3f, 0xf8, 0x00, 0x00,
    0x00, 0x00, 0x3f, 0xf8, 0x00, 0x00, 0x00, 0x00, 0x3f, 0xf8, 0x00, 0x00, 0x00, 0x00, 0x1f, 0xf0,
    0x00, 0x00, 0x00, 0x00, 0x1f, 0xe0, 0x00, 0x00, 0x00, 0x00, 0x1f, 0xfe, 0x00, 0x00, 0x00, 0x00,
    0x3f, 0xff, 0x80, 0x00, 0x00, 0x00, 0x3f, 0xff, 0xc0, 0x00, 0x00, 0x00, 0x1f, 0xff, 0xf0, 0x00,
    0x07, 0xc0, 0x1f, 0xff, 0xf8, 0x00, 0x0f, 0xf8, 0x1f, 0xff, 0xfc, 0x00, 0x3f, 0xf8, 0x1f, 0xff,
    0xfc, 0x00, 0x7f, 0xf0, 0x1f, 0xff, 0xfe, 0x00, 0xff, 0xf0, 0x1f, 0xff, 0xfe, 0x00, 0xff, 0xf0,
    0x1f, 0xff, 0xff, 0x00, 0xff, 0xf0, 0x1f, 0xff, 0xff, 0x80, 0x7d, 0xf0, 0x1f, 0xff, 0xff, 0xc0,
    0x35, 0xf8, 0x7f, 0xff, 0xff, 0xe0, 0x04, 0xff, 0xff, 0xff, 0xff, 0xf0, 0x04, 0xff, 0xff, 0xff,
    0xff, 0xf8, 0x04, 0xff, 0xff, 0xff, 0xff, 0xfc, 0x04, 0x7f, 0xff, 0xff, 0xff, 0xfc, 0x04, 0x3f,
    0xff, 0xff, 0xff, 0xfe, 0x02, 0x1f, 0xff, 0xff, 0xff, 0xfe, 0x02, 0x0f, 0xff, 0xff, 0xff, 0xfe,
    0x01, 0x00, 0xbf, 0xff, 0xff, 0xfe, 0x00, 0x81, 0x1f, 0xff, 0xff, 0xff, 0x00, 0x7e, 0x1f, 0xff,
    0xff, 0xff, 0x00, 0x00, 0x1f, 0xef, 0xff, 0xfe, 0x00, 0x00, 0x1f, 0xf0, 0xef, 0xfe, 0x00, 0x00,
    0x3c, 0xf8, 0x07, 0xfe, 0x00, 0x00, 0x38, 0x78, 0x07, 0x3e, 0x00, 0x00, 0x70, 0x78, 0x0f, 0x1e,
    0x00, 0x00, 0x60, 0x3c, 0x0e, 0x1e, 0x00, 0x00, 0xe0, 0x3c, 0x1e, 0x0f, 0x00, 0x00, 0xc0, 0x1e,
    0x1c, 0x0f, 0x00, 0x00, 0xc0, 0x1e, 0x38, 0x0f, 0x00, 0x01, 0xc0, 0x1e, 0x38, 0x0f, 0x00, 0x01,
    0xc0, 0x3e, 0x70, 0x1f, 0x00, 0x01, 0x80, 0x3e, 0x70, 0x3f,
    0x00, 0x00, 0x00, 0x00, 0x00, 0x00, 0x00, 0x00, 0x1f, 0xf0, 0x00, 0x00, 0x00, 0x00, 0x3f, 0xf8,
    0x00, 0x00, 0x00, 0x00, 0x7f, 0xfc, 0x00, 0x00, 0x00, 0x00, 0x7f, 0xfc, 0x00, 0x00, 0x00, 0x00,
    0x7f, 0xfc, 0x00, 0x00, 0x00, 0x00, 0x3f, 0xf8, 0x00, 0x00, 0x00, 0x00, 0x1f, 0xf0, 0x00, 0x00,
    0x00, 0x00, 0x1f, 0xe0, 0x00, 0x00, 0x00, 0x00, 0x1f, 0xf0, 0x00, 0x00, 0x00, 0x00, 0x3f, 0xf8,
    0x00, 0x00, 0x00, 0x00, 0x3f, 0xfe, 0x00, 0x00, 0x00, 0x00, 0x1f, 0xff, 0x80, 0x00, 0x00, 0x00,
    0x1f, 0xff, 0xc0, 0x00, 0x07, 0xc0, 0x0f, 0xff, 0xf0, 0x00, 0x0f, 0xf8, 0x1f, 0xff, 0xf8, 0x00,
    0x3f, 0xf8, 0x1f, 0xff, 0xfc, 0x00, 0x7f, 0xf0, 0x1f, 0xff, 0xfc, 0x00, 0xff, 0xf0, 0x1f, 0xff,
    0xfe, 0x00, 0xff, 0xf0, 0x1f, 0xff, 0xfe, 0x00, 0xff, 0xf0, 0x1f, 0xff, 0xff, 0x00, 0x7d, 0xf0,
    0x1f, 0xff, 0xff, 0x80, 0x35, 0xf8, 0x1f, 0xff, 0xff, 0xc0, 0x05, 0xf8, 0x7f, 0xff, 0xff, 0xe0,
    0x04, 0xff, 0xff, 0xff, 0xff, 0xf0, 0x04, 0xff, 0xff, 0xff, 0xff, 0xf8, 0x04, 0xff, 0xff, 0xff,
    0xff, 0xfc, 0x04, 0x7f, 0xff, 0xff, 0xff, 0xfc, 0x04, 0x3f, 0xff, 0xff, 0xff, 0xfe, 0x02, 0x1f,
    0xff, 0xff, 0xff, 0xfe, 0x02, 0x0f, 0xff, 0xff, 0xff, 0xfe, 0x01, 0x00, 0xbf, 0xff, 0xff, 0xfe,
    0x00, 0x81, 0x1f, 0xff, 0xff, 0xff, 0x00, 0x7e, 0x1f, 0xff, 0xff, 0xff, 0x00, 0x00, 0x1f, 0xef,
    0xff, 0xfe, 0x00, 0x00, 0x1f, 0xe0, 0xef, 0xfe, 0x00, 0x00, 0x1d, 0xe0, 0x07, 0xf8, 0x00, 0x00,
    0x1d, 0xe0, 0x07, 0xf8, 0x00, 0x00, 0x1d, 0xe0, 0x07, 0xf8, 0x00, 0x00, 0x1d, 0xe0, 0x07, 0x78,
    0x00, 0x00, 0x18, 0xf0, 0x07, 0x3c, 0x00, 0x00, 0x18, 0xf0, 0x07, 0x3c, 0x00, 0x00, 0x18, 0xf0,
    0x06, 0x3e, 0x00, 0x00, 0x38, 0xf8, 0x0e, 0x1f, 0x00, 0x00, 0x38, 0x78, 0x0e, 0x0f, 0x00, 0x00,
    0x70, 0x30, 0x0e, 0x07, 0x00, 0x00, 0xf0, 0x00, 0x1e, 0x00,
    0x00, 0x00, 0x1f, 0xe0, 0x00, 0x00, 0x00, 0x00, 0x3f, 0xf0, 0x00, 0x00, 0x00, 0x00, 0x3f, 0xf8,
    0x00, 0x00, 0x00, 0x00, 0x3f, 0xf8, 0x00, 0x00, 0x00, 0x00, 0x3f, 0xf8, 0x00, 0x00, 0x00, 0x00,
    0x3f, 0xf8, 0x00, 0x00, 0x00, 0x00, 0x3f, 0xf8, 0x00, 0x00, 0x00, 0x00, 0x3f, 0xf8, 0x00, 0x00,
    0x00, 0x00, 0x1f, 0xf0, 0x00, 0x00, 0x00, 0x00, 0x1f, 0xe0, 0x00, 0x00, 0x00, 0x00, 0x1f, 0xf0,
    0x00, 0x00, 0x00, 0x00, 0x3f, 0xfe, 0x00, 0x00, 0x00, 0x00, 0x3f, 0xff, 0x80, 0x00, 0x00, 0x00,
    0x1f, 0xff, 0xc0, 0x00, 0x07, 0xc0, 0x1f, 0xff, 0xf0, 0x00, 0x3f, 0xf8, 0x1f, 0xff, 0xf8, 0x00,
    0x7f, 0xf8, 0x1f, 0xff, 0xfc, 0x00, 0xff, 0xf0, 0x1f, 0xff, 0xfc, 0x00, 0xff, 0xf0, 0x1f, 0xff,
    0xfe, 0x00, 0xff, 0xf0, 0x1f, 0xff, 0xfe, 0x00, 0x7f, 0xf0, 0x1f, 0xff, 0xff, 0x00, 0x35, 0xf0,
    0x1f, 0xff, 0xff, 0x80, 0x05, 0xf8, 0x1f, 0xff, 0xff, 0xc0, 0x05, 0xf8, 0x7f, 0xff, 0xff, 0xe0,
    0x04, 0xff, 0xff, 0xff, 0xff, 0xf0, 0x04, 0xff, 0xff, 0xff, 0xff, 0xf8, 0x04, 0xff, 0xff, 0xff,
    0xff, 0xfc, 0x04, 0x7f, 0xff, 0xff, 0xff, 0xfc, 0x04, 0x3f, 0xff, 0xff, 0xff, 0xfe, 0x02, 0x1f,
    0xff, 0xff, 0xff, 0xfe, 0x02, 0x0f, 0xff, 0xff, 0xff, 0xfe, 0x01, 0x00, 0xbf, 0xff, 0xff, 0xfe,
    0x00, 0x81, 0x1f, 0xff, 0xff, 0xff, 0x00, 0x7e, 0x1f, 0xff, 0xff, 0xff, 0x00, 0x00, 0x0f, 0xef,
    0xff, 0xfe, 0x00, 0x00, 0x0f, 0xe0, 0xe7, 0xf0, 0x00, 0x00, 0x0f, 0xc0, 0x03, 0xf0, 0x00, 0x00,
    0x0f, 0xc0, 0x03, 0xe0, 0x00, 0x00, 0x1f, 0xc0, 0x07, 0xe0, 0x00, 0x00, 0x1f, 0xc0, 0x07, 0xc0,
    0x00, 0x00, 0x3f, 0xc0, 0x07, 0xc0, 0x00, 0x00, 0x3d, 0xc0, 0x07, 0xc0, 0x00, 0x00, 0x3d, 0x80,
    0x07, 0xc0, 0x00, 0x00, 0x3f, 0x80, 0x07, 0xe0, 0x00, 0x00, 0x3f, 0x80, 0x07, 0xe0, 0x00, 0x00,
    0x1f, 0xc0, 0x03, 0xe0, 0x00, 0x00, 0x0f, 0xc0, 0x01, 0xe0,
    0x00, 0x00, 0x00, 0x00, 0x00, 0x00, 0x00, 0x00, 0x00, 0x00, 0x00, 0x00, 0x00, 0x00, 0x00, 0x00,
    0x00, 0x00, 0x00, 0x00, 0x1f, 0xe0, 0x00, 0x00, 0x00, 0x00, 0x3f, 0xf0, 0x00, 0x00, 0x00, 0x00,
    0x3f, 0xf8, 0x00, 0x00, 0x00, 0x00, 0x3f, 0xf8, 0x00, 0x00, 0x00, 0x00, 0x3f, 0xf8, 0x00, 0x00,
    0x00, 0x00, 0x3f, 0xf8, 0x00, 0x00, 0x00, 0x00, 0x3f, 0xf8, 0x00, 0x00, 0x00, 0x00, 0x1f, 0xf0,
    0x00, 0x00, 0x00, 0x00, 0x1f, 0xfe, 0x00, 0x00, 0x00, 0x00, 0x3f, 0xff, 0x80, 0x00, 0x00, 0x00,
    0x3f, 0xff, 0xc0, 0x00, 0x07, 0xc0, 0x1f, 0xff, 0xf0, 0x00, 0x3f, 0xf8, 0x1f, 0xff, 0xf8, 0x00,
    0x7f, 0xf8, 0x1f, 0xff, 0xfc, 0x00, 0xff, 0xf0, 0x1f, 0xff, 0xfc, 0x00, 0xff, 0xf0, 0x1f, 0xff,
    0xfe, 0x00, 0xff, 0xf0, 0x1f, 0xff, 0xfe, 0x00, 0x7f, 0xf0, 0x1f, 0xff, 0xff, 0x00, 0x35, 0xf0,
    0x1f, 0xff, 0xff, 0x80, 0x05, 0xf8, 0x1f, 0xff, 0xff, 0xc0, 0x05, 0xf8, 0x7f, 0xff, 0xff, 0xe0,
    0x04, 0xff, 0xff, 0xff, 0xff, 0xf0, 0x04, 0xff, 0xff, 0xff, 0xff, 0xf8, 0x04, 0xff, 0xff, 0xff,
    0xff, 0xfc, 0x04, 0x7f, 0xff, 0xff, 0xff, 0xfc, 0x04, 0x3f, 0xff, 0xff, 0xff, 0xfe, 0x02, 0x1f,
    0xff, 0xff, 0xff, 0xfe, 0x02, 0x0f, 0xff, 0xff, 0xff, 0xfe, 0x01, 0x00, 0xbf, 0xff, 0xff, 0xfe,
    0x00, 0x81, 0x1f, 0xff, 0xff, 0xff, 0x00, 0x7e, 0x1f, 0xff, 0xff, 0xff, 0x00, 0x00, 0x0f, 0xef,
    0xff, 0xfe, 0x00, 0x00, 0x0f, 0xe0, 0xe7, 0xf8, 0x00, 0x00, 0x0f, 0xc0, 0x07, 0xf8, 0x00, 0x00,
    0x1f, 0xc0, 0x07, 0xf8, 0x00, 0x00, 0x1f, 0xc0, 0x0f, 0xf8, 0x00, 0x00, 0x3f, 0xc0, 0x0f, 0xb8,
    0x00, 0x00, 0x3f, 0xc0, 0x0f, 0x98, 0x00, 0x00, 0x3d, 0xc0, 0x0f, 0x18, 0x00, 0x00, 0x7d, 0xc0,
    0x0f, 0x18, 0x00, 0x00, 0x79, 0xc0, 0x0f, 0x38, 0x00, 0x00, 0x79, 0xc0, 0x1f, 0x38, 0x00, 0x00,
    0xf1, 0xe0, 0x1f, 0x38, 0x00, 0x01, 0xf1, 0xe0, 0x3e, 0x78,
};

/* sCape: 1 masks of 30 bytes */
static const uint8_t s_mask_sCape[30] = {
    0x07, 0x80, 0x0c, 0xc0, 0x1c, 0xe0, 0x1f, 0xe0, 0x1f, 0xe0, 0x3f, 0xf0, 0x3f, 0xf0, 0x3f, 0xf0,
    0x7f, 0xf8, 0x7f, 0xf8, 0x7f, 0xf8, 0xff, 0xfc, 0xff, 0xfc, 0xf0, 0x3c, 0xc0, 0x0c,
};

/* sCapeBack: 1 masks of 26 bytes */
static const uint8_t s_mask_sCapeBack[26] = {
    0x19, 0x80, 0x3f, 0xc0, 0x3f, 0xc0, 0x7f, 0xe0, 0x7f, 0xe0, 0x7f, 0xe0, 0xff, 0xf0, 0xff, 0xf0,
    0xff, 0xf0, 0xff, 0xf0, 0xff, 0xf0, 0xf0, 0xf0, 0xc0, 0x30,
};

/* sCapeDL: 1 masks of 26 bytes */
static const uint8_t s_mask_sCapeDL[26] = {
    0xfe, 0x00, 0xff, 0x00, 0x7f, 0x80, 0x7f, 0x80, 0x7f, 0xc0, 0x7f, 0xc0, 0xff, 0xc0, 0xff, 0xe0,
    0xff, 0xe0, 0xff, 0xe0, 0xff, 0xe0, 0xff, 0xe0, 0x40, 0x40,
};

/* sCapeDR: 1 masks of 26 bytes */
static const uint8_t s_mask_sCapeDR[26] = {
    0x0f, 0xe0, 0x1f, 0xe0, 0x3f, 0xc0, 0x3f, 0xc0, 0x7f, 0xc0, 0x7f, 0xc0, 0x7f, 0xe0, 0xff, 0xe0,
    0xff, 0xe0, 0xff, 0xe0, 0xff, 0xe0, 0xff, 0xe0, 0x40, 0x40,
};

/* sCapeIcon: 1 masks of 32 bytes */
static const uint8_t s_mask_sCapeIcon[32] = {
    0x01, 0xfc, 0x03, 0xfe, 0x07, 0xfe, 0x0f, 0xfc, 0x1f, 0xf8, 0x3f, 0xf8, 0x3f, 0xf8, 0x7f, 0xf8,
    0x7f, 0xf0, 0x7f, 0xf0, 0xff, 0xf0, 0xff, 0xf0, 0xff, 0xf0, 0xff, 0xf0, 0xf0, 0xf0, 0x40, 0x20,
};

/* sCapeLeft: 5 masks of 20 bytes */
static const uint8_t s_mask_sCapeLeft[100] = {
    0x00, 0x00, 0x00, 0x00, 0x70, 0x0c, 0xff, 0xfc, 0xff, 0xfc, 0x7f, 0xfc, 0x1f, 0xf8, 0x03, 0xf0,
    0x00, 0x00, 0x00, 0x00,
    0x00, 0x00, 0x00, 0x0c, 0x7f, 0xfc, 0xff, 0xfc, 0xff, 0xfc, 0x7f, 0xf8, 0x03, 0xf0, 0x00, 0x00,
    0x00, 0x00, 0x00, 0x00,
    0x00, 0x0c, 0x03, 0xfc, 0x7f, 0xfc, 0xff, 0xfc, 0xff, 0xf8, 0x7f, 0xf0, 0x00, 0x00, 0x00, 0x00,
    0x00, 0x00, 0x00, 0x00,
    0x03, 0xf0, 0x07, 0xf8, 0x7f, 0xfc, 0xff, 0xfc, 0xff, 0xfc, 0x78, 0x08, 0x00, 0x00, 0x00, 0x00,
    0x00, 0x00, 0x00, 0x00,
    0x00, 0x00, 0x00, 0x00, 0x40, 0x00, 0xf0, 0x00, 0xff, 0x8c, 0x7f, 0xfc, 0x3f, 0xfc, 0x1f, 0xfc,
    0x03, 0xf8, 0x00, 0x70,
};

/* sCapeRight: 5 masks of 20 bytes */
static const uint8_t s_mask_sCapeRight[100] = {
    0x00, 0x00, 0x00, 0x00, 0xc0, 0x38, 0xff, 0xfc, 0xff, 0xfc, 0xff, 0xf8, 0x7f, 0xe0, 0x3f, 0x00,
    0x00, 0x00, 0x00, 0x00,
    0x00, 0x00, 0xc0, 0x00, 0xff, 0xf8, 0xff, 0xfc, 0xff, 0xfc, 0x7f, 0xf8, 0x3f, 0x00, 0x00, 0x00,
    0x00, 0x00, 0x00, 0x00,
    0xc0, 0x00, 0xff, 0x00, 0xff, 0xf8, 0xff, 0xfc, 0x7f, 0xfc, 0x3f, 0xf8, 0x00, 0x00, 0x00, 0x00,
    0x00, 0x00, 0x00, 0x00,
    0x3f, 0x00, 0x7f, 0x80, 0xff, 0xf8, 0xff, 0xfc, 0xff, 0xfc, 0x40, 0x78, 0x00, 0x00, 0x00, 0x00,
    0x00, 0x00, 0x00, 0x00,
    0x00, 0x00, 0x00, 0x00, 0x00, 0x08, 0x00, 0x3c, 0xc7, 0xfc, 0xff, 0xf8, 0xff, 0xf0, 0xff, 0xe0,
    0x7f, 0x00, 0x38, 0x00,
};

/* sCapeTile: 1 masks of 30 bytes */
static const uint8_t s_mask_sCapeTile[30] = {
    0x07, 0x80, 0x0c, 0xc0, 0x1c, 0xe0, 0x1f, 0xe0, 0x1f, 0xe0, 0x3f, 0xf0, 0x3f, 0xf0, 0x3f, 0xf0,
    0x7f, 0xf8, 0x7f, 0xf8, 0x7f, 0xf8, 0xff, 0xfc, 0xff, 0xfc, 0xf0, 0x3c, 0xc0, 0x0c,
};

/* sCapeUL: 2 masks of 30 bytes */
static const uint8_t s_mask_sCapeUL[60] = {
    0x40, 0x20, 0xe0, 0x70, 0xff, 0xf0, 0xff, 0xf0, 0x7f, 0xf0, 0x7f, 0xf0, 0x7f, 0xf0, 0x7f, 0xf0,
    0x7f, 0xe0, 0x3f, 0xe0, 0x3f, 0xe0, 0x3f, 0xc0, 0x3f, 0xc0, 0x7f, 0x80, 0x7f, 0x00,
    0x10, 0x08, 0x38, 0x1c, 0x3f, 0xfc, 0x3f, 0xfc, 0x3f, 0xf8, 0x3f, 0xf8, 0x3f, 0xf8, 0x3f, 0xf0,
    0x3f, 0xf0, 0x3f, 0xe0, 0x3f, 0xc0, 0x3f, 0xc0, 0x3f, 0x80, 0x7f, 0x00, 0x7e, 0x00,
};

/* sCapeUR: 2 masks of 30 bytes */
static const uint8_t s_mask_sCapeUR[60] = {
    0x10, 0x08, 0x38, 0x1c, 0x3f, 0xfc, 0x3f, 0xfc, 0x3f, 0xf8, 0x3f, 0xf8, 0x3f, 0xf8, 0x3f, 0xf8,
    0x1f, 0xf8, 0x1f, 0xf0, 0x1f, 0xf0, 0x0f, 0xf0, 0x0f, 0xf0, 0x07, 0xf8, 0x03, 0xf8,
    0x40, 0x20, 0xe0, 0x70, 0xff, 0xf0, 0xff, 0xf0, 0x7f, 0xf0, 0x7f, 0xf0, 0x7f, 0xf0, 0x3f, 0xf0,
    0x3f, 0xf0, 0x1f, 0xf0, 0x0f, 0xf0, 0x0f, 0xf0, 0x07, 0xf0, 0x03, 0xf8, 0x01, 0xf8,
};

/* sCaravan1: 4 masks of 172 bytes */
static const uint8_t s_mask_sCaravan1[688] = {
    0x00, 0x00, 0x00, 0x00, 0x00, 0x00, 0x00, 0x00, 0x00, 0x00, 0x00, 0x00, 0x00, 0x00, 0x00, 0x00,
    0x00, 0x3f, 0xfc, 0x00, 0x00, 0xff, 0xff, 0x00, 0x01, 0xff, 0xff, 0x80, 0x03, 0xff, 0xff, 0xc0,
    0x07, 0xff, 0xff, 0xc0, 0x07, 0xff, 0xff, 0xe0, 0x07, 0xff, 0xff, 0xe0, 0x07, 0xff, 0xff, 0xe0,
    0x07, 0xff, 0xff, 0xe0, 0x0f, 0xff, 0xff, 0xf0, 0x0f, 0xff, 0xff, 0xf0, 0x1f, 0xff, 0xff, 0xf8,
    0x1f, 0xff, 0xff, 0xf8, 0x1f, 0xff, 0xff, 0xf8, 0x1f, 0xff, 0xff, 0xf8, 0x1f, 0xff, 0xff, 0xf8,
    0x1f, 0xff, 0xff, 0xf8, 0x0f, 0xff, 0xff, 0xf0, 0x0f, 0xff, 0xff, 0xf0, 0x07, 0xff, 0xff, 0xe0,
    0x07, 0xff, 0xff, 0xe0, 0x07, 0xff, 0xff, 0xe0, 0x07, 0xff, 0xff, 0xe0, 0x07, 0xff, 0xff, 0xe0,
    0x07, 0xff, 0xff, 0xf0, 0x07, 0xff, 0xff, 0xf8, 0x07, 0xff, 0xff, 0xf8, 0x0f, 0xff, 0xff, 0xfc,
    0x0f, 0xff, 0xff, 0xfc, 0x0f, 0xff, 0xff, 0xfc, 0x0f, 0xfe, 0x0f, 0xfe, 0x1f, 0xfe, 0x1f, 0xfe,
    0x1f, 0xfe, 0x1f, 0xfe, 0x1f, 0xfe, 0x1f, 0xfe, 0x3f, 0xfc, 0x3f, 0xfc, 0x3f, 0xf8, 0x3f, 0xf8,
    0x7f, 0xf8, 0x7f, 0xf8, 0x3c, 0x7c, 0x3c, 0x7c, 0x10, 0x3c, 0x10, 0x3c,
    0x00, 0x00, 0x00, 0x00, 0x00, 0x00, 0x00, 0x00, 0x00, 0x00, 0x00, 0x00, 0x00, 0x00, 0x00, 0x00,
    0x00, 0x00, 0x00, 0x00, 0x00, 0x3f, 0xfc, 0x00, 0x00, 0xff, 0xff, 0x00, 0x01, 0xff, 0xff, 0x80,
    0x03, 0xff, 0xff, 0xc0, 0x07, 0xff, 0xff, 0xc0, 0x07, 0xff, 0xff, 0xe0, 0x07, 0xff, 0xff, 0xe0,
    0x07, 0xff, 0xff, 0xe0, 0x07, 0xff, 0xff, 0xe0, 0x0f, 0xff, 0xff, 0xf0, 0x0f, 0xff, 0xff, 0xf0,
    0x1f, 0xff, 0xff, 0xf8, 0x1f, 0xff, 0xff, 0xf8, 0x1f, 0xff, 0xff, 0xf8, 0x1f, 0xff, 0xff, 0xf8,
    0x1f, 0xff, 0xff, 0xf8, 0x1f, 0xff, 0xff, 0xf8, 0x0f, 0xff, 0xff, 0xf0, 0x0f, 0xff, 0xff, 0xf0,
    0x07, 0xff, 0xff, 0xe0, 0x07, 0xff, 0xff, 0xe0, 0x07, 0xff, 0xff, 0xe0, 0x07, 0xff, 0xff, 0xe0,
    0x07, 0xff, 0xff, 0xe0, 0x07, 0xff, 0xff, 0xc0, 0x0f, 0xff, 0xff, 0xe0, 0x0f, 0xff, 0xff, 0xf0,
    0x0f, 0xff, 0xff, 0xf0, 0x1f, 0xff, 0xff, 0xf8, 0x1f, 0xff, 0xff, 0xf8, 0x3f, 0xfc, 0x3f, 0xfc,
    0x7f, 0xfe, 0x7f, 0xfe, 0x7f, 0xfe, 0x7f, 0xfe, 0x7f, 0xfe, 0x7f, 0xfe, 0x7f, 0xfe, 0x7f, 0xfe,
    0x3f, 0xfc, 0x3f, 0xfc, 0x7c, 0xf8, 0x7c, 0xf8, 0x7c, 0x78, 0x7c, 0x78,
    0x00, 0x00, 0x00, 0x00, 0x00, 0x00, 0x00, 0x00, 0x00, 0x3f, 0xfc, 0x00, 0x00, 0xff, 0xff, 0x00,
    0x01, 0xff, 0xff, 0x80, 0x03, 0xff, 0xff, 0xc0, 0x07, 0xff, 0xff, 0xc0, 0x07, 0xff, 0xff, 0xe0,
    0x07, 0xff, 0xff, 0xe0, 0x07, 0xff, 0xff, 0xe0, 0x07, 0xff, 0xff, 0xe0, 0x0f, 0xff, 0xff, 0xf0,
    0x0f, 0xff, 0xff, 0xf0, 0x1f, 0xff, 0xff, 0xf8, 0x1f, 0xff, 0xff, 0xf8, 0x1f, 0xff, 0xff, 0xf8,
    0x1f, 0xff, 0xff, 0xf8, 0x1f, 0xff, 0xff, 0xf8, 0x1f, 0xff, 0xff, 0xf8, 0x0f, 0xff, 0xff, 0xf0,
    0x0f, 0xff, 0xff, 0xf0, 0x07, 0xff, 0xff, 0xe0, 0x07, 0xff, 0xff, 0xe0, 0x07, 0xff, 0xff, 0xe0,
    0x07, 0xff, 0xff, 0xe0, 0x07, 0xff, 0xff, 0xe0, 0x03, 0xff, 0xff, 0xc0, 0x07, 0xff, 0xff, 0xc0,
    0x0f, 0xff, 0xff, 0xe0, 0x0f, 0xff, 0xff, 0xf0, 0x0f, 0xff, 0xff, 0xf0, 0x1f, 0xff, 0xff, 0xf8,
    0x1f, 0xf8, 0x1f, 0xf8, 0x1f, 0xf8, 0x1f, 0xf8, 0x3f, 0xfc, 0x3f, 0xfc, 0x7f, 0xfe, 0x7f, 0xfe,
    0x7f, 0xfe, 0x7f, 0xfe, 0x7f, 0xfe, 0x7f, 0xfe, 0x7f, 0xfe, 0x7f, 0xfe, 0x3f, 0xfc, 0x3f, 0xfc,
    0x0f, 0xe0, 0x0f, 0xe0, 0x07, 0xc0, 0x07, 0xc0, 0x07, 0x80, 0x07, 0x80,
    0x00, 0x3f, 0xfc, 0x00, 0x00, 0xff, 0xff, 0x00, 0x01, 0xff, 0xff, 0x80, 0x03, 0xff, 0xff, 0xc0,
    0x07, 0xff, 0xff, 0xc0, 0x07, 0xff, 0xff, 0xe0, 0x07, 0xff, 0xff, 0xe0, 0x07, 0xff, 0xff, 0xe0,
    0x07, 0xff, 0xff, 0xe0, 0x0f, 0xff, 0xff, 0xf0, 0x0f, 0xff, 0xff, 0xf0, 0x1f, 0xff, 0xff, 0xf8,
    0x1f, 0xff, 0xff, 0xf8, 0x1f, 0xff, 0xff, 0xf8, 0x1f, 0xff, 0xff, 0xf8, 0x1f, 0xff, 0xff, 0xf8,
    0x1f, 0xff, 0xff, 0xf8, 0x0f, 0xff, 0xff, 0xf0, 0x0f, 0xff, 0xff, 0xf0, 0x07, 0xff, 0xff, 0xe0,
    0x07, 0xff, 0xff, 0xe0, 0x07, 0xff, 0xff, 0xe0, 0x07, 0xff, 0xff, 0xe0, 0x07, 0xff, 0xff, 0xe0,
    0x03, 0xff, 0xff, 0xc0, 0x03, 0xff, 0xff, 0xc0, 0x03, 0xff, 0xff, 0xc0, 0x07, 0xff, 0xff, 0xc0,
    0x0f, 0xff, 0xff, 0xe0, 0x0f, 0xff, 0xff, 0xf0, 0x0f, 0xf0, 0x0f, 0xf0, 0x1f, 0xf8, 0x1f, 0xf8,
    0x1f, 0xf8, 0x1f, 0xf8, 0x1f, 0xf8, 0x1f, 0xf8, 0x3f, 0xfc, 0x3f, 0xfc, 0x7f, 0xfe, 0x7f, 0xfe,
    0x7f, 0xff, 0x7f, 0xff, 0xff, 0xff, 0xff, 0xff, 0xff, 0xff, 0xff, 0xff, 0x7f, 0xf6, 0x7f, 0xf6,
    0x1f, 0xe0, 0x1f, 0xe0, 0x1f, 0xf0, 0x1f, 0xf0, 0x00, 0xf0, 0x00, 0xf0,
};

/* sCaravan2: 4 masks of 236 bytes */
static const uint8_t s_mask_sCaravan2[944] = {
    0x00, 0x00, 0x00, 0x00, 0x00, 0x00, 0x00, 0x00, 0x00, 0x00, 0x00, 0x00, 0x00, 0x00, 0x00, 0x00,
    0x00, 0x00, 0x00, 0x00, 0x00, 0x00, 0x00, 0x00, 0x00, 0x00, 0x00, 0x00, 0x00, 0x00, 0x00, 0x00,
    0x00, 0x00, 0x00, 0x00, 0x00, 0x07, 0xf0, 0x00, 0x00, 0x0f, 0xf8, 0x00, 0x00, 0x1f, 0xfc, 0x00,
    0x00, 0x1f, 0xfe, 0x00, 0x00, 0x1f, 0xfe, 0x00, 0x00, 0x0f, 0xfc, 0x00, 0x00, 0x0f, 0xfc, 0x00,
    0x00, 0x1f, 0xfe, 0x00, 0x00, 0x1f, 0xfe, 0x00, 0x00, 0x1f, 0xfc, 0x00, 0x00, 0x1f, 0xf0, 0x00,
    0x00, 0x3f, 0xfc, 0x00, 0x00, 0xff, 0xff, 0x00, 0x01, 0xff, 0xff, 0x80, 0x03, 0xff, 0xff, 0xc0,
    0x07, 0xff, 0xff, 0xc0, 0x07, 0xff, 0xff, 0xe0, 0x07, 0xff, 0xff, 0xe0, 0x07, 0xff, 0xff, 0xe0,
    0x07, 0xff, 0xff, 0xe0, 0x0f, 0xff, 0xff, 0xf0, 0x0f, 0xff, 0xff, 0xf0, 0x1f, 0xff, 0xff, 0xf8,
    0x1f, 0xff, 0xff, 0xf8, 0x1f, 0xff, 0xff, 0xf8, 0x1f, 0xff, 0xff, 0xf8, 0x1f, 0xff, 0xff, 0xf8,
    0x1f, 0xff, 0xff, 0xf8, 0x0f, 0xff, 0xff, 0xf0, 0x0f, 0xff, 0xff, 0xf0, 0x07, 0xff, 0xff, 0xe0,
    0x07, 0xff, 0xff, 0xe0, 0x07, 0xff, 0xff, 0xe0, 0x07, 0xff, 0xff, 0xe0, 0x07, 0xff, 0xff, 0xe0,
    0x07, 0xff, 0xff, 0xf0, 0x07, 0xff, 0xff, 0xf8, 0x07, 0xff, 0xff, 0xf8, 0x0f, 0xff, 0xff, 0xfc,
    0x0f, 0xff, 0xff, 0xfc, 0x0f, 0xff, 0xff, 0xfc, 0x0f, 0xfe, 0x0f, 0xfe, 0x1f, 0xfe, 0x1f, 0xfe,
    0x1f, 0xfe, 0x1f, 0xfe, 0x1f, 0xfe, 0x1f, 0xfe, 0x3f, 0xfc, 0x3f, 0xfc, 0x3f, 0xf8, 0x3f, 0xf8,
    0x7f, 0xf8, 0x7f, 0xf8, 0x3c, 0x7c, 0x3c, 0x7c, 0x10, 0x3c, 0x10, 0x3c,
    0x00, 0x00, 0x00, 0x00, 0x00, 0x00, 0x00, 0x00, 0x00, 0x00, 0x00, 0x00, 0x00, 0x00, 0x00, 0x00,
    0x00, 0x00, 0x00, 0x00, 0x00, 0x00, 0x00, 0x00, 0x00, 0x00, 0x00, 0x00, 0x00, 0x00, 0x00, 0x00,
    0x00, 0x00, 0x00, 0x00, 0x00, 0x00, 0x00, 0x00, 0x00, 0x07, 0xf0, 0x00, 0x00, 0x0f, 0xf8, 0x00,
    0x00, 0x1f, 0xfc, 0x00, 0x00, 0x1f, 0xfe, 0x00, 0x00, 0x1f, 0xfe, 0x00, 0x00, 0x0f, 0xfc, 0x00,
    0x00, 0x0f, 0xfc, 0x00, 0x00, 0x1f, 0xfe, 0x00, 0x00, 0x1f, 0xfe, 0x00, 0x00, 0x1f, 0xfc, 0x00,
    0x00, 0x1f, 0xf0, 0x00, 0x00, 0x3f, 0xfc, 0x00, 0x00, 0xff, 0xff, 0x00, 0x01, 0xff, 0xff, 0x80,
    0x03, 0xff, 0xff, 0xc0, 0x07, 0xff, 0xff, 0xc0, 0x07, 0xff, 0xff, 0xe0, 0x07, 0xff, 0xff, 0xe0,
    0x07, 0xff, 0xff, 0xe0, 0x07, 0xff, 0xff, 0xe0, 0x0f, 0xff, 0xff, 0xf0, 0x0f, 0xff, 0xff, 0xf0,
    0x1f, 0xff, 0xff, 0xf8, 0x1f, 0xff, 0xff, 0xf8, 0x1f, 0xff, 0xff, 0xf8, 0x1f, 0xff, 0xff, 0xf8,
    0x1f, 0xff, 0xff, 0xf8, 0x1f, 0xff, 0xff, 0xf8, 0x0f, 0xff, 0xff, 0xf0, 0x0f, 0xff, 0xff, 0xf0,
    0x07, 0xff, 0xff, 0xe0, 0x07, 0xff, 0xff, 0xe0, 0x07, 0xff, 0xff, 0xe0, 0x07, 0xff, 0xff, 0xe0,
    0x07, 0xff, 0xff, 0xe0, 0x07, 0xff, 0xff, 0xc0, 0x0f, 0xff, 0xff, 0xe0, 0x0f, 0xff, 0xff, 0xf0,
    0x0f, 0xff, 0xff, 0xf0, 0x1f, 0xff, 0xff, 0xf8, 0x1f, 0xff, 0xff, 0xf8, 0x3f, 0xfc, 0x3f, 0xfc,
    0x7f, 0xfe, 0x7f, 0xfe, 0x7f, 0xfe, 0x7f, 0xfe, 0x7f, 0xfe, 0x7f, 0xfe, 0x7f, 0xfe, 0x7f, 0xfe,
    0x3f, 0xfc, 0x3f, 0xfc, 0x7c, 0xf8, 0x7c, 0xf8, 0x7c, 0x78, 0x7c, 0x78,
    0x00, 0x00, 0x00, 0x00, 0x00, 0x00, 0x00, 0x00, 0x00, 0x07, 0xf0, 0x00, 0x00, 0x0f, 0xf8, 0x00,
    0x00, 0x1f, 0xfc, 0x00, 0x00, 0x1f, 0xfe, 0x00, 0x00, 0x1f, 0xfe, 0x00, 0x00, 0x0f, 0xfc, 0x00,
    0x00, 0x0f, 0xfc, 0x00, 0x00, 0x1f, 0xfe, 0x00, 0x00, 0x1f, 0xfe, 0x00, 0x00, 0x0f, 0xfc, 0x00,
    0x00, 0x0f, 0xf8, 0x00, 0x00, 0x07, 0xf0, 0x00, 0x00, 0x0f, 0xf0, 0x00, 0x00, 0x1f, 0xe0, 0x00,
    0x00, 0x3f, 0xc0, 0x00, 0x00, 0x00, 0x00, 0x00, 0x00, 0x3f, 0xfc, 0x00, 0x00, 0xff, 0xff, 0x00,
    0x01, 0xff, 0xff, 0x80, 0x03, 0xff, 0xff, 0xc0, 0x07, 0xff, 0xff, 0xc0, 0x07, 0xff, 0xff, 0xe0,
    0x07, 0xff, 0xff, 0xe0, 0x07, 0xff, 0xff, 0xe0, 0x07, 0xff, 0xff, 0xe0, 0x0f, 0xff, 0xff, 0xf0,
    0x0f, 0xff, 0xff, 0xf0, 0x1f, 0xff, 0xff, 0xf8, 0x1f, 0xff, 0xff, 0xf8, 0x1f, 0xff, 0xff, 0xf8,
    0x1f, 0xff, 0xff, 0xf8, 0x1f, 0xff, 0xff, 0xf8, 0x1f, 0xff, 0xff, 0xf8, 0x0f, 0xff, 0xff, 0xf0,
    0x0f, 0xff, 0xff, 0xf0, 0x07, 0xff, 0xff, 0xe0, 0x07, 0xff, 0xff, 0xe0, 0x07, 0xff, 0xff, 0xe0,
    0x07, 0xff, 0xff, 0xe0, 0x07, 0xff, 0xff, 0xe0, 0x03, 0xff, 0xff, 0xc0, 0x07, 0xff, 0xff, 0xc0,
    0x0f, 0xff, 0xff, 0xe0, 0x0f, 0xff, 0xff, 0xf0, 0x0f, 0xff, 0xff, 0xf0, 0x1f, 0xff, 0xff, 0xf8,
    0x1f, 0xf8, 0x1f, 0xf8, 0x1f, 0xf8, 0x1f, 0xf8, 0x3f, 0xfc, 0x3f, 0xfc, 0x7f, 0xfe, 0x7f, 0xfe,
    0x7f, 0xfe, 0x7f, 0xfe, 0x7f, 0xfe, 0x7f, 0xfe, 0x7f, 0xfe, 0x7f, 0xfe, 0x3f, 0xfc, 0x3f, 0xfc,
    0x0f, 0xe0, 0x0f, 0xe0, 0x07, 0xc0, 0x07, 0xc0, 0x07, 0x80, 0x07, 0x80,
    0x00, 0x07, 0xf0, 0x00, 0x00, 0x0f, 0xf8, 0x00, 0x00, 0x1f, 0xfc, 0x00, 0x00, 0x1f, 0xfe, 0x00,
    0x00, 0x1f, 0xfe, 0x00, 0x00, 0x0f, 0xfc, 0x00, 0x00, 0x0f, 0xfc, 0x00, 0x00, 0x1f, 0xfe, 0x00,
    0x00, 0x1f, 0xfe, 0x00, 0x00, 0x0f, 0xfc, 0x00, 0x00, 0x0f, 0xf8, 0x00, 0x00, 0x07, 0xf0, 0x00,
    0x00, 0x0f, 0xf0, 0x00, 0x00, 0x1f, 0xe0, 0x00, 0x00, 0x3f, 0xc0, 0x00, 0x00, 0x00, 0x00, 0x00,
    0x00, 0x3f, 0xfc, 0x00, 0x00, 0xff, 0xff, 0x00, 0x01, 0xff, 0xff, 0x80, 0x03, 0xff, 0xff, 0xc0,
    0x07, 0xff, 0xff, 0xc0, 0x07, 0xff, 0xff, 0xe0, 0x07, 0xff, 0xff, 0xe0, 0x07, 0xff, 0xff, 0xe0,
    0x07, 0xff, 0xff, 0xe0, 0x0f, 0xff, 0xff, 0xf0, 0x0f, 0xff, 0xff, 0xf0, 0x1f, 0xff, 0xff, 0xf8,
    0x1f, 0xff, 0xff, 0xf8, 0x1f, 0xff, 0xff, 0xf8, 0x1f, 0xff, 0xff, 0xf8, 0x1f, 0xff, 0xff, 0xf8,
    0x1f, 0xff, 0xff, 0xf8, 0x0f, 0xff, 0xff, 0xf0, 0x0f, 0xff, 0xff, 0xf0, 0x07, 0xff, 0xff, 0xe0,
    0x07, 0xff, 0xff, 0xe0, 0x07, 0xff, 0xff, 0xe0, 0x07, 0xff, 0xff, 0xe0, 0x07, 0xff, 0xff, 0xe0,
    0x03, 0xff, 0xff, 0xc0, 0x03, 0xff, 0xff, 0xc0, 0x03, 0xff, 0xff, 0xc0, 0x07, 0xff, 0xff, 0xc0,
    0x0f, 0xff, 0xff, 0xe0, 0x0f, 0xff, 0xff, 0xf0, 0x0f, 0xf0, 0x0f, 0xf0, 0x1f, 0xf8, 0x1f, 0xf8,
    0x1f, 0xf8, 0x1f, 0xf8, 0x1f, 0xf8, 0x1f, 0xf8, 0x3f, 0xfc, 0x3f, 0xfc, 0x7f, 0xfe, 0x7f, 0xfe,
    0x7f, 0xff, 0x7f, 0xff, 0xff, 0xff, 0xff, 0xff, 0xff, 0xff, 0xff, 0xff, 0x7f, 0xf6, 0x7f, 0xf6,
    0x1f, 0xe0, 0x1f, 0xe0, 0x1f, 0xf0, 0x1f, 0xf0, 0x00, 0xf0, 0x00, 0xf0,
};

/* sCaravan3: 4 masks of 236 bytes */
static const uint8_t s_mask_sCaravan3[944] = {
    0x00, 0x00, 0x00, 0x00, 0x00, 0x00, 0x00, 0x00, 0x00, 0x00, 0x00, 0x00, 0x00, 0x00, 0x00, 0x00,
    0x00, 0x00, 0x00, 0x00, 0x00, 0x00, 0x00, 0x00, 0x00, 0x00, 0x00, 0x00, 0x00, 0x00, 0x00, 0x00,
    0x00, 0x00, 0x00, 0x00, 0x00, 0x07, 0xe0, 0x00, 0x00, 0x0f, 0xf0, 0x00, 0x00, 0x0f, 0xf0, 0x00,
    0x00, 0x3f, 0xf8, 0x00, 0x00, 0x3f, 0xfe, 0x00, 0x00, 0x0f, 0xfc, 0x00, 0x00, 0x0f, 0xf0, 0x00,
    0x00, 0x0f, 0xf0, 0x00, 0x00, 0x07, 0xf0, 0x00, 0x00, 0x1f, 0xf8, 0x00, 0x00, 0x3f, 0xf8, 0x00,
    0x00, 0x3f, 0xf8, 0x00, 0x00, 0xff, 0xff, 0x00, 0x01, 0xff, 0xff, 0x80, 0x03, 0xff, 0xff, 0xc0,
    0x07, 0xff, 0xff, 0xc0, 0x07, 0xff, 0xff, 0xe0, 0x07, 0xff, 0xff, 0xe0, 0x07, 0xff, 0xff, 0xe0,
    0x07, 0xff, 0xff, 0xe0, 0x0f, 0xff, 0xff, 0xf0, 0x0f, 0xff, 0xff, 0xf0, 0x1f, 0xff, 0xff, 0xf8,
    0x1f, 0xff, 0xff, 0xf8, 0x1f, 0xff, 0xff, 0xf8, 0x1f, 0xff, 0xff, 0xf8, 0x1f, 0xff, 0xff, 0xf8,
    0x1f, 0xff, 0xff, 0xf8, 0x0f, 0xff, 0xff, 0xf0, 0x0f, 0xff, 0xff, 0xf0, 0x07, 0xff, 0xff, 0xe0,
    0x07, 0xff, 0xff, 0xe0, 0x07, 0xff, 0xff, 0xe0, 0x07, 0xff, 0xff, 0xe0, 0x07, 0xff, 0xff, 0xe0,
    0x07, 0xff, 0xff, 0xf0, 0x07, 0xff, 0xff, 0xf8, 0x07, 0xff, 0xff, 0xf8, 0x0f, 0xff, 0xff, 0xfc,
    0x0f, 0xff, 0xff, 0xfc, 0x0f, 0xff, 0xff, 0xfc, 0x0f, 0xfe, 0x0f, 0xfe, 0x1f, 0xfe, 0x1f, 0xfe,
    0x1f, 0xfe, 0x1f, 0xfe, 0x1f, 0xfe, 0x1f, 0xfe, 0x3f, 0xfc, 0x3f, 0xfc, 0x3f, 0xf8, 0x3f, 0xf8,
    0x7f, 0xf8, 0x7f, 0xf8, 0x3c, 0x7c, 0x3c, 0x7c, 0x10, 0x3c, 0x10, 0x3c,
    0x00, 0x00, 0x00, 0x00, 0x00, 0x00, 0x00, 0x00, 0x00, 0x00, 0x00, 0x00, 0x00, 0x00, 0x00, 0x00,
    0x00, 0x00, 0x00, 0x00, 0x00, 0x00, 0x00, 0x00, 0x00, 0x00, 0x00, 0x00, 0x00, 0x00, 0x00, 0x00,
    0x00, 0x00, 0x00, 0x00, 0x00, 0x00, 0x00, 0x00, 0x00, 0x07, 0xe0, 0x00, 0x00, 0x0f, 0xf0, 0x00,
    0x00, 0x0f, 0xf0, 0x00, 0x00, 0x3f, 0xf8, 0x00, 0x00, 0x3f, 0xfe, 0x00, 0x00, 0x0f, 0xfc, 0x00,
    0x00, 0x0f, 0xf0, 0x00, 0x00, 0x0f, 0xf0, 0x00, 0x00, 0x07, 0xf0, 0x00, 0x00, 0x1f, 0xf8, 0x00,
    0x00, 0x3f, 0xf8, 0x00, 0x00, 0x3f, 0xf8, 0x00, 0x00, 0xff, 0xff, 0x00, 0x01, 0xff, 0xff, 0x80,
    0x03, 0xff, 0xff, 0xc0, 0x07, 0xff, 0xff, 0xc0, 0x07, 0xff, 0xff, 0xe0, 0x07, 0xff, 0xff, 0xe0,
    0x07, 0xff, 0xff, 0xe0, 0x07, 0xff, 0xff, 0xe0, 0x0f, 0xff, 0xff, 0xf0, 0x0f, 0xff, 0xff, 0xf0,
    0x1f, 0xff, 0xff, 0xf8, 0x1f, 0xff, 0xff, 0xf8, 0x1f, 0xff, 0xff, 0xf8, 0x1f, 0xff, 0xff, 0xf8,
    0x1f, 0xff, 0xff, 0xf8, 0x1f, 0xff, 0xff, 0xf8, 0x0f, 0xff, 0xff, 0xf0, 0x0f, 0xff, 0xff, 0xf0,
    0x07, 0xff, 0xff, 0xe0, 0x07, 0xff, 0xff, 0xe0, 0x07, 0xff, 0xff, 0xe0, 0x07, 0xff, 0xff, 0xe0,
    0x07, 0xff, 0xff, 0xe0, 0x07, 0xff, 0xff, 0xc0, 0x0f, 0xff, 0xff, 0xe0, 0x0f, 0xff, 0xff, 0xf0,
    0x0f, 0xff, 0xff, 0xf0, 0x1f, 0xff, 0xff, 0xf8, 0x1f, 0xff, 0xff, 0xf8, 0x3f, 0xfc, 0x3f, 0xfc,
    0x7f, 0xfe, 0x7f, 0xfe, 0x7f, 0xfe, 0x7f, 0xfe, 0x7f, 0xfe, 0x7f, 0xfe, 0x7f, 0xfe, 0x7f, 0xfe,
    0x3f, 0xfc, 0x3f, 0xfc, 0x7c, 0xf8, 0x7c, 0xf8, 0x7c, 0x78, 0x7c, 0x78,
    0x00, 0x00, 0x00, 0x00, 0x00, 0x00, 0x00, 0x00, 0x00, 0x07, 0xe0, 0x00, 0x00, 0x0f, 0xf0, 0x00,
    0x00, 0x1f, 0xf8, 0x00, 0x00, 0x3f, 0xf8, 0x00, 0x00, 0x2f, 0xfc, 0x00, 0x00, 0x0f, 0xf4, 0x00,
    0x00, 0x0f, 0xf0, 0x00, 0x00, 0x07, 0xf0, 0x00, 0x00, 0x1f, 0xf8, 0x00, 0x00, 0x3f, 0xf8, 0x00,
    0x00, 0x3f, 0xf8, 0x00, 0x00, 0x1f, 0xf8, 0x00, 0x00, 0x1f, 0xf0, 0x00, 0x00, 0x00, 0x00, 0x00,
    0x00, 0x00, 0x00, 0x00, 0x00, 0x00, 0x00, 0x00, 0x00, 0x3f, 0xfc, 0x00, 0x00, 0xff, 0xff, 0x00,
    0x01, 0xff, 0xff, 0x80, 0x03, 0xff, 0xff, 0xc0, 0x07, 0xff, 0xff, 0xc0, 0x07, 0xff, 0xff, 0xe0,
    0x07, 0xff, 0xff, 0xe0, 0x07, 0xff, 0xff, 0xe0, 0x07, 0xff, 0xff, 0xe0, 0x0f, 0xff, 0xff, 0xf0,
    0x0f, 0xff, 0xff, 0xf0, 0x1f, 0xff, 0xff, 0xf8, 0x1f, 0xff, 0xff, 0xf8, 0x1f, 0xff, 0xff, 0xf8,
    0x1f, 0xff, 0xff, 0xf8, 0x1f, 0xff, 0xff, 0xf8, 0x1f, 0xff, 0xff, 0xf8, 0x0f, 0xff, 0xff, 0xf0,
    0x0f, 0xff, 0xff, 0xf0, 0x07, 0xff, 0xff, 0xe0, 0x07, 0xff, 0xff, 0xe0, 0x07, 0xff, 0xff, 0xe0,
    0x07, 0xff, 0xff, 0xe0, 0x07, 0xff, 0xff, 0xe0, 0x03, 0xff, 0xff, 0xc0, 0x07, 0xff, 0xff, 0xc0,
    0x0f, 0xff, 0xff, 0xe0, 0x0f, 0xff, 0xff, 0xf0, 0x0f, 0xff, 0xff, 0xf0, 0x1f, 0xff, 0xff, 0xf8,
    0x1f, 0xf8, 0x1f, 0xf8, 0x1f, 0xf8, 0x1f, 0xf8, 0x3f, 0xfc, 0x3f, 0xfc, 0x7f, 0xfe, 0x7f, 0xfe,
    0x7f, 0xfe, 0x7f, 0xfe, 0x7f, 0xfe, 0x7f, 0xfe, 0x7f, 0xfe, 0x7f, 0xfe, 0x3f, 0xfc, 0x3f, 0xfc,
    0x0f, 0xe0, 0x0f, 0xe0, 0x07, 0xc0, 0x07, 0xc0, 0x07, 0x80, 0x07, 0x80,
    0x00, 0x07, 0xe0, 0x00, 0x00, 0x0f, 0xf0, 0x00, 0x00, 0x3f, 0xf4, 0x00, 0x00, 0x3f, 0xfe, 0x00,
    0x00, 0x1f, 0xfe, 0x00, 0x00, 0x0f, 0xf8, 0x00, 0x00, 0x0f, 0xf8, 0x00, 0x00, 0x0f, 0xf0, 0x00,
    0x00, 0x0f, 0xf0, 0x00, 0x00, 0x07, 0xf0, 0x00, 0x00, 0x1f, 0xf8, 0x00, 0x00, 0x3f, 0xf8, 0x00,
    0x00, 0x3f, 0xf8, 0x00, 0x00, 0x1f, 0xf8, 0x00, 0x00, 0x1f, 0xf0, 0x00, 0x00, 0x00, 0x00, 0x00,
    0x00, 0x3f, 0xfc, 0x00, 0x00, 0xff, 0xff, 0x00, 0x01, 0xff, 0xff, 0x80, 0x03, 0xff, 0xff, 0xc0,
    0x07, 0xff, 0xff, 0xc0, 0x07, 0xff, 0xff, 0xe0, 0x07, 0xff, 0xff, 0xe0, 0x07, 0xff, 0xff, 0xe0,
    0x07, 0xff, 0xff, 0xe0, 0x0f, 0xff, 0xff, 0xf0, 0x0f, 0xff, 0xff, 0xf0, 0x1f, 0xff, 0xff, 0xf8,
    0x1f, 0xff, 0xff, 0xf8, 0x1f, 0xff, 0xff, 0xf8, 0x1f, 0xff, 0xff, 0xf8, 0x1f, 0xff, 0xff, 0xf8,
    0x1f, 0xff, 0xff, 0xf8, 0x0f, 0xff, 0xff, 0xf0, 0x0f, 0xff, 0xff, 0xf0, 0x07, 0xff, 0xff, 0xe0,
    0x07, 0xff, 0xff, 0xe0, 0x07, 0xff, 0xff, 0xe0, 0x07, 0xff, 0xff, 0xe0, 0x07, 0xff, 0xff, 0xe0,
    0x03, 0xff, 0xff, 0xc0, 0x03, 0xff, 0xff, 0xc0, 0x03, 0xff, 0xff, 0xc0, 0x07, 0xff, 0xff, 0xc0,
    0x0f, 0xff, 0xff, 0xe0, 0x0f, 0xff, 0xff, 0xf0, 0x0f, 0xf0, 0x0f, 0xf0, 0x1f, 0xf8, 0x1f, 0xf8,
    0x1f, 0xf8, 0x1f, 0xf8, 0x1f, 0xf8, 0x1f, 0xf8, 0x3f, 0xfc, 0x3f, 0xfc, 0x7f, 0xfe, 0x7f, 0xfe,
    0x7f, 0xff, 0x7f, 0xff, 0xff, 0xff, 0xff, 0xff, 0xff, 0xff, 0xff, 0xff, 0x7f, 0xf6, 0x7f, 0xf6,
    0x1f, 0xe0, 0x1f, 0xe0, 0x1f, 0xf0, 0x1f, 0xf0, 0x00, 0xf0, 0x00, 0xf0,
};

/* sCaveBG: 1 masks of 128 bytes */
static const uint8_t s_mask_sCaveBG[128] = {
    0xff, 0xff, 0xff, 0xff, 0xff, 0xff, 0xff, 0xff, 0xff, 0xff, 0xff, 0xff, 0xff, 0xff, 0xff, 0xff,
    0xff, 0xff, 0xff, 0xff, 0xff, 0xff, 0xff, 0xff, 0xff, 0xff, 0xff, 0xff, 0xff, 0xff, 0xff, 0xff,
    0xff, 0xff, 0xff, 0xff, 0xff, 0xff, 0xff, 0xff, 0xff, 0xff, 0xff, 0xff, 0xff, 0xff, 0xff, 0xff,
    0xff, 0xff, 0xff, 0xff, 0xff, 0xff, 0xff, 0xff, 0xff, 0xff, 0xff, 0xff, 0xff, 0xff, 0xff, 0xff,
    0xff, 0xff, 0xff, 0xff, 0xff, 0xff, 0xff, 0xff, 0xff, 0xff, 0xff, 0xff, 0xff, 0xff, 0xff, 0xff,
    0xff, 0xff, 0xff, 0xff, 0xff, 0xff, 0xff, 0xff, 0xff, 0xff, 0xff, 0xff, 0xff, 0xff, 0xff, 0xff,
    0xff, 0xff, 0xff, 0xff, 0xff, 0xff, 0xff, 0xff, 0xff, 0xff, 0xff, 0xff, 0xff, 0xff, 0xff, 0xff,
    0xff, 0xff, 0xff, 0xff, 0xff, 0xff, 0xff, 0xff, 0xff, 0xff, 0xff, 0xff, 0xff, 0xff, 0xff, 0xff,
};

/* sCaveBG1: 1 masks of 124 bytes */
static const uint8_t s_mask_sCaveBG1[124] = {
    0x80, 0x00, 0x00, 0x00, 0x60, 0x00, 0x00, 0x00, 0x38, 0x00, 0x00, 0x00, 0x0e, 0x00, 0x00, 0x00,
    0x07, 0x80, 0x00, 0x00, 0x03, 0xc0, 0x00, 0x00, 0x01, 0xe0, 0x00, 0x00, 0x00, 0xfc, 0x00, 0x00,
    0x00, 0xff, 0x00, 0x00, 0x00, 0x7f, 0xf8, 0x00, 0x00, 0x7f, 0xfc, 0x00, 0x00, 0x7f, 0xfc, 0x00,
    0x00, 0x7f, 0xfe, 0x00, 0x00, 0x7f, 0xfe, 0x01, 0x00, 0xff, 0xfe, 0x03, 0x00, 0xff, 0xfe, 0x06,
    0x00, 0xff, 0xff, 0x9c, 0x00, 0x7f, 0xff, 0xf8, 0x1c, 0x3f, 0xff, 0xf8, 0x3e, 0x0f, 0xff, 0xf0,
    0x3f, 0x07, 0xff, 0xf0, 0x3f, 0x83, 0xff, 0xf0, 0x1f, 0x83, 0xff, 0xe0, 0x1f, 0x83, 0xff, 0xe0,
    0x1f, 0x83, 0xff, 0xe0, 0x0f, 0x03, 0xff, 0xe0, 0x00, 0x07, 0xff, 0xc0, 0x00, 0x07, 0xff, 0x80,
    0x00, 0x0f, 0xf8, 0x00, 0x00, 0x0f, 0xe0, 0x00, 0x00, 0x07, 0xc0, 0x00,
};

/* sCaveBG2: 1 masks of 120 bytes */
static const uint8_t s_mask_sCaveBG2[120] = {
    0x01, 0xe0, 0x03, 0xc0, 0x07, 0xe0, 0x07, 0xe0, 0x1f, 0xcf, 0x0f, 0xf0, 0x1f, 0xff, 0xcf, 0xf8,
    0x3f, 0xff, 0xef, 0xf8, 0x3f, 0xff, 0xff, 0xfc, 0x3f, 0xff, 0xff, 0xfc, 0x3f, 0xff, 0xff, 0xfc,
    0x3f, 0xff, 0xff, 0xfc, 0x1f, 0xff, 0xff, 0xd8, 0xc7, 0xff, 0xff, 0xe0, 0xef, 0xff, 0xff, 0xf3,
    0xef, 0xff, 0xff, 0xf7, 0xef, 0xff, 0xff, 0xff, 0x6f, 0xff, 0xff, 0xff, 0x0f, 0xff, 0xff, 0xfb,
    0x0f, 0xff, 0xff, 0xfb, 0x0f, 0xff, 0xff, 0xf8, 0x1f, 0xff, 0xff, 0xf8, 0x3f, 0xff, 0xff, 0xf8,
    0x7f, 0xff, 0xff, 0xf0, 0x7f, 0xff, 0xff, 0xfc, 0x7f, 0xff, 0xff, 0xfe, 0x7f, 0xff, 0xff, 0xfe,
    0x3d, 0xff, 0xfc, 0xfe, 0x1b, 0xff, 0xfd, 0xfc, 0x0f, 0xff, 0xf3, 0xfc, 0x3f, 0xef, 0xc3, 0xf0,
    0x3d, 0xc0, 0x01, 0xc0, 0x18, 0x00, 0x00, 0x00,
};

/* sCaveBGEntrance: 1 masks of 32 bytes */
static const uint8_t s_mask_sCaveBGEntrance[32] = {
    0x7f, 0xff, 0x7f, 0xff, 0xff, 0xff, 0xff, 0xff, 0xff, 0xff, 0xff, 0xff, 0xff, 0xff, 0xff, 0xff,
    0x7f, 0xff, 0x7f, 0xff, 0xff, 0xff, 0xff, 0xff, 0xff, 0xff, 0xff, 0xff, 0xff, 0xff, 0x7f, 0xff,
};

/* sCaveManWorshipL: 7 masks of 30 bytes */
static const uint8_t s_mask_sCaveManWorshipL[210] = {
    0x01, 0xf0, 0x03, 0xf8, 0x03, 0xfc, 0x03, 0xfc, 0x0f, 0xfe, 0x0f, 0xff, 0x0f, 0xff, 0x0f, 0xff,
    0x0f, 0xff, 0x07, 0xff, 0x07, 0xfe, 0x07, 0xfe, 0x07, 0xfe, 0x03, 0xff, 0x01, 0xfe,
    0x01, 0xf0, 0x03, 0xf8, 0x03, 0xfc, 0x03, 0xfc, 0x07, 0xfe, 0x07, 0xfe, 0x1f, 0xfe, 0x3f, 0xfe,
    0x3f, 0xfe, 0x1f, 0xfe, 0x07, 0xfe, 0x07, 0xfe, 0x07, 0xfe, 0x03, 0xff, 0x01, 0xfe,
    0x00, 0x00, 0x03, 0xe0, 0x07, 0xf0, 0x07, 0xf8, 0x07, 0xf8, 0x0f, 0xfc, 0x0f, 0xfc, 0x3f, 0xfc,
    0x7f, 0xfc, 0x7f, 0xfe, 0x3f, 0xfe, 0x07, 0xfe, 0x07, 0xfe, 0x03, 0xff, 0x01, 0xfe,
    0x00, 0x00, 0x00, 0x00, 0x00, 0x00, 0x00, 0x00, 0x00, 0x00, 0x00, 0x00, 0x1f, 0x00, 0x3f, 0xf0,
    0x3f, 0xf8, 0x3f, 0xfc, 0x7f, 0xfe, 0x7f, 0xfe, 0xff, 0xfe, 0xff, 0xff, 0x7f, 0xfe,
    0x00, 0x00, 0x00, 0x00, 0x00, 0x00, 0x00, 0x00, 0x00, 0x00, 0x00, 0x00, 0x1f, 0x00, 0x3f, 0xf0,
    0x3f, 0xf8, 0x3f, 0xfc, 0x7f, 0xfe, 0x7f, 0xfe, 0xff, 0xfe, 0xff, 0xff, 0x7f, 0xfe,
    0x00, 0x00, 0x03, 0xe0, 0x07, 0xf0, 0x07, 0xf8, 0x07, 0xf8, 0x0f, 0xfc, 0x0f, 0xfc, 0x3f, 0xfc,
    0x7f, 0xfc, 0x7f, 0xfe, 0x3f, 0xfe, 0x07, 0xfe, 0x07, 0xfe, 0x03, 0xff, 0x01, 0xfe,
    0x01, 0xf0, 0x03, 0xf8, 0x03, 0xfc, 0x03, 0xfc, 0x07, 0xfe, 0x07, 0xfe, 0x1f, 0xfe, 0x3f, 0xfe,
    0x3f, 0xfe, 0x1f, 0xfe, 0x07, 0xfe, 0x07, 0xfe, 0x07, 0xfe, 0x03, 0xff, 0x01, 0xfe,
};

/* sCavemanWorshipR: 9 masks of 30 bytes */
static const uint8_t s_mask_sCavemanWorshipR[270] = {
    0x0f, 0x80, 0x1f, 0xc0, 0x3f, 0xc0, 0x3f, 0xc0, 0x7f, 0xf0, 0xff, 0xf0, 0xff, 0xf0, 0xff, 0xf0,
    0xff, 0xf0, 0xff, 0xe0, 0x7f, 0xe0, 0x7f, 0xe0, 0x7f, 0xe0, 0xff, 0xc0, 0x7f, 0x80,
    0x0f, 0x80, 0x1f, 0xc0, 0x3f, 0xc0, 0x3f, 0xc0, 0x7f, 0xe8, 0x7f, 0xfc, 0x7f, 0xfc, 0x7f, 0xfc,
    0x7f, 0xf8, 0x7f, 0xf0, 0x7f, 0xe0, 0x7f, 0xe0, 0x7f, 0xe0, 0xff, 0xc0, 0x7f, 0x80,
    0x00, 0x00, 0x07, 0xc0, 0x0f, 0xe0, 0x1f, 0xe0, 0x1f, 0xe0, 0x3f, 0xf0, 0x3f, 0xf0, 0x3f, 0xfc,
    0x3f, 0xfe, 0x7f, 0xfe, 0x7f, 0xfc, 0x7f, 0xe0, 0x7f, 0xe0, 0xff, 0xc0, 0x7f, 0x80,
    0x00, 0x00, 0x00, 0x00, 0x03, 0xe0, 0x07, 0xf0, 0x0f, 0xf0, 0x0f, 0xf0, 0x1f, 0xf8, 0x1f, 0xf8,
    0x3f, 0xfe, 0x7f, 0xff, 0x7f, 0xff, 0x7f, 0xfe, 0x7f, 0xf0, 0xff, 0xc0, 0x7f, 0x80,
    0x00, 0x00, 0x00, 0x00, 0x00, 0x00, 0x00, 0x00, 0x00, 0x00, 0x00, 0x00, 0x00, 0xf8, 0x0f, 0xfc,
    0x1f, 0xfc, 0x3f, 0xfc, 0x7f, 0xfe, 0x7f, 0xfe, 0x7f, 0xff, 0xff, 0xff, 0x7f, 0xff,
    0x00, 0x00, 0x00, 0x00, 0x00, 0x00, 0x00, 0x00, 0x00, 0x00, 0x00, 0x00, 0x00, 0xf8, 0x0f, 0xfc,
    0x1f, 0xfc, 0x3f, 0xfc, 0x7f, 0xfe, 0x7f, 0xfe, 0x7f, 0xff, 0xff, 0xff, 0x7f, 0xff,
    0x00, 0x00, 0x00, 0x00, 0x03, 0xe0, 0x07, 0xf0, 0x0f, 0xf0, 0x0f, 0xf0, 0x1f, 0xf8, 0x1f, 0xf8,
    0x3f, 0xfe, 0x7f, 0xff, 0x7f, 0xff, 0x7f, 0xfe, 0x7f, 0xf0, 0xff, 0xc0, 0x7f, 0x80,
    0x00, 0x00, 0x07, 0xc0, 0x0f, 0xe0, 0x1f, 0xe0, 0x1f, 0xe0, 0x3f, 0xf0, 0x3f, 0xf0, 0x3f, 0xfc,
    0x3f, 0xfe, 0x7f, 0xfe, 0x7f, 0xfc, 0x7f, 0xe0, 0x7f, 0xe0, 0xff, 0xc0, 0x7f, 0x80,
    0x0f, 0x80, 0x1f, 0xc0, 0x3f, 0xc0, 0x3f, 0xc0, 0x7f, 0xe8, 0x7f, 0xfc, 0x7f, 0xfc, 0x7f, 0xfc,
    0x7f, 0xf8, 0x7f, 0xf0, 0x7f, 0xe0, 0x7f, 0xe0, 0x7f, 0xe0, 0xff, 0xc0, 0x7f, 0x80,
};

/* sChain: 1 masks of 6 bytes */
static const uint8_t s_mask_sChain[6] = {
    0x78, 0xfc, 0xfc, 0xfc, 0xfc, 0x78,
};

/* sChangingDoor: 1 masks of 32 bytes */
static const uint8_t s_mask_sChangingDoor[32] = {
    0xff, 0xff, 0xff, 0xff, 0xff, 0xff, 0xff, 0xff, 0xff, 0xff, 0xff, 0xff, 0xff, 0xff, 0xff, 0xff,
    0xff, 0xff, 0xff, 0xff, 0xff, 0xff, 0xff, 0xff, 0xff, 0xff, 0xff, 0xff, 0xff, 0xff, 0xff, 0xff,
};

/* sChest: 1 masks of 16 bytes */
static const uint8_t s_mask_sChest[16] = {
    0x7f, 0xe0, 0xff, 0xf0, 0xff, 0xf0, 0xff, 0xf0, 0xff, 0xf0, 0xff, 0xf0, 0xff, 0xf0, 0xff, 0xf0,
};

/* sChestOpen: 1 masks of 18 bytes */
static const uint8_t s_mask_sChestOpen[18] = {
    0x7f, 0x80, 0xff, 0x80, 0xff, 0x80, 0xff, 0x80, 0xff, 0x80, 0x7f, 0xf8, 0x7f, 0xf8, 0x7f, 0xf8,
    0x7f, 0xf8,
};

/* sChestTile: 1 masks of 16 bytes */
static const uint8_t s_mask_sChestTile[16] = {
    0x7f, 0xe0, 0xff, 0xf0, 0xff, 0xf0, 0xff, 0xf0, 0xff, 0xf0, 0xff, 0xf0, 0xff, 0xf0, 0xff, 0xf0,
};

/* sCompass: 1 masks of 24 bytes */
static const uint8_t s_mask_sCompass[24] = {
    0x1f, 0x80, 0x3f, 0xc0, 0x7f, 0xe0, 0xff, 0xf0, 0xff, 0xf0, 0xff, 0xf0, 0xff, 0xf0, 0xff, 0xf0,
    0xff, 0xf0, 0xff, 0xf0, 0x7f, 0xe0, 0x3f, 0xc0,
};

/* sCompassDown: 1 masks of 32 bytes */
static const uint8_t s_mask_sCompassDown[32] = {
    0xff, 0xfc, 0xff, 0xfc, 0xff, 0xfc, 0xff, 0xfc, 0x7f, 0xf8, 0x7f, 0xf8, 0x3f, 0xf0, 0x3f, 0xf0,
    0x1f, 0xe0, 0x1f, 0xe0, 0x0f, 0xc0, 0x0f, 0xc0, 0x07, 0x80, 0x07, 0x80, 0x03, 0x00, 0x03, 0x00,
};

/* sCompassIcon: 1 masks of 32 bytes */
static const uint8_t s_mask_sCompassIcon[32] = {
    0x07, 0x80, 0x1f, 0xe0, 0x3f, 0xf0, 0x7f, 0xf8, 0x7f, 0xfc, 0xff, 0xfc, 0xff, 0xfc, 0xff, 0xfc,
    0xff, 0xfc, 0xff, 0xfc, 0xff, 0xfc, 0xff, 0xfc, 0xff, 0xfc, 0x7f, 0xf8, 0x3f, 0xf0, 0x0f, 0xc0,
};

/* sCompassLeft: 1 masks of 32 bytes */
static const uint8_t s_mask_sCompassLeft[32] = {
    0x00, 0x0c, 0x00, 0x3c, 0x00, 0xfc, 0x03, 0xfc, 0x0f, 0xfc, 0x3f, 0xfc, 0xff, 0xfc, 0xff, 0xfc,
    0xff, 0xfc, 0xff, 0xfc, 0x3f, 0xfc, 0x0f, 0xfc, 0x03, 0xfc, 0x00, 0xfc, 0x00, 0x3c, 0x00, 0x0c,
};

/* sCompassLL: 1 masks of 32 bytes */
static const uint8_t s_mask_sCompassLL[32] = {
    0x01, 0x00, 0x01, 0x80, 0x03, 0xc0, 0x03, 0xe0, 0x07, 0xf0, 0x07, 0xf8, 0x0f, 0xfc, 0x0f, 0xfe,
    0x1f, 0xff, 0x1f, 0xff, 0x3f, 0xff, 0x3f, 0xfc, 0x7f, 0xf0, 0x7f, 0xc0, 0xff, 0x00, 0x7c, 0x00,
};

/* sCompassLR: 1 masks of 32 bytes */
static const uint8_t s_mask_sCompassLR[32] = {
    0x00, 0x80, 0x01, 0x80, 0x03, 0xc0, 0x07, 0xc0, 0x0f, 0xe0, 0x1f, 0xe0, 0x3f, 0xf0, 0x7f, 0xf0,
    0xff, 0xf8, 0xff, 0xf8, 0xff, 0xfc, 0x3f, 0xfc, 0x0f, 0xfe, 0x03, 0xfe, 0x00, 0xff, 0x00, 0x3e,
};

/* sCompassRight: 1 masks of 32 bytes */
static const uint8_t s_mask_sCompassRight[32] = {
    0xc0, 0x00, 0xf0, 0x00, 0xfc, 0x00, 0xff, 0x00, 0xff, 0xc0, 0xff, 0xf0, 0xff, 0xfc, 0xff, 0xfc,
    0xff, 0xfc, 0xff, 0xfc, 0xff, 0xf0, 0xff, 0xc0, 0xff, 0x00, 0xfc, 0x00, 0xf0, 0x00, 0xc0, 0x00,
};

/* sCompassSmallDown: 1 masks of 6 bytes */
static const uint8_t s_mask_sCompassSmallDown[6] = {
    0xff, 0xff, 0x7e, 0x7e, 0x3c, 0x18,
};

/* sCompassSmallLeft: 1 masks of 8 bytes */
static const uint8_t s_mask_sCompassSmallLeft[8] = {
    0x0c, 0x3c, 0x7c, 0xfc, 0xfc, 0x7c, 0x3c, 0x0c,
};

/* sCompassSmallLL: 1 masks of 8 bytes */
static const uint8_t s_mask_sCompassSmallLL[8] = {
    0x30, 0x38, 0x7c, 0x7e, 0xff, 0xff, 0xff, 0x7c,
};

/* sCompassSmallLR: 1 masks of 8 bytes */
static const uint8_t s_mask_sCompassSmallLR[8] = {
    0x0c, 0x1c, 0x3e, 0x7e, 0xff, 0xff, 0xff, 0x3e,
};

/* sCompassSmallRight: 1 masks of 8 bytes */
static const uint8_t s_mask_sCompassSmallRight[8] = {
    0xc0, 0xf0, 0xf8, 0xfc, 0xfc, 0xf8, 0xf0, 0xc0,
};

/* sCompassTile: 1 masks of 24 bytes */
static const uint8_t s_mask_sCompassTile[24] = {
    0x1f, 0x80, 0x3f, 0xc0, 0x7f, 0xe0, 0xff, 0xf0, 0xff, 0xf0, 0xff, 0xf0, 0xff, 0xf0, 0xff, 0xf0,
    0xff, 0xf0, 0xff, 0xf0, 0x7f, 0xe0, 0x3f, 0xc0,
};

/* sCrate: 1 masks of 20 bytes */
static const uint8_t s_mask_sCrate[20] = {
    0xff, 0xf0, 0xff, 0xf0, 0xff, 0xf0, 0xff, 0xf0, 0xff, 0xf0, 0xff, 0xf0, 0xff, 0xf0, 0xff, 0xf0,
    0xff, 0xf0, 0xff, 0xf0,
};

/* sCrateOpen: 1 masks of 20 bytes */
static const uint8_t s_mask_sCrateOpen[20] = {
    0x1f, 0xfe, 0x1f, 0xfe, 0x1f, 0xfe, 0x1f, 0xfe, 0x1f, 0xfe, 0x1f, 0xfe, 0x3f, 0xfe, 0x7f, 0xfe,
    0xff, 0xfe, 0x7f, 0xfe,
};

/* sCrateTile: 1 masks of 20 bytes */
static const uint8_t s_mask_sCrateTile[20] = {
    0xff, 0xf0, 0xff, 0xf0, 0xff, 0xf0, 0xff, 0xf0, 0xff, 0xf0, 0xff, 0xf0, 0xff, 0xf0, 0xff, 0xf0,
    0xff, 0xf0, 0xff, 0xf0,
};

/* sCrown: 1 masks of 32 bytes */
static const uint8_t s_mask_sCrown[32] = {
    0x06, 0x00, 0x0f, 0x00, 0x0f, 0x80, 0x1f, 0x80, 0x1f, 0x80, 0x3f, 0xc0, 0x7f, 0xe0, 0x7f, 0xe0,
    0xff, 0xf0, 0xff, 0xf0, 0xff, 0xf0, 0xff, 0xf0, 0x7f, 0xe0, 0x7f, 0xe0, 0x7f, 0xe0, 0x60, 0x60,
};

/* sCrownIcon: 1 masks of 32 bytes */
static const uint8_t s_mask_sCrownIcon[32] = {
    0x60, 0x00, 0xf0, 0x00, 0xfe, 0x30, 0xff, 0xf8, 0x7f, 0xfc, 0x3f, 0xfc, 0x3f, 0xf8, 0x3f, 0xfc,
    0x3f, 0xfc, 0x3f, 0xfc, 0x3f, 0xfc, 0x3f, 0xfc, 0x1f, 0xfc, 0x1f, 0xfc, 0x1f, 0xfc, 0x0f, 0x18,
};

/* sDamselIcon: 1 masks of 32 bytes */
static const uint8_t s_mask_sDamselIcon[32] = {
    0x1f, 0xf0, 0x3f, 0xf8, 0x7f, 0xfc, 0x7f, 0xfc, 0x7f, 0xfc, 0x7f, 0xfc, 0x7f, 0xfc, 0x7f, 0xfe,
    0x7f, 0xfe, 0xff, 0xff, 0xff, 0xff, 0xff, 0xff, 0xff, 0xff, 0xff, 0xfe, 0x7f, 0xfc, 0x3f, 0xf8,
};

/* sDarkBottom: 1 masks of 6 bytes */
static const uint8_t s_mask_sDarkBottom[6] = {
    0xff, 0xff, 0x33, 0xd9, 0x01, 0x80,
};

/* sDarkFall: 1 masks of 18 bytes */
static const uint8_t s_mask_sDarkFall[18] = {
    0x7f, 0xfe, 0xff, 0xff, 0xff, 0xff, 0xff, 0xff, 0xff, 0xff, 0xff, 0xff, 0xff, 0xff, 0x7f, 0xfe,
    0x3f, 0x78,
};

/* sDarkLeft: 1 masks of 16 bytes */
static const uint8_t s_mask_sDarkLeft[16] = {
    0x20, 0x20, 0x60, 0xe0, 0xe0, 0x60, 0x20, 0x20, 0x20, 0x60, 0x60, 0x60, 0x20, 0x60, 0x60, 0x60,
};

/* sDarkRight: 1 masks of 15 bytes */
static const uint8_t s_mask_sDarkRight[15] = {
    0x80, 0xc0, 0xe0, 0xe0, 0xc0, 0x80, 0x80, 0x80, 0xc0, 0xc0, 0xc0, 0x80, 0xc0, 0xc0, 0xc0,
};

/* sDarkTop: 1 masks of 6 bytes */
static const uint8_t s_mask_sDarkTop[6] = {
    0x01, 0xc0, 0x83, 0xed, 0xff, 0xff,
};

/* sDarkTop2: 1 masks of 10 bytes */
static const uint8_t s_mask_sDarkTop2[10] = {
    0x07, 0x00, 0x0f, 0x80, 0x1f, 0xc0, 0xbf, 0xfd, 0xff, 0xff,
};

/* sDeathMask: 1 masks of 32 bytes */
static const uint8_t s_mask_sDeathMask[32] = {
    0x1f, 0x80, 0x3f, 0xc0, 0x7f, 0xe0, 0xff, 0xf0, 0xff, 0xf0, 0xff, 0xf0, 0xff, 0xf0, 0xff, 0xf0,
    0xff, 0xf0, 0xff, 0xf0, 0x7f, 0xe0, 0x7f, 0xe0, 0x3f, 0xc0, 0x1f, 0x80, 0x0f, 0x00, 0x06, 0x00,
};

/* sDeathMaskPickup: 1 masks of 32 bytes */
static const uint8_t s_mask_sDeathMaskPickup[32] = {
    0x1f, 0x80, 0x3f, 0xc0, 0x7f, 0xe0, 0xff, 0xf0, 0xff, 0xf0, 0xff, 0xf0, 0xff, 0xf0, 0xff, 0xf0,
    0xff, 0xf0, 0xff, 0xf0, 0x7f, 0xe0, 0x7f, 0xe0, 0x3f, 0xc0, 0x1f, 0x80, 0x0f, 0x00, 0x06, 0x00,
};

/* sDeathMaskWear: 1 masks of 8 bytes */
static const uint8_t s_mask_sDeathMaskWear[8] = {
    0x7e, 0xff, 0xff, 0xff, 0xff, 0xff, 0xff, 0x7e,
};

/* sDesert: 1 masks of 32 bytes */
static const uint8_t s_mask_sDesert[32] = {
    0xff, 0xff, 0xff, 0xff, 0xff, 0xff, 0xff, 0xff, 0xff, 0xff, 0xff, 0xff, 0xff, 0xff, 0xff, 0xff,
    0xff, 0xff, 0xff, 0xff, 0xff, 0xff, 0xff, 0xff, 0xff, 0xff, 0xff, 0xff, 0xff, 0xff, 0xff, 0xff,
};

/* sDesert2: 1 masks of 32 bytes */
static const uint8_t s_mask_sDesert2[32] = {
    0xff, 0xff, 0xff, 0xff, 0xff, 0xff, 0xff, 0xff, 0xff, 0xff, 0xff, 0xff, 0xff, 0xff, 0xff, 0xff,
    0xff, 0xff, 0xff, 0xff, 0xff, 0xff, 0xff, 0xff, 0xff, 0xff, 0xff, 0xff, 0xff, 0xff, 0xff, 0xff,
};

/* sDesertNight: 1 masks of 32 bytes */
static const uint8_t s_mask_sDesertNight[32] = {
    0xff, 0xff, 0xff, 0xff, 0xff, 0xff, 0xff, 0xff, 0xff, 0xff, 0xff, 0xff, 0xff, 0xff, 0xff, 0xff,
    0xff, 0xff, 0xff, 0xff, 0xff, 0xff, 0xff, 0xff, 0xff, 0xff, 0xff, 0xff, 0xff, 0xff, 0xff, 0xff,
};

/* sDesertNight2: 1 masks of 32 bytes */
static const uint8_t s_mask_sDesertNight2[32] = {
    0xff, 0xff, 0xff, 0xff, 0xff, 0xff, 0xff, 0xff, 0xff, 0xff, 0xff, 0xff, 0xff, 0xff, 0xff, 0xff,
    0xff, 0xff, 0xff, 0xff, 0xff, 0xff, 0xff, 0xff, 0xff, 0xff, 0xff, 0xff, 0xff, 0xff, 0xff, 0xff,
};

/* sDesertTop: 1 masks of 6 bytes */
static const uint8_t s_mask_sDesertTop[6] = {
    0x0e, 0x00, 0x3f, 0xe0, 0xff, 0xff,
};

/* sDesertTopNight: 1 masks of 6 bytes */
static const uint8_t s_mask_sDesertTopNight[6] = {
    0x0e, 0x00, 0x3f, 0xe0, 0xff, 0xff,
};

/* sDice1: 1 masks of 20 bytes */
static const uint8_t s_mask_sDice1[20] = {
    0xff, 0xf0, 0xff, 0xf0, 0xff, 0xf0, 0xff, 0xf0, 0xff, 0xf0, 0xff, 0xf0, 0xff, 0xf0, 0xff, 0xf0,
    0xff, 0xf0, 0xff, 0xf0,
};

/* sDice2: 1 masks of 20 bytes */
static const uint8_t s_mask_sDice2[20] = {
    0xff, 0xf0, 0xff, 0xf0, 0xff, 0xf0, 0xff, 0xf0, 0xff, 0xf0, 0xff, 0xf0, 0xff, 0xf0, 0xff, 0xf0,
    0xff, 0xf0, 0xff, 0xf0,
};

/* sDice3: 1 masks of 20 bytes */
static const uint8_t s_mask_sDice3[20] = {
    0xff, 0xf0, 0xff, 0xf0, 0xff, 0xf0, 0xff, 0xf0, 0xff, 0xf0, 0xff, 0xf0, 0xff, 0xf0, 0xff, 0xf0,
    0xff, 0xf0, 0xff, 0xf0,
};

/* sDice4: 1 masks of 20 bytes */
static const uint8_t s_mask_sDice4[20] = {
    0xff, 0xf0, 0xff, 0xf0, 0xff, 0xf0, 0xff, 0xf0, 0xff, 0xf0, 0xff, 0xf0, 0xff, 0xf0, 0xff, 0xf0,
    0xff, 0xf0, 0xff, 0xf0,
};

/* sDice5: 1 masks of 20 bytes */
static const uint8_t s_mask_sDice5[20] = {
    0xff, 0xf0, 0xff, 0xf0, 0xff, 0xf0, 0xff, 0xf0, 0xff, 0xf0, 0xff, 0xf0, 0xff, 0xf0, 0xff, 0xf0,
    0xff, 0xf0, 0xff, 0xf0,
};

/* sDice6: 1 masks of 20 bytes */
static const uint8_t s_mask_sDice6[20] = {
    0xff, 0xf0, 0xff, 0xf0, 0xff, 0xf0, 0xff, 0xf0, 0xff, 0xf0, 0xff, 0xf0, 0xff, 0xf0, 0xff, 0xf0,
    0xff, 0xf0, 0xff, 0xf0,
};

/* sDiceRoll: 6 masks of 30 bytes */
static const uint8_t s_mask_sDiceRoll[180] = {
    0x00, 0x00, 0x00, 0x00, 0x00, 0x00, 0x00, 0x00, 0x00, 0x00, 0x7f, 0xf8, 0x7f, 0xf8, 0x7f, 0xf8,
    0x7f, 0xf8, 0x7f, 0xf8, 0x7f, 0xf8, 0x7f, 0xf8, 0x7f, 0xf8, 0x7f, 0xf8, 0x7f, 0xf8,
    0x00, 0x00, 0x00, 0x00, 0x00, 0x00, 0x3e, 0x00, 0x3f, 0xe0, 0x7f, 0xf8, 0x7f, 0xfc, 0x7f, 0xfc,
    0xff, 0xfc, 0xff, 0xf8, 0xff, 0xf8, 0xff, 0xf8, 0x3f, 0xf0, 0x07, 0xf0, 0x00, 0x70,
    0x07, 0x00, 0x0f, 0xc0, 0x1f, 0xf0, 0x3f, 0xf8, 0x7f, 0xf8, 0xff, 0xf8, 0xff, 0xf8, 0xff, 0xf8,
    0xff, 0xf8, 0xff, 0xf8, 0xff, 0xf0, 0xff, 0xe0, 0x3f, 0xc0, 0x0f, 0x80, 0x03, 0x00,
    0x00, 0x00, 0x03, 0x80, 0x07, 0xc0, 0x0f, 0xe0, 0x1f, 0xf0, 0x3f, 0xf8, 0x7f, 0xfc, 0x7f, 0xfc,
    0x7f, 0xf8, 0x7f, 0xf8, 0x7f, 0xf8, 0x3f, 0xf0, 0x1f, 0xe0, 0x07, 0xc0, 0x03, 0x80,
    0x00, 0x00, 0x01, 0x80, 0x07, 0xc0, 0x1f, 0xe0, 0x7f, 0xf0, 0x7f, 0xf8, 0x7f, 0xfc, 0x7f, 0xfc,
    0x7f, 0xfc, 0x7f, 0xfc, 0x3f, 0xfc, 0x1f, 0xfc, 0x0f, 0xf8, 0x07, 0xe0, 0x03, 0x80,
    0x00, 0x00, 0x00, 0x00, 0x00, 0x00, 0x00, 0x00, 0x3f, 0x80, 0x3f, 0xf8, 0x3f, 0xf8, 0x7f, 0xf8,
    0x7f, 0xf0, 0x7f, 0xf0, 0xff, 0xf0, 0xff, 0xf0, 0xff, 0xe0, 0x3f, 0xe0, 0x01, 0xe0,
};

/* sDollarSign: 1 masks of 30 bytes */
static const uint8_t s_mask_sDollarSign[30] = {
    0x1f, 0xc0, 0x3f, 0xf8, 0x7f, 0xf8, 0xff, 0xf8, 0xff, 0xf8, 0xff, 0xf8, 0xff, 0xf0, 0xff, 0xf8,
    0x7f, 0xf8, 0xff, 0xf8, 0xff, 0xf8, 0xff, 0xf8, 0xff, 0xf0, 0xff, 0xe0, 0x1f, 0xc0,
};

/* sDribble: 3 masks of 10 bytes */
static const uint8_t s_mask_sDribble[30] = {
    0x3c, 0x7e, 0xff, 0xff, 0xff, 0xff, 0x7e, 0x3c, 0x00, 0x00,
    0x00, 0x00, 0x3c, 0x7e, 0xff, 0xff, 0xff, 0xff, 0x7e, 0x3c,
    0x00, 0x00, 0x00, 0x3c, 0x7e, 0xff, 0xff, 0xff, 0xff, 0x3c,
};

/* sEditButton: 1 masks of 32 bytes */
static const uint8_t s_mask_sEditButton[32] = {
    0xff, 0xff, 0xff, 0xff, 0xff, 0xff, 0xff, 0xff, 0xff, 0xff, 0xff, 0xff, 0xff, 0xff, 0xff, 0xff,
    0xff, 0xff, 0xff, 0xff, 0xff, 0xff, 0xff, 0xff, 0xff, 0xff, 0xff, 0xff, 0xff, 0xff, 0xff, 0xff,
};

/* sEditButtonPressed: 1 masks of 32 bytes */
static const uint8_t s_mask_sEditButtonPressed[32] = {
    0xff, 0xff, 0xff, 0xff, 0xff, 0xff, 0xff, 0xff, 0xff, 0xff, 0xff, 0xff, 0xff, 0xff, 0xff, 0xff,
    0xff, 0xff, 0xff, 0xff, 0xff, 0xff, 0xff, 0xff, 0xff, 0xff, 0xff, 0xff, 0xff, 0xff, 0xff, 0xff,
};

/* sEgg: 1 masks of 8 bytes */
static const uint8_t s_mask_sEgg[8] = {
    0x18, 0x3c, 0x7e, 0xff, 0xff, 0xff, 0x7e, 0x3c,
};

/* sEnd2BG: 1 masks of 19200 bytes */
static const uint8_t s_mask_sEnd2BG[19200] = {
    0xff, 0xff, 0xff, 0xff, 0xff, 0xff, 0xff, 0xff, 0xff, 0xff, 0xff, 0xff, 0xff, 0xff, 0xff, 0xff,
    0xff, 0xff, 0xff, 0xff, 0xff, 0xff, 0xff, 0xff, 0xff, 0xff, 0xff, 0xff, 0xff, 0xff, 0xff, 0xff,
    0xff, 0xff, 0xff, 0xff, 0xff, 0xff, 0xff, 0xff, 0xff, 0xff, 0xff, 0xff, 0xff, 0xff, 0xff, 0xff,
    0xff, 0xff, 0xff, 0xff, 0xff, 0xff, 0xff, 0xff, 0xff, 0xff, 0xff, 0xff, 0xff, 0xff, 0xff, 0xff,
    0xff, 0xff, 0xff, 0xff, 0xff, 0xff, 0xff, 0xff, 0xff, 0xff, 0xff, 0xff, 0xff, 0xff, 0xff, 0xff,
    0xff, 0xff, 0xff, 0xff, 0xff, 0xff, 0xff, 0xff, 0xff, 0xff, 0xff, 0xff, 0xff, 0xff, 0xff, 0xff,
    0xff, 0xff, 0xff, 0xff, 0xff, 0xff, 0xff, 0xff, 0xff, 0xff, 0xff, 0xff, 0xff, 0xff, 0xff, 0xff,
    0xff, 0xff, 0xff, 0xff, 0xff, 0xff, 0xff, 0xff, 0xff, 0xff, 0xff, 0xff, 0xff, 0xff, 0xff, 0xff,
    0xff, 0xff, 0xff, 0xff, 0xff, 0xff, 0xff, 0xff, 0xff, 0xff, 0xff, 0xff, 0xff, 0xff, 0xff, 0xff,
    0xff, 0xff, 0xff, 0xff, 0xff, 0xff, 0xff, 0xff, 0xff, 0xff, 0xff, 0xff, 0xff, 0xff, 0xff, 0xff,
    0xff, 0xff, 0xff, 0xff, 0xff, 0xff, 0xff, 0xff, 0xff, 0xff, 0xff, 0xff, 0xff, 0xff, 0xff, 0xff,
    0xff, 0xff, 0xff, 0xff, 0xff, 0xff, 0xff, 0xff, 0xff, 0xff, 0xff, 0xff, 0xff, 0xff, 0xff, 0xff,
    0xff, 0xff, 0xff, 0xff, 0xff, 0xff, 0xff, 0xff, 0xff, 0xff, 0xff, 0xff, 0xff, 0xff, 0xff, 0xff,
    0xff, 0xff, 0xff, 0xff, 0xff, 0xff, 0xff, 0xff, 0xff, 0xff, 0xff, 0xff, 0xff, 0xff, 0xff, 0xff,
    0xff, 0xff, 0xff, 0xff, 0xff, 0xff, 0xff, 0xff, 0xff, 0xff, 0xff, 0xff, 0xff, 0xff, 0xff, 0xff,
    0xff, 0xff, 0xff, 0xff, 0xff, 0xff, 0xff, 0xff, 0xff, 0xff, 0xff, 0xff, 0xff, 0xff, 0xff, 0xff,
    0xff, 0xff, 0xff, 0xff, 0xff, 0xff, 0xff, 0xff, 0xff, 0xff, 0xff, 0xff, 0xff, 0xff, 0xff, 0xff,
    0xff, 0xff, 0xff, 0xff, 0xff, 0xff, 0xff, 0xff, 0xff, 0xff, 0xff, 0xff, 0xff, 0xff, 0xff, 0xff,
    0xff, 0xff, 0xff, 0xff, 0xff, 0xff, 0xff, 0xff, 0xff, 0xff, 0xff, 0xff, 0xff, 0xff, 0xff, 0xff,
    0xff, 0xff, 0xff, 0xff, 0xff, 0xff, 0xff, 0xff, 0xff, 0xff, 0xff, 0xff, 0xff, 0xff, 0xff, 0xff,
    0xff, 0xff, 0xff, 0xff, 0xff, 0xff, 0xff, 0xff, 0xff, 0xff, 0xff, 0xff, 0xff, 0xff, 0xff, 0xff,
    0xff, 0xff, 0xff, 0xff, 0xff, 0xff, 0xff, 0xff, 0xff, 0xff, 0xff, 0xff, 0xff, 0xff, 0xff, 0xff,
    0xff, 0xff, 0xff, 0xff, 0xff, 0xff, 0xff, 0xff, 0xff, 0xff, 0xff, 0xff, 0xff, 0xff, 0xff, 0xff,
    0xff, 0xff, 0xff, 0xff, 0xff, 0xff, 0xff, 0xff, 0xff, 0xff, 0xff, 0xff, 0xff, 0xff, 0xff, 0xff,
    0xff, 0xff, 0xff, 0xff, 0xff, 0xff, 0xff, 0xff, 0xff, 0xff, 0xff, 0xff, 0xff, 0xff, 0xff, 0xff,
    0xff, 0xff, 0xff, 0xff, 0xff, 0xff, 0xff, 0xff, 0xff, 0xff, 0xff, 0xff, 0xff, 0xff, 0xff, 0xff,
    0xff, 0xff, 0xff, 0xff, 0xff, 0xff, 0xff, 0xff, 0xff, 0xff, 0xff, 0xff, 0xff, 0xff, 0xff, 0xff,
    0xff, 0xff, 0xff, 0xff, 0xff, 0xff, 0xff, 0xff, 0xff, 0xff, 0xff, 0xff, 0xff, 0xff, 0xff, 0xff,
    0xff, 0xff, 0xff, 0xff, 0xff, 0xff, 0xff, 0xff, 0xff, 0xff, 0xff, 0xff, 0xff, 0xff, 0xff, 0xff,
    0xff, 0xff, 0xff, 0xff, 0xff, 0xff, 0xff, 0xff, 0xff, 0xff, 0xff, 0xff, 0xff, 0xff, 0xff, 0xff,
    0xff, 0xff, 0xff, 0xff, 0xff, 0xff, 0xff, 0xff, 0xff, 0xff, 0xff, 0xff, 0xff, 0xff, 0xff, 0xff,
    0xff, 0xff, 0xff, 0xff, 0xff, 0xff, 0xff, 0xff, 0xff, 0xff, 0xff, 0xff, 0xff, 0xff, 0xff, 0xff,
    0xff, 0xff, 0xff, 0xff, 0xff, 0xff, 0xff, 0xff, 0xff, 0xff, 0xff, 0xff, 0xff, 0xff, 0xff, 0xff,
    0xff, 0xff, 0xff, 0xff, 0xff, 0xff, 0xff, 0xff, 0xff, 0xff, 0xff, 0xff, 0xff, 0xff, 0xff, 0xff,
    0xff, 0xff, 0xff, 0xff, 0xff, 0xff, 0xff, 0xff, 0xff, 0xff, 0xff, 0xff, 0xff, 0xff, 0xff, 0xff,
    0xff, 0xff, 0xff, 0xff, 0xff, 0xff, 0xff, 0xff, 0xff, 0xff, 0xff, 0xff, 0xff, 0xff, 0xff, 0xff,
    0xff, 0xff, 0xff, 0xff, 0xff, 0xff, 0xff, 0xff, 0xff, 0xff, 0xff, 0xff, 0xff, 0xff, 0xff, 0xff,
    0xff, 0xff, 0xff, 0xff, 0xff, 0xff, 0xff, 0xff, 0xff, 0xff, 0xff, 0xff, 0xff, 0xff, 0xff, 0xff,
    0xff, 0xff, 0xff, 0xff, 0xff, 0xff, 0xff, 0xff, 0xff, 0xff, 0xff, 0xff, 0xff, 0xff, 0xff, 0xff,
    0xff, 0xff, 0xff, 0xff, 0xff, 0xff, 0xff, 0xff, 0xff, 0xff, 0xff, 0xff, 0xff, 0xff, 0xff, 0xff,
    0xff, 0xff, 0xff, 0xff, 0xff, 0xff, 0xff, 0xff, 0xff, 0xff, 0xff, 0xff, 0xff, 0xff, 0xff, 0xff,
    0xff, 0xff, 0xff, 0xff, 0xff, 0xff, 0xff, 0xff, 0xff, 0xff, 0xff, 0xff, 0xff, 0xff, 0xff, 0xff,
    0xff, 0xff, 0xff, 0xff, 0xff, 0xff, 0xff, 0xff, 0xff, 0xff, 0xff, 0xff, 0xff, 0xff, 0xff, 0xff,
    0xff, 0xff, 0xff, 0xff, 0xff, 0xff, 0xff, 0xff, 0xff, 0xff, 0xff, 0xff, 0xff, 0xff, 0xff, 0xff,
    0xff, 0xff, 0xff, 0xff, 0xff, 0xff, 0xff, 0xff, 0xff, 0xff, 0xff, 0xff, 0xff, 0xff, 0xff, 0xff,
    0xff, 0xff, 0xff, 0xff, 0xff, 0xff, 0xff, 0xff, 0xff, 0xff, 0xff, 0xff, 0xff, 0xff, 0xff, 0xff,
    0xff, 0xff, 0xff, 0xff, 0xff, 0xff, 0xff, 0xff, 0xff, 0xff, 0xff, 0xff, 0xff, 0xff, 0xff, 0xff,
    0xff, 0xff, 0xff, 0xff, 0xff, 0xff, 0xff, 0xff, 0xff, 0xff, 0xff, 0xff, 0xff, 0xff, 0xff, 0xff,
    0xff, 0xff, 0xff, 0xff, 0xff, 0xff, 0xff, 0xff, 0xff, 0xff, 0xff, 0xff, 0xff, 0xff, 0xff, 0xff,
    0xff, 0xff, 0xff, 0xff, 0xff, 0xff, 0xff, 0xff, 0xff, 0xff, 0xff, 0xff, 0xff, 0xff, 0xff, 0xff,
    0xff, 0xff, 0xff, 0xff, 0xff, 0xff, 0xff, 0xff, 0xff, 0xff, 0xff, 0xff, 0xff, 0xff, 0xff, 0xff,
    0xff, 0xff, 0xff, 0xff, 0xff, 0xff, 0xff, 0xff, 0xff, 0xff, 0xff, 0xff, 0xff, 0xff, 0xff, 0xff,
    0xff, 0xff, 0xff, 0xff, 0xff, 0xff, 0xff, 0xff, 0xff, 0xff, 0xff, 0xff, 0xff, 0xff, 0xff, 0xff,
    0xff, 0xff, 0xff, 0xff, 0xff, 0xff, 0xff, 0xff, 0xff, 0xff, 0xff, 0xff, 0xff, 0xff, 0xff, 0xff,
    0xff, 0xff, 0xff, 0xff, 0xff, 0xff, 0xff, 0xff, 0xff, 0xff, 0xff, 0xff, 0xff, 0xff, 0xff, 0xff,
    0xff, 0xff, 0xff, 0xff, 0xff, 0xff, 0xff, 0xff, 0xff, 0xff, 0xff, 0xff, 0xff, 0xff, 0xff, 0xff,
    0xff, 0xff, 0xff, 0xff, 0xff, 0xff, 0xff, 0xff, 0xff, 0xff, 0xff, 0xff, 0xff, 0xff, 0xff, 0xff,
    0xff, 0xff, 0xff, 0xff, 0xff, 0xff, 0xff, 0xff, 0xff, 0xff, 0xff, 0xff, 0xff, 0xff, 0xff, 0xff,
    0xff, 0xff, 0xff, 0xff, 0xff, 0xff, 0xff, 0xff, 0xff, 0xff, 0xff, 0xff, 0xff, 0xff, 0xff, 0xff,
    0xff, 0xff, 0xff, 0xff, 0xff, 0xff, 0xff, 0xff, 0xff, 0xff, 0xff, 0xff, 0xff, 0xff, 0xff, 0xff,
    0xff, 0xff, 0xff, 0xff, 0xff, 0xff, 0xff, 0xff, 0xff, 0xff, 0xff, 0xff, 0xff, 0xff, 0xff, 0xff,
    0xff, 0xff, 0xff, 0xff, 0xff, 0xff, 0xff, 0xff, 0xff, 0xff, 0xff, 0xff, 0xff, 0xff, 0xff, 0xff,
    0xff, 0xff, 0xff, 0xff, 0xff, 0xff, 0xff, 0xff, 0xff, 0xff, 0xff, 0xff, 0xff, 0xff, 0xff, 0xff,
    0xff, 0xff, 0xff, 0xff, 0xff, 0xff, 0xff, 0xff, 0xff, 0xff, 0xff, 0xff, 0xff, 0xff, 0xff, 0xff,
    0xff, 0xff, 0xff, 0xff, 0xff, 0xff, 0xff, 0xff, 0xff, 0xff, 0xff, 0xff, 0xff, 0xff, 0xff, 0xff,
    0xff, 0xff, 0xff, 0xff, 0xff, 0xff, 0xff, 0xff, 0xff, 0xff, 0xff, 0xff, 0xff, 0xff, 0xff, 0xff,
    0xff, 0xff, 0xff, 0xff, 0xff, 0xff, 0xff, 0xff, 0xff, 0xff, 0xff, 0xff, 0xff, 0xff, 0xff, 0xff,
    0xff, 0xff, 0xff, 0xff, 0xff, 0xff, 0xff, 0xff, 0xff, 0xff, 0xff, 0xff, 0xff, 0xff, 0xff, 0xff,
    0xff, 0xff, 0xff, 0xff, 0xff, 0xff, 0xff, 0xff, 0xff, 0xff, 0xff, 0xff, 0xff, 0xff, 0xff, 0xff,
    0xff, 0xff, 0xff, 0xff, 0xff, 0xff, 0xff, 0xff, 0xff, 0xff, 0xff, 0xff, 0xff, 0xff, 0xff, 0xff,
    0xff, 0xff, 0xff, 0xff, 0xff, 0xff, 0xff, 0xff, 0xff, 0xff, 0xff, 0xff, 0xff, 0xff, 0xff, 0xff,
    0xff, 0xff, 0xff, 0xff, 0xff, 0xff, 0xff, 0xff, 0xff, 0xff, 0xff, 0xff, 0xff, 0xff, 0xff, 0xff,
    0xff, 0xff, 0xff, 0xff, 0xff, 0xff, 0xff, 0xff, 0xff, 0xff, 0xff, 0xff, 0xff, 0xff, 0xff, 0xff,
    0xff, 0xff, 0xff, 0xff, 0xff, 0xff, 0xff, 0xff, 0xff, 0xff, 0xff, 0xff, 0xff, 0xff, 0xff, 0xff,
    0xff, 0xff, 0xff, 0xff, 0xff, 0xff, 0xff, 0xff, 0xff, 0xff, 0xff, 0xff, 0xff, 0xff, 0xff, 0xff,
    0xff, 0xff, 0xff, 0xff, 0xff, 0xff, 0xff, 0xff, 0xff, 0xff, 0xff, 0xff, 0xff, 0xff, 0xff, 0xff,
    0xff, 0xff, 0xff, 0xff, 0xff, 0xff, 0xff, 0xff, 0xff, 0xff, 0xff, 0xff, 0xff, 0xff, 0xff, 0xff,
    0xff, 0xff, 0xff, 0xff, 0xff, 0xff, 0xff, 0xff, 0xff, 0xff, 0xff, 0xff, 0xff, 0xff, 0xff, 0xff,
    0xff, 0xff, 0xff, 0xff, 0xff, 0xff, 0xff, 0xff, 0xff, 0xff, 0xff, 0xff, 0xff, 0xff, 0xff, 0xff,
    0xff, 0xff, 0xff, 0xff, 0xff, 0xff, 0xff, 0xff, 0xff, 0xff, 0xff, 0xff, 0xff, 0xff, 0xff, 0xff,
    0xff, 0xff, 0xff, 0xff, 0xff, 0xff, 0xff, 0xff, 0xff, 0xff, 0xff, 0xff, 0xff, 0xff, 0xff, 0xff,
    0xff, 0xff, 0xff, 0xff, 0xff, 0xff, 0xff, 0xff, 0xff, 0xff, 0xff, 0xff, 0xff, 0xff, 0xff, 0xff,
    0xff, 0xff, 0xff, 0xff, 0xff, 0xff, 0xff, 0xff, 0xff, 0xff, 0xff, 0xff, 0xff, 0xff, 0xff, 0xff,
    0xff, 0xff, 0xff, 0xff, 0xff, 0xff, 0xff, 0xff, 0xff, 0xff, 0xff, 0xff, 0xff, 0xff, 0xff, 0xff,
    0xff, 0xff, 0xff, 0xff, 0xff, 0xff, 0xff, 0xff, 0xff, 0xff, 0xff, 0xff, 0xff, 0xff, 0xff, 0xff,
    0xff, 0xff, 0xff, 0xff, 0xff, 0xff, 0xff, 0xff, 0xff, 0xff, 0xff, 0xff, 0xff, 0xff, 0xff, 0xff,
    0xff, 0xff, 0xff, 0xff, 0xff, 0xff, 0xff, 0xff, 0xff, 0xff, 0xff, 0xff, 0xff, 0xff, 0xff, 0xff,
    0xff, 0xff, 0xff, 0xff, 0xff, 0xff, 0xff, 0xff, 0xff, 0xff, 0xff, 0xff, 0xff, 0xff, 0xff, 0xff,
    0xff, 0xff, 0xff, 0xff, 0xff, 0xff, 0xff, 0xff, 0xff, 0xff, 0xff, 0xff, 0xff, 0xff, 0xff, 0xff,
    0xff, 0xff, 0xff, 0xff, 0xff, 0xff, 0xff, 0xff, 0xff, 0xff, 0xff, 0xff, 0xff, 0xff, 0xff, 0xff,
    0xff, 0xff, 0xff, 0xff, 0xff, 0xff, 0xff, 0xff, 0xff, 0xff, 0xff, 0xff, 0xff, 0xff, 0xff, 0xff,
    0xff, 0xff, 0xff, 0xff, 0xff, 0xff, 0xff, 0xff, 0xff, 0xff, 0xff, 0xff, 0xff, 0xff, 0xff, 0xff,
    0xff, 0xff, 0xff, 0xff, 0xff, 0xff, 0xff, 0xff, 0xff, 0xff, 0xff, 0xff, 0xff, 0xff, 0xff, 0xff,
    0xff, 0xff, 0xff, 0xff, 0xff, 0xff, 0xff, 0xff, 0xff, 0xff, 0xff, 0xff, 0xff, 0xff, 0xff, 0xff,
    0xff, 0xff, 0xff, 0xff, 0xff, 0xff, 0xff, 0xff, 0xff, 0xff, 0xff, 0xff, 0xff, 0xff, 0xff, 0xff,
    0xff, 0xff, 0xff, 0xff, 0xff, 0xff, 0xff, 0xff, 0xff, 0xff, 0xff, 0xff, 0xff, 0xff, 0xff, 0xff,
    0xff, 0xff, 0xff, 0xff, 0xff, 0xff, 0xff, 0xff, 0xff, 0xff, 0xff, 0xff, 0xff, 0xff, 0xff, 0xff,
    0xff, 0xff, 0xff, 0xff, 0xff, 0xff, 0xff, 0xff, 0xff, 0xff, 0xff, 0xff, 0xff, 0xff, 0xff, 0xff,
    0xff, 0xff, 0xff, 0xff, 0xff, 0xff, 0xff, 0xff, 0xff, 0xff, 0xff, 0xff, 0xff, 0xff, 0xff, 0xff,
    0xff, 0xff, 0xff, 0xff, 0xff, 0xff, 0xff, 0xff, 0xff, 0xff, 0xff, 0xff, 0xff, 0xff, 0xff, 0xff,
    0xff, 0xff, 0xff, 0xff, 0xff, 0xff, 0xff, 0xff, 0xff, 0xff, 0xff, 0xff, 0xff, 0xff, 0xff, 0xff,
    0xff, 0xff, 0xff, 0xff, 0xff, 0xff, 0xff, 0xff, 0xff, 0xff, 0xff, 0xff, 0xff, 0xff, 0xff, 0xff,
    0xff, 0xff, 0xff, 0xff, 0xff, 0xff, 0xff, 0xff, 0xff, 0xff, 0xff, 0xff, 0xff, 0xff, 0xff, 0xff,
    0xff, 0xff, 0xff, 0xff, 0xff, 0xff, 0xff, 0xff, 0xff, 0xff, 0xff, 0xff, 0xff, 0xff, 0xff, 0xff,
    0xff, 0xff, 0xff, 0xff, 0xff, 0xff, 0xff, 0xff, 0xff, 0xff, 0xff, 0xff, 0xff, 0xff, 0xff, 0xff,
    0xff, 0xff, 0xff, 0xff, 0xff, 0xff, 0xff, 0xff, 0xff, 0xff, 0xff, 0xff, 0xff, 0xff, 0xff, 0xff,
    0xff, 0xff, 0xff, 0xff, 0xff, 0xff, 0xff, 0xff, 0xff, 0xff, 0xff, 0xff, 0xff, 0xff, 0xff, 0xff,
    0xff, 0xff, 0xff, 0xff, 0xff, 0xff, 0xff, 0xff, 0xff, 0xff, 0xff, 0xff, 0xff, 0xff, 0xff, 0xff,
    0xff, 0xff, 0xff, 0xff, 0xff, 0xff, 0xff, 0xff, 0xff, 0xff, 0xff, 0xff, 0xff, 0xff, 0xff, 0xff,
    0xff, 0xff, 0xff, 0xff, 0xff, 0xff, 0xff, 0xff, 0xff, 0xff, 0xff, 0xff, 0xff, 0xff, 0xff, 0xff,
    0xff, 0xff, 0xff, 0xff, 0xff, 0xff, 0xff, 0xff, 0xff, 0xff, 0xff, 0xff, 0xff, 0xff, 0xff, 0xff,
    0xff, 0xff, 0xff, 0xff, 0xff, 0xff, 0xff, 0xff, 0xff, 0xff, 0xff, 0xff, 0xff, 0xff, 0xff, 0xff,
    0xff, 0xff, 0xff, 0xff, 0xff, 0xff, 0xff, 0xff, 0xff, 0xff, 0xff, 0xff, 0xff, 0xff, 0xff, 0xff,
    0xff, 0xff, 0xff, 0xff, 0xff, 0xff, 0xff, 0xff, 0xff, 0xff, 0xff, 0xff, 0xff, 0xff, 0xff, 0xff,
    0xff, 0xff, 0xff, 0xff, 0xff, 0xff, 0xff, 0xff, 0xff, 0xff, 0xff, 0xff, 0xff, 0xff, 0xff, 0xff,
    0xff, 0xff, 0xff, 0xff, 0xff, 0xff, 0xff, 0xff, 0xff, 0xff, 0xff, 0xff, 0xff, 0xff, 0xff, 0xff,
    0xff, 0xff, 0xff, 0xff, 0xff, 0xff, 0xff, 0xff, 0xff, 0xff, 0xff, 0xff, 0xff, 0xff, 0xff, 0xff,
    0xff, 0xff, 0xff, 0xff, 0xff, 0xff, 0xff, 0xff, 0xff, 0xff, 0xff, 0xff, 0xff, 0xff, 0xff, 0xff,
    0xff, 0xff, 0xff, 0xff, 0xff, 0xff, 0xff, 0xff, 0xff, 0xff, 0xff, 0xff, 0xff, 0xff, 0xff, 0xff,
    0xff, 0xff, 0xff, 0xff, 0xff, 0xff, 0xff, 0xff, 0xff, 0xff, 0xff, 0xff, 0xff, 0xff, 0xff, 0xff,
    0xff, 0xff, 0xff, 0xff, 0xff, 0xff, 0xff, 0xff, 0xff, 0xff, 0xff, 0xff, 0xff, 0xff, 0xff, 0xff,
    0xff, 0xff, 0xff, 0xff, 0xff, 0xff, 0xff, 0xff, 0xff, 0xff, 0xff, 0xff, 0xff, 0xff, 0xff, 0xff,
    0xff, 0xff, 0xff, 0xff, 0xff, 0xff, 0xff, 0xff, 0xff, 0xff, 0xff, 0xff, 0xff, 0xff, 0xff, 0xff,
    0xff, 0xff, 0xff, 0xff, 0xff, 0xff, 0xff, 0xff, 0xff, 0xff, 0xff, 0xff, 0xff, 0xff, 0xff, 0xff,
    0xff, 0xff, 0xff, 0xff, 0xff, 0xff, 0xff, 0xff, 0xff, 0xff, 0xff, 0xff, 0xff, 0xff, 0xff, 0xff,
    0xff, 0xff, 0xff, 0xff, 0xff, 0xff, 0xff, 0xff, 0xff, 0xff, 0xff, 0xff, 0xff, 0xff, 0xff, 0xff,
    0xff, 0xff, 0xff, 0xff, 0xff, 0xff, 0xff, 0xff, 0xff, 0xff, 0xff, 0xff, 0xff, 0xff, 0xff, 0xff,
    0xff, 0xff, 0xff, 0xff, 0xff, 0xff, 0xff, 0xff, 0xff, 0xff, 0xff, 0xff, 0xff, 0xff, 0xff, 0xff,
    0xff, 0xff, 0xff, 0xff, 0xff, 0xff, 0xff, 0xff, 0xff, 0xff, 0xff, 0xff, 0xff, 0xff, 0xff, 0xff,
    0xff, 0xff, 0xff, 0xff, 0xff, 0xff, 0xff, 0xff, 0xff, 0xff, 0xff, 0xff, 0xff, 0xff, 0xff, 0xff,
    0xff, 0xff, 0xff, 0xff, 0xff, 0xff, 0xff, 0xff, 0xff, 0xff, 0xff, 0xff, 0xff, 0xff, 0xff, 0xff,
    0xff, 0xff, 0xff, 0xff, 0xff, 0xff, 0xff, 0xff, 0xff, 0xff, 0xff, 0xff, 0xff, 0xff, 0xff, 0xff,
    0xff, 0xff, 0xff, 0xff, 0xff, 0xff, 0xff, 0xff, 0xff, 0xff, 0xff, 0xff, 0xff, 0xff, 0xff, 0xff,
    0xff, 0xff, 0xff, 0xff, 0xff, 0xff, 0xff, 0xff, 0xff, 0xff, 0xff, 0xff, 0xff, 0xff, 0xff, 0xff,
    0xff, 0xff, 0xff, 0xff, 0xff, 0xff, 0xff, 0xff, 0xff, 0xff, 0xff, 0xff, 0xff, 0xff, 0xff, 0xff,
    0xff, 0xff, 0xff, 0xff, 0xff, 0xff, 0xff, 0xff, 0xff, 0xff, 0xff, 0xff, 0xff, 0xff, 0xff, 0xff,
    0xff, 0xff, 0xff, 0xff, 0xff, 0xff, 0xff, 0xff, 0xff, 0xff, 0xff, 0xff, 0xff, 0xff, 0xff, 0xff,
    0xff, 0xff, 0xff, 0xff, 0xff, 0xff, 0xff, 0xff, 0xff, 0xff, 0xff, 0xff, 0xff, 0xff, 0xff, 0xff,
    0xff, 0xff, 0xff, 0xff, 0xff, 0xff, 0xff, 0xff, 0xff, 0xff, 0xff, 0xff, 0xff, 0xff, 0xff, 0xff,
    0xff, 0xff, 0xff, 0xff, 0xff, 0xff, 0xff, 0xff, 0xff, 0xff, 0xff, 0xff, 0xff, 0xff, 0xff, 0xff,
    0xff, 0xff, 0xff, 0xff, 0xff, 0xff, 0xff, 0xff, 0xff, 0xff, 0xff, 0xff, 0xff, 0xff, 0xff, 0xff,
    0xff, 0xff, 0xff, 0xff, 0xff, 0xff, 0xff, 0xff, 0xff, 0xff, 0xff, 0xff, 0xff, 0xff, 0xff, 0xff,
    0xff, 0xff, 0xff, 0xff, 0xff, 0xff, 0xff, 0xff, 0xff, 0xff, 0xff, 0xff, 0xff, 0xff, 0xff, 0xff,
    0xff, 0xff, 0xff, 0xff, 0xff, 0xff, 0xff, 0xff, 0xff, 0xff, 0xff, 0xff, 0xff, 0xff, 0xff, 0xff,
    0xff, 0xff, 0xff, 0xff, 0xff, 0xff, 0xff, 0xff, 0xff, 0xff, 0xff, 0xff, 0xff, 0xff, 0xff, 0xff,
    0xff, 0xff, 0xff, 0xff, 0xff, 0xff, 0xff, 0xff, 0xff, 0xff, 0xff, 0xff, 0xff, 0xff, 0xff, 0xff,
    0xff, 0xff, 0xff, 0xff, 0xff, 0xff, 0xff, 0xff, 0xff, 0xff, 0xff, 0xff, 0xff, 0xff, 0xff, 0xff,
    0xff, 0xff, 0xff, 0xff, 0xff, 0xff, 0xff, 0xff, 0xff, 0xff, 0xff, 0xff, 0xff, 0xff, 0xff, 0xff,
    0xff, 0xff, 0xff, 0xff, 0xff, 0xff, 0xff, 0xff, 0xff, 0xff, 0xff, 0xff, 0xff, 0xff, 0xff, 0xff,
    0xff, 0xff, 0xff, 0xff, 0xff, 0xff, 0xff, 0xff, 0xff, 0xff, 0xff, 0xff, 0xff, 0xff, 0xff, 0xff,
    0xff, 0xff, 0xff, 0xff, 0xff, 0xff, 0xff, 0xff, 0xff, 0xff, 0xff, 0xff, 0xff, 0xff, 0xff, 0xff,
    0xff, 0xff, 0xff, 0xff, 0xff, 0xff, 0xff, 0xff, 0xff, 0xff, 0xff, 0xff, 0xff, 0xff, 0xff, 0xff,
    0xff, 0xff, 0xff, 0xff, 0xff, 0xff, 0xff, 0xff, 0xff, 0xff, 0xff, 0xff, 0xff, 0xff, 0xff, 0xff,
    0xff, 0xff, 0xff, 0xff, 0xff, 0xff, 0xff, 0xff, 0xff, 0xff, 0xff, 0xff, 0xff, 0xff, 0xff, 0xff,
    0xff, 0xff, 0xff, 0xff, 0xff, 0xff, 0xff, 0xff, 0xff, 0xff, 0xff, 0xff, 0xff, 0xff, 0xff, 0xff,
    0xff, 0xff, 0xff, 0xff, 0xff, 0xff, 0xff, 0xff, 0xff, 0xff, 0xff, 0xff, 0xff, 0xff, 0xff, 0xff,
    0xff, 0xff, 0xff, 0xff, 0xff, 0xff, 0xff, 0xff, 0xff, 0xff, 0xff, 0xff, 0xff, 0xff, 0xff, 0xff,
    0xff, 0xff, 0xff, 0xff, 0xff, 0xff, 0xff, 0xff, 0xff, 0xff, 0xff, 0xff, 0xff, 0xff, 0xff, 0xff,
    0xff, 0xff, 0xff, 0xff, 0xff, 0xff, 0xff, 0xff, 0xff, 0xff, 0xff, 0xff, 0xff, 0xff, 0xff, 0xff,
    0xff, 0xff, 0xff, 0xff, 0xff, 0xff, 0xff, 0xff, 0xff, 0xff, 0xff, 0xff, 0xff, 0xff, 0xff, 0xff,
    0xff, 0xff, 0xff, 0xff, 0xff, 0xff, 0xff, 0xff, 0xff, 0xff, 0xff, 0xff, 0xff, 0xff, 0xff, 0xff,
    0xff, 0xff, 0xff, 0xff, 0xff, 0xff, 0xff, 0xff, 0xff, 0xff, 0xff, 0xff, 0xff, 0xff, 0xff, 0xff,
    0xff, 0xff, 0xff, 0xff, 0xff, 0xff, 0xff, 0xff, 0xff, 0xff, 0xff, 0xff, 0xff, 0xff, 0xff, 0xff,
    0xff, 0xff, 0xff, 0xff, 0xff, 0xff, 0xff, 0xff, 0xff, 0xff, 0xff, 0xff, 0xff, 0xff, 0xff, 0xff,
    0xff, 0xff, 0xff, 0xff, 0xff, 0xff, 0xff, 0xff, 0xff, 0xff, 0xff, 0xff, 0xff, 0xff, 0xff, 0xff,
    0xff, 0xff, 0xff, 0xff, 0xff, 0xff, 0xff, 0xff, 0xff, 0xff, 0xff, 0xff, 0xff, 0xff, 0xff, 0xff,
    0xff, 0xff, 0xff, 0xff, 0xff, 0xff, 0xff, 0xff, 0xff, 0xff, 0xff, 0xff, 0xff, 0xff, 0xff, 0xff,
    0xff, 0xff, 0xff, 0xff, 0xff, 0xff, 0xff, 0xff, 0xff, 0xff, 0xff, 0xff, 0xff, 0xff, 0xff, 0xff,
    0xff, 0xff, 0xff, 0xff, 0xff, 0xff, 0xff, 0xff, 0xff, 0xff, 0xff, 0xff, 0xff, 0xff, 0xff, 0xff,
    0xff, 0xff, 0xff, 0xff, 0xff, 0xff, 0xff, 0xff, 0xff, 0xff, 0xff, 0xff, 0xff, 0xff, 0xff, 0xff,
    0xff, 0xff, 0xff, 0xff, 0xff, 0xff, 0xff, 0xff, 0xff, 0xff, 0xff, 0xff, 0xff, 0xff, 0xff, 0xff,
    0xff, 0xff, 0xff, 0xff, 0xff, 0xff, 0xff, 0xff, 0xff, 0xff, 0xff, 0xff, 0xff, 0xff, 0xff, 0xff,
    0xff, 0xff, 0xff, 0xff, 0xff, 0xff, 0xff, 0xff, 0xff, 0xff, 0xff, 0xff, 0xff, 0xff, 0xff, 0xff,
    0xff, 0xff, 0xff, 0xff, 0xff, 0xff, 0xff, 0xff, 0xff, 0xff, 0xff, 0xff, 0xff, 0xff, 0xff, 0xff,
    0xff, 0xff, 0xff, 0xff, 0xff, 0xff, 0xff, 0xff, 0xff, 0xff, 0xff, 0xff, 0xff, 0xff, 0xff, 0xff,
    0xff, 0xff, 0xff, 0xff, 0xff, 0xff, 0xff, 0xff, 0xff, 0xff, 0xff, 0xff, 0xff, 0xff, 0xff, 0xff,
    0xff, 0xff, 0xff, 0xff, 0xff, 0xff, 0xff, 0xff, 0xff, 0xff, 0xff, 0xff, 0xff, 0xff, 0xff, 0xff,
    0xff, 0xff, 0xff, 0xff, 0xff, 0xff, 0xff, 0xff, 0xff, 0xff, 0xff, 0xff, 0xff, 0xff, 0xff, 0xff,
    0xff, 0xff, 0xff, 0xff, 0xff, 0xff, 0xff, 0xff, 0xff, 0xff, 0xff, 0xff, 0xff, 0xff, 0xff, 0xff,
    0xff, 0xff, 0xff, 0xff, 0xff, 0xff, 0xff, 0xff, 0xff, 0xff, 0xff, 0xff, 0xff, 0xff, 0xff, 0xff,
    0xff, 0xff, 0xff, 0xff, 0xff, 0xff, 0xff, 0xff, 0xff, 0xff, 0xff, 0xff, 0xff, 0xff, 0xff, 0xff,
    0xff, 0xff, 0xff, 0xff, 0xff, 0xff, 0xff, 0xff, 0xff, 0xff, 0xff, 0xff, 0xff, 0xff, 0xff, 0xff,
    0xff, 0xff, 0xff, 0xff, 0xff, 0xff, 0xff, 0xff, 0xff, 0xff, 0xff, 0xff, 0xff, 0xff, 0xff, 0xff,
    0xff, 0xff, 0xff, 0xff, 0xff, 0xff, 0xff, 0xff, 0xff, 0xff, 0xff, 0xff, 0xff, 0xff, 0xff, 0xff,
    0xff, 0xff, 0xff, 0xff, 0xff, 0xff, 0xff, 0xff, 0xff, 0xff, 0xff, 0xff, 0xff, 0xff, 0xff, 0xff,
    0xff, 0xff, 0xff, 0xff, 0xff, 0xff, 0xff, 0xff, 0xff, 0xff, 0xff, 0xff, 0xff, 0xff, 0xff, 0xff,
    0xff, 0xff, 0xff, 0xff, 0xff, 0xff, 0xff, 0xff, 0xff, 0xff, 0xff, 0xff, 0xff, 0xff, 0xff, 0xff,
    0xff, 0xff, 0xff, 0xff, 0xff, 0xff, 0xff, 0xff, 0xff, 0xff, 0xff, 0xff, 0xff, 0xff, 0xff, 0xff,
    0xff, 0xff, 0xff, 0xff, 0xff, 0xff, 0xff, 0xff, 0xff, 0xff, 0xff, 0xff, 0xff, 0xff, 0xff, 0xff,
    0xff, 0xff, 0xff, 0xff, 0xff, 0xff, 0xff, 0xff, 0xff, 0xff, 0xff, 0xff, 0xff, 0xff, 0xff, 0xff,
    0xff, 0xff, 0xff, 0xff, 0xff, 0xff, 0xff, 0xff, 0xff, 0xff, 0xff, 0xff, 0xff, 0xff, 0xff, 0xff,
    0xff, 0xff, 0xff, 0xff, 0xff, 0xff, 0xff, 0xff, 0xff, 0xff, 0xff, 0xff, 0xff, 0xff, 0xff, 0xff,
    0xff, 0xff, 0xff, 0xff, 0xff, 0xff, 0xff, 0xff, 0xff, 0xff, 0xff, 0xff, 0xff, 0xff, 0xff, 0xff,
    0xff, 0xff, 0xff, 0xff, 0xff, 0xff, 0xff, 0xff, 0xff, 0xff, 0xff, 0xff, 0xff, 0xff, 0xff, 0xff,
    0xff, 0xff, 0xff, 0xff, 0xff, 0xff, 0xff, 0xff, 0xff, 0xff, 0xff, 0xff, 0xff, 0xff, 0xff, 0xff,
    0xff, 0xff, 0xff, 0xff, 0xff, 0xff, 0xff, 0xff, 0xff, 0xff, 0xff, 0xff, 0xff, 0xff, 0xff, 0xff,
    0xff, 0xff, 0xff, 0xff, 0xff, 0xff, 0xff, 0xff, 0xff, 0xff, 0xff, 0xff, 0xff, 0xff, 0xff, 0xff,
    0xff, 0xff, 0xff, 0xff, 0xff, 0xff, 0xff, 0xff, 0xff, 0xff, 0xff, 0xff, 0xff, 0xff, 0xff, 0xff,
    0xff, 0xff, 0xff, 0xff, 0xff, 0xff, 0xff, 0xff, 0xff, 0xff, 0xff, 0xff, 0xff, 0xff, 0xff, 0xff,
    0xff, 0xff, 0xff, 0xff, 0xff, 0xff, 0xff, 0xff, 0xff, 0xff, 0xff, 0xff, 0xff, 0xff, 0xff, 0xff,
    0xff, 0xff, 0xff, 0xff, 0xff, 0xff, 0xff, 0xff, 0xff, 0xff, 0xff, 0xff, 0xff, 0xff, 0xff, 0xff,
    0xff, 0xff, 0xff, 0xff, 0xff, 0xff, 0xff, 0xff, 0xff, 0xff, 0xff, 0xff, 0xff, 0xff, 0xff, 0xff,
    0xff, 0xff, 0xff, 0xff, 0xff, 0xff, 0xff, 0xff, 0xff, 0xff, 0xff, 0xff, 0xff, 0xff, 0xff, 0xff,
    0xff, 0xff, 0xff, 0xff, 0xff, 0xff, 0xff, 0xff, 0xff, 0xff, 0xff, 0xff, 0xff, 0xff, 0xff, 0xff,
    0xff, 0xff, 0xff, 0xff, 0xff, 0xff, 0xff, 0xff, 0xff, 0xff, 0xff, 0xff, 0xff, 0xff, 0xff, 0xff,
    0xff, 0xff, 0xff, 0xff, 0xff, 0xff, 0xff, 0xff, 0xff, 0xff, 0xff, 0xff, 0xff, 0xff, 0xff, 0xff,
    0xff, 0xff, 0xff, 0xff, 0xff, 0xff, 0xff, 0xff, 0xff, 0xff, 0xff, 0xff, 0xff, 0xff, 0xff, 0xff,
    0xff, 0xff, 0xff, 0xff, 0xff, 0xff, 0xff, 0xff, 0xff, 0xff, 0xff, 0xff, 0xff, 0xff, 0xff, 0xff,
    0xff, 0xff, 0xff, 0xff, 0xff, 0xff, 0xff, 0xff, 0xff, 0xff, 0xff, 0xff, 0xff, 0xff, 0xff, 0xff,
    0xff, 0xff, 0xff, 0xff, 0xff, 0xff, 0xff, 0xff, 0xff, 0xff, 0xff, 0xff, 0xff, 0xff, 0xff, 0xff,
    0xff, 0xff, 0xff, 0xff, 0xff, 0xff, 0xff, 0xff, 0xff, 0xff, 0xff, 0xff, 0xff, 0xff, 0xff, 0xff,
    0xff, 0xff, 0xff, 0xff, 0xff, 0xff, 0xff, 0xff, 0xff, 0xff, 0xff, 0xff, 0xff, 0xff, 0xff, 0xff,
    0xff, 0xff, 0xff, 0xff, 0xff, 0xff, 0xff, 0xff, 0xff, 0xff, 0xff, 0xff, 0xff, 0xff, 0xff, 0xff,
    0xff, 0xff, 0xff, 0xff, 0xff, 0xff, 0xff, 0xff, 0xff, 0xff, 0xff, 0xff, 0xff, 0xff, 0xff, 0xff,
    0xff, 0xff, 0xff, 0xff, 0xff, 0xff, 0xff, 0xff, 0xff, 0xff, 0xff, 0xff, 0xff, 0xff, 0xff, 0xff,
    0xff, 0xff, 0xff, 0xff, 0xff, 0xff, 0xff, 0xff, 0xff, 0xff, 0xff, 0xff, 0xff, 0xff, 0xff, 0xff,
    0xff, 0xff, 0xff, 0xff, 0xff, 0xff, 0xff, 0xff, 0xff, 0xff, 0xff, 0xff, 0xff, 0xff, 0xff, 0xff,
    0xff, 0xff, 0xff, 0xff, 0xff, 0xff, 0xff, 0xff, 0xff, 0xff, 0xff, 0xff, 0xff, 0xff, 0xff, 0xff,
    0xff, 0xff, 0xff, 0xff, 0xff, 0xff, 0xff, 0xff, 0xff, 0xff, 0xff, 0xff, 0xff, 0xff, 0xff, 0xff,
    0xff, 0xff, 0xff, 0xff, 0xff, 0xff, 0xff, 0xff, 0xff, 0xff, 0xff, 0xff, 0xff, 0xff, 0xff, 0xff,
    0xff, 0xff, 0xff, 0xff, 0xff, 0xff, 0xff, 0xff, 0xff, 0xff, 0xff, 0xff, 0xff, 0xff, 0xff, 0xff,
    0xff, 0xff, 0xff, 0xff, 0xff, 0xff, 0xff, 0xff, 0xff, 0xff, 0xff, 0xff, 0xff, 0xff, 0xff, 0xff,
    0xff, 0xff, 0xff, 0xff, 0xff, 0xff, 0xff, 0xff, 0xff, 0xff, 0xff, 0xff, 0xff, 0xff, 0xff, 0xff,
    0xff, 0xff, 0xff, 0xff, 0xff, 0xff, 0xff, 0xff, 0xff, 0xff, 0xff, 0xff, 0xff, 0xff, 0xff, 0xff,
    0xff, 0xff, 0xff, 0xff, 0xff, 0xff, 0xff, 0xff, 0xff, 0xff, 0xff, 0xff, 0xff, 0xff, 0xff, 0xff,
    0xff, 0xff, 0xff, 0xff, 0xff, 0xff, 0xff, 0xff, 0xff, 0xff, 0xff, 0xff, 0xff, 0xff, 0xff, 0xff,
    0xff, 0xff, 0xff, 0xff, 0xff, 0xff, 0xff, 0xff, 0xff, 0xff, 0xff, 0xff, 0xff, 0xff, 0xff, 0xff,
    0xff, 0xff, 0xff, 0xff, 0xff, 0xff, 0xff, 0xff, 0xff, 0xff, 0xff, 0xff, 0xff, 0xff, 0xff, 0xff,
    0xff, 0xff, 0xff, 0xff, 0xff, 0xff, 0xff, 0xff, 0xff, 0xff, 0xff, 0xff, 0xff, 0xff, 0xff, 0xff,
    0xff, 0xff, 0xff, 0xff, 0xff, 0xff, 0xff, 0xff, 0xff, 0xff, 0xff, 0xff, 0xff, 0xff, 0xff, 0xff,
    0xff, 0xff, 0xff, 0xff, 0xff, 0xff, 0xff, 0xff, 0xff, 0xff, 0xff, 0xff, 0xff, 0xff, 0xff, 0xff,
    0xff, 0xff, 0xff, 0xff, 0xff, 0xff, 0xff, 0xff, 0xff, 0xff, 0xff, 0xff, 0xff, 0xff, 0xff, 0xff,
    0xff, 0xff, 0xff, 0xff, 0xff, 0xff, 0xff, 0xff, 0xff, 0xff, 0xff, 0xff, 0xff, 0xff, 0xff, 0xff,
    0xff, 0xff, 0xff, 0xff, 0xff, 0xff, 0xff, 0xff, 0xff, 0xff, 0xff, 0xff, 0xff, 0xff, 0xff, 0xff,
    0xff, 0xff, 0xff, 0xff, 0xff, 0xff, 0xff, 0xff, 0xff, 0xff, 0xff, 0xff, 0xff, 0xff, 0xff, 0xff,
    0xff, 0xff, 0xff, 0xff, 0xff, 0xff, 0xff, 0xff, 0xff, 0xff, 0xff, 0xff, 0xff, 0xff, 0xff, 0xff,
    0xff, 0xff, 0xff, 0xff, 0xff, 0xff, 0xff, 0xff, 0xff, 0xff, 0xff, 0xff, 0xff, 0xff, 0xff, 0xff,
    0xff, 0xff, 0xff, 0xff, 0xff, 0xff, 0xff, 0xff, 0xff, 0xff, 0xff, 0xff, 0xff, 0xff, 0xff, 0xff,
    0xff, 0xff, 0xff, 0xff, 0xff, 0xff, 0xff, 0xff, 0xff, 0xff, 0xff, 0xff, 0xff, 0xff, 0xff, 0xff,
    0xff, 0xff, 0xff, 0xff, 0xff, 0xff, 0xff, 0xff, 0xff, 0xff, 0xff, 0xff, 0xff, 0xff, 0xff, 0xff,
    0xff, 0xff, 0xff, 0xff, 0xff, 0xff, 0xff, 0xff, 0xff, 0xff, 0xff, 0xff, 0xff, 0xff, 0xff, 0xff,
    0xff, 0xff, 0xff, 0xff, 0xff, 0xff, 0xff, 0xff, 0xff, 0xff, 0xff, 0xff, 0xff, 0xff, 0xff, 0xff,
    0xff, 0xff, 0xff, 0xff, 0xff, 0xff, 0xff, 0xff, 0xff, 0xff, 0xff, 0xff, 0xff, 0xff, 0xff, 0xff,
    0xff, 0xff, 0xff, 0xff, 0xff, 0xff, 0xff, 0xff, 0xff, 0xff, 0xff, 0xff, 0xff, 0xff, 0xff, 0xff,
    0xff, 0xff, 0xff, 0xff, 0xff, 0xff, 0xff, 0xff, 0xff, 0xff, 0xff, 0xff, 0xff, 0xff, 0xff, 0xff,
    0xff, 0xff, 0xff, 0xff, 0xff, 0xff, 0xff, 0xff, 0xff, 0xff, 0xff, 0xff, 0xff, 0xff, 0xff, 0xff,
    0xff, 0xff, 0xff, 0xff, 0xff, 0xff, 0xff, 0xff, 0xff, 0xff, 0xff, 0xff, 0xff, 0xff, 0xff, 0xff,
    0xff, 0xff, 0xff, 0xff, 0xff, 0xff, 0xff, 0xff, 0xff, 0xff, 0xff, 0xff, 0xff, 0xff, 0xff, 0xff,
    0xff, 0xff, 0xff, 0xff, 0xff, 0xff, 0xff, 0xff, 0xff, 0xff, 0xff, 0xff, 0xff, 0xff, 0xff, 0xff,
    0xff, 0xff, 0xff, 0xff, 0xff, 0xff, 0xff, 0xff, 0xff, 0xff, 0xff, 0xff, 0xff, 0xff, 0xff, 0xff,
    0xff, 0xff, 0xff, 0xff, 0xff, 0xff, 0xff, 0xff, 0xff, 0xff, 0xff, 0xff, 0xff, 0xff, 0xff, 0xff,
    0xff, 0xff, 0xff, 0xff, 0xff, 0xff, 0xff, 0xff, 0xff, 0xff, 0xff, 0xff, 0xff, 0xff, 0xff, 0xff,
    0xff, 0xff, 0xff, 0xff, 0xff, 0xff, 0xff, 0xff, 0xff, 0xff, 0xff, 0xff, 0xff, 0xff, 0xff, 0xff,
    0xff, 0xff, 0xff, 0xff, 0xff, 0xff, 0xff, 0xff, 0xff, 0xff, 0xff, 0xff, 0xff, 0xff, 0xff, 0xff,
    0xff, 0xff, 0xff, 0xff, 0xff, 0xff, 0xff, 0xff, 0xff, 0xff, 0xff, 0xff, 0xff, 0xff, 0xff, 0xff,
    0xff, 0xff, 0xff, 0xff, 0xff, 0xff, 0xff, 0xff, 0xff, 0xff, 0xff, 0xff, 0xff, 0xff, 0xff, 0xff,
    0xff, 0xff, 0xff, 0xff, 0xff, 0xff, 0xff, 0xff, 0xff, 0xff, 0xff, 0xff, 0xff, 0xff, 0xff, 0xff,
    0xff, 0xff, 0xff, 0xff, 0xff, 0xff, 0xff, 0xff, 0xff, 0xff, 0xff, 0xff, 0xff, 0xff, 0xff, 0xff,
    0xff, 0xff, 0xff, 0xff, 0xff, 0xff, 0xff, 0xff, 0xff, 0xff, 0xff, 0xff, 0xff, 0xff, 0xff, 0xff,
    0xff, 0xff, 0xff, 0xff, 0xff, 0xff, 0xff, 0xff, 0xff, 0xff, 0xff, 0xff, 0xff, 0xff, 0xff, 0xff,
    0xff, 0xff, 0xff, 0xff, 0xff, 0xff, 0xff, 0xff, 0xff, 0xff, 0xff, 0xff, 0xff, 0xff, 0xff, 0xff,
    0xff, 0xff, 0xff, 0xff, 0xff, 0xff, 0xff, 0xff, 0xff, 0xff, 0xff, 0xff, 0xff, 0xff, 0xff, 0xff,
    0xff, 0xff, 0xff, 0xff, 0xff, 0xff, 0xff, 0xff, 0xff, 0xff, 0xff, 0xff, 0xff, 0xff, 0xff, 0xff,
    0xff, 0xff, 0xff, 0xff, 0xff, 0xff, 0xff, 0xff, 0xff, 0xff, 0xff, 0xff, 0xff, 0xff, 0xff, 0xff,
    0xff, 0xff, 0xff, 0xff, 0xff, 0xff, 0xff, 0xff, 0xff, 0xff, 0xff, 0xff, 0xff, 0xff, 0xff, 0xff,
    0xff, 0xff, 0xff, 0xff, 0xff, 0xff, 0xff, 0xff, 0xff, 0xff, 0xff, 0xff, 0xff, 0xff, 0xff, 0xff,
    0xff, 0xff, 0xff, 0xff, 0xff, 0xff, 0xff, 0xff, 0xff, 0xff, 0xff, 0xff, 0xff, 0xff, 0xff, 0xff,
    0xff, 0xff, 0xff, 0xff, 0xff, 0xff, 0xff, 0xff, 0xff, 0xff, 0xff, 0xff, 0xff, 0xff, 0xff, 0xff,
    0xff, 0xff, 0xff, 0xff, 0xff, 0xff, 0xff, 0xff, 0xff, 0xff, 0xff, 0xff, 0xff, 0xff, 0xff, 0xff,
    0xff, 0xff, 0xff, 0xff, 0xff, 0xff, 0xff, 0xff, 0xff, 0xff, 0xff, 0xff, 0xff, 0xff, 0xff, 0xff,
    0xff, 0xff, 0xff, 0xff, 0xff, 0xff, 0xff, 0xff, 0xff, 0xff, 0xff, 0xff, 0xff, 0xff, 0xff, 0xff,
    0xff, 0xff, 0xff, 0xff, 0xff, 0xff, 0xff, 0xff, 0xff, 0xff, 0xff, 0xff, 0xff, 0xff, 0xff, 0xff,
    0xff, 0xff, 0xff, 0xff, 0xff, 0xff, 0xff, 0xff, 0xff, 0xff, 0xff, 0xff, 0xff, 0xff, 0xff, 0xff,
    0xff, 0xff, 0xff, 0xff, 0xff, 0xff, 0xff, 0xff, 0xff, 0xff, 0xff, 0xff, 0xff, 0xff, 0xff, 0xff,
    0xff, 0xff, 0xff, 0xff, 0xff, 0xff, 0xff, 0xff, 0xff, 0xff, 0xff, 0xff, 0xff, 0xff, 0xff, 0xff,
    0xff, 0xff, 0xff, 0xff, 0xff, 0xff, 0xff, 0xff, 0xff, 0xff, 0xff, 0xff, 0xff, 0xff, 0xff, 0xff,
    0xff, 0xff, 0xff, 0xff, 0xff, 0xff, 0xff, 0xff, 0xff, 0xff, 0xff, 0xff, 0xff, 0xff, 0xff, 0xff,
    0xff, 0xff, 0xff, 0xff, 0xff, 0xff, 0xff, 0xff, 0xff, 0xff, 0xff, 0xff, 0xff, 0xff, 0xff, 0xff,
    0xff, 0xff, 0xff, 0xff, 0xff, 0xff, 0xff, 0xff, 0xff, 0xff, 0xff, 0xff, 0xff, 0xff, 0xff, 0xff,
    0xff, 0xff, 0xff, 0xff, 0xff, 0xff, 0xff, 0xff, 0xff, 0xff, 0xff, 0xff, 0xff, 0xff, 0xff, 0xff,
    0xff, 0xff, 0xff, 0xff, 0xff, 0xff, 0xff, 0xff, 0xff, 0xff, 0xff, 0xff, 0xff, 0xff, 0xff, 0xff,
    0xff, 0xff, 0xff, 0xff, 0xff, 0xff, 0xff, 0xff, 0xff, 0xff, 0xff, 0xff, 0xff, 0xff, 0xff, 0xff,
    0xff, 0xff, 0xff, 0xff, 0xff, 0xff, 0xff, 0xff, 0xff, 0xff, 0xff, 0xff, 0xff, 0xff, 0xff, 0xff,
    0xff, 0xff, 0xff, 0xff, 0xff, 0xff, 0xff, 0xff, 0xff, 0xff, 0xff, 0xff, 0xff, 0xff, 0xff, 0xff,
    0xff, 0xff, 0xff, 0xff, 0xff, 0xff, 0xff, 0xff, 0xff, 0xff, 0xff, 0xff, 0xff, 0xff, 0xff, 0xff,
    0xff, 0xff, 0xff, 0xff, 0xff, 0xff, 0xff, 0xff, 0xff, 0xff, 0xff, 0xff, 0xff, 0xff, 0xff, 0xff,
    0xff, 0xff, 0xff, 0xff, 0xff, 0xff, 0xff, 0xff, 0xff, 0xff, 0xff, 0xff, 0xff, 0xff, 0xff, 0xff,
    0xff, 0xff, 0xff, 0xff, 0xff, 0xff, 0xff, 0xff, 0xff, 0xff, 0xff, 0xff, 0xff, 0xff, 0xff, 0xff,
    0xff, 0xff, 0xff, 0xff, 0xff, 0xff, 0xff, 0xff, 0xff, 0xff, 0xff, 0xff, 0xff, 0xff, 0xff, 0xff,
    0xff, 0xff, 0xff, 0xff, 0xff, 0xff, 0xff, 0xff, 0xff, 0xff, 0xff, 0xff, 0xff, 0xff, 0xff, 0xff,
    0xff, 0xff, 0xff, 0xff, 0xff, 0xff, 0xff, 0xff, 0xff, 0xff, 0xff, 0xff, 0xff, 0xff, 0xff, 0xff,
    0xff, 0xff, 0xff, 0xff, 0xff, 0xff, 0xff, 0xff, 0xff, 0xff, 0xff, 0xff, 0xff, 0xff, 0xff, 0xff,
    0xff, 0xff, 0xff, 0xff, 0xff, 0xff, 0xff, 0xff, 0xff, 0xff, 0xff, 0xff, 0xff, 0xff, 0xff, 0xff,
    0xff, 0xff, 0xff, 0xff, 0xff, 0xff, 0xff, 0xff, 0xff, 0xff, 0xff, 0xff, 0xff, 0xff, 0xff, 0xff,
    0xff, 0xff, 0xff, 0xff, 0xff, 0xff, 0xff, 0xff, 0xff, 0xff, 0xff, 0xff, 0xff, 0xff, 0xff, 0xff,
    0xff, 0xff, 0xff, 0xff, 0xff, 0xff, 0xff, 0xff, 0xff, 0xff, 0xff, 0xff, 0xff, 0xff, 0xff, 0xff,
    0xff, 0xff, 0xff, 0xff, 0xff, 0xff, 0xff, 0xff, 0xff, 0xff, 0xff, 0xff, 0xff, 0xff, 0xff, 0xff,
    0xff, 0xff, 0xff, 0xff, 0xff, 0xff, 0xff, 0xff, 0xff, 0xff, 0xff, 0xff, 0xff, 0xff, 0xff, 0xff,
    0xff, 0xff, 0xff, 0xff, 0xff, 0xff, 0xff, 0xff, 0xff, 0xff, 0xff, 0xff, 0xff, 0xff, 0xff, 0xff,
    0xff, 0xff, 0xff, 0xff, 0xff, 0xff, 0xff, 0xff, 0xff, 0xff, 0xff, 0xff, 0xff, 0xff, 0xff, 0xff,
    0xff, 0xff, 0xff, 0xff, 0xff, 0xff, 0xff, 0xff, 0xff, 0xff, 0xff, 0xff, 0xff, 0xff, 0xff, 0xff,
    0xff, 0xff, 0xff, 0xff, 0xff, 0xff, 0xff, 0xff, 0xff, 0xff, 0xff, 0xff, 0xff, 0xff, 0xff, 0xff,
    0xff, 0xff, 0xff, 0xff, 0xff, 0xff, 0xff, 0xff, 0xff, 0xff, 0xff, 0xff, 0xff, 0xff, 0xff, 0xff,
    0xff, 0xff, 0xff, 0xff, 0xff, 0xff, 0xff, 0xff, 0xff, 0xff, 0xff, 0xff, 0xff, 0xff, 0xff, 0xff,
    0xff, 0xff, 0xff, 0xff, 0xff, 0xff, 0xff, 0xff, 0xff, 0xff, 0xff, 0xff, 0xff, 0xff, 0xff, 0xff,
    0xff, 0xff, 0xff, 0xff, 0xff, 0xff, 0xff, 0xff, 0xff, 0xff, 0xff, 0xff, 0xff, 0xff, 0xff, 0xff,
    0xff, 0xff, 0xff, 0xff, 0xff, 0xff, 0xff, 0xff, 0xff, 0xff, 0xff, 0xff, 0xff, 0xff, 0xff, 0xff,
    0xff, 0xff, 0xff, 0xff, 0xff, 0xff, 0xff, 0xff, 0xff, 0xff, 0xff, 0xff, 0xff, 0xff, 0xff, 0xff,
    0xff, 0xff, 0xff, 0xff, 0xff, 0xff, 0xff, 0xff, 0xff, 0xff, 0xff, 0xff, 0xff, 0xff, 0xff, 0xff,
    0xff, 0xff, 0xff, 0xff, 0xff, 0xff, 0xff, 0xff, 0xff, 0xff, 0xff, 0xff, 0xff, 0xff, 0xff, 0xff,
    0xff, 0xff, 0xff, 0xff, 0xff, 0xff, 0xff, 0xff, 0xff, 0xff, 0xff, 0xff, 0xff, 0xff, 0xff, 0xff,
    0xff, 0xff, 0xff, 0xff, 0xff, 0xff, 0xff, 0xff, 0xff, 0xff, 0xff, 0xff, 0xff, 0xff, 0xff, 0xff,
    0xff, 0xff, 0xff, 0xff, 0xff, 0xff, 0xff, 0xff, 0xff, 0xff, 0xff, 0xff, 0xff, 0xff, 0xff, 0xff,
    0xff, 0xff, 0xff, 0xff, 0xff, 0xff, 0xff, 0xff, 0xff, 0xff, 0xff, 0xff, 0xff, 0xff, 0xff, 0xff,
    0xff, 0xff, 0xff, 0xff, 0xff, 0xff, 0xff, 0xff, 0xff, 0xff, 0xff, 0xff, 0xff, 0xff, 0xff, 0xff,
    0xff, 0xff, 0xff, 0xff, 0xff, 0xff, 0xff, 0xff, 0xff, 0xff, 0xff, 0xff, 0xff, 0xff, 0xff, 0xff,
    0xff, 0xff, 0xff, 0xff, 0xff, 0xff, 0xff, 0xff, 0xff, 0xff, 0xff, 0xff, 0xff, 0xff, 0xff, 0xff,
    0xff, 0xff, 0xff, 0xff, 0xff, 0xff, 0xff, 0xff, 0xff, 0xff, 0xff, 0xff, 0xff, 0xff, 0xff, 0xff,
    0xff, 0xff, 0xff, 0xff, 0xff, 0xff, 0xff, 0xff, 0xff, 0xff, 0xff, 0xff, 0xff, 0xff, 0xff, 0xff,
    0xff, 0xff, 0xff, 0xff, 0xff, 0xff, 0xff, 0xff, 0xff, 0xff, 0xff, 0xff, 0xff, 0xff, 0xff, 0xff,
    0xff, 0xff, 0xff, 0xff, 0xff, 0xff, 0xff, 0xff, 0xff, 0xff, 0xff, 0xff, 0xff, 0xff, 0xff, 0xff,
    0xff, 0xff, 0xff, 0xff, 0xff, 0xff, 0xff, 0xff, 0xff, 0xff, 0xff, 0xff, 0xff, 0xff, 0xff, 0xff,
    0xff, 0xff, 0xff, 0xff, 0xff, 0xff, 0xff, 0xff, 0xff, 0xff, 0xff, 0xff, 0xff, 0xff, 0xff, 0xff,
    0xff, 0xff, 0xff, 0xff, 0xff, 0xff, 0xff, 0xff, 0xff, 0xff, 0xff, 0xff, 0xff, 0xff, 0xff, 0xff,
    0xff, 0xff, 0xff, 0xff, 0xff, 0xff, 0xff, 0xff, 0xff, 0xff, 0xff, 0xff, 0xff, 0xff, 0xff, 0xff,
    0xff, 0xff, 0xff, 0xff, 0xff, 0xff, 0xff, 0xff, 0xff, 0xff, 0xff, 0xff, 0xff, 0xff, 0xff, 0xff,
    0xff, 0xff, 0xff, 0xff, 0xff, 0xff, 0xff, 0xff, 0xff, 0xff, 0xff, 0xff, 0xff, 0xff, 0xff, 0xff,
    0xff, 0xff, 0xff, 0xff, 0xff, 0xff, 0xff, 0xff, 0xff, 0xff, 0xff, 0xff, 0xff, 0xff, 0xff, 0xff,
    0xff, 0xff, 0xff, 0xff, 0xff, 0xff, 0xff, 0xff, 0xff, 0xff, 0xff, 0xff, 0xff, 0xff, 0xff, 0xff,
    0xff, 0xff, 0xff, 0xff, 0xff, 0xff, 0xff, 0xff, 0xff, 0xff, 0xff, 0xff, 0xff, 0xff, 0xff, 0xff,
    0xff, 0xff, 0xff, 0xff, 0xff, 0xff, 0xff, 0xff, 0xff, 0xff, 0xff, 0xff, 0xff, 0xff, 0xff, 0xff,
    0xff, 0xff, 0xff, 0xff, 0xff, 0xff, 0xff, 0xff, 0xff, 0xff, 0xff, 0xff, 0xff, 0xff, 0xff, 0xff,
    0xff, 0xff, 0xff, 0xff, 0xff, 0xff, 0xff, 0xff, 0xff, 0xff, 0xff, 0xff, 0xff, 0xff, 0xff, 0xff,
    0xff, 0xff, 0xff, 0xff, 0xff, 0xff, 0xff, 0xff, 0xff, 0xff, 0xff, 0xff, 0xff, 0xff, 0xff, 0xff,
    0xff, 0xff, 0xff, 0xff, 0xff, 0xff, 0xff, 0xff, 0xff, 0xff, 0xff, 0xff, 0xff, 0xff, 0xff, 0xff,
    0xff, 0xff, 0xff, 0xff, 0xff, 0xff, 0xff, 0xff, 0xff, 0xff, 0xff, 0xff, 0xff, 0xff, 0xff, 0xff,
    0xff, 0xff, 0xff, 0xff, 0xff, 0xff, 0xff, 0xff, 0xff, 0xff, 0xff, 0xff, 0xff, 0xff, 0xff, 0xff,
    0xff, 0xff, 0xff, 0xff, 0xff, 0xff, 0xff, 0xff, 0xff, 0xff, 0xff, 0xff, 0xff, 0xff, 0xff, 0xff,
    0xff, 0xff, 0xff, 0xff, 0xff, 0xff, 0xff, 0xff, 0xff, 0xff, 0xff, 0xff, 0xff, 0xff, 0xff, 0xff,
    0xff, 0xff, 0xff, 0xff, 0xff, 0xff, 0xff, 0xff, 0xff, 0xff, 0xff, 0xff, 0xff, 0xff, 0xff, 0xff,
    0xff, 0xff, 0xff, 0xff, 0xff, 0xff, 0xff, 0xff, 0xff, 0xff, 0xff, 0xff, 0xff, 0xff, 0xff, 0xff,
    0xff, 0xff, 0xff, 0xff, 0xff, 0xff, 0xff, 0xff, 0xff, 0xff, 0xff, 0xff, 0xff, 0xff, 0xff, 0xff,
    0xff, 0xff, 0xff, 0xff, 0xff, 0xff, 0xff, 0xff, 0xff, 0xff, 0xff, 0xff, 0xff, 0xff, 0xff, 0xff,
    0xff, 0xff, 0xff, 0xff, 0xff, 0xff, 0xff, 0xff, 0xff, 0xff, 0xff, 0xff, 0xff, 0xff, 0xff, 0xff,
    0xff, 0xff, 0xff, 0xff, 0xff, 0xff, 0xff, 0xff, 0xff, 0xff, 0xff, 0xff, 0xff, 0xff, 0xff, 0xff,
    0xff, 0xff, 0xff, 0xff, 0xff, 0xff, 0xff, 0xff, 0xff, 0xff, 0xff, 0xff, 0xff, 0xff, 0xff, 0xff,
    0xff, 0xff, 0xff, 0xff, 0xff, 0xff, 0xff, 0xff, 0xff, 0xff, 0xff, 0xff, 0xff, 0xff, 0xff, 0xff,
    0xff, 0xff, 0xff, 0xff, 0xff, 0xff, 0xff, 0xff, 0xff, 0xff, 0xff, 0xff, 0xff, 0xff, 0xff, 0xff,
    0xff, 0xff, 0xff, 0xff, 0xff, 0xff, 0xff, 0xff, 0xff, 0xff, 0xff, 0xff, 0xff, 0xff, 0xff, 0xff,
    0xff, 0xff, 0xff, 0xff, 0xff, 0xff, 0xff, 0xff, 0xff, 0xff, 0xff, 0xff, 0xff, 0xff, 0xff, 0xff,
    0xff, 0xff, 0xff, 0xff, 0xff, 0xff, 0xff, 0xff, 0xff, 0xff, 0xff, 0xff, 0xff, 0xff, 0xff, 0xff,
    0xff, 0xff, 0xff, 0xff, 0xff, 0xff, 0xff, 0xff, 0xff, 0xff, 0xff, 0xff, 0xff, 0xff, 0xff, 0xff,
    0xff, 0xff, 0xff, 0xff, 0xff, 0xff, 0xff, 0xff, 0xff, 0xff, 0xff, 0xff, 0xff, 0xff, 0xff, 0xff,
    0xff, 0xff, 0xff, 0xff, 0xff, 0xff, 0xff, 0xff, 0xff, 0xff, 0xff, 0xff, 0xff, 0xff, 0xff, 0xff,
    0xff, 0xff, 0xff, 0xff, 0xff, 0xff, 0xff, 0xff, 0xff, 0xff, 0xff, 0xff, 0xff, 0xff, 0xff, 0xff,
    0xff, 0xff, 0xff, 0xff, 0xff, 0xff, 0xff, 0xff, 0xff, 0xff, 0xff, 0xff, 0xff, 0xff, 0xff, 0xff,
    0xff, 0xff, 0xff, 0xff, 0xff, 0xff, 0xff, 0xff, 0xff, 0xff, 0xff, 0xff, 0xff, 0xff, 0xff, 0xff,
    0xff, 0xff, 0xff, 0xff, 0xff, 0xff, 0xff, 0xff, 0xff, 0xff, 0xff, 0xff, 0xff, 0xff, 0xff, 0xff,
    0xff, 0xff, 0xff, 0xff, 0xff, 0xff, 0xff, 0xff, 0xff, 0xff, 0xff, 0xff, 0xff, 0xff, 0xff, 0xff,
    0xff, 0xff, 0xff, 0xff, 0xff, 0xff, 0xff, 0xff, 0xff, 0xff, 0xff, 0xff, 0xff, 0xff, 0xff, 0xff,
    0xff, 0xff, 0xff, 0xff, 0xff, 0xff, 0xff, 0xff, 0xff, 0xff, 0xff, 0xff, 0xff, 0xff, 0xff, 0xff,
    0xff, 0xff, 0xff, 0xff, 0xff, 0xff, 0xff, 0xff, 0xff, 0xff, 0xff, 0xff, 0xff, 0xff, 0xff, 0xff,
    0xff, 0xff, 0xff, 0xff, 0xff, 0xff, 0xff, 0xff, 0xff, 0xff, 0xff, 0xff, 0xff, 0xff, 0xff, 0xff,
    0xff, 0xff, 0xff, 0xff, 0xff, 0xff, 0xff, 0xff, 0xff, 0xff, 0xff, 0xff, 0xff, 0xff, 0xff, 0xff,
    0xff, 0xff, 0xff, 0xff, 0xff, 0xff, 0xff, 0xff, 0xff, 0xff, 0xff, 0xff, 0xff, 0xff, 0xff, 0xff,
    0xff, 0xff, 0xff, 0xff, 0xff, 0xff, 0xff, 0xff, 0xff, 0xff, 0xff, 0xff, 0xff, 0xff, 0xff, 0xff,
    0xff, 0xff, 0xff, 0xff, 0xff, 0xff, 0xff, 0xff, 0xff, 0xff, 0xff, 0xff, 0xff, 0xff, 0xff, 0xff,
    0xff, 0xff, 0xff, 0xff, 0xff, 0xff, 0xff, 0xff, 0xff, 0xff, 0xff, 0xff, 0xff, 0xff, 0xff, 0xff,
    0xff, 0xff, 0xff, 0xff, 0xff, 0xff, 0xff, 0xff, 0xff, 0xff, 0xff, 0xff, 0xff, 0xff, 0xff, 0xff,
    0xff, 0xff, 0xff, 0xff, 0xff, 0xff, 0xff, 0xff, 0xff, 0xff, 0xff, 0xff, 0xff, 0xff, 0xff, 0xff,
    0xff, 0xff, 0xff, 0xff, 0xff, 0xff, 0xff, 0xff, 0xff, 0xff, 0xff, 0xff, 0xff, 0xff, 0xff, 0xff,
    0xff, 0xff, 0xff, 0xff, 0xff, 0xff, 0xff, 0xff, 0xff, 0xff, 0xff, 0xff, 0xff, 0xff, 0xff, 0xff,
    0xff, 0xff, 0xff, 0xff, 0xff, 0xff, 0xff, 0xff, 0xff, 0xff, 0xff, 0xff, 0xff, 0xff, 0xff, 0xff,
    0xff, 0xff, 0xff, 0xff, 0xff, 0xff, 0xff, 0xff, 0xff, 0xff, 0xff, 0xff, 0xff, 0xff, 0xff, 0xff,
    0xff, 0xff, 0xff, 0xff, 0xff, 0xff, 0xff, 0xff, 0xff, 0xff, 0xff, 0xff, 0xff, 0xff, 0xff, 0xff,
    0xff, 0xff, 0xff, 0xff, 0xff, 0xff, 0xff, 0xff, 0xff, 0xff, 0xff, 0xff, 0xff, 0xff, 0xff, 0xff,
    0xff, 0xff, 0xff, 0xff, 0xff, 0xff, 0xff, 0xff, 0xff, 0xff, 0xff, 0xff, 0xff, 0xff, 0xff, 0xff,
    0xff, 0xff, 0xff, 0xff, 0xff, 0xff, 0xff, 0xff, 0xff, 0xff, 0xff, 0xff, 0xff, 0xff, 0xff, 0xff,
    0xff, 0xff, 0xff, 0xff, 0xff, 0xff, 0xff, 0xff, 0xff, 0xff, 0xff, 0xff, 0xff, 0xff, 0xff, 0xff,
    0xff, 0xff, 0xff, 0xff, 0xff, 0xff, 0xff, 0xff, 0xff, 0xff, 0xff, 0xff, 0xff, 0xff, 0xff, 0xff,
    0xff, 0xff, 0xff, 0xff, 0xff, 0xff, 0xff, 0xff, 0xff, 0xff, 0xff, 0xff, 0xff, 0xff, 0xff, 0xff,
    0xff, 0xff, 0xff, 0xff, 0xff, 0xff, 0xff, 0xff, 0xff, 0xff, 0xff, 0xff, 0xff, 0xff, 0xff, 0xff,
    0xff, 0xff, 0xff, 0xff, 0xff, 0xff, 0xff, 0xff, 0xff, 0xff, 0xff, 0xff, 0xff, 0xff, 0xff, 0xff,
    0xff, 0xff, 0xff, 0xff, 0xff, 0xff, 0xff, 0xff, 0xff, 0xff, 0xff, 0xff, 0xff, 0xff, 0xff, 0xff,
    0xff, 0xff, 0xff, 0xff, 0xff, 0xff, 0xff, 0xff, 0xff, 0xff, 0xff, 0xff, 0xff, 0xff, 0xff, 0xff,
    0xff, 0xff, 0xff, 0xff, 0xff, 0xff, 0xff, 0xff, 0xff, 0xff, 0xff, 0xff, 0xff, 0xff, 0xff, 0xff,
    0xff, 0xff, 0xff, 0xff, 0xff, 0xff, 0xff, 0xff, 0xff, 0xff, 0xff, 0xff, 0xff, 0xff, 0xff, 0xff,
    0xff, 0xff, 0xff, 0xff, 0xff, 0xff, 0xff, 0xff, 0xff, 0xff, 0xff, 0xff, 0xff, 0xff, 0xff, 0xff,
    0xff, 0xff, 0xff, 0xff, 0xff, 0xff, 0xff, 0xff, 0xff, 0xff, 0xff, 0xff, 0xff, 0xff, 0xff, 0xff,
    0xff, 0xff, 0xff, 0xff, 0xff, 0xff, 0xff, 0xff, 0xff, 0xff, 0xff, 0xff, 0xff, 0xff, 0xff, 0xff,
    0xff, 0xff, 0xff, 0xff, 0xff, 0xff, 0xff, 0xff, 0xff, 0xff, 0xff, 0xff, 0xff, 0xff, 0xff, 0xff,
    0xff, 0xff, 0xff, 0xff, 0xff, 0xff, 0xff, 0xff, 0xff, 0xff, 0xff, 0xff, 0xff, 0xff, 0xff, 0xff,
    0xff, 0xff, 0xff, 0xff, 0xff, 0xff, 0xff, 0xff, 0xff, 0xff, 0xff, 0xff, 0xff, 0xff, 0xff, 0xff,
    0xff, 0xff, 0xff, 0xff, 0xff, 0xff, 0xff, 0xff, 0xff, 0xff, 0xff, 0xff, 0xff, 0xff, 0xff, 0xff,
    0xff, 0xff, 0xff, 0xff, 0xff, 0xff, 0xff, 0xff, 0xff, 0xff, 0xff, 0xff, 0xff, 0xff, 0xff, 0xff,
    0xff, 0xff, 0xff, 0xff, 0xff, 0xff, 0xff, 0xff, 0xff, 0xff, 0xff, 0xff, 0xff, 0xff, 0xff, 0xff,
    0xff, 0xff, 0xff, 0xff, 0xff, 0xff, 0xff, 0xff, 0xff, 0xff, 0xff, 0xff, 0xff, 0xff, 0xff, 0xff,
    0xff, 0xff, 0xff, 0xff, 0xff, 0xff, 0xff, 0xff, 0xff, 0xff, 0xff, 0xff, 0xff, 0xff, 0xff, 0xff,
    0xff, 0xff, 0xff, 0xff, 0xff, 0xff, 0xff, 0xff, 0xff, 0xff, 0xff, 0xff, 0xff, 0xff, 0xff, 0xff,
    0xff, 0xff, 0xff, 0xff, 0xff, 0xff, 0xff, 0xff, 0xff, 0xff, 0xff, 0xff, 0xff, 0xff, 0xff, 0xff,
    0xff, 0xff, 0xff, 0xff, 0xff, 0xff, 0xff, 0xff, 0xff, 0xff, 0xff, 0xff, 0xff, 0xff, 0xff, 0xff,
    0xff, 0xff, 0xff, 0xff, 0xff, 0xff, 0xff, 0xff, 0xff, 0xff, 0xff, 0xff, 0xff, 0xff, 0xff, 0xff,
    0xff, 0xff, 0xff, 0xff, 0xff, 0xff, 0xff, 0xff, 0xff, 0xff, 0xff, 0xff, 0xff, 0xff, 0xff, 0xff,
    0xff, 0xff, 0xff, 0xff, 0xff, 0xff, 0xff, 0xff, 0xff, 0xff, 0xff, 0xff, 0xff, 0xff, 0xff, 0xff,
    0xff, 0xff, 0xff, 0xff, 0xff, 0xff, 0xff, 0xff, 0xff, 0xff, 0xff, 0xff, 0xff, 0xff, 0xff, 0xff,
    0xff, 0xff, 0xff, 0xff, 0xff, 0xff, 0xff, 0xff, 0xff, 0xff, 0xff, 0xff, 0xff, 0xff, 0xff, 0xff,
    0xff, 0xff, 0xff, 0xff, 0xff, 0xff, 0xff, 0xff, 0xff, 0xff, 0xff, 0xff, 0xff, 0xff, 0xff, 0xff,
    0xff, 0xff, 0xff, 0xff, 0xff, 0xff, 0xff, 0xff, 0xff, 0xff, 0xff, 0xff, 0xff, 0xff, 0xff, 0xff,
    0xff, 0xff, 0xff, 0xff, 0xff, 0xff, 0xff, 0xff, 0xff, 0xff, 0xff, 0xff, 0xff, 0xff, 0xff, 0xff,
    0xff, 0xff, 0xff, 0xff, 0xff, 0xff, 0xff, 0xff, 0xff, 0xff, 0xff, 0xff, 0xff, 0xff, 0xff, 0xff,
    0xff, 0xff, 0xff, 0xff, 0xff, 0xff, 0xff, 0xff, 0xff, 0xff, 0xff, 0xff, 0xff, 0xff, 0xff, 0xff,
    0xff, 0xff, 0xff, 0xff, 0xff, 0xff, 0xff, 0xff, 0xff, 0xff, 0xff, 0xff, 0xff, 0xff, 0xff, 0xff,
    0xff, 0xff, 0xff, 0xff, 0xff, 0xff, 0xff, 0xff, 0xff, 0xff, 0xff, 0xff, 0xff, 0xff, 0xff, 0xff,
    0xff, 0xff, 0xff, 0xff, 0xff, 0xff, 0xff, 0xff, 0xff, 0xff, 0xff, 0xff, 0xff, 0xff, 0xff, 0xff,
    0xff, 0xff, 0xff, 0xff, 0xff, 0xff, 0xff, 0xff, 0xff, 0xff, 0xff, 0xff, 0xff, 0xff, 0xff, 0xff,
    0xff, 0xff, 0xff, 0xff, 0xff, 0xff, 0xff, 0xff, 0xff, 0xff, 0xff, 0xff, 0xff, 0xff, 0xff, 0xff,
    0xff, 0xff, 0xff, 0xff, 0xff, 0xff, 0xff, 0xff, 0xff, 0xff, 0xff, 0xff, 0xff, 0xff, 0xff, 0xff,
    0xff, 0xff, 0xff, 0xff, 0xff, 0xff, 0xff, 0xff, 0xff, 0xff, 0xff, 0xff, 0xff, 0xff, 0xff, 0xff,
    0xff, 0xff, 0xff, 0xff, 0xff, 0xff, 0xff, 0xff, 0xff, 0xff, 0xff, 0xff, 0xff, 0xff, 0xff, 0xff,
    0xff, 0xff, 0xff, 0xff, 0xff, 0xff, 0xff, 0xff, 0xff, 0xff, 0xff, 0xff, 0xff, 0xff, 0xff, 0xff,
    0xff, 0xff, 0xff, 0xff, 0xff, 0xff, 0xff, 0xff, 0xff, 0xff, 0xff, 0xff, 0xff, 0xff, 0xff, 0xff,
    0xff, 0xff, 0xff, 0xff, 0xff, 0xff, 0xff, 0xff, 0xff, 0xff, 0xff, 0xff, 0xff, 0xff, 0xff, 0xff,
    0xff, 0xff, 0xff, 0xff, 0xff, 0xff, 0xff, 0xff, 0xff, 0xff, 0xff, 0xff, 0xff, 0xff, 0xff, 0xff,
    0xff, 0xff, 0xff, 0xff, 0xff, 0xff, 0xff, 0xff, 0xff, 0xff, 0xff, 0xff, 0xff, 0xff, 0xff, 0xff,
    0xff, 0xff, 0xff, 0xff, 0xff, 0xff, 0xff, 0xff, 0xff, 0xff, 0xff, 0xff, 0xff, 0xff, 0xff, 0xff,
    0xff, 0xff, 0xff, 0xff, 0xff, 0xff, 0xff, 0xff, 0xff, 0xff, 0xff, 0xff, 0xff, 0xff, 0xff, 0xff,
    0xff, 0xff, 0xff, 0xff, 0xff, 0xff, 0xff, 0xff, 0xff, 0xff, 0xff, 0xff, 0xff, 0xff, 0xff, 0xff,
    0xff, 0xff, 0xff, 0xff, 0xff, 0xff, 0xff, 0xff, 0xff, 0xff, 0xff, 0xff, 0xff, 0xff, 0xff, 0xff,
    0xff, 0xff, 0xff, 0xff, 0xff, 0xff, 0xff, 0xff, 0xff, 0xff, 0xff, 0xff, 0xff, 0xff, 0xff, 0xff,
    0xff, 0xff, 0xff, 0xff, 0xff, 0xff, 0xff, 0xff, 0xff, 0xff, 0xff, 0xff, 0xff, 0xff, 0xff, 0xff,
    0xff, 0xff, 0xff, 0xff, 0xff, 0xff, 0xff, 0xff, 0xff, 0xff, 0xff, 0xff, 0xff, 0xff, 0xff, 0xff,
    0xff, 0xff, 0xff, 0xff, 0xff, 0xff, 0xff, 0xff, 0xff, 0xff, 0xff, 0xff, 0xff, 0xff, 0xff, 0xff,
    0xff, 0xff, 0xff, 0xff, 0xff, 0xff, 0xff, 0xff, 0xff, 0xff, 0xff, 0xff, 0xff, 0xff, 0xff, 0xff,
    0xff, 0xff, 0xff, 0xff, 0xff, 0xff, 0xff, 0xff, 0xff, 0xff, 0xff, 0xff, 0xff, 0xff, 0xff, 0xff,
    0xff, 0xff, 0xff, 0xff, 0xff, 0xff, 0xff, 0xff, 0xff, 0xff, 0xff, 0xff, 0xff, 0xff, 0xff, 0xff,
    0xff, 0xff, 0xff, 0xff, 0xff, 0xff, 0xff, 0xff, 0xff, 0xff, 0xff, 0xff, 0xff, 0xff, 0xff, 0xff,
    0xff, 0xff, 0xff, 0xff, 0xff, 0xff, 0xff, 0xff, 0xff, 0xff, 0xff, 0xff, 0xff, 0xff, 0xff, 0xff,
    0xff, 0xff, 0xff, 0xff, 0xff, 0xff, 0xff, 0xff, 0xff, 0xff, 0xff, 0xff, 0xff, 0xff, 0xff, 0xff,
    0xff, 0xff, 0xff, 0xff, 0xff, 0xff, 0xff, 0xff, 0xff, 0xff, 0xff, 0xff, 0xff, 0xff, 0xff, 0xff,
    0xff, 0xff, 0xff, 0xff, 0xff, 0xff, 0xff, 0xff, 0xff, 0xff, 0xff, 0xff, 0xff, 0xff, 0xff, 0xff,
    0xff, 0xff, 0xff, 0xff, 0xff, 0xff, 0xff, 0xff, 0xff, 0xff, 0xff, 0xff, 0xff, 0xff, 0xff, 0xff,
    0xff, 0xff, 0xff, 0xff, 0xff, 0xff, 0xff, 0xff, 0xff, 0xff, 0xff, 0xff, 0xff, 0xff, 0xff, 0xff,
    0xff, 0xff, 0xff, 0xff, 0xff, 0xff, 0xff, 0xff, 0xff, 0xff, 0xff, 0xff, 0xff, 0xff, 0xff, 0xff,
    0xff, 0xff, 0xff, 0xff, 0xff, 0xff, 0xff, 0xff, 0xff, 0xff, 0xff, 0xff, 0xff, 0xff, 0xff, 0xff,
    0xff, 0xff, 0xff, 0xff, 0xff, 0xff, 0xff, 0xff, 0xff, 0xff, 0xff, 0xff, 0xff, 0xff, 0xff, 0xff,
    0xff, 0xff, 0xff, 0xff, 0xff, 0xff, 0xff, 0xff, 0xff, 0xff, 0xff, 0xff, 0xff, 0xff, 0xff, 0xff,
    0xff, 0xff, 0xff, 0xff, 0xff, 0xff, 0xff, 0xff, 0xff, 0xff, 0xff, 0xff, 0xff, 0xff, 0xff, 0xff,
    0xff, 0xff, 0xff, 0xff, 0xff, 0xff, 0xff, 0xff, 0xff, 0xff, 0xff, 0xff, 0xff, 0xff, 0xff, 0xff,
    0xff, 0xff, 0xff, 0xff, 0xff, 0xff, 0xff, 0xff, 0xff, 0xff, 0xff, 0xff, 0xff, 0xff, 0xff, 0xff,
    0xff, 0xff, 0xff, 0xff, 0xff, 0xff, 0xff, 0xff, 0xff, 0xff, 0xff, 0xff, 0xff, 0xff, 0xff, 0xff,
    0xff, 0xff, 0xff, 0xff, 0xff, 0xff, 0xff, 0xff, 0xff, 0xff, 0xff, 0xff, 0xff, 0xff, 0xff, 0xff,
    0xff, 0xff, 0xff, 0xff, 0xff, 0xff, 0xff, 0xff, 0xff, 0xff, 0xff, 0xff, 0xff, 0xff, 0xff, 0xff,
    0xff, 0xff, 0xff, 0xff, 0xff, 0xff, 0xff, 0xff, 0xff, 0xff, 0xff, 0xff, 0xff, 0xff, 0xff, 0xff,
    0xff, 0xff, 0xff, 0xff, 0xff, 0xff, 0xff, 0xff, 0xff, 0xff, 0xff, 0xff, 0xff, 0xff, 0xff, 0xff,
    0xff, 0xff, 0xff, 0xff, 0xff, 0xff, 0xff, 0xff, 0xff, 0xff, 0xff, 0xff, 0xff, 0xff, 0xff, 0xff,
    0xff, 0xff, 0xff, 0xff, 0xff, 0xff, 0xff, 0xff, 0xff, 0xff, 0xff, 0xff, 0xff, 0xff, 0xff, 0xff,
    0xff, 0xff, 0xff, 0xff, 0xff, 0xff, 0xff, 0xff, 0xff, 0xff, 0xff, 0xff, 0xff, 0xff, 0xff, 0xff,
    0xff, 0xff, 0xff, 0xff, 0xff, 0xff, 0xff, 0xff, 0xff, 0xff, 0xff, 0xff, 0xff, 0xff, 0xff, 0xff,
    0xff, 0xff, 0xff, 0xff, 0xff, 0xff, 0xff, 0xff, 0xff, 0xff, 0xff, 0xff, 0xff, 0xff, 0xff, 0xff,
    0xff, 0xff, 0xff, 0xff, 0xff, 0xff, 0xff, 0xff, 0xff, 0xff, 0xff, 0xff, 0xff, 0xff, 0xff, 0xff,
    0xff, 0xff, 0xff, 0xff, 0xff, 0xff, 0xff, 0xff, 0xff, 0xff, 0xff, 0xff, 0xff, 0xff, 0xff, 0xff,
    0xff, 0xff, 0xff, 0xff, 0xff, 0xff, 0xff, 0xff, 0xff, 0xff, 0xff, 0xff, 0xff, 0xff, 0xff, 0xff,
    0xff, 0xff, 0xff, 0xff, 0xff, 0xff, 0xff, 0xff, 0xff, 0xff, 0xff, 0xff, 0xff, 0xff, 0xff, 0xff,
    0xff, 0xff, 0xff, 0xff, 0xff, 0xff, 0xff, 0xff, 0xff, 0xff, 0xff, 0xff, 0xff, 0xff, 0xff, 0xff,
    0xff, 0xff, 0xff, 0xff, 0xff, 0xff, 0xff, 0xff, 0xff, 0xff, 0xff, 0xff, 0xff, 0xff, 0xff, 0xff,
    0xff, 0xff, 0xff, 0xff, 0xff, 0xff, 0xff, 0xff, 0xff, 0xff, 0xff, 0xff, 0xff, 0xff, 0xff, 0xff,
    0xff, 0xff, 0xff, 0xff, 0xff, 0xff, 0xff, 0xff, 0xff, 0xff, 0xff, 0xff, 0xff, 0xff, 0xff, 0xff,
    0xff, 0xff, 0xff, 0xff, 0xff, 0xff, 0xff, 0xff, 0xff, 0xff, 0xff, 0xff, 0xff, 0xff, 0xff, 0xff,
    0xff, 0xff, 0xff, 0xff, 0xff, 0xff, 0xff, 0xff, 0xff, 0xff, 0xff, 0xff, 0xff, 0xff, 0xff, 0xff,
    0xff, 0xff, 0xff, 0xff, 0xff, 0xff, 0xff, 0xff, 0xff, 0xff, 0xff, 0xff, 0xff, 0xff, 0xff, 0xff,
    0xff, 0xff, 0xff, 0xff, 0xff, 0xff, 0xff, 0xff, 0xff, 0xff, 0xff, 0xff, 0xff, 0xff, 0xff, 0xff,
    0xff, 0xff, 0xff, 0xff, 0xff, 0xff, 0xff, 0xff, 0xff, 0xff, 0xff, 0xff, 0xff, 0xff, 0xff, 0xff,
    0xff, 0xff, 0xff, 0xff, 0xff, 0xff, 0xff, 0xff, 0xff, 0xff, 0xff, 0xff, 0xff, 0xff, 0xff, 0xff,
    0xff, 0xff, 0xff, 0xff, 0xff, 0xff, 0xff, 0xff, 0xff, 0xff, 0xff, 0xff, 0xff, 0xff, 0xff, 0xff,
    0xff, 0xff, 0xff, 0xff, 0xff, 0xff, 0xff, 0xff, 0xff, 0xff, 0xff, 0xff, 0xff, 0xff, 0xff, 0xff,
    0xff, 0xff, 0xff, 0xff, 0xff, 0xff, 0xff, 0xff, 0xff, 0xff, 0xff, 0xff, 0xff, 0xff, 0xff, 0xff,
    0xff, 0xff, 0xff, 0xff, 0xff, 0xff, 0xff, 0xff, 0xff, 0xff, 0xff, 0xff, 0xff, 0xff, 0xff, 0xff,
    0xff, 0xff, 0xff, 0xff, 0xff, 0xff, 0xff, 0xff, 0xff, 0xff, 0xff, 0xff, 0xff, 0xff, 0xff, 0xff,
    0xff, 0xff, 0xff, 0xff, 0xff, 0xff, 0xff, 0xff, 0xff, 0xff, 0xff, 0xff, 0xff, 0xff, 0xff, 0xff,
    0xff, 0xff, 0xff, 0xff, 0xff, 0xff, 0xff, 0xff, 0xff, 0xff, 0xff, 0xff, 0xff, 0xff, 0xff, 0xff,
    0xff, 0xff, 0xff, 0xff, 0xff, 0xff, 0xff, 0xff, 0xff, 0xff, 0xff, 0xff, 0xff, 0xff, 0xff, 0xff,
    0xff, 0xff, 0xff, 0xff, 0xff, 0xff, 0xff, 0xff, 0xff, 0xff, 0xff, 0xff, 0xff, 0xff, 0xff, 0xff,
    0xff, 0xff, 0xff, 0xff, 0xff, 0xff, 0xff, 0xff, 0xff, 0xff, 0xff, 0xff, 0xff, 0xff, 0xff, 0xff,
    0xff, 0xff, 0xff, 0xff, 0xff, 0xff, 0xff, 0xff, 0xff, 0xff, 0xff, 0xff, 0xff, 0xff, 0xff, 0xff,
    0xff, 0xff, 0xff, 0xff, 0xff, 0xff, 0xff, 0xff, 0xff, 0xff, 0xff, 0xff, 0xff, 0xff, 0xff, 0xff,
    0xff, 0xff, 0xff, 0xff, 0xff, 0xff, 0xff, 0xff, 0xff, 0xff, 0xff, 0xff, 0xff, 0xff, 0xff, 0xff,
    0xff, 0xff, 0xff, 0xff, 0xff, 0xff, 0xff, 0xff, 0xff, 0xff, 0xff, 0xff, 0xff, 0xff, 0xff, 0xff,
    0xff, 0xff, 0xff, 0xff, 0xff, 0xff, 0xff, 0xff, 0xff, 0xff, 0xff, 0xff, 0xff, 0xff, 0xff, 0xff,
    0xff, 0xff, 0xff, 0xff, 0xff, 0xff, 0xff, 0xff, 0xff, 0xff, 0xff, 0xff, 0xff, 0xff, 0xff, 0xff,
    0xff, 0xff, 0xff, 0xff, 0xff, 0xff, 0xff, 0xff, 0xff, 0xff, 0xff, 0xff, 0xff, 0xff, 0xff, 0xff,
    0xff, 0xff, 0xff, 0xff, 0xff, 0xff, 0xff, 0xff, 0xff, 0xff, 0xff, 0xff, 0xff, 0xff, 0xff, 0xff,
    0xff, 0xff, 0xff, 0xff, 0xff, 0xff, 0xff, 0xff, 0xff, 0xff, 0xff, 0xff, 0xff, 0xff, 0xff, 0xff,
    0xff, 0xff, 0xff, 0xff, 0xff, 0xff, 0xff, 0xff, 0xff, 0xff, 0xff, 0xff, 0xff, 0xff, 0xff, 0xff,
    0xff, 0xff, 0xff, 0xff, 0xff, 0xff, 0xff, 0xff, 0xff, 0xff, 0xff, 0xff, 0xff, 0xff, 0xff, 0xff,
    0xff, 0xff, 0xff, 0xff, 0xff, 0xff, 0xff, 0xff, 0xff, 0xff, 0xff, 0xff, 0xff, 0xff, 0xff, 0xff,
    0xff, 0xff, 0xff, 0xff, 0xff, 0xff, 0xff, 0xff, 0xff, 0xff, 0xff, 0xff, 0xff, 0xff, 0xff, 0xff,
    0xff, 0xff, 0xff, 0xff, 0xff, 0xff, 0xff, 0xff, 0xff, 0xff, 0xff, 0xff, 0xff, 0xff, 0xff, 0xff,
    0xff, 0xff, 0xff, 0xff, 0xff, 0xff, 0xff, 0xff, 0xff, 0xff, 0xff, 0xff, 0xff, 0xff, 0xff, 0xff,
    0xff, 0xff, 0xff, 0xff, 0xff, 0xff, 0xff, 0xff, 0xff, 0xff, 0xff, 0xff, 0xff, 0xff, 0xff, 0xff,
    0xff, 0xff, 0xff, 0xff, 0xff, 0xff, 0xff, 0xff, 0xff, 0xff, 0xff, 0xff, 0xff, 0xff, 0xff, 0xff,
    0xff, 0xff, 0xff, 0xff, 0xff, 0xff, 0xff, 0xff, 0xff, 0xff, 0xff, 0xff, 0xff, 0xff, 0xff, 0xff,
    0xff, 0xff, 0xff, 0xff, 0xff, 0xff, 0xff, 0xff, 0xff, 0xff, 0xff, 0xff, 0xff, 0xff, 0xff, 0xff,
    0xff, 0xff, 0xff, 0xff, 0xff, 0xff, 0xff, 0xff, 0xff, 0xff, 0xff, 0xff, 0xff, 0xff, 0xff, 0xff,
    0xff, 0xff, 0xff, 0xff, 0xff, 0xff, 0xff, 0xff, 0xff, 0xff, 0xff, 0xff, 0xff, 0xff, 0xff, 0xff,
    0xff, 0xff, 0xff, 0xff, 0xff, 0xff, 0xff, 0xff, 0xff, 0xff, 0xff, 0xff, 0xff, 0xff, 0xff, 0xff,
    0xff, 0xff, 0xff, 0xff, 0xff, 0xff, 0xff, 0xff, 0xff, 0xff, 0xff, 0xff, 0xff, 0xff, 0xff, 0xff,
    0xff, 0xff, 0xff, 0xff, 0xff, 0xff, 0xff, 0xff, 0xff, 0xff, 0xff, 0xff, 0xff, 0xff, 0xff, 0xff,
    0xff, 0xff, 0xff, 0xff, 0xff, 0xff, 0xff, 0xff, 0xff, 0xff, 0xff, 0xff, 0xff, 0xff, 0xff, 0xff,
    0xff, 0xff, 0xff, 0xff, 0xff, 0xff, 0xff, 0xff, 0xff, 0xff, 0xff, 0xff, 0xff, 0xff, 0xff, 0xff,
    0xff, 0xff, 0xff, 0xff, 0xff, 0xff, 0xff, 0xff, 0xff, 0xff, 0xff, 0xff, 0xff, 0xff, 0xff, 0xff,
    0xff, 0xff, 0xff, 0xff, 0xff, 0xff, 0xff, 0xff, 0xff, 0xff, 0xff, 0xff, 0xff, 0xff, 0xff, 0xff,
    0xff, 0xff, 0xff, 0xff, 0xff, 0xff, 0xff, 0xff, 0xff, 0xff, 0xff, 0xff, 0xff, 0xff, 0xff, 0xff,
    0xff, 0xff, 0xff, 0xff, 0xff, 0xff, 0xff, 0xff, 0xff, 0xff, 0xff, 0xff, 0xff, 0xff, 0xff, 0xff,
    0xff, 0xff, 0xff, 0xff, 0xff, 0xff, 0xff, 0xff, 0xff, 0xff, 0xff, 0xff, 0xff, 0xff, 0xff, 0xff,
    0xff, 0xff, 0xff, 0xff, 0xff, 0xff, 0xff, 0xff, 0xff, 0xff, 0xff, 0xff, 0xff, 0xff, 0xff, 0xff,
    0xff, 0xff, 0xff, 0xff, 0xff, 0xff, 0xff, 0xff, 0xff, 0xff, 0xff, 0xff, 0xff, 0xff, 0xff, 0xff,
    0xff, 0xff, 0xff, 0xff, 0xff, 0xff, 0xff, 0xff, 0xff, 0xff, 0xff, 0xff, 0xff, 0xff, 0xff, 0xff,
    0xff, 0xff, 0xff, 0xff, 0xff, 0xff, 0xff, 0xff, 0xff, 0xff, 0xff, 0xff, 0xff, 0xff, 0xff, 0xff,
    0xff, 0xff, 0xff, 0xff, 0xff, 0xff, 0xff, 0xff, 0xff, 0xff, 0xff, 0xff, 0xff, 0xff, 0xff, 0xff,
    0xff, 0xff, 0xff, 0xff, 0xff, 0xff, 0xff, 0xff, 0xff, 0xff, 0xff, 0xff, 0xff, 0xff, 0xff, 0xff,
    0xff, 0xff, 0xff, 0xff, 0xff, 0xff, 0xff, 0xff, 0xff, 0xff, 0xff, 0xff, 0xff, 0xff, 0xff, 0xff,
    0xff, 0xff, 0xff, 0xff, 0xff, 0xff, 0xff, 0xff, 0xff, 0xff, 0xff, 0xff, 0xff, 0xff, 0xff, 0xff,
    0xff, 0xff, 0xff, 0xff, 0xff, 0xff, 0xff, 0xff, 0xff, 0xff, 0xff, 0xff, 0xff, 0xff, 0xff, 0xff,
    0xff, 0xff, 0xff, 0xff, 0xff, 0xff, 0xff, 0xff, 0xff, 0xff, 0xff, 0xff, 0xff, 0xff, 0xff, 0xff,
    0xff, 0xff, 0xff, 0xff, 0xff, 0xff, 0xff, 0xff, 0xff, 0xff, 0xff, 0xff, 0xff, 0xff, 0xff, 0xff,
    0xff, 0xff, 0xff, 0xff, 0xff, 0xff, 0xff, 0xff, 0xff, 0xff, 0xff, 0xff, 0xff, 0xff, 0xff, 0xff,
    0xff, 0xff, 0xff, 0xff, 0xff, 0xff, 0xff, 0xff, 0xff, 0xff, 0xff, 0xff, 0xff, 0xff, 0xff, 0xff,
    0xff, 0xff, 0xff, 0xff, 0xff, 0xff, 0xff, 0xff, 0xff, 0xff, 0xff, 0xff, 0xff, 0xff, 0xff, 0xff,
    0xff, 0xff, 0xff, 0xff, 0xff, 0xff, 0xff, 0xff, 0xff, 0xff, 0xff, 0xff, 0xff, 0xff, 0xff, 0xff,
    0xff, 0xff, 0xff, 0xff, 0xff, 0xff, 0xff, 0xff, 0xff, 0xff, 0xff, 0xff, 0xff, 0xff, 0xff, 0xff,
    0xff, 0xff, 0xff, 0xff, 0xff, 0xff, 0xff, 0xff, 0xff, 0xff, 0xff, 0xff, 0xff, 0xff, 0xff, 0xff,
    0xff, 0xff, 0xff, 0xff, 0xff, 0xff, 0xff, 0xff, 0xff, 0xff, 0xff, 0xff, 0xff, 0xff, 0xff, 0xff,
    0xff, 0xff, 0xff, 0xff, 0xff, 0xff, 0xff, 0xff, 0xff, 0xff, 0xff, 0xff, 0xff, 0xff, 0xff, 0xff,
    0xff, 0xff, 0xff, 0xff, 0xff, 0xff, 0xff, 0xff, 0xff, 0xff, 0xff, 0xff, 0xff, 0xff, 0xff, 0xff,
    0xff, 0xff, 0xff, 0xff, 0xff, 0xff, 0xff, 0xff, 0xff, 0xff, 0xff, 0xff, 0xff, 0xff, 0xff, 0xff,
    0xff, 0xff, 0xff, 0xff, 0xff, 0xff, 0xff, 0xff, 0xff, 0xff, 0xff, 0xff, 0xff, 0xff, 0xff, 0xff,
    0xff, 0xff, 0xff, 0xff, 0xff, 0xff, 0xff, 0xff, 0xff, 0xff, 0xff, 0xff, 0xff, 0xff, 0xff, 0xff,
    0xff, 0xff, 0xff, 0xff, 0xff, 0xff, 0xff, 0xff, 0xff, 0xff, 0xff, 0xff, 0xff, 0xff, 0xff, 0xff,
    0xff, 0xff, 0xff, 0xff, 0xff, 0xff, 0xff, 0xff, 0xff, 0xff, 0xff, 0xff, 0xff, 0xff, 0xff, 0xff,
    0xff, 0xff, 0xff, 0xff, 0xff, 0xff, 0xff, 0xff, 0xff, 0xff, 0xff, 0xff, 0xff, 0xff, 0xff, 0xff,
    0xff, 0xff, 0xff, 0xff, 0xff, 0xff, 0xff, 0xff, 0xff, 0xff, 0xff, 0xff, 0xff, 0xff, 0xff, 0xff,
    0xff, 0xff, 0xff, 0xff, 0xff, 0xff, 0xff, 0xff, 0xff, 0xff, 0xff, 0xff, 0xff, 0xff, 0xff, 0xff,
    0xff, 0xff, 0xff, 0xff, 0xff, 0xff, 0xff, 0xff, 0xff, 0xff, 0xff, 0xff, 0xff, 0xff, 0xff, 0xff,
    0xff, 0xff, 0xff, 0xff, 0xff, 0xff, 0xff, 0xff, 0xff, 0xff, 0xff, 0xff, 0xff, 0xff, 0xff, 0xff,
    0xff, 0xff, 0xff, 0xff, 0xff, 0xff, 0xff, 0xff, 0xff, 0xff, 0xff, 0xff, 0xff, 0xff, 0xff, 0xff,
    0xff, 0xff, 0xff, 0xff, 0xff, 0xff, 0xff, 0xff, 0xff, 0xff, 0xff, 0xff, 0xff, 0xff, 0xff, 0xff,
    0xff, 0xff, 0xff, 0xff, 0xff, 0xff, 0xff, 0xff, 0xff, 0xff, 0xff, 0xff, 0xff, 0xff, 0xff, 0xff,
    0xff, 0xff, 0xff, 0xff, 0xff, 0xff, 0xff, 0xff, 0xff, 0xff, 0xff, 0xff, 0xff, 0xff, 0xff, 0xff,
    0xff, 0xff, 0xff, 0xff, 0xff, 0xff, 0xff, 0xff, 0xff, 0xff, 0xff, 0xff, 0xff, 0xff, 0xff, 0xff,
    0xff, 0xff, 0xff, 0xff, 0xff, 0xff, 0xff, 0xff, 0xff, 0xff, 0xff, 0xff, 0xff, 0xff, 0xff, 0xff,
    0xff, 0xff, 0xff, 0xff, 0xff, 0xff, 0xff, 0xff, 0xff, 0xff, 0xff, 0xff, 0xff, 0xff, 0xff, 0xff,
    0xff, 0xff, 0xff, 0xff, 0xff, 0xff, 0xff, 0xff, 0xff, 0xff, 0xff, 0xff, 0xff, 0xff, 0xff, 0xff,
    0xff, 0xff, 0xff, 0xff, 0xff, 0xff, 0xff, 0xff, 0xff, 0xff, 0xff, 0xff, 0xff, 0xff, 0xff, 0xff,
    0xff, 0xff, 0xff, 0xff, 0xff, 0xff, 0xff, 0xff, 0xff, 0xff, 0xff, 0xff, 0xff, 0xff, 0xff, 0xff,
    0xff, 0xff, 0xff, 0xff, 0xff, 0xff, 0xff, 0xff, 0xff, 0xff, 0xff, 0xff, 0xff, 0xff, 0xff, 0xff,
    0xff, 0xff, 0xff, 0xff, 0xff, 0xff, 0xff, 0xff, 0xff, 0xff, 0xff, 0xff, 0xff, 0xff, 0xff, 0xff,
    0xff, 0xff, 0xff, 0xff, 0xff, 0xff, 0xff, 0xff, 0xff, 0xff, 0xff, 0xff, 0xff, 0xff, 0xff, 0xff,
    0xff, 0xff, 0xff, 0xff, 0xff, 0xff, 0xff, 0xff, 0xff, 0xff, 0xff, 0xff, 0xff, 0xff, 0xff, 0xff,
    0xff, 0xff, 0xff, 0xff, 0xff, 0xff, 0xff, 0xff, 0xff, 0xff, 0xff, 0xff, 0xff, 0xff, 0xff, 0xff,
    0xff, 0xff, 0xff, 0xff, 0xff, 0xff, 0xff, 0xff, 0xff, 0xff, 0xff, 0xff, 0xff, 0xff, 0xff, 0xff,
    0xff, 0xff, 0xff, 0xff, 0xff, 0xff, 0xff, 0xff, 0xff, 0xff, 0xff, 0xff, 0xff, 0xff, 0xff, 0xff,
    0xff, 0xff, 0xff, 0xff, 0xff, 0xff, 0xff, 0xff, 0xff, 0xff, 0xff, 0xff, 0xff, 0xff, 0xff, 0xff,
    0xff, 0xff, 0xff, 0xff, 0xff, 0xff, 0xff, 0xff, 0xff, 0xff, 0xff, 0xff, 0xff, 0xff, 0xff, 0xff,
    0xff, 0xff, 0xff, 0xff, 0xff, 0xff, 0xff, 0xff, 0xff, 0xff, 0xff, 0xff, 0xff, 0xff, 0xff, 0xff,
    0xff, 0xff, 0xff, 0xff, 0xff, 0xff, 0xff, 0xff, 0xff, 0xff, 0xff, 0xff, 0xff, 0xff, 0xff, 0xff,
    0xff, 0xff, 0xff, 0xff, 0xff, 0xff, 0xff, 0xff, 0xff, 0xff, 0xff, 0xff, 0xff, 0xff, 0xff, 0xff,
    0xff, 0xff, 0xff, 0xff, 0xff, 0xff, 0xff, 0xff, 0xff, 0xff, 0xff, 0xff, 0xff, 0xff, 0xff, 0xff,
    0xff, 0xff, 0xff, 0xff, 0xff, 0xff, 0xff, 0xff, 0xff, 0xff, 0xff, 0xff, 0xff, 0xff, 0xff, 0xff,
    0xff, 0xff, 0xff, 0xff, 0xff, 0xff, 0xff, 0xff, 0xff, 0xff, 0xff, 0xff, 0xff, 0xff, 0xff, 0xff,
    0xff, 0xff, 0xff, 0xff, 0xff, 0xff, 0xff, 0xff, 0xff, 0xff, 0xff, 0xff, 0xff, 0xff, 0xff, 0xff,
    0xff, 0xff, 0xff, 0xff, 0xff, 0xff, 0xff, 0xff, 0xff, 0xff, 0xff, 0xff, 0xff, 0xff, 0xff, 0xff,
    0xff, 0xff, 0xff, 0xff, 0xff, 0xff, 0xff, 0xff, 0xff, 0xff, 0xff, 0xff, 0xff, 0xff, 0xff, 0xff,
    0xff, 0xff, 0xff, 0xff, 0xff, 0xff, 0xff, 0xff, 0xff, 0xff, 0xff, 0xff, 0xff, 0xff, 0xff, 0xff,
    0xff, 0xff, 0xff, 0xff, 0xff, 0xff, 0xff, 0xff, 0xff, 0xff, 0xff, 0xff, 0xff, 0xff, 0xff, 0xff,
    0xff, 0xff, 0xff, 0xff, 0xff, 0xff, 0xff, 0xff, 0xff, 0xff, 0xff, 0xff, 0xff, 0xff, 0xff, 0xff,
    0xff, 0xff, 0xff, 0xff, 0xff, 0xff, 0xff, 0xff, 0xff, 0xff, 0xff, 0xff, 0xff, 0xff, 0xff, 0xff,
    0xff, 0xff, 0xff, 0xff, 0xff, 0xff, 0xff, 0xff, 0xff, 0xff, 0xff, 0xff, 0xff, 0xff, 0xff, 0xff,
    0xff, 0xff, 0xff, 0xff, 0xff, 0xff, 0xff, 0xff, 0xff, 0xff, 0xff, 0xff, 0xff, 0xff, 0xff, 0xff,
    0xff, 0xff, 0xff, 0xff, 0xff, 0xff, 0xff, 0xff, 0xff, 0xff, 0xff, 0xff, 0xff, 0xff, 0xff, 0xff,
    0xff, 0xff, 0xff, 0xff, 0xff, 0xff, 0xff, 0xff, 0xff, 0xff, 0xff, 0xff, 0xff, 0xff, 0xff, 0xff,
    0xff, 0xff, 0xff, 0xff, 0xff, 0xff, 0xff, 0xff, 0xff, 0xff, 0xff, 0xff, 0xff, 0xff, 0xff, 0xff,
    0xff, 0xff, 0xff, 0xff, 0xff, 0xff, 0xff, 0xff, 0xff, 0xff, 0xff, 0xff, 0xff, 0xff, 0xff, 0xff,
    0xff, 0xff, 0xff, 0xff, 0xff, 0xff, 0xff, 0xff, 0xff, 0xff, 0xff, 0xff, 0xff, 0xff, 0xff, 0xff,
    0xff, 0xff, 0xff, 0xff, 0xff, 0xff, 0xff, 0xff, 0xff, 0xff, 0xff, 0xff, 0xff, 0xff, 0xff, 0xff,
    0xff, 0xff, 0xff, 0xff, 0xff, 0xff, 0xff, 0xff, 0xff, 0xff, 0xff, 0xff, 0xff, 0xff, 0xff, 0xff,
    0xff, 0xff, 0xff, 0xff, 0xff, 0xff, 0xff, 0xff, 0xff, 0xff, 0xff, 0xff, 0xff, 0xff, 0xff, 0xff,
    0xff, 0xff, 0xff, 0xff, 0xff, 0xff, 0xff, 0xff, 0xff, 0xff, 0xff, 0xff, 0xff, 0xff, 0xff, 0xff,
    0xff, 0xff, 0xff, 0xff, 0xff, 0xff, 0xff, 0xff, 0xff, 0xff, 0xff, 0xff, 0xff, 0xff, 0xff, 0xff,
    0xff, 0xff, 0xff, 0xff, 0xff, 0xff, 0xff, 0xff, 0xff, 0xff, 0xff, 0xff, 0xff, 0xff, 0xff, 0xff,
    0xff, 0xff, 0xff, 0xff, 0xff, 0xff, 0xff, 0xff, 0xff, 0xff, 0xff, 0xff, 0xff, 0xff, 0xff, 0xff,
    0xff, 0xff, 0xff, 0xff, 0xff, 0xff, 0xff, 0xff, 0xff, 0xff, 0xff, 0xff, 0xff, 0xff, 0xff, 0xff,
    0xff, 0xff, 0xff, 0xff, 0xff, 0xff, 0xff, 0xff, 0xff, 0xff, 0xff, 0xff, 0xff, 0xff, 0xff, 0xff,
    0xff, 0xff, 0xff, 0xff, 0xff, 0xff, 0xff, 0xff, 0xff, 0xff, 0xff, 0xff, 0xff, 0xff, 0xff, 0xff,
    0xff, 0xff, 0xff, 0xff, 0xff, 0xff, 0xff, 0xff, 0xff, 0xff, 0xff, 0xff, 0xff, 0xff, 0xff, 0xff,
    0xff, 0xff, 0xff, 0xff, 0xff, 0xff, 0xff, 0xff, 0xff, 0xff, 0xff, 0xff, 0xff, 0xff, 0xff, 0xff,
    0xff, 0xff, 0xff, 0xff, 0xff, 0xff, 0xff, 0xff, 0xff, 0xff, 0xff, 0xff, 0xff, 0xff, 0xff, 0xff,
    0xff, 0xff, 0xff, 0xff, 0xff, 0xff, 0xff, 0xff, 0xff, 0xff, 0xff, 0xff, 0xff, 0xff, 0xff, 0xff,
    0xff, 0xff, 0xff, 0xff, 0xff, 0xff, 0xff, 0xff, 0xff, 0xff, 0xff, 0xff, 0xff, 0xff, 0xff, 0xff,
    0xff, 0xff, 0xff, 0xff, 0xff, 0xff, 0xff, 0xff, 0xff, 0xff, 0xff, 0xff, 0xff, 0xff, 0xff, 0xff,
    0xff, 0xff, 0xff, 0xff, 0xff, 0xff, 0xff, 0xff, 0xff, 0xff, 0xff, 0xff, 0xff, 0xff, 0xff, 0xff,
    0xff, 0xff, 0xff, 0xff, 0xff, 0xff, 0xff, 0xff, 0xff, 0xff, 0xff, 0xff, 0xff, 0xff, 0xff, 0xff,
    0xff, 0xff, 0xff, 0xff, 0xff, 0xff, 0xff, 0xff, 0xff, 0xff, 0xff, 0xff, 0xff, 0xff, 0xff, 0xff,
    0xff, 0xff, 0xff, 0xff, 0xff, 0xff, 0xff, 0xff, 0xff, 0xff, 0xff, 0xff, 0xff, 0xff, 0xff, 0xff,
    0xff, 0xff, 0xff, 0xff, 0xff, 0xff, 0xff, 0xff, 0xff, 0xff, 0xff, 0xff, 0xff, 0xff, 0xff, 0xff,
    0xff, 0xff, 0xff, 0xff, 0xff, 0xff, 0xff, 0xff, 0xff, 0xff, 0xff, 0xff, 0xff, 0xff, 0xff, 0xff,
    0xff, 0xff, 0xff, 0xff, 0xff, 0xff, 0xff, 0xff, 0xff, 0xff, 0xff, 0xff, 0xff, 0xff, 0xff, 0xff,
    0xff, 0xff, 0xff, 0xff, 0xff, 0xff, 0xff, 0xff, 0xff, 0xff, 0xff, 0xff, 0xff, 0xff, 0xff, 0xff,
    0xff, 0xff, 0xff, 0xff, 0xff, 0xff, 0xff, 0xff, 0xff, 0xff, 0xff, 0xff, 0xff, 0xff, 0xff, 0xff,
    0xff, 0xff, 0xff, 0xff, 0xff, 0xff, 0xff, 0xff, 0xff, 0xff, 0xff, 0xff, 0xff, 0xff, 0xff, 0xff,
    0xff, 0xff, 0xff, 0xff, 0xff, 0xff, 0xff, 0xff, 0xff, 0xff, 0xff, 0xff, 0xff, 0xff, 0xff, 0xff,
    0xff, 0xff, 0xff, 0xff, 0xff, 0xff, 0xff, 0xff, 0xff, 0xff, 0xff, 0xff, 0xff, 0xff, 0xff, 0xff,
    0xff, 0xff, 0xff, 0xff, 0xff, 0xff, 0xff, 0xff, 0xff, 0xff, 0xff, 0xff, 0xff, 0xff, 0xff, 0xff,
    0xff, 0xff, 0xff, 0xff, 0xff, 0xff, 0xff, 0xff, 0xff, 0xff, 0xff, 0xff, 0xff, 0xff, 0xff, 0xff,
    0xff, 0xff, 0xff, 0xff, 0xff, 0xff, 0xff, 0xff, 0xff, 0xff, 0xff, 0xff, 0xff, 0xff, 0xff, 0xff,
    0xff, 0xff, 0xff, 0xff, 0xff, 0xff, 0xff, 0xff, 0xff, 0xff, 0xff, 0xff, 0xff, 0xff, 0xff, 0xff,
    0xff, 0xff, 0xff, 0xff, 0xff, 0xff, 0xff, 0xff, 0xff, 0xff, 0xff, 0xff, 0xff, 0xff, 0xff, 0xff,
    0xff, 0xff, 0xff, 0xff, 0xff, 0xff, 0xff, 0xff, 0xff, 0xff, 0xff, 0xff, 0xff, 0xff, 0xff, 0xff,
    0xff, 0xff, 0xff, 0xff, 0xff, 0xff, 0xff, 0xff, 0xff, 0xff, 0xff, 0xff, 0xff, 0xff, 0xff, 0xff,
    0xff, 0xff, 0xff, 0xff, 0xff, 0xff, 0xff, 0xff, 0xff, 0xff, 0xff, 0xff, 0xff, 0xff, 0xff, 0xff,
    0xff, 0xff, 0xff, 0xff, 0xff, 0xff, 0xff, 0xff, 0xff, 0xff, 0xff, 0xff, 0xff, 0xff, 0xff, 0xff,
    0xff, 0xff, 0xff, 0xff, 0xff, 0xff, 0xff, 0xff, 0xff, 0xff, 0xff, 0xff, 0xff, 0xff, 0xff, 0xff,
    0xff, 0xff, 0xff, 0xff, 0xff, 0xff, 0xff, 0xff, 0xff, 0xff, 0xff, 0xff, 0xff, 0xff, 0xff, 0xff,
    0xff, 0xff, 0xff, 0xff, 0xff, 0xff, 0xff, 0xff, 0xff, 0xff, 0xff, 0xff, 0xff, 0xff, 0xff, 0xff,
    0xff, 0xff, 0xff, 0xff, 0xff, 0xff, 0xff, 0xff, 0xff, 0xff, 0xff, 0xff, 0xff, 0xff, 0xff, 0xff,
    0xff, 0xff, 0xff, 0xff, 0xff, 0xff, 0xff, 0xff, 0xff, 0xff, 0xff, 0xff, 0xff, 0xff, 0xff, 0xff,
    0xff, 0xff, 0xff, 0xff, 0xff, 0xff, 0xff, 0xff, 0xff, 0xff, 0xff, 0xff, 0xff, 0xff, 0xff, 0xff,
    0xff, 0xff, 0xff, 0xff, 0xff, 0xff, 0xff, 0xff, 0xff, 0xff, 0xff, 0xff, 0xff, 0xff, 0xff, 0xff,
    0xff, 0xff, 0xff, 0xff, 0xff, 0xff, 0xff, 0xff, 0xff, 0xff, 0xff, 0xff, 0xff, 0xff, 0xff, 0xff,
    0xff, 0xff, 0xff, 0xff, 0xff, 0xff, 0xff, 0xff, 0xff, 0xff, 0xff, 0xff, 0xff, 0xff, 0xff, 0xff,
    0xff, 0xff, 0xff, 0xff, 0xff, 0xff, 0xff, 0xff, 0xff, 0xff, 0xff, 0xff, 0xff, 0xff, 0xff, 0xff,
    0xff, 0xff, 0xff, 0xff, 0xff, 0xff, 0xff, 0xff, 0xff, 0xff, 0xff, 0xff, 0xff, 0xff, 0xff, 0xff,
    0xff, 0xff, 0xff, 0xff, 0xff, 0xff, 0xff, 0xff, 0xff, 0xff, 0xff, 0xff, 0xff, 0xff, 0xff, 0xff,
    0xff, 0xff, 0xff, 0xff, 0xff, 0xff, 0xff, 0xff, 0xff, 0xff, 0xff, 0xff, 0xff, 0xff, 0xff, 0xff,
    0xff, 0xff, 0xff, 0xff, 0xff, 0xff, 0xff, 0xff, 0xff, 0xff, 0xff, 0xff, 0xff, 0xff, 0xff, 0xff,
    0xff, 0xff, 0xff, 0xff, 0xff, 0xff, 0xff, 0xff, 0xff, 0xff, 0xff, 0xff, 0xff, 0xff, 0xff, 0xff,
    0xff, 0xff, 0xff, 0xff, 0xff, 0xff, 0xff, 0xff, 0xff, 0xff, 0xff, 0xff, 0xff, 0xff, 0xff, 0xff,
    0xff, 0xff, 0xff, 0xff, 0xff, 0xff, 0xff, 0xff, 0xff, 0xff, 0xff, 0xff, 0xff, 0xff, 0xff, 0xff,
    0xff, 0xff, 0xff, 0xff, 0xff, 0xff, 0xff, 0xff, 0xff, 0xff, 0xff, 0xff, 0xff, 0xff, 0xff, 0xff,
    0xff, 0xff, 0xff, 0xff, 0xff, 0xff, 0xff, 0xff, 0xff, 0xff, 0xff, 0xff, 0xff, 0xff, 0xff, 0xff,
    0xff, 0xff, 0xff, 0xff, 0xff, 0xff, 0xff, 0xff, 0xff, 0xff, 0xff, 0xff, 0xff, 0xff, 0xff, 0xff,
    0xff, 0xff, 0xff, 0xff, 0xff, 0xff, 0xff, 0xff, 0xff, 0xff, 0xff, 0xff, 0xff, 0xff, 0xff, 0xff,
    0xff, 0xff, 0xff, 0xff, 0xff, 0xff, 0xff, 0xff, 0xff, 0xff, 0xff, 0xff, 0xff, 0xff, 0xff, 0xff,
    0xff, 0xff, 0xff, 0xff, 0xff, 0xff, 0xff, 0xff, 0xff, 0xff, 0xff, 0xff, 0xff, 0xff, 0xff, 0xff,
    0xff, 0xff, 0xff, 0xff, 0xff, 0xff, 0xff, 0xff, 0xff, 0xff, 0xff, 0xff, 0xff, 0xff, 0xff, 0xff,
    0xff, 0xff, 0xff, 0xff, 0xff, 0xff, 0xff, 0xff, 0xff, 0xff, 0xff, 0xff, 0xff, 0xff, 0xff, 0xff,
    0xff, 0xff, 0xff, 0xff, 0xff, 0xff, 0xff, 0xff, 0xff, 0xff, 0xff, 0xff, 0xff, 0xff, 0xff, 0xff,
    0xff, 0xff, 0xff, 0xff, 0xff, 0xff, 0xff, 0xff, 0xff, 0xff, 0xff, 0xff, 0xff, 0xff, 0xff, 0xff,
    0xff, 0xff, 0xff, 0xff, 0xff, 0xff, 0xff, 0xff, 0xff, 0xff, 0xff, 0xff, 0xff, 0xff, 0xff, 0xff,
    0xff, 0xff, 0xff, 0xff, 0xff, 0xff, 0xff, 0xff, 0xff, 0xff, 0xff, 0xff, 0xff, 0xff, 0xff, 0xff,
    0xff, 0xff, 0xff, 0xff, 0xff, 0xff, 0xff, 0xff, 0xff, 0xff, 0xff, 0xff, 0xff, 0xff, 0xff, 0xff,
    0xff, 0xff, 0xff, 0xff, 0xff, 0xff, 0xff, 0xff, 0xff, 0xff, 0xff, 0xff, 0xff, 0xff, 0xff, 0xff,
    0xff, 0xff, 0xff, 0xff, 0xff, 0xff, 0xff, 0xff, 0xff, 0xff, 0xff, 0xff, 0xff, 0xff, 0xff, 0xff,
    0xff, 0xff, 0xff, 0xff, 0xff, 0xff, 0xff, 0xff, 0xff, 0xff, 0xff, 0xff, 0xff, 0xff, 0xff, 0xff,
    0xff, 0xff, 0xff, 0xff, 0xff, 0xff, 0xff, 0xff, 0xff, 0xff, 0xff, 0xff, 0xff, 0xff, 0xff, 0xff,
    0xff, 0xff, 0xff, 0xff, 0xff, 0xff, 0xff, 0xff, 0xff, 0xff, 0xff, 0xff, 0xff, 0xff, 0xff, 0xff,
    0xff, 0xff, 0xff, 0xff, 0xff, 0xff, 0xff, 0xff, 0xff, 0xff, 0xff, 0xff, 0xff, 0xff, 0xff, 0xff,
    0xff, 0xff, 0xff, 0xff, 0xff, 0xff, 0xff, 0xff, 0xff, 0xff, 0xff, 0xff, 0xff, 0xff, 0xff, 0xff,
    0xff, 0xff, 0xff, 0xff, 0xff, 0xff, 0xff, 0xff, 0xff, 0xff, 0xff, 0xff, 0xff, 0xff, 0xff, 0xff,
    0xff, 0xff, 0xff, 0xff, 0xff, 0xff, 0xff, 0xff, 0xff, 0xff, 0xff, 0xff, 0xff, 0xff, 0xff, 0xff,
    0xff, 0xff, 0xff, 0xff, 0xff, 0xff, 0xff, 0xff, 0xff, 0xff, 0xff, 0xff, 0xff, 0xff, 0xff, 0xff,
    0xff, 0xff, 0xff, 0xff, 0xff, 0xff, 0xff, 0xff, 0xff, 0xff, 0xff, 0xff, 0xff, 0xff, 0xff, 0xff,
    0xff, 0xff, 0xff, 0xff, 0xff, 0xff, 0xff, 0xff, 0xff, 0xff, 0xff, 0xff, 0xff, 0xff, 0xff, 0xff,
    0xff, 0xff, 0xff, 0xff, 0xff, 0xff, 0xff, 0xff, 0xff, 0xff, 0xff, 0xff, 0xff, 0xff, 0xff, 0xff,
    0xff, 0xff, 0xff, 0xff, 0xff, 0xff, 0xff, 0xff, 0xff, 0xff, 0xff, 0xff, 0xff, 0xff, 0xff, 0xff,
    0xff, 0xff, 0xff, 0xff, 0xff, 0xff, 0xff, 0xff, 0xff, 0xff, 0xff, 0xff, 0xff, 0xff, 0xff, 0xff,
    0xff, 0xff, 0xff, 0xff, 0xff, 0xff, 0xff, 0xff, 0xff, 0xff, 0xff, 0xff, 0xff, 0xff, 0xff, 0xff,
    0xff, 0xff, 0xff, 0xff, 0xff, 0xff, 0xff, 0xff, 0xff, 0xff, 0xff, 0xff, 0xff, 0xff, 0xff, 0xff,
    0xff, 0xff, 0xff, 0xff, 0xff, 0xff, 0xff, 0xff, 0xff, 0xff, 0xff, 0xff, 0xff, 0xff, 0xff, 0xff,
    0xff, 0xff, 0xff, 0xff, 0xff, 0xff, 0xff, 0xff, 0xff, 0xff, 0xff, 0xff, 0xff, 0xff, 0xff, 0xff,
    0xff, 0xff, 0xff, 0xff, 0xff, 0xff, 0xff, 0xff, 0xff, 0xff, 0xff, 0xff, 0xff, 0xff, 0xff, 0xff,
    0xff, 0xff, 0xff, 0xff, 0xff, 0xff, 0xff, 0xff, 0xff, 0xff, 0xff, 0xff, 0xff, 0xff, 0xff, 0xff,
    0xff, 0xff, 0xff, 0xff, 0xff, 0xff, 0xff, 0xff, 0xff, 0xff, 0xff, 0xff, 0xff, 0xff, 0xff, 0xff,
    0xff, 0xff, 0xff, 0xff, 0xff, 0xff, 0xff, 0xff, 0xff, 0xff, 0xff, 0xff, 0xff, 0xff, 0xff, 0xff,
    0xff, 0xff, 0xff, 0xff, 0xff, 0xff, 0xff, 0xff, 0xff, 0xff, 0xff, 0xff, 0xff, 0xff, 0xff, 0xff,
    0xff, 0xff, 0xff, 0xff, 0xff, 0xff, 0xff, 0xff, 0xff, 0xff, 0xff, 0xff, 0xff, 0xff, 0xff, 0xff,
    0xff, 0xff, 0xff, 0xff, 0xff, 0xff, 0xff, 0xff, 0xff, 0xff, 0xff, 0xff, 0xff, 0xff, 0xff, 0xff,
    0xff, 0xff, 0xff, 0xff, 0xff, 0xff, 0xff, 0xff, 0xff, 0xff, 0xff, 0xff, 0xff, 0xff, 0xff, 0xff,
    0xff, 0xff, 0xff, 0xff, 0xff, 0xff, 0xff, 0xff, 0xff, 0xff, 0xff, 0xff, 0xff, 0xff, 0xff, 0xff,
    0xff, 0xff, 0xff, 0xff, 0xff, 0xff, 0xff, 0xff, 0xff, 0xff, 0xff, 0xff, 0xff, 0xff, 0xff, 0xff,
    0xff, 0xff, 0xff, 0xff, 0xff, 0xff, 0xff, 0xff, 0xff, 0xff, 0xff, 0xff, 0xff, 0xff, 0xff, 0xff,
    0xff, 0xff, 0xff, 0xff, 0xff, 0xff, 0xff, 0xff, 0xff, 0xff, 0xff, 0xff, 0xff, 0xff, 0xff, 0xff,
    0xff, 0xff, 0xff, 0xff, 0xff, 0xff, 0xff, 0xff, 0xff, 0xff, 0xff, 0xff, 0xff, 0xff, 0xff, 0xff,
    0xff, 0xff, 0xff, 0xff, 0xff, 0xff, 0xff, 0xff, 0xff, 0xff, 0xff, 0xff, 0xff, 0xff, 0xff, 0xff,
    0xff, 0xff, 0xff, 0xff, 0xff, 0xff, 0xff, 0xff, 0xff, 0xff, 0xff, 0xff, 0xff, 0xff, 0xff, 0xff,
    0xff, 0xff, 0xff, 0xff, 0xff, 0xff, 0xff, 0xff, 0xff, 0xff, 0xff, 0xff, 0xff, 0xff, 0xff, 0xff,
    0xff, 0xff, 0xff, 0xff, 0xff, 0xff, 0xff, 0xff, 0xff, 0xff, 0xff, 0xff, 0xff, 0xff, 0xff, 0xff,
    0xff, 0xff, 0xff, 0xff, 0xff, 0xff, 0xff, 0xff, 0xff, 0xff, 0xff, 0xff, 0xff, 0xff, 0xff, 0xff,
    0xff, 0xff, 0xff, 0xff, 0xff, 0xff, 0xff, 0xff, 0xff, 0xff, 0xff, 0xff, 0xff, 0xff, 0xff, 0xff,
    0xff, 0xff, 0xff, 0xff, 0xff, 0xff, 0xff, 0xff, 0xff, 0xff, 0xff, 0xff, 0xff, 0xff, 0xff, 0xff,
    0xff, 0xff, 0xff, 0xff, 0xff, 0xff, 0xff, 0xff, 0xff, 0xff, 0xff, 0xff, 0xff, 0xff, 0xff, 0xff,
    0xff, 0xff, 0xff, 0xff, 0xff, 0xff, 0xff, 0xff, 0xff, 0xff, 0xff, 0xff, 0xff, 0xff, 0xff, 0xff,
    0xff, 0xff, 0xff, 0xff, 0xff, 0xff, 0xff, 0xff, 0xff, 0xff, 0xff, 0xff, 0xff, 0xff, 0xff, 0xff,
    0xff, 0xff, 0xff, 0xff, 0xff, 0xff, 0xff, 0xff, 0xff, 0xff, 0xff, 0xff, 0xff, 0xff, 0xff, 0xff,
    0xff, 0xff, 0xff, 0xff, 0xff, 0xff, 0xff, 0xff, 0xff, 0xff, 0xff, 0xff, 0xff, 0xff, 0xff, 0xff,
    0xff, 0xff, 0xff, 0xff, 0xff, 0xff, 0xff, 0xff, 0xff, 0xff, 0xff, 0xff, 0xff, 0xff, 0xff, 0xff,
    0xff, 0xff, 0xff, 0xff, 0xff, 0xff, 0xff, 0xff, 0xff, 0xff, 0xff, 0xff, 0xff, 0xff, 0xff, 0xff,
    0xff, 0xff, 0xff, 0xff, 0xff, 0xff, 0xff, 0xff, 0xff, 0xff, 0xff, 0xff, 0xff, 0xff, 0xff, 0xff,
    0xff, 0xff, 0xff, 0xff, 0xff, 0xff, 0xff, 0xff, 0xff, 0xff, 0xff, 0xff, 0xff, 0xff, 0xff, 0xff,
    0xff, 0xff, 0xff, 0xff, 0xff, 0xff, 0xff, 0xff, 0xff, 0xff, 0xff, 0xff, 0xff, 0xff, 0xff, 0xff,
    0xff, 0xff, 0xff, 0xff, 0xff, 0xff, 0xff, 0xff, 0xff, 0xff, 0xff, 0xff, 0xff, 0xff, 0xff, 0xff,
    0xff, 0xff, 0xff, 0xff, 0xff, 0xff, 0xff, 0xff, 0xff, 0xff, 0xff, 0xff, 0xff, 0xff, 0xff, 0xff,
    0xff, 0xff, 0xff, 0xff, 0xff, 0xff, 0xff, 0xff, 0xff, 0xff, 0xff, 0xff, 0xff, 0xff, 0xff, 0xff,
    0xff, 0xff, 0xff, 0xff, 0xff, 0xff, 0xff, 0xff, 0xff, 0xff, 0xff, 0xff, 0xff, 0xff, 0xff, 0xff,
    0xff, 0xff, 0xff, 0xff, 0xff, 0xff, 0xff, 0xff, 0xff, 0xff, 0xff, 0xff, 0xff, 0xff, 0xff, 0xff,
    0xff, 0xff, 0xff, 0xff, 0xff, 0xff, 0xff, 0xff, 0xff, 0xff, 0xff, 0xff, 0xff, 0xff, 0xff, 0xff,
    0xff, 0xff, 0xff, 0xff, 0xff, 0xff, 0xff, 0xff, 0xff, 0xff, 0xff, 0xff, 0xff, 0xff, 0xff, 0xff,
    0xff, 0xff, 0xff, 0xff, 0xff, 0xff, 0xff, 0xff, 0xff, 0xff, 0xff, 0xff, 0xff, 0xff, 0xff, 0xff,
    0xff, 0xff, 0xff, 0xff, 0xff, 0xff, 0xff, 0xff, 0xff, 0xff, 0xff, 0xff, 0xff, 0xff, 0xff, 0xff,
    0xff, 0xff, 0xff, 0xff, 0xff, 0xff, 0xff, 0xff, 0xff, 0xff, 0xff, 0xff, 0xff, 0xff, 0xff, 0xff,
    0xff, 0xff, 0xff, 0xff, 0xff, 0xff, 0xff, 0xff, 0xff, 0xff, 0xff, 0xff, 0xff, 0xff, 0xff, 0xff,
    0xff, 0xff, 0xff, 0xff, 0xff, 0xff, 0xff, 0xff, 0xff, 0xff, 0xff, 0xff, 0xff, 0xff, 0xff, 0xff,
    0xff, 0xff, 0xff, 0xff, 0xff, 0xff, 0xff, 0xff, 0xff, 0xff, 0xff, 0xff, 0xff, 0xff, 0xff, 0xff,
    0xff, 0xff, 0xff, 0xff, 0xff, 0xff, 0xff, 0xff, 0xff, 0xff, 0xff, 0xff, 0xff, 0xff, 0xff, 0xff,
    0xff, 0xff, 0xff, 0xff, 0xff, 0xff, 0xff, 0xff, 0xff, 0xff, 0xff, 0xff, 0xff, 0xff, 0xff, 0xff,
    0xff, 0xff, 0xff, 0xff, 0xff, 0xff, 0xff, 0xff, 0xff, 0xff, 0xff, 0xff, 0xff, 0xff, 0xff, 0xff,
    0xff, 0xff, 0xff, 0xff, 0xff, 0xff, 0xff, 0xff, 0xff, 0xff, 0xff, 0xff, 0xff, 0xff, 0xff, 0xff,
    0xff, 0xff, 0xff, 0xff, 0xff, 0xff, 0xff, 0xff, 0xff, 0xff, 0xff, 0xff, 0xff, 0xff, 0xff, 0xff,
    0xff, 0xff, 0xff, 0xff, 0xff, 0xff, 0xff, 0xff, 0xff, 0xff, 0xff, 0xff, 0xff, 0xff, 0xff, 0xff,
    0xff, 0xff, 0xff, 0xff, 0xff, 0xff, 0xff, 0xff, 0xff, 0xff, 0xff, 0xff, 0xff, 0xff, 0xff, 0xff,
    0xff, 0xff, 0xff, 0xff, 0xff, 0xff, 0xff, 0xff, 0xff, 0xff, 0xff, 0xff, 0xff, 0xff, 0xff, 0xff,
    0xff, 0xff, 0xff, 0xff, 0xff, 0xff, 0xff, 0xff, 0xff, 0xff, 0xff, 0xff, 0xff, 0xff, 0xff, 0xff,
    0xff, 0xff, 0xff, 0xff, 0xff, 0xff, 0xff, 0xff, 0xff, 0xff, 0xff, 0xff, 0xff, 0xff, 0xff, 0xff,
    0xff, 0xff, 0xff, 0xff, 0xff, 0xff, 0xff, 0xff, 0xff, 0xff, 0xff, 0xff, 0xff, 0xff, 0xff, 0xff,
    0xff, 0xff, 0xff, 0xff, 0xff, 0xff, 0xff, 0xff, 0xff, 0xff, 0xff, 0xff, 0xff, 0xff, 0xff, 0xff,
    0xff, 0xff, 0xff, 0xff, 0xff, 0xff, 0xff, 0xff, 0xff, 0xff, 0xff, 0xff, 0xff, 0xff, 0xff, 0xff,
    0xff, 0xff, 0xff, 0xff, 0xff, 0xff, 0xff, 0xff, 0xff, 0xff, 0xff, 0xff, 0xff, 0xff, 0xff, 0xff,
    0xff, 0xff, 0xff, 0xff, 0xff, 0xff, 0xff, 0xff, 0xff, 0xff, 0xff, 0xff, 0xff, 0xff, 0xff, 0xff,
    0xff, 0xff, 0xff, 0xff, 0xff, 0xff, 0xff, 0xff, 0xff, 0xff, 0xff, 0xff, 0xff, 0xff, 0xff, 0xff,
    0xff, 0xff, 0xff, 0xff, 0xff, 0xff, 0xff, 0xff, 0xff, 0xff, 0xff, 0xff, 0xff, 0xff, 0xff, 0xff,
    0xff, 0xff, 0xff, 0xff, 0xff, 0xff, 0xff, 0xff, 0xff, 0xff, 0xff, 0xff, 0xff, 0xff, 0xff, 0xff,
    0xff, 0xff, 0xff, 0xff, 0xff, 0xff, 0xff, 0xff, 0xff, 0xff, 0xff, 0xff, 0xff, 0xff, 0xff, 0xff,
    0xff, 0xff, 0xff, 0xff, 0xff, 0xff, 0xff, 0xff, 0xff, 0xff, 0xff, 0xff, 0xff, 0xff, 0xff, 0xff,
    0xff, 0xff, 0xff, 0xff, 0xff, 0xff, 0xff, 0xff, 0xff, 0xff, 0xff, 0xff, 0xff, 0xff, 0xff, 0xff,
    0xff, 0xff, 0xff, 0xff, 0xff, 0xff, 0xff, 0xff, 0xff, 0xff, 0xff, 0xff, 0xff, 0xff, 0xff, 0xff,
    0xff, 0xff, 0xff, 0xff, 0xff, 0xff, 0xff, 0xff, 0xff, 0xff, 0xff, 0xff, 0xff, 0xff, 0xff, 0xff,
    0xff, 0xff, 0xff, 0xff, 0xff, 0xff, 0xff, 0xff, 0xff, 0xff, 0xff, 0xff, 0xff, 0xff, 0xff, 0xff,
    0xff, 0xff, 0xff, 0xff, 0xff, 0xff, 0xff, 0xff, 0xff, 0xff, 0xff, 0xff, 0xff, 0xff, 0xff, 0xff,
    0xff, 0xff, 0xff, 0xff, 0xff, 0xff, 0xff, 0xff, 0xff, 0xff, 0xff, 0xff, 0xff, 0xff, 0xff, 0xff,
    0xff, 0xff, 0xff, 0xff, 0xff, 0xff, 0xff, 0xff, 0xff, 0xff, 0xff, 0xff, 0xff, 0xff, 0xff, 0xff,
    0xff, 0xff, 0xff, 0xff, 0xff, 0xff, 0xff, 0xff, 0xff, 0xff, 0xff, 0xff, 0xff, 0xff, 0xff, 0xff,
    0xff, 0xff, 0xff, 0xff, 0xff, 0xff, 0xff, 0xff, 0xff, 0xff, 0xff, 0xff, 0xff, 0xff, 0xff, 0xff,
    0xff, 0xff, 0xff, 0xff, 0xff, 0xff, 0xff, 0xff, 0xff, 0xff, 0xff, 0xff, 0xff, 0xff, 0xff, 0xff,
    0xff, 0xff, 0xff, 0xff, 0xff, 0xff, 0xff, 0xff, 0xff, 0xff, 0xff, 0xff, 0xff, 0xff, 0xff, 0xff,
    0xff, 0xff, 0xff, 0xff, 0xff, 0xff, 0xff, 0xff, 0xff, 0xff, 0xff, 0xff, 0xff, 0xff, 0xff, 0xff,
    0xff, 0xff, 0xff, 0xff, 0xff, 0xff, 0xff, 0xff, 0xff, 0xff, 0xff, 0xff, 0xff, 0xff, 0xff, 0xff,
    0xff, 0xff, 0xff, 0xff, 0xff, 0xff, 0xff, 0xff, 0xff, 0xff, 0xff, 0xff, 0xff, 0xff, 0xff, 0xff,
    0xff, 0xff, 0xff, 0xff, 0xff, 0xff, 0xff, 0xff, 0xff, 0xff, 0xff, 0xff, 0xff, 0xff, 0xff, 0xff,
    0xff, 0xff, 0xff, 0xff, 0xff, 0xff, 0xff, 0xff, 0xff, 0xff, 0xff, 0xff, 0xff, 0xff, 0xff, 0xff,
    0xff, 0xff, 0xff, 0xff, 0xff, 0xff, 0xff, 0xff, 0xff, 0xff, 0xff, 0xff, 0xff, 0xff, 0xff, 0xff,
    0xff, 0xff, 0xff, 0xff, 0xff, 0xff, 0xff, 0xff, 0xff, 0xff, 0xff, 0xff, 0xff, 0xff, 0xff, 0xff,
    0xff, 0xff, 0xff, 0xff, 0xff, 0xff, 0xff, 0xff, 0xff, 0xff, 0xff, 0xff, 0xff, 0xff, 0xff, 0xff,
    0xff, 0xff, 0xff, 0xff, 0xff, 0xff, 0xff, 0xff, 0xff, 0xff, 0xff, 0xff, 0xff, 0xff, 0xff, 0xff,
    0xff, 0xff, 0xff, 0xff, 0xff, 0xff, 0xff, 0xff, 0xff, 0xff, 0xff, 0xff, 0xff, 0xff, 0xff, 0xff,
    0xff, 0xff, 0xff, 0xff, 0xff, 0xff, 0xff, 0xff, 0xff, 0xff, 0xff, 0xff, 0xff, 0xff, 0xff, 0xff,
    0xff, 0xff, 0xff, 0xff, 0xff, 0xff, 0xff, 0xff, 0xff, 0xff, 0xff, 0xff, 0xff, 0xff, 0xff, 0xff,
    0xff, 0xff, 0xff, 0xff, 0xff, 0xff, 0xff, 0xff, 0xff, 0xff, 0xff, 0xff, 0xff, 0xff, 0xff, 0xff,
    0xff, 0xff, 0xff, 0xff, 0xff, 0xff, 0xff, 0xff, 0xff, 0xff, 0xff, 0xff, 0xff, 0xff, 0xff, 0xff,
    0xff, 0xff, 0xff, 0xff, 0xff, 0xff, 0xff, 0xff, 0xff, 0xff, 0xff, 0xff, 0xff, 0xff, 0xff, 0xff,
    0xff, 0xff, 0xff, 0xff, 0xff, 0xff, 0xff, 0xff, 0xff, 0xff, 0xff, 0xff, 0xff, 0xff, 0xff, 0xff,
    0xff, 0xff, 0xff, 0xff, 0xff, 0xff, 0xff, 0xff, 0xff, 0xff, 0xff, 0xff, 0xff, 0xff, 0xff, 0xff,
    0xff, 0xff, 0xff, 0xff, 0xff, 0xff, 0xff, 0xff, 0xff, 0xff, 0xff, 0xff, 0xff, 0xff, 0xff, 0xff,
    0xff, 0xff, 0xff, 0xff, 0xff, 0xff, 0xff, 0xff, 0xff, 0xff, 0xff, 0xff, 0xff, 0xff, 0xff, 0xff,
    0xff, 0xff, 0xff, 0xff, 0xff, 0xff, 0xff, 0xff, 0xff, 0xff, 0xff, 0xff, 0xff, 0xff, 0xff, 0xff,
    0xff, 0xff, 0xff, 0xff, 0xff, 0xff, 0xff, 0xff, 0xff, 0xff, 0xff, 0xff, 0xff, 0xff, 0xff, 0xff,
    0xff, 0xff, 0xff, 0xff, 0xff, 0xff, 0xff, 0xff, 0xff, 0xff, 0xff, 0xff, 0xff, 0xff, 0xff, 0xff,
    0xff, 0xff, 0xff, 0xff, 0xff, 0xff, 0xff, 0xff, 0xff, 0xff, 0xff, 0xff, 0xff, 0xff, 0xff, 0xff,
    0xff, 0xff, 0xff, 0xff, 0xff, 0xff, 0xff, 0xff, 0xff, 0xff, 0xff, 0xff, 0xff, 0xff, 0xff, 0xff,
    0xff, 0xff, 0xff, 0xff, 0xff, 0xff, 0xff, 0xff, 0xff, 0xff, 0xff, 0xff, 0xff, 0xff, 0xff, 0xff,
    0xff, 0xff, 0xff, 0xff, 0xff, 0xff, 0xff, 0xff, 0xff, 0xff, 0xff, 0xff, 0xff, 0xff, 0xff, 0xff,
    0xff, 0xff, 0xff, 0xff, 0xff, 0xff, 0xff, 0xff, 0xff, 0xff, 0xff, 0xff, 0xff, 0xff, 0xff, 0xff,
    0xff, 0xff, 0xff, 0xff, 0xff, 0xff, 0xff, 0xff, 0xff, 0xff, 0xff, 0xff, 0xff, 0xff, 0xff, 0xff,
    0xff, 0xff, 0xff, 0xff, 0xff, 0xff, 0xff, 0xff, 0xff, 0xff, 0xff, 0xff, 0xff, 0xff, 0xff, 0xff,
    0xff, 0xff, 0xff, 0xff, 0xff, 0xff, 0xff, 0xff, 0xff, 0xff, 0xff, 0xff, 0xff, 0xff, 0xff, 0xff,
    0xff, 0xff, 0xff, 0xff, 0xff, 0xff, 0xff, 0xff, 0xff, 0xff, 0xff, 0xff, 0xff, 0xff, 0xff, 0xff,
    0xff, 0xff, 0xff, 0xff, 0xff, 0xff, 0xff, 0xff, 0xff, 0xff, 0xff, 0xff, 0xff, 0xff, 0xff, 0xff,
    0xff, 0xff, 0xff, 0xff, 0xff, 0xff, 0xff, 0xff, 0xff, 0xff, 0xff, 0xff, 0xff, 0xff, 0xff, 0xff,
    0xff, 0xff, 0xff, 0xff, 0xff, 0xff, 0xff, 0xff, 0xff, 0xff, 0xff, 0xff, 0xff, 0xff, 0xff, 0xff,
    0xff, 0xff, 0xff, 0xff, 0xff, 0xff, 0xff, 0xff, 0xff, 0xff, 0xff, 0xff, 0xff, 0xff, 0xff, 0xff,
    0xff, 0xff, 0xff, 0xff, 0xff, 0xff, 0xff, 0xff, 0xff, 0xff, 0xff, 0xff, 0xff, 0xff, 0xff, 0xff,
    0xff, 0xff, 0xff, 0xff, 0xff, 0xff, 0xff, 0xff, 0xff, 0xff, 0xff, 0xff, 0xff, 0xff, 0xff, 0xff,
    0xff, 0xff, 0xff, 0xff, 0xff, 0xff, 0xff, 0xff, 0xff, 0xff, 0xff, 0xff, 0xff, 0xff, 0xff, 0xff,
    0xff, 0xff, 0xff, 0xff, 0xff, 0xff, 0xff, 0xff, 0xff, 0xff, 0xff, 0xff, 0xff, 0xff, 0xff, 0xff,
    0xff, 0xff, 0xff, 0xff, 0xff, 0xff, 0xff, 0xff, 0xff, 0xff, 0xff, 0xff, 0xff, 0xff, 0xff, 0xff,
    0xff, 0xff, 0xff, 0xff, 0xff, 0xff, 0xff, 0xff, 0xff, 0xff, 0xff, 0xff, 0xff, 0xff, 0xff, 0xff,
    0xff, 0xff, 0xff, 0xff, 0xff, 0xff, 0xff, 0xff, 0xff, 0xff, 0xff, 0xff, 0xff, 0xff, 0xff, 0xff,
    0xff, 0xff, 0xff, 0xff, 0xff, 0xff, 0xff, 0xff, 0xff, 0xff, 0xff, 0xff, 0xff, 0xff, 0xff, 0xff,
    0xff, 0xff, 0xff, 0xff, 0xff, 0xff, 0xff, 0xff, 0xff, 0xff, 0xff, 0xff, 0xff, 0xff, 0xff, 0xff,
    0xff, 0xff, 0xff, 0xff, 0xff, 0xff, 0xff, 0xff, 0xff, 0xff, 0xff, 0xff, 0xff, 0xff, 0xff, 0xff,
    0xff, 0xff, 0xff, 0xff, 0xff, 0xff, 0xff, 0xff, 0xff, 0xff, 0xff, 0xff, 0xff, 0xff, 0xff, 0xff,
    0xff, 0xff, 0xff, 0xff, 0xff, 0xff, 0xff, 0xff, 0xff, 0xff, 0xff, 0xff, 0xff, 0xff, 0xff, 0xff,
    0xff, 0xff, 0xff, 0xff, 0xff, 0xff, 0xff, 0xff, 0xff, 0xff, 0xff, 0xff, 0xff, 0xff, 0xff, 0xff,
    0xff, 0xff, 0xff, 0xff, 0xff, 0xff, 0xff, 0xff, 0xff, 0xff, 0xff, 0xff, 0xff, 0xff, 0xff, 0xff,
    0xff, 0xff, 0xff, 0xff, 0xff, 0xff, 0xff, 0xff, 0xff, 0xff, 0xff, 0xff, 0xff, 0xff, 0xff, 0xff,
    0xff, 0xff, 0xff, 0xff, 0xff, 0xff, 0xff, 0xff, 0xff, 0xff, 0xff, 0xff, 0xff, 0xff, 0xff, 0xff,
    0xff, 0xff, 0xff, 0xff, 0xff, 0xff, 0xff, 0xff, 0xff, 0xff, 0xff, 0xff, 0xff, 0xff, 0xff, 0xff,
    0xff, 0xff, 0xff, 0xff, 0xff, 0xff, 0xff, 0xff, 0xff, 0xff, 0xff, 0xff, 0xff, 0xff, 0xff, 0xff,
    0xff, 0xff, 0xff, 0xff, 0xff, 0xff, 0xff, 0xff, 0xff, 0xff, 0xff, 0xff, 0xff, 0xff, 0xff, 0xff,
    0xff, 0xff, 0xff, 0xff, 0xff, 0xff, 0xff, 0xff, 0xff, 0xff, 0xff, 0xff, 0xff, 0xff, 0xff, 0xff,
    0xff, 0xff, 0xff, 0xff, 0xff, 0xff, 0xff, 0xff, 0xff, 0xff, 0xff, 0xff, 0xff, 0xff, 0xff, 0xff,
    0xff, 0xff, 0xff, 0xff, 0xff, 0xff, 0xff, 0xff, 0xff, 0xff, 0xff, 0xff, 0xff, 0xff, 0xff, 0xff,
    0xff, 0xff, 0xff, 0xff, 0xff, 0xff, 0xff, 0xff, 0xff, 0xff, 0xff, 0xff, 0xff, 0xff, 0xff, 0xff,
    0xff, 0xff, 0xff, 0xff, 0xff, 0xff, 0xff, 0xff, 0xff, 0xff, 0xff, 0xff, 0xff, 0xff, 0xff, 0xff,
    0xff, 0xff, 0xff, 0xff, 0xff, 0xff, 0xff, 0xff, 0xff, 0xff, 0xff, 0xff, 0xff, 0xff, 0xff, 0xff,
    0xff, 0xff, 0xff, 0xff, 0xff, 0xff, 0xff, 0xff, 0xff, 0xff, 0xff, 0xff, 0xff, 0xff, 0xff, 0xff,
    0xff, 0xff, 0xff, 0xff, 0xff, 0xff, 0xff, 0xff, 0xff, 0xff, 0xff, 0xff, 0xff, 0xff, 0xff, 0xff,
    0xff, 0xff, 0xff, 0xff, 0xff, 0xff, 0xff, 0xff, 0xff, 0xff, 0xff, 0xff, 0xff, 0xff, 0xff, 0xff,
    0xff, 0xff, 0xff, 0xff, 0xff, 0xff, 0xff, 0xff, 0xff, 0xff, 0xff, 0xff, 0xff, 0xff, 0xff, 0xff,
    0xff, 0xff, 0xff, 0xff, 0xff, 0xff, 0xff, 0xff, 0xff, 0xff, 0xff, 0xff, 0xff, 0xff, 0xff, 0xff,
    0xff, 0xff, 0xff, 0xff, 0xff, 0xff, 0xff, 0xff, 0xff, 0xff, 0xff, 0xff, 0xff, 0xff, 0xff, 0xff,
    0xff, 0xff, 0xff, 0xff, 0xff, 0xff, 0xff, 0xff, 0xff, 0xff, 0xff, 0xff, 0xff, 0xff, 0xff, 0xff,
    0xff, 0xff, 0xff, 0xff, 0xff, 0xff, 0xff, 0xff, 0xff, 0xff, 0xff, 0xff, 0xff, 0xff, 0xff, 0xff,
    0xff, 0xff, 0xff, 0xff, 0xff, 0xff, 0xff, 0xff, 0xff, 0xff, 0xff, 0xff, 0xff, 0xff, 0xff, 0xff,
    0xff, 0xff, 0xff, 0xff, 0xff, 0xff, 0xff, 0xff, 0xff, 0xff, 0xff, 0xff, 0xff, 0xff, 0xff, 0xff,
    0xff, 0xff, 0xff, 0xff, 0xff, 0xff, 0xff, 0xff, 0xff, 0xff, 0xff, 0xff, 0xff, 0xff, 0xff, 0xff,
    0xff, 0xff, 0xff, 0xff, 0xff, 0xff, 0xff, 0xff, 0xff, 0xff, 0xff, 0xff, 0xff, 0xff, 0xff, 0xff,
    0xff, 0xff, 0xff, 0xff, 0xff, 0xff, 0xff, 0xff, 0xff, 0xff, 0xff, 0xff, 0xff, 0xff, 0xff, 0xff,
    0xff, 0xff, 0xff, 0xff, 0xff, 0xff, 0xff, 0xff, 0xff, 0xff, 0xff, 0xff, 0xff, 0xff, 0xff, 0xff,
    0xff, 0xff, 0xff, 0xff, 0xff, 0xff, 0xff, 0xff, 0xff, 0xff, 0xff, 0xff, 0xff, 0xff, 0xff, 0xff,
    0xff, 0xff, 0xff, 0xff, 0xff, 0xff, 0xff, 0xff, 0xff, 0xff, 0xff, 0xff, 0xff, 0xff, 0xff, 0xff,
    0xff, 0xff, 0xff, 0xff, 0xff, 0xff, 0xff, 0xff, 0xff, 0xff, 0xff, 0xff, 0xff, 0xff, 0xff, 0xff,
    0xff, 0xff, 0xff, 0xff, 0xff, 0xff, 0xff, 0xff, 0xff, 0xff, 0xff, 0xff, 0xff, 0xff, 0xff, 0xff,
    0xff, 0xff, 0xff, 0xff, 0xff, 0xff, 0xff, 0xff, 0xff, 0xff, 0xff, 0xff, 0xff, 0xff, 0xff, 0xff,
    0xff, 0xff, 0xff, 0xff, 0xff, 0xff, 0xff, 0xff, 0xff, 0xff, 0xff, 0xff, 0xff, 0xff, 0xff, 0xff,
    0xff, 0xff, 0xff, 0xff, 0xff, 0xff, 0xff, 0xff, 0xff, 0xff, 0xff, 0xff, 0xff, 0xff, 0xff, 0xff,
    0xff, 0xff, 0xff, 0xff, 0xff, 0xff, 0xff, 0xff, 0xff, 0xff, 0xff, 0xff, 0xff, 0xff, 0xff, 0xff,
    0xff, 0xff, 0xff, 0xff, 0xff, 0xff, 0xff, 0xff, 0xff, 0xff, 0xff, 0xff, 0xff, 0xff, 0xff, 0xff,
    0xff, 0xff, 0xff, 0xff, 0xff, 0xff, 0xff, 0xff, 0xff, 0xff, 0xff, 0xff, 0xff, 0xff, 0xff, 0xff,
    0xff, 0xff, 0xff, 0xff, 0xff, 0xff, 0xff, 0xff, 0xff, 0xff, 0xff, 0xff, 0xff, 0xff, 0xff, 0xff,
    0xff, 0xff, 0xff, 0xff, 0xff, 0xff, 0xff, 0xff, 0xff, 0xff, 0xff, 0xff, 0xff, 0xff, 0xff, 0xff,
    0xff, 0xff, 0xff, 0xff, 0xff, 0xff, 0xff, 0xff, 0xff, 0xff, 0xff, 0xff, 0xff, 0xff, 0xff, 0xff,
    0xff, 0xff, 0xff, 0xff, 0xff, 0xff, 0xff, 0xff, 0xff, 0xff, 0xff, 0xff, 0xff, 0xff, 0xff, 0xff,
    0xff, 0xff, 0xff, 0xff, 0xff, 0xff, 0xff, 0xff, 0xff, 0xff, 0xff, 0xff, 0xff, 0xff, 0xff, 0xff,
    0xff, 0xff, 0xff, 0xff, 0xff, 0xff, 0xff, 0xff, 0xff, 0xff, 0xff, 0xff, 0xff, 0xff, 0xff, 0xff,
    0xff, 0xff, 0xff, 0xff, 0xff, 0xff, 0xff, 0xff, 0xff, 0xff, 0xff, 0xff, 0xff, 0xff, 0xff, 0xff,
    0xff, 0xff, 0xff, 0xff, 0xff, 0xff, 0xff, 0xff, 0xff, 0xff, 0xff, 0xff, 0xff, 0xff, 0xff, 0xff,
    0xff, 0xff, 0xff, 0xff, 0xff, 0xff, 0xff, 0xff, 0xff, 0xff, 0xff, 0xff, 0xff, 0xff, 0xff, 0xff,
    0xff, 0xff, 0xff, 0xff, 0xff, 0xff, 0xff, 0xff, 0xff, 0xff, 0xff, 0xff, 0xff, 0xff, 0xff, 0xff,
    0xff, 0xff, 0xff, 0xff, 0xff, 0xff, 0xff, 0xff, 0xff, 0xff, 0xff, 0xff, 0xff, 0xff, 0xff, 0xff,
    0xff, 0xff, 0xff, 0xff, 0xff, 0xff, 0xff, 0xff, 0xff, 0xff, 0xff, 0xff, 0xff, 0xff, 0xff, 0xff,
    0xff, 0xff, 0xff, 0xff, 0xff, 0xff, 0xff, 0xff, 0xff, 0xff, 0xff, 0xff, 0xff, 0xff, 0xff, 0xff,
    0xff, 0xff, 0xff, 0xff, 0xff, 0xff, 0xff, 0xff, 0xff, 0xff, 0xff, 0xff, 0xff, 0xff, 0xff, 0xff,
    0xff, 0xff, 0xff, 0xff, 0xff, 0xff, 0xff, 0xff, 0xff, 0xff, 0xff, 0xff, 0xff, 0xff, 0xff, 0xff,
    0xff, 0xff, 0xff, 0xff, 0xff, 0xff, 0xff, 0xff, 0xff, 0xff, 0xff, 0xff, 0xff, 0xff, 0xff, 0xff,
    0xff, 0xff, 0xff, 0xff, 0xff, 0xff, 0xff, 0xff, 0xff, 0xff, 0xff, 0xff, 0xff, 0xff, 0xff, 0xff,
    0xff, 0xff, 0xff, 0xff, 0xff, 0xff, 0xff, 0xff, 0xff, 0xff, 0xff, 0xff, 0xff, 0xff, 0xff, 0xff,
    0xff, 0xff, 0xff, 0xff, 0xff, 0xff, 0xff, 0xff, 0xff, 0xff, 0xff, 0xff, 0xff, 0xff, 0xff, 0xff,
    0xff, 0xff, 0xff, 0xff, 0xff, 0xff, 0xff, 0xff, 0xff, 0xff, 0xff, 0xff, 0xff, 0xff, 0xff, 0xff,
    0xff, 0xff, 0xff, 0xff, 0xff, 0xff, 0xff, 0xff, 0xff, 0xff, 0xff, 0xff, 0xff, 0xff, 0xff, 0xff,
    0xff, 0xff, 0xff, 0xff, 0xff, 0xff, 0xff, 0xff, 0xff, 0xff, 0xff, 0xff, 0xff, 0xff, 0xff, 0xff,
    0xff, 0xff, 0xff, 0xff, 0xff, 0xff, 0xff, 0xff, 0xff, 0xff, 0xff, 0xff, 0xff, 0xff, 0xff, 0xff,
    0xff, 0xff, 0xff, 0xff, 0xff, 0xff, 0xff, 0xff, 0xff, 0xff, 0xff, 0xff, 0xff, 0xff, 0xff, 0xff,
    0xff, 0xff, 0xff, 0xff, 0xff, 0xff, 0xff, 0xff, 0xff, 0xff, 0xff, 0xff, 0xff, 0xff, 0xff, 0xff,
    0xff, 0xff, 0xff, 0xff, 0xff, 0xff, 0xff, 0xff, 0xff, 0xff, 0xff, 0xff, 0xff, 0xff, 0xff, 0xff,
    0xff, 0xff, 0xff, 0xff, 0xff, 0xff, 0xff, 0xff, 0xff, 0xff, 0xff, 0xff, 0xff, 0xff, 0xff, 0xff,
    0xff, 0xff, 0xff, 0xff, 0xff, 0xff, 0xff, 0xff, 0xff, 0xff, 0xff, 0xff, 0xff, 0xff, 0xff, 0xff,
    0xff, 0xff, 0xff, 0xff, 0xff, 0xff, 0xff, 0xff, 0xff, 0xff, 0xff, 0xff, 0xff, 0xff, 0xff, 0xff,
    0xff, 0xff, 0xff, 0xff, 0xff, 0xff, 0xff, 0xff, 0xff, 0xff, 0xff, 0xff, 0xff, 0xff, 0xff, 0xff,
    0xff, 0xff, 0xff, 0xff, 0xff, 0xff, 0xff, 0xff, 0xff, 0xff, 0xff, 0xff, 0xff, 0xff, 0xff, 0xff,
    0xff, 0xff, 0xff, 0xff, 0xff, 0xff, 0xff, 0xff, 0xff, 0xff, 0xff, 0xff, 0xff, 0xff, 0xff, 0xff,
    0xff, 0xff, 0xff, 0xff, 0xff, 0xff, 0xff, 0xff, 0xff, 0xff, 0xff, 0xff, 0xff, 0xff, 0xff, 0xff,
    0xff, 0xff, 0xff, 0xff, 0xff, 0xff, 0xff, 0xff, 0xff, 0xff, 0xff, 0xff, 0xff, 0xff, 0xff, 0xff,
    0xff, 0xff, 0xff, 0xff, 0xff, 0xff, 0xff, 0xff, 0xff, 0xff, 0xff, 0xff, 0xff, 0xff, 0xff, 0xff,
    0xff, 0xff, 0xff, 0xff, 0xff, 0xff, 0xff, 0xff, 0xff, 0xff, 0xff, 0xff, 0xff, 0xff, 0xff, 0xff,
    0xff, 0xff, 0xff, 0xff, 0xff, 0xff, 0xff, 0xff, 0xff, 0xff, 0xff, 0xff, 0xff, 0xff, 0xff, 0xff,
    0xff, 0xff, 0xff, 0xff, 0xff, 0xff, 0xff, 0xff, 0xff, 0xff, 0xff, 0xff, 0xff, 0xff, 0xff, 0xff,
    0xff, 0xff, 0xff, 0xff, 0xff, 0xff, 0xff, 0xff, 0xff, 0xff, 0xff, 0xff, 0xff, 0xff, 0xff, 0xff,
    0xff, 0xff, 0xff, 0xff, 0xff, 0xff, 0xff, 0xff, 0xff, 0xff, 0xff, 0xff, 0xff, 0xff, 0xff, 0xff,
    0xff, 0xff, 0xff, 0xff, 0xff, 0xff, 0xff, 0xff, 0xff, 0xff, 0xff, 0xff, 0xff, 0xff, 0xff, 0xff,
    0xff, 0xff, 0xff, 0xff, 0xff, 0xff, 0xff, 0xff, 0xff, 0xff, 0xff, 0xff, 0xff, 0xff, 0xff, 0xff,
    0xff, 0xff, 0xff, 0xff, 0xff, 0xff, 0xff, 0xff, 0xff, 0xff, 0xff, 0xff, 0xff, 0xff, 0xff, 0xff,
    0xff, 0xff, 0xff, 0xff, 0xff, 0xff, 0xff, 0xff, 0xff, 0xff, 0xff, 0xff, 0xff, 0xff, 0xff, 0xff,
    0xff, 0xff, 0xff, 0xff, 0xff, 0xff, 0xff, 0xff, 0xff, 0xff, 0xff, 0xff, 0xff, 0xff, 0xff, 0xff,
    0xff, 0xff, 0xff, 0xff, 0xff, 0xff, 0xff, 0xff, 0xff, 0xff, 0xff, 0xff, 0xff, 0xff, 0xff, 0xff,
    0xff, 0xff, 0xff, 0xff, 0xff, 0xff, 0xff, 0xff, 0xff, 0xff, 0xff, 0xff, 0xff, 0xff, 0xff, 0xff,
    0xff, 0xff, 0xff, 0xff, 0xff, 0xff, 0xff, 0xff, 0xff, 0xff, 0xff, 0xff, 0xff, 0xff, 0xff, 0xff,
    0xff, 0xff, 0xff, 0xff, 0xff, 0xff, 0xff, 0xff, 0xff, 0xff, 0xff, 0xff, 0xff, 0xff, 0xff, 0xff,
    0xff, 0xff, 0xff, 0xff, 0xff, 0xff, 0xff, 0xff, 0xff, 0xff, 0xff, 0xff, 0xff, 0xff, 0xff, 0xff,
    0xff, 0xff, 0xff, 0xff, 0xff, 0xff, 0xff, 0xff, 0xff, 0xff, 0xff, 0xff, 0xff, 0xff, 0xff, 0xff,
    0xff, 0xff, 0xff, 0xff, 0xff, 0xff, 0xff, 0xff, 0xff, 0xff, 0xff, 0xff, 0xff, 0xff, 0xff, 0xff,
    0xff, 0xff, 0xff, 0xff, 0xff, 0xff, 0xff, 0xff, 0xff, 0xff, 0xff, 0xff, 0xff, 0xff, 0xff, 0xff,
    0xff, 0xff, 0xff, 0xff, 0xff, 0xff, 0xff, 0xff, 0xff, 0xff, 0xff, 0xff, 0xff, 0xff, 0xff, 0xff,
    0xff, 0xff, 0xff, 0xff, 0xff, 0xff, 0xff, 0xff, 0xff, 0xff, 0xff, 0xff, 0xff, 0xff, 0xff, 0xff,
    0xff, 0xff, 0xff, 0xff, 0xff, 0xff, 0xff, 0xff, 0xff, 0xff, 0xff, 0xff, 0xff, 0xff, 0xff, 0xff,
    0xff, 0xff, 0xff, 0xff, 0xff, 0xff, 0xff, 0xff, 0xff, 0xff, 0xff, 0xff, 0xff, 0xff, 0xff, 0xff,
    0xff, 0xff, 0xff, 0xff, 0xff, 0xff, 0xff, 0xff, 0xff, 0xff, 0xff, 0xff, 0xff, 0xff, 0xff, 0xff,
    0xff, 0xff, 0xff, 0xff, 0xff, 0xff, 0xff, 0xff, 0xff, 0xff, 0xff, 0xff, 0xff, 0xff, 0xff, 0xff,
    0xff, 0xff, 0xff, 0xff, 0xff, 0xff, 0xff, 0xff, 0xff, 0xff, 0xff, 0xff, 0xff, 0xff, 0xff, 0xff,
    0xff, 0xff, 0xff, 0xff, 0xff, 0xff, 0xff, 0xff, 0xff, 0xff, 0xff, 0xff, 0xff, 0xff, 0xff, 0xff,
    0xff, 0xff, 0xff, 0xff, 0xff, 0xff, 0xff, 0xff, 0xff, 0xff, 0xff, 0xff, 0xff, 0xff, 0xff, 0xff,
    0xff, 0xff, 0xff, 0xff, 0xff, 0xff, 0xff, 0xff, 0xff, 0xff, 0xff, 0xff, 0xff, 0xff, 0xff, 0xff,
    0xff, 0xff, 0xff, 0xff, 0xff, 0xff, 0xff, 0xff, 0xff, 0xff, 0xff, 0xff, 0xff, 0xff, 0xff, 0xff,
    0xff, 0xff, 0xff, 0xff, 0xff, 0xff, 0xff, 0xff, 0xff, 0xff, 0xff, 0xff, 0xff, 0xff, 0xff, 0xff,
    0xff, 0xff, 0xff, 0xff, 0xff, 0xff, 0xff, 0xff, 0xff, 0xff, 0xff, 0xff, 0xff, 0xff, 0xff, 0xff,
    0xff, 0xff, 0xff, 0xff, 0xff, 0xff, 0xff, 0xff, 0xff, 0xff, 0xff, 0xff, 0xff, 0xff, 0xff, 0xff,
    0xff, 0xff, 0xff, 0xff, 0xff, 0xff, 0xff, 0xff, 0xff, 0xff, 0xff, 0xff, 0xff, 0xff, 0xff, 0xff,
    0xff, 0xff, 0xff, 0xff, 0xff, 0xff, 0xff, 0xff, 0xff, 0xff, 0xff, 0xff, 0xff, 0xff, 0xff, 0xff,
    0xff, 0xff, 0xff, 0xff, 0xff, 0xff, 0xff, 0xff, 0xff, 0xff, 0xff, 0xff, 0xff, 0xff, 0xff, 0xff,
    0xff, 0xff, 0xff, 0xff, 0xff, 0xff, 0xff, 0xff, 0xff, 0xff, 0xff, 0xff, 0xff, 0xff, 0xff, 0xff,
    0xff, 0xff, 0xff, 0xff, 0xff, 0xff, 0xff, 0xff, 0xff, 0xff, 0xff, 0xff, 0xff, 0xff, 0xff, 0xff,
    0xff, 0xff, 0xff, 0xff, 0xff, 0xff, 0xff, 0xff, 0xff, 0xff, 0xff, 0xff, 0xff, 0xff, 0xff, 0xff,
    0xff, 0xff, 0xff, 0xff, 0xff, 0xff, 0xff, 0xff, 0xff, 0xff, 0xff, 0xff, 0xff, 0xff, 0xff, 0xff,
    0xff, 0xff, 0xff, 0xff, 0xff, 0xff, 0xff, 0xff, 0xff, 0xff, 0xff, 0xff, 0xff, 0xff, 0xff, 0xff,
    0xff, 0xff, 0xff, 0xff, 0xff, 0xff, 0xff, 0xff, 0xff, 0xff, 0xff, 0xff, 0xff, 0xff, 0xff, 0xff,
    0xff, 0xff, 0xff, 0xff, 0xff, 0xff, 0xff, 0xff, 0xff, 0xff, 0xff, 0xff, 0xff, 0xff, 0xff, 0xff,
    0xff, 0xff, 0xff, 0xff, 0xff, 0xff, 0xff, 0xff, 0xff, 0xff, 0xff, 0xff, 0xff, 0xff, 0xff, 0xff,
    0xff, 0xff, 0xff, 0xff, 0xff, 0xff, 0xff, 0xff, 0xff, 0xff, 0xff, 0xff, 0xff, 0xff, 0xff, 0xff,
    0xff, 0xff, 0xff, 0xff, 0xff, 0xff, 0xff, 0xff, 0xff, 0xff, 0xff, 0xff, 0xff, 0xff, 0xff, 0xff,
    0xff, 0xff, 0xff, 0xff, 0xff, 0xff, 0xff, 0xff, 0xff, 0xff, 0xff, 0xff, 0xff, 0xff, 0xff, 0xff,
    0xff, 0xff, 0xff, 0xff, 0xff, 0xff, 0xff, 0xff, 0xff, 0xff, 0xff, 0xff, 0xff, 0xff, 0xff, 0xff,
    0xff, 0xff, 0xff, 0xff, 0xff, 0xff, 0xff, 0xff, 0xff, 0xff, 0xff, 0xff, 0xff, 0xff, 0xff, 0xff,
    0xff, 0xff, 0xff, 0xff, 0xff, 0xff, 0xff, 0xff, 0xff, 0xff, 0xff, 0xff, 0xff, 0xff, 0xff, 0xff,
    0xff, 0xff, 0xff, 0xff, 0xff, 0xff, 0xff, 0xff, 0xff, 0xff, 0xff, 0xff, 0xff, 0xff, 0xff, 0xff,
    0xff, 0xff, 0xff, 0xff, 0xff, 0xff, 0xff, 0xff, 0xff, 0xff, 0xff, 0xff, 0xff, 0xff, 0xff, 0xff,
    0xff, 0xff, 0xff, 0xff, 0xff, 0xff, 0xff, 0xff, 0xff, 0xff, 0xff, 0xff, 0xff, 0xff, 0xff, 0xff,
    0xff, 0xff, 0xff, 0xff, 0xff, 0xff, 0xff, 0xff, 0xff, 0xff, 0xff, 0xff, 0xff, 0xff, 0xff, 0xff,
    0xff, 0xff, 0xff, 0xff, 0xff, 0xff, 0xff, 0xff, 0xff, 0xff, 0xff, 0xff, 0xff, 0xff, 0xff, 0xff,
    0xff, 0xff, 0xff, 0xff, 0xff, 0xff, 0xff, 0xff, 0xff, 0xff, 0xff, 0xff, 0xff, 0xff, 0xff, 0xff,
    0xff, 0xff, 0xff, 0xff, 0xff, 0xff, 0xff, 0xff, 0xff, 0xff, 0xff, 0xff, 0xff, 0xff, 0xff, 0xff,
    0xff, 0xff, 0xff, 0xff, 0xff, 0xff, 0xff, 0xff, 0xff, 0xff, 0xff, 0xff, 0xff, 0xff, 0xff, 0xff,
    0xff, 0xff, 0xff, 0xff, 0xff, 0xff, 0xff, 0xff, 0xff, 0xff, 0xff, 0xff, 0xff, 0xff, 0xff, 0xff,
    0xff, 0xff, 0xff, 0xff, 0xff, 0xff, 0xff, 0xff, 0xff, 0xff, 0xff, 0xff, 0xff, 0xff, 0xff, 0xff,
    0xff, 0xff, 0xff, 0xff, 0xff, 0xff, 0xff, 0xff, 0xff, 0xff, 0xff, 0xff, 0xff, 0xff, 0xff, 0xff,
    0xff, 0xff, 0xff, 0xff, 0xff, 0xff, 0xff, 0xff, 0xff, 0xff, 0xff, 0xff, 0xff, 0xff, 0xff, 0xff,
    0xff, 0xff, 0xff, 0xff, 0xff, 0xff, 0xff, 0xff, 0xff, 0xff, 0xff, 0xff, 0xff, 0xff, 0xff, 0xff,
    0xff, 0xff, 0xff, 0xff, 0xff, 0xff, 0xff, 0xff, 0xff, 0xff, 0xff, 0xff, 0xff, 0xff, 0xff, 0xff,
    0xff, 0xff, 0xff, 0xff, 0xff, 0xff, 0xff, 0xff, 0xff, 0xff, 0xff, 0xff, 0xff, 0xff, 0xff, 0xff,
    0xff, 0xff, 0xff, 0xff, 0xff, 0xff, 0xff, 0xff, 0xff, 0xff, 0xff, 0xff, 0xff, 0xff, 0xff, 0xff,
    0xff, 0xff, 0xff, 0xff, 0xff, 0xff, 0xff, 0xff, 0xff, 0xff, 0xff, 0xff, 0xff, 0xff, 0xff, 0xff,
    0xff, 0xff, 0xff, 0xff, 0xff, 0xff, 0xff, 0xff, 0xff, 0xff, 0xff, 0xff, 0xff, 0xff, 0xff, 0xff,
    0xff, 0xff, 0xff, 0xff, 0xff, 0xff, 0xff, 0xff, 0xff, 0xff, 0xff, 0xff, 0xff, 0xff, 0xff, 0xff,
    0xff, 0xff, 0xff, 0xff, 0xff, 0xff, 0xff, 0xff, 0xff, 0xff, 0xff, 0xff, 0xff, 0xff, 0xff, 0xff,
    0xff, 0xff, 0xff, 0xff, 0xff, 0xff, 0xff, 0xff, 0xff, 0xff, 0xff, 0xff, 0xff, 0xff, 0xff, 0xff,
    0xff, 0xff, 0xff, 0xff, 0xff, 0xff, 0xff, 0xff, 0xff, 0xff, 0xff, 0xff, 0xff, 0xff, 0xff, 0xff,
    0xff, 0xff, 0xff, 0xff, 0xff, 0xff, 0xff, 0xff, 0xff, 0xff, 0xff, 0xff, 0xff, 0xff, 0xff, 0xff,
    0xff, 0xff, 0xff, 0xff, 0xff, 0xff, 0xff, 0xff, 0xff, 0xff, 0xff, 0xff, 0xff, 0xff, 0xff, 0xff,
    0xff, 0xff, 0xff, 0xff, 0xff, 0xff, 0xff, 0xff, 0xff, 0xff, 0xff, 0xff, 0xff, 0xff, 0xff, 0xff,
    0xff, 0xff, 0xff, 0xff, 0xff, 0xff, 0xff, 0xff, 0xff, 0xff, 0xff, 0xff, 0xff, 0xff, 0xff, 0xff,
    0xff, 0xff, 0xff, 0xff, 0xff, 0xff, 0xff, 0xff, 0xff, 0xff, 0xff, 0xff, 0xff, 0xff, 0xff, 0xff,
    0xff, 0xff, 0xff, 0xff, 0xff, 0xff, 0xff, 0xff, 0xff, 0xff, 0xff, 0xff, 0xff, 0xff, 0xff, 0xff,
    0xff, 0xff, 0xff, 0xff, 0xff, 0xff, 0xff, 0xff, 0xff, 0xff, 0xff, 0xff, 0xff, 0xff, 0xff, 0xff,
    0xff, 0xff, 0xff, 0xff, 0xff, 0xff, 0xff, 0xff, 0xff, 0xff, 0xff, 0xff, 0xff, 0xff, 0xff, 0xff,
    0xff, 0xff, 0xff, 0xff, 0xff, 0xff, 0xff, 0xff, 0xff, 0xff, 0xff, 0xff, 0xff, 0xff, 0xff, 0xff,
    0xff, 0xff, 0xff, 0xff, 0xff, 0xff, 0xff, 0xff, 0xff, 0xff, 0xff, 0xff, 0xff, 0xff, 0xff, 0xff,
    0xff, 0xff, 0xff, 0xff, 0xff, 0xff, 0xff, 0xff, 0xff, 0xff, 0xff, 0xff, 0xff, 0xff, 0xff, 0xff,
    0xff, 0xff, 0xff, 0xff, 0xff, 0xff, 0xff, 0xff, 0xff, 0xff, 0xff, 0xff, 0xff, 0xff, 0xff, 0xff,
    0xff, 0xff, 0xff, 0xff, 0xff, 0xff, 0xff, 0xff, 0xff, 0xff, 0xff, 0xff, 0xff, 0xff, 0xff, 0xff,
    0xff, 0xff, 0xff, 0xff, 0xff, 0xff, 0xff, 0xff, 0xff, 0xff, 0xff, 0xff, 0xff, 0xff, 0xff, 0xff,
    0xff, 0xff, 0xff, 0xff, 0xff, 0xff, 0xff, 0xff, 0xff, 0xff, 0xff, 0xff, 0xff, 0xff, 0xff, 0xff,
    0xff, 0xff, 0xff, 0xff, 0xff, 0xff, 0xff, 0xff, 0xff, 0xff, 0xff, 0xff, 0xff, 0xff, 0xff, 0xff,
    0xff, 0xff, 0xff, 0xff, 0xff, 0xff, 0xff, 0xff, 0xff, 0xff, 0xff, 0xff, 0xff, 0xff, 0xff, 0xff,
    0xff, 0xff, 0xff, 0xff, 0xff, 0xff, 0xff, 0xff, 0xff, 0xff, 0xff, 0xff, 0xff, 0xff, 0xff, 0xff,
    0xff, 0xff, 0xff, 0xff, 0xff, 0xff, 0xff, 0xff, 0xff, 0xff, 0xff, 0xff, 0xff, 0xff, 0xff, 0xff,
    0xff, 0xff, 0xff, 0xff, 0xff, 0xff, 0xff, 0xff, 0xff, 0xff, 0xff, 0xff, 0xff, 0xff, 0xff, 0xff,
    0xff, 0xff, 0xff, 0xff, 0xff, 0xff, 0xff, 0xff, 0xff, 0xff, 0xff, 0xff, 0xff, 0xff, 0xff, 0xff,
    0xff, 0xff, 0xff, 0xff, 0xff, 0xff, 0xff, 0xff, 0xff, 0xff, 0xff, 0xff, 0xff, 0xff, 0xff, 0xff,
    0xff, 0xff, 0xff, 0xff, 0xff, 0xff, 0xff, 0xff, 0xff, 0xff, 0xff, 0xff, 0xff, 0xff, 0xff, 0xff,
    0xff, 0xff, 0xff, 0xff, 0xff, 0xff, 0xff, 0xff, 0xff, 0xff, 0xff, 0xff, 0xff, 0xff, 0xff, 0xff,
    0xff, 0xff, 0xff, 0xff, 0xff, 0xff, 0xff, 0xff, 0xff, 0xff, 0xff, 0xff, 0xff, 0xff, 0xff, 0xff,
    0xff, 0xff, 0xff, 0xff, 0xff, 0xff, 0xff, 0xff, 0xff, 0xff, 0xff, 0xff, 0xff, 0xff, 0xff, 0xff,
    0xff, 0xff, 0xff, 0xff, 0xff, 0xff, 0xff, 0xff, 0xff, 0xff, 0xff, 0xff, 0xff, 0xff, 0xff, 0xff,
    0xff, 0xff, 0xff, 0xff, 0xff, 0xff, 0xff, 0xff, 0xff, 0xff, 0xff, 0xff, 0xff, 0xff, 0xff, 0xff,
    0xff, 0xff, 0xff, 0xff, 0xff, 0xff, 0xff, 0xff, 0xff, 0xff, 0xff, 0xff, 0xff, 0xff, 0xff, 0xff,
    0xff, 0xff, 0xff, 0xff, 0xff, 0xff, 0xff, 0xff, 0xff, 0xff, 0xff, 0xff, 0xff, 0xff, 0xff, 0xff,
    0xff, 0xff, 0xff, 0xff, 0xff, 0xff, 0xff, 0xff, 0xff, 0xff, 0xff, 0xff, 0xff, 0xff, 0xff, 0xff,
    0xff, 0xff, 0xff, 0xff, 0xff, 0xff, 0xff, 0xff, 0xff, 0xff, 0xff, 0xff, 0xff, 0xff, 0xff, 0xff,
    0xff, 0xff, 0xff, 0xff, 0xff, 0xff, 0xff, 0xff, 0xff, 0xff, 0xff, 0xff, 0xff, 0xff, 0xff, 0xff,
    0xff, 0xff, 0xff, 0xff, 0xff, 0xff, 0xff, 0xff, 0xff, 0xff, 0xff, 0xff, 0xff, 0xff, 0xff, 0xff,
    0xff, 0xff, 0xff, 0xff, 0xff, 0xff, 0xff, 0xff, 0xff, 0xff, 0xff, 0xff, 0xff, 0xff, 0xff, 0xff,
    0xff, 0xff, 0xff, 0xff, 0xff, 0xff, 0xff, 0xff, 0xff, 0xff, 0xff, 0xff, 0xff, 0xff, 0xff, 0xff,
    0xff, 0xff, 0xff, 0xff, 0xff, 0xff, 0xff, 0xff, 0xff, 0xff, 0xff, 0xff, 0xff, 0xff, 0xff, 0xff,
    0xff, 0xff, 0xff, 0xff, 0xff, 0xff, 0xff, 0xff, 0xff, 0xff, 0xff, 0xff, 0xff, 0xff, 0xff, 0xff,
    0xff, 0xff, 0xff, 0xff, 0xff, 0xff, 0xff, 0xff, 0xff, 0xff, 0xff, 0xff, 0xff, 0xff, 0xff, 0xff,
    0xff, 0xff, 0xff, 0xff, 0xff, 0xff, 0xff, 0xff, 0xff, 0xff, 0xff, 0xff, 0xff, 0xff, 0xff, 0xff,
    0xff, 0xff, 0xff, 0xff, 0xff, 0xff, 0xff, 0xff, 0xff, 0xff, 0xff, 0xff, 0xff, 0xff, 0xff, 0xff,
    0xff, 0xff, 0xff, 0xff, 0xff, 0xff, 0xff, 0xff, 0xff, 0xff, 0xff, 0xff, 0xff, 0xff, 0xff, 0xff,
    0xff, 0xff, 0xff, 0xff, 0xff, 0xff, 0xff, 0xff, 0xff, 0xff, 0xff, 0xff, 0xff, 0xff, 0xff, 0xff,
    0xff, 0xff, 0xff, 0xff, 0xff, 0xff, 0xff, 0xff, 0xff, 0xff, 0xff, 0xff, 0xff, 0xff, 0xff, 0xff,
    0xff, 0xff, 0xff, 0xff, 0xff, 0xff, 0xff, 0xff, 0xff, 0xff, 0xff, 0xff, 0xff, 0xff, 0xff, 0xff,
    0xff, 0xff, 0xff, 0xff, 0xff, 0xff, 0xff, 0xff, 0xff, 0xff, 0xff, 0xff, 0xff, 0xff, 0xff, 0xff,
    0xff, 0xff, 0xff, 0xff, 0xff, 0xff, 0xff, 0xff, 0xff, 0xff, 0xff, 0xff, 0xff, 0xff, 0xff, 0xff,
    0xff, 0xff, 0xff, 0xff, 0xff, 0xff, 0xff, 0xff, 0xff, 0xff, 0xff, 0xff, 0xff, 0xff, 0xff, 0xff,
    0xff, 0xff, 0xff, 0xff, 0xff, 0xff, 0xff, 0xff, 0xff, 0xff, 0xff, 0xff, 0xff, 0xff, 0xff, 0xff,
    0xff, 0xff, 0xff, 0xff, 0xff, 0xff, 0xff, 0xff, 0xff, 0xff, 0xff, 0xff, 0xff, 0xff, 0xff, 0xff,
    0xff, 0xff, 0xff, 0xff, 0xff, 0xff, 0xff, 0xff, 0xff, 0xff, 0xff, 0xff, 0xff, 0xff, 0xff, 0xff,
    0xff, 0xff, 0xff, 0xff, 0xff, 0xff, 0xff, 0xff, 0xff, 0xff, 0xff, 0xff, 0xff, 0xff, 0xff, 0xff,
    0xff, 0xff, 0xff, 0xff, 0xff, 0xff, 0xff, 0xff, 0xff, 0xff, 0xff, 0xff, 0xff, 0xff, 0xff, 0xff,
    0xff, 0xff, 0xff, 0xff, 0xff, 0xff, 0xff, 0xff, 0xff, 0xff, 0xff, 0xff, 0xff, 0xff, 0xff, 0xff,
    0xff, 0xff, 0xff, 0xff, 0xff, 0xff, 0xff, 0xff, 0xff, 0xff, 0xff, 0xff, 0xff, 0xff, 0xff, 0xff,
    0xff, 0xff, 0xff, 0xff, 0xff, 0xff, 0xff, 0xff, 0xff, 0xff, 0xff, 0xff, 0xff, 0xff, 0xff, 0xff,
    0xff, 0xff, 0xff, 0xff, 0xff, 0xff, 0xff, 0xff, 0xff, 0xff, 0xff, 0xff, 0xff, 0xff, 0xff, 0xff,
    0xff, 0xff, 0xff, 0xff, 0xff, 0xff, 0xff, 0xff, 0xff, 0xff, 0xff, 0xff, 0xff, 0xff, 0xff, 0xff,
    0xff, 0xff, 0xff, 0xff, 0xff, 0xff, 0xff, 0xff, 0xff, 0xff, 0xff, 0xff, 0xff, 0xff, 0xff, 0xff,
    0xff, 0xff, 0xff, 0xff, 0xff, 0xff, 0xff, 0xff, 0xff, 0xff, 0xff, 0xff, 0xff, 0xff, 0xff, 0xff,
    0xff, 0xff, 0xff, 0xff, 0xff, 0xff, 0xff, 0xff, 0xff, 0xff, 0xff, 0xff, 0xff, 0xff, 0xff, 0xff,
    0xff, 0xff, 0xff, 0xff, 0xff, 0xff, 0xff, 0xff, 0xff, 0xff, 0xff, 0xff, 0xff, 0xff, 0xff, 0xff,
    0xff, 0xff, 0xff, 0xff, 0xff, 0xff, 0xff, 0xff, 0xff, 0xff, 0xff, 0xff, 0xff, 0xff, 0xff, 0xff,
    0xff, 0xff, 0xff, 0xff, 0xff, 0xff, 0xff, 0xff, 0xff, 0xff, 0xff, 0xff, 0xff, 0xff, 0xff, 0xff,
    0xff, 0xff, 0xff, 0xff, 0xff, 0xff, 0xff, 0xff, 0xff, 0xff, 0xff, 0xff, 0xff, 0xff, 0xff, 0xff,
    0xff, 0xff, 0xff, 0xff, 0xff, 0xff, 0xff, 0xff, 0xff, 0xff, 0xff, 0xff, 0xff, 0xff, 0xff, 0xff,
    0xff, 0xff, 0xff, 0xff, 0xff, 0xff, 0xff, 0xff, 0xff, 0xff, 0xff, 0xff, 0xff, 0xff, 0xff, 0xff,
    0xff, 0xff, 0xff, 0xff, 0xff, 0xff, 0xff, 0xff, 0xff, 0xff, 0xff, 0xff, 0xff, 0xff, 0xff, 0xff,
    0xff, 0xff, 0xff, 0xff, 0xff, 0xff, 0xff, 0xff, 0xff, 0xff, 0xff, 0xff, 0xff, 0xff, 0xff, 0xff,
    0xff, 0xff, 0xff, 0xff, 0xff, 0xff, 0xff, 0xff, 0xff, 0xff, 0xff, 0xff, 0xff, 0xff, 0xff, 0xff,
    0xff, 0xff, 0xff, 0xff, 0xff, 0xff, 0xff, 0xff, 0xff, 0xff, 0xff, 0xff, 0xff, 0xff, 0xff, 0xff,
    0xff, 0xff, 0xff, 0xff, 0xff, 0xff, 0xff, 0xff, 0xff, 0xff, 0xff, 0xff, 0xff, 0xff, 0xff, 0xff,
    0xff, 0xff, 0xff, 0xff, 0xff, 0xff, 0xff, 0xff, 0xff, 0xff, 0xff, 0xff, 0xff, 0xff, 0xff, 0xff,
    0xff, 0xff, 0xff, 0xff, 0xff, 0xff, 0xff, 0xff, 0xff, 0xff, 0xff, 0xff, 0xff, 0xff, 0xff, 0xff,
    0xff, 0xff, 0xff, 0xff, 0xff, 0xff, 0xff, 0xff, 0xff, 0xff, 0xff, 0xff, 0xff, 0xff, 0xff, 0xff,
    0xff, 0xff, 0xff, 0xff, 0xff, 0xff, 0xff, 0xff, 0xff, 0xff, 0xff, 0xff, 0xff, 0xff, 0xff, 0xff,
    0xff, 0xff, 0xff, 0xff, 0xff, 0xff, 0xff, 0xff, 0xff, 0xff, 0xff, 0xff, 0xff, 0xff, 0xff, 0xff,
    0xff, 0xff, 0xff, 0xff, 0xff, 0xff, 0xff, 0xff, 0xff, 0xff, 0xff, 0xff, 0xff, 0xff, 0xff, 0xff,
    0xff, 0xff, 0xff, 0xff, 0xff, 0xff, 0xff, 0xff, 0xff, 0xff, 0xff, 0xff, 0xff, 0xff, 0xff, 0xff,
    0xff, 0xff, 0xff, 0xff, 0xff, 0xff, 0xff, 0xff, 0xff, 0xff, 0xff, 0xff, 0xff, 0xff, 0xff, 0xff,
    0xff, 0xff, 0xff, 0xff, 0xff, 0xff, 0xff, 0xff, 0xff, 0xff, 0xff, 0xff, 0xff, 0xff, 0xff, 0xff,
    0xff, 0xff, 0xff, 0xff, 0xff, 0xff, 0xff, 0xff, 0xff, 0xff, 0xff, 0xff, 0xff, 0xff, 0xff, 0xff,
    0xff, 0xff, 0xff, 0xff, 0xff, 0xff, 0xff, 0xff, 0xff, 0xff, 0xff, 0xff, 0xff, 0xff, 0xff, 0xff,
    0xff, 0xff, 0xff, 0xff, 0xff, 0xff, 0xff, 0xff, 0xff, 0xff, 0xff, 0xff, 0xff, 0xff, 0xff, 0xff,
    0xff, 0xff, 0xff, 0xff, 0xff, 0xff, 0xff, 0xff, 0xff, 0xff, 0xff, 0xff, 0xff, 0xff, 0xff, 0xff,
    0xff, 0xff, 0xff, 0xff, 0xff, 0xff, 0xff, 0xff, 0xff, 0xff, 0xff, 0xff, 0xff, 0xff, 0xff, 0xff,
    0xff, 0xff, 0xff, 0xff, 0xff, 0xff, 0xff, 0xff, 0xff, 0xff, 0xff, 0xff, 0xff, 0xff, 0xff, 0xff,
    0xff, 0xff, 0xff, 0xff, 0xff, 0xff, 0xff, 0xff, 0xff, 0xff, 0xff, 0xff, 0xff, 0xff, 0xff, 0xff,
    0xff, 0xff, 0xff, 0xff, 0xff, 0xff, 0xff, 0xff, 0xff, 0xff, 0xff, 0xff, 0xff, 0xff, 0xff, 0xff,
    0xff, 0xff, 0xff, 0xff, 0xff, 0xff, 0xff, 0xff, 0xff, 0xff, 0xff, 0xff, 0xff, 0xff, 0xff, 0xff,
    0xff, 0xff, 0xff, 0xff, 0xff, 0xff, 0xff, 0xff, 0xff, 0xff, 0xff, 0xff, 0xff, 0xff, 0xff, 0xff,
    0xff, 0xff, 0xff, 0xff, 0xff, 0xff, 0xff, 0xff, 0xff, 0xff, 0xff, 0xff, 0xff, 0xff, 0xff, 0xff,
    0xff, 0xff, 0xff, 0xff, 0xff, 0xff, 0xff, 0xff, 0xff, 0xff, 0xff, 0xff, 0xff, 0xff, 0xff, 0xff,
    0xff, 0xff, 0xff, 0xff, 0xff, 0xff, 0xff, 0xff, 0xff, 0xff, 0xff, 0xff, 0xff, 0xff, 0xff, 0xff,
    0xff, 0xff, 0xff, 0xff, 0xff, 0xff, 0xff, 0xff, 0xff, 0xff, 0xff, 0xff, 0xff, 0xff, 0xff, 0xff,
    0xff, 0xff, 0xff, 0xff, 0xff, 0xff, 0xff, 0xff, 0xff, 0xff, 0xff, 0xff, 0xff, 0xff, 0xff, 0xff,
    0xff, 0xff, 0xff, 0xff, 0xff, 0xff, 0xff, 0xff, 0xff, 0xff, 0xff, 0xff, 0xff, 0xff, 0xff, 0xff,
    0xff, 0xff, 0xff, 0xff, 0xff, 0xff, 0xff, 0xff, 0xff, 0xff, 0xff, 0xff, 0xff, 0xff, 0xff, 0xff,
    0xff, 0xff, 0xff, 0xff, 0xff, 0xff, 0xff, 0xff, 0xff, 0xff, 0xff, 0xff, 0xff, 0xff, 0xff, 0xff,
    0xff, 0xff, 0xff, 0xff, 0xff, 0xff, 0xff, 0xff, 0xff, 0xff, 0xff, 0xff, 0xff, 0xff, 0xff, 0xff,
    0xff, 0xff, 0xff, 0xff, 0xff, 0xff, 0xff, 0xff, 0xff, 0xff, 0xff, 0xff, 0xff, 0xff, 0xff, 0xff,
    0xff, 0xff, 0xff, 0xff, 0xff, 0xff, 0xff, 0xff, 0xff, 0xff, 0xff, 0xff, 0xff, 0xff, 0xff, 0xff,
    0xff, 0xff, 0xff, 0xff, 0xff, 0xff, 0xff, 0xff, 0xff, 0xff, 0xff, 0xff, 0xff, 0xff, 0xff, 0xff,
    0xff, 0xff, 0xff, 0xff, 0xff, 0xff, 0xff, 0xff, 0xff, 0xff, 0xff, 0xff, 0xff, 0xff, 0xff, 0xff,
    0xff, 0xff, 0xff, 0xff, 0xff, 0xff, 0xff, 0xff, 0xff, 0xff, 0xff, 0xff, 0xff, 0xff, 0xff, 0xff,
    0xff, 0xff, 0xff, 0xff, 0xff, 0xff, 0xff, 0xff, 0xff, 0xff, 0xff, 0xff, 0xff, 0xff, 0xff, 0xff,
    0xff, 0xff, 0xff, 0xff, 0xff, 0xff, 0xff, 0xff, 0xff, 0xff, 0xff, 0xff, 0xff, 0xff, 0xff, 0xff,
    0xff, 0xff, 0xff, 0xff, 0xff, 0xff, 0xff, 0xff, 0xff, 0xff, 0xff, 0xff, 0xff, 0xff, 0xff, 0xff,
    0xff, 0xff, 0xff, 0xff, 0xff, 0xff, 0xff, 0xff, 0xff, 0xff, 0xff, 0xff, 0xff, 0xff, 0xff, 0xff,
    0xff, 0xff, 0xff, 0xff, 0xff, 0xff, 0xff, 0xff, 0xff, 0xff, 0xff, 0xff, 0xff, 0xff, 0xff, 0xff,
    0xff, 0xff, 0xff, 0xff, 0xff, 0xff, 0xff, 0xff, 0xff, 0xff, 0xff, 0xff, 0xff, 0xff, 0xff, 0xff,
    0xff, 0xff, 0xff, 0xff, 0xff, 0xff, 0xff, 0xff, 0xff, 0xff, 0xff, 0xff, 0xff, 0xff, 0xff, 0xff,
    0xff, 0xff, 0xff, 0xff, 0xff, 0xff, 0xff, 0xff, 0xff, 0xff, 0xff, 0xff, 0xff, 0xff, 0xff, 0xff,
    0xff, 0xff, 0xff, 0xff, 0xff, 0xff, 0xff, 0xff, 0xff, 0xff, 0xff, 0xff, 0xff, 0xff, 0xff, 0xff,
    0xff, 0xff, 0xff, 0xff, 0xff, 0xff, 0xff, 0xff, 0xff, 0xff, 0xff, 0xff, 0xff, 0xff, 0xff, 0xff,
    0xff, 0xff, 0xff, 0xff, 0xff, 0xff, 0xff, 0xff, 0xff, 0xff, 0xff, 0xff, 0xff, 0xff, 0xff, 0xff,
    0xff, 0xff, 0xff, 0xff, 0xff, 0xff, 0xff, 0xff, 0xff, 0xff, 0xff, 0xff, 0xff, 0xff, 0xff, 0xff,
    0xff, 0xff, 0xff, 0xff, 0xff, 0xff, 0xff, 0xff, 0xff, 0xff, 0xff, 0xff, 0xff, 0xff, 0xff, 0xff,
    0xff, 0xff, 0xff, 0xff, 0xff, 0xff, 0xff, 0xff, 0xff, 0xff, 0xff, 0xff, 0xff, 0xff, 0xff, 0xff,
    0xff, 0xff, 0xff, 0xff, 0xff, 0xff, 0xff, 0xff, 0xff, 0xff, 0xff, 0xff, 0xff, 0xff, 0xff, 0xff,
    0xff, 0xff, 0xff, 0xff, 0xff, 0xff, 0xff, 0xff, 0xff, 0xff, 0xff, 0xff, 0xff, 0xff, 0xff, 0xff,
    0xff, 0xff, 0xff, 0xff, 0xff, 0xff, 0xff, 0xff, 0xff, 0xff, 0xff, 0xff, 0xff, 0xff, 0xff, 0xff,
    0xff, 0xff, 0xff, 0xff, 0xff, 0xff, 0xff, 0xff, 0xff, 0xff, 0xff, 0xff, 0xff, 0xff, 0xff, 0xff,
    0xff, 0xff, 0xff, 0xff, 0xff, 0xff, 0xff, 0xff, 0xff, 0xff, 0xff, 0xff, 0xff, 0xff, 0xff, 0xff,
    0xff, 0xff, 0xff, 0xff, 0xff, 0xff, 0xff, 0xff, 0xff, 0xff, 0xff, 0xff, 0xff, 0xff, 0xff, 0xff,
    0xff, 0xff, 0xff, 0xff, 0xff, 0xff, 0xff, 0xff, 0xff, 0xff, 0xff, 0xff, 0xff, 0xff, 0xff, 0xff,
    0xff, 0xff, 0xff, 0xff, 0xff, 0xff, 0xff, 0xff, 0xff, 0xff, 0xff, 0xff, 0xff, 0xff, 0xff, 0xff,
    0xff, 0xff, 0xff, 0xff, 0xff, 0xff, 0xff, 0xff, 0xff, 0xff, 0xff, 0xff, 0xff, 0xff, 0xff, 0xff,
    0xff, 0xff, 0xff, 0xff, 0xff, 0xff, 0xff, 0xff, 0xff, 0xff, 0xff, 0xff, 0xff, 0xff, 0xff, 0xff,
    0xff, 0xff, 0xff, 0xff, 0xff, 0xff, 0xff, 0xff, 0xff, 0xff, 0xff, 0xff, 0xff, 0xff, 0xff, 0xff,
    0xff, 0xff, 0xff, 0xff, 0xff, 0xff, 0xff, 0xff, 0xff, 0xff, 0xff, 0xff, 0xff, 0xff, 0xff, 0xff,
    0xff, 0xff, 0xff, 0xff, 0xff, 0xff, 0xff, 0xff, 0xff, 0xff, 0xff, 0xff, 0xff, 0xff, 0xff, 0xff,
    0xff, 0xff, 0xff, 0xff, 0xff, 0xff, 0xff, 0xff, 0xff, 0xff, 0xff, 0xff, 0xff, 0xff, 0xff, 0xff,
    0xff, 0xff, 0xff, 0xff, 0xff, 0xff, 0xff, 0xff, 0xff, 0xff, 0xff, 0xff, 0xff, 0xff, 0xff, 0xff,
    0xff, 0xff, 0xff, 0xff, 0xff, 0xff, 0xff, 0xff, 0xff, 0xff, 0xff, 0xff, 0xff, 0xff, 0xff, 0xff,
    0xff, 0xff, 0xff, 0xff, 0xff, 0xff, 0xff, 0xff, 0xff, 0xff, 0xff, 0xff, 0xff, 0xff, 0xff, 0xff,
    0xff, 0xff, 0xff, 0xff, 0xff, 0xff, 0xff, 0xff, 0xff, 0xff, 0xff, 0xff, 0xff, 0xff, 0xff, 0xff,
    0xff, 0xff, 0xff, 0xff, 0xff, 0xff, 0xff, 0xff, 0xff, 0xff, 0xff, 0xff, 0xff, 0xff, 0xff, 0xff,
    0xff, 0xff, 0xff, 0xff, 0xff, 0xff, 0xff, 0xff, 0xff, 0xff, 0xff, 0xff, 0xff, 0xff, 0xff, 0xff,
    0xff, 0xff, 0xff, 0xff, 0xff, 0xff, 0xff, 0xff, 0xff, 0xff, 0xff, 0xff, 0xff, 0xff, 0xff, 0xff,
    0xff, 0xff, 0xff, 0xff, 0xff, 0xff, 0xff, 0xff, 0xff, 0xff, 0xff, 0xff, 0xff, 0xff, 0xff, 0xff,
    0xff, 0xff, 0xff, 0xff, 0xff, 0xff, 0xff, 0xff, 0xff, 0xff, 0xff, 0xff, 0xff, 0xff, 0xff, 0xff,
    0xff, 0xff, 0xff, 0xff, 0xff, 0xff, 0xff, 0xff, 0xff, 0xff, 0xff, 0xff, 0xff, 0xff, 0xff, 0xff,
    0xff, 0xff, 0xff, 0xff, 0xff, 0xff, 0xff, 0xff, 0xff, 0xff, 0xff, 0xff, 0xff, 0xff, 0xff, 0xff,
    0xff, 0xff, 0xff, 0xff, 0xff, 0xff, 0xff, 0xff, 0xff, 0xff, 0xff, 0xff, 0xff, 0xff, 0xff, 0xff,
    0xff, 0xff, 0xff, 0xff, 0xff, 0xff, 0xff, 0xff, 0xff, 0xff, 0xff, 0xff, 0xff, 0xff, 0xff, 0xff,
    0xff, 0xff, 0xff, 0xff, 0xff, 0xff, 0xff, 0xff, 0xff, 0xff, 0xff, 0xff, 0xff, 0xff, 0xff, 0xff,
    0xff, 0xff, 0xff, 0xff, 0xff, 0xff, 0xff, 0xff, 0xff, 0xff, 0xff, 0xff, 0xff, 0xff, 0xff, 0xff,
    0xff, 0xff, 0xff, 0xff, 0xff, 0xff, 0xff, 0xff, 0xff, 0xff, 0xff, 0xff, 0xff, 0xff, 0xff, 0xff,
    0xff, 0xff, 0xff, 0xff, 0xff, 0xff, 0xff, 0xff, 0xff, 0xff, 0xff, 0xff, 0xff, 0xff, 0xff, 0xff,
    0xff, 0xff, 0xff, 0xff, 0xff, 0xff, 0xff, 0xff, 0xff, 0xff, 0xff, 0xff, 0xff, 0xff, 0xff, 0xff,
    0xff, 0xff, 0xff, 0xff, 0xff, 0xff, 0xff, 0xff, 0xff, 0xff, 0xff, 0xff, 0xff, 0xff, 0xff, 0xff,
    0xff, 0xff, 0xff, 0xff, 0xff, 0xff, 0xff, 0xff, 0xff, 0xff, 0xff, 0xff, 0xff, 0xff, 0xff, 0xff,
    0xff, 0xff, 0xff, 0xff, 0xff, 0xff, 0xff, 0xff, 0xff, 0xff, 0xff, 0xff, 0xff, 0xff, 0xff, 0xff,
    0xff, 0xff, 0xff, 0xff, 0xff, 0xff, 0xff, 0xff, 0xff, 0xff, 0xff, 0xff, 0xff, 0xff, 0xff, 0xff,
    0xff, 0xff, 0xff, 0xff, 0xff, 0xff, 0xff, 0xff, 0xff, 0xff, 0xff, 0xff, 0xff, 0xff, 0xff, 0xff,
    0xff, 0xff, 0xff, 0xff, 0xff, 0xff, 0xff, 0xff, 0xff, 0xff, 0xff, 0xff, 0xff, 0xff, 0xff, 0xff,
    0xff, 0xff, 0xff, 0xff, 0xff, 0xff, 0xff, 0xff, 0xff, 0xff, 0xff, 0xff, 0xff, 0xff, 0xff, 0xff,
    0xff, 0xff, 0xff, 0xff, 0xff, 0xff, 0xff, 0xff, 0xff, 0xff, 0xff, 0xff, 0xff, 0xff, 0xff, 0xff,
    0xff, 0xff, 0xff, 0xff, 0xff, 0xff, 0xff, 0xff, 0xff, 0xff, 0xff, 0xff, 0xff, 0xff, 0xff, 0xff,
    0xff, 0xff, 0xff, 0xff, 0xff, 0xff, 0xff, 0xff, 0xff, 0xff, 0xff, 0xff, 0xff, 0xff, 0xff, 0xff,
    0xff, 0xff, 0xff, 0xff, 0xff, 0xff, 0xff, 0xff, 0xff, 0xff, 0xff, 0xff, 0xff, 0xff, 0xff, 0xff,
    0xff, 0xff, 0xff, 0xff, 0xff, 0xff, 0xff, 0xff, 0xff, 0xff, 0xff, 0xff, 0xff, 0xff, 0xff, 0xff,
    0xff, 0xff, 0xff, 0xff, 0xff, 0xff, 0xff, 0xff, 0xff, 0xff, 0xff, 0xff, 0xff, 0xff, 0xff, 0xff,
    0xff, 0xff, 0xff, 0xff, 0xff, 0xff, 0xff, 0xff, 0xff, 0xff, 0xff, 0xff, 0xff, 0xff, 0xff, 0xff,
    0xff, 0xff, 0xff, 0xff, 0xff, 0xff, 0xff, 0xff, 0xff, 0xff, 0xff, 0xff, 0xff, 0xff, 0xff, 0xff,
    0xff, 0xff, 0xff, 0xff, 0xff, 0xff, 0xff, 0xff, 0xff, 0xff, 0xff, 0xff, 0xff, 0xff, 0xff, 0xff,
    0xff, 0xff, 0xff, 0xff, 0xff, 0xff, 0xff, 0xff, 0xff, 0xff, 0xff, 0xff, 0xff, 0xff, 0xff, 0xff,
    0xff, 0xff, 0xff, 0xff, 0xff, 0xff, 0xff, 0xff, 0xff, 0xff, 0xff, 0xff, 0xff, 0xff, 0xff, 0xff,
    0xff, 0xff, 0xff, 0xff, 0xff, 0xff, 0xff, 0xff, 0xff, 0xff, 0xff, 0xff, 0xff, 0xff, 0xff, 0xff,
    0xff, 0xff, 0xff, 0xff, 0xff, 0xff, 0xff, 0xff, 0xff, 0xff, 0xff, 0xff, 0xff, 0xff, 0xff, 0xff,
    0xff, 0xff, 0xff, 0xff, 0xff, 0xff, 0xff, 0xff, 0xff, 0xff, 0xff, 0xff, 0xff, 0xff, 0xff, 0xff,
    0xff, 0xff, 0xff, 0xff, 0xff, 0xff, 0xff, 0xff, 0xff, 0xff, 0xff, 0xff, 0xff, 0xff, 0xff, 0xff,
    0xff, 0xff, 0xff, 0xff, 0xff, 0xff, 0xff, 0xff, 0xff, 0xff, 0xff, 0xff, 0xff, 0xff, 0xff, 0xff,
    0xff, 0xff, 0xff, 0xff, 0xff, 0xff, 0xff, 0xff, 0xff, 0xff, 0xff, 0xff, 0xff, 0xff, 0xff, 0xff,
    0xff, 0xff, 0xff, 0xff, 0xff, 0xff, 0xff, 0xff, 0xff, 0xff, 0xff, 0xff, 0xff, 0xff, 0xff, 0xff,
    0xff, 0xff, 0xff, 0xff, 0xff, 0xff, 0xff, 0xff, 0xff, 0xff, 0xff, 0xff, 0xff, 0xff, 0xff, 0xff,
    0xff, 0xff, 0xff, 0xff, 0xff, 0xff, 0xff, 0xff, 0xff, 0xff, 0xff, 0xff, 0xff, 0xff, 0xff, 0xff,
    0xff, 0xff, 0xff, 0xff, 0xff, 0xff, 0xff, 0xff, 0xff, 0xff, 0xff, 0xff, 0xff, 0xff, 0xff, 0xff,
    0xff, 0xff, 0xff, 0xff, 0xff, 0xff, 0xff, 0xff, 0xff, 0xff, 0xff, 0xff, 0xff, 0xff, 0xff, 0xff,
    0xff, 0xff, 0xff, 0xff, 0xff, 0xff, 0xff, 0xff, 0xff, 0xff, 0xff, 0xff, 0xff, 0xff, 0xff, 0xff,
    0xff, 0xff, 0xff, 0xff, 0xff, 0xff, 0xff, 0xff, 0xff, 0xff, 0xff, 0xff, 0xff, 0xff, 0xff, 0xff,
    0xff, 0xff, 0xff, 0xff, 0xff, 0xff, 0xff, 0xff, 0xff, 0xff, 0xff, 0xff, 0xff, 0xff, 0xff, 0xff,
    0xff, 0xff, 0xff, 0xff, 0xff, 0xff, 0xff, 0xff, 0xff, 0xff, 0xff, 0xff, 0xff, 0xff, 0xff, 0xff,
    0xff, 0xff, 0xff, 0xff, 0xff, 0xff, 0xff, 0xff, 0xff, 0xff, 0xff, 0xff, 0xff, 0xff, 0xff, 0xff,
    0xff, 0xff, 0xff, 0xff, 0xff, 0xff, 0xff, 0xff, 0xff, 0xff, 0xff, 0xff, 0xff, 0xff, 0xff, 0xff,
    0xff, 0xff, 0xff, 0xff, 0xff, 0xff, 0xff, 0xff, 0xff, 0xff, 0xff, 0xff, 0xff, 0xff, 0xff, 0xff,
    0xff, 0xff, 0xff, 0xff, 0xff, 0xff, 0xff, 0xff, 0xff, 0xff, 0xff, 0xff, 0xff, 0xff, 0xff, 0xff,
    0xff, 0xff, 0xff, 0xff, 0xff, 0xff, 0xff, 0xff, 0xff, 0xff, 0xff, 0xff, 0xff, 0xff, 0xff, 0xff,
    0xff, 0xff, 0xff, 0xff, 0xff, 0xff, 0xff, 0xff, 0xff, 0xff, 0xff, 0xff, 0xff, 0xff, 0xff, 0xff,
    0xff, 0xff, 0xff, 0xff, 0xff, 0xff, 0xff, 0xff, 0xff, 0xff, 0xff, 0xff, 0xff, 0xff, 0xff, 0xff,
    0xff, 0xff, 0xff, 0xff, 0xff, 0xff, 0xff, 0xff, 0xff, 0xff, 0xff, 0xff, 0xff, 0xff, 0xff, 0xff,
    0xff, 0xff, 0xff, 0xff, 0xff, 0xff, 0xff, 0xff, 0xff, 0xff, 0xff, 0xff, 0xff, 0xff, 0xff, 0xff,
    0xff, 0xff, 0xff, 0xff, 0xff, 0xff, 0xff, 0xff, 0xff, 0xff, 0xff, 0xff, 0xff, 0xff, 0xff, 0xff,
    0xff, 0xff, 0xff, 0xff, 0xff, 0xff, 0xff, 0xff, 0xff, 0xff, 0xff, 0xff, 0xff, 0xff, 0xff, 0xff,
    0xff, 0xff, 0xff, 0xff, 0xff, 0xff, 0xff, 0xff, 0xff, 0xff, 0xff, 0xff, 0xff, 0xff, 0xff, 0xff,
    0xff, 0xff, 0xff, 0xff, 0xff, 0xff, 0xff, 0xff, 0xff, 0xff, 0xff, 0xff, 0xff, 0xff, 0xff, 0xff,
    0xff, 0xff, 0xff, 0xff, 0xff, 0xff, 0xff, 0xff, 0xff, 0xff, 0xff, 0xff, 0xff, 0xff, 0xff, 0xff,
    0xff, 0xff, 0xff, 0xff, 0xff, 0xff, 0xff, 0xff, 0xff, 0xff, 0xff, 0xff, 0xff, 0xff, 0xff, 0xff,
    0xff, 0xff, 0xff, 0xff, 0xff, 0xff, 0xff, 0xff, 0xff, 0xff, 0xff, 0xff, 0xff, 0xff, 0xff, 0xff,
    0xff, 0xff, 0xff, 0xff, 0xff, 0xff, 0xff, 0xff, 0xff, 0xff, 0xff, 0xff, 0xff, 0xff, 0xff, 0xff,
    0xff, 0xff, 0xff, 0xff, 0xff, 0xff, 0xff, 0xff, 0xff, 0xff, 0xff, 0xff, 0xff, 0xff, 0xff, 0xff,
    0xff, 0xff, 0xff, 0xff, 0xff, 0xff, 0xff, 0xff, 0xff, 0xff, 0xff, 0xff, 0xff, 0xff, 0xff, 0xff,
    0xff, 0xff, 0xff, 0xff, 0xff, 0xff, 0xff, 0xff, 0xff, 0xff, 0xff, 0xff, 0xff, 0xff, 0xff, 0xff,
    0xff, 0xff, 0xff, 0xff, 0xff, 0xff, 0xff, 0xff, 0xff, 0xff, 0xff, 0xff, 0xff, 0xff, 0xff, 0xff,
    0xff, 0xff, 0xff, 0xff, 0xff, 0xff, 0xff, 0xff, 0xff, 0xff, 0xff, 0xff, 0xff, 0xff, 0xff, 0xff,
    0xff, 0xff, 0xff, 0xff, 0xff, 0xff, 0xff, 0xff, 0xff, 0xff, 0xff, 0xff, 0xff, 0xff, 0xff, 0xff,
    0xff, 0xff, 0xff, 0xff, 0xff, 0xff, 0xff, 0xff, 0xff, 0xff, 0xff, 0xff, 0xff, 0xff, 0xff, 0xff,
    0xff, 0xff, 0xff, 0xff, 0xff, 0xff, 0xff, 0xff, 0xff, 0xff, 0xff, 0xff, 0xff, 0xff, 0xff, 0xff,
    0xff, 0xff, 0xff, 0xff, 0xff, 0xff, 0xff, 0xff, 0xff, 0xff, 0xff, 0xff, 0xff, 0xff, 0xff, 0xff,
    0xff, 0xff, 0xff, 0xff, 0xff, 0xff, 0xff, 0xff, 0xff, 0xff, 0xff, 0xff, 0xff, 0xff, 0xff, 0xff,
    0xff, 0xff, 0xff, 0xff, 0xff, 0xff, 0xff, 0xff, 0xff, 0xff, 0xff, 0xff, 0xff, 0xff, 0xff, 0xff,
    0xff, 0xff, 0xff, 0xff, 0xff, 0xff, 0xff, 0xff, 0xff, 0xff, 0xff, 0xff, 0xff, 0xff, 0xff, 0xff,
    0xff, 0xff, 0xff, 0xff, 0xff, 0xff, 0xff, 0xff, 0xff, 0xff, 0xff, 0xff, 0xff, 0xff, 0xff, 0xff,
    0xff, 0xff, 0xff, 0xff, 0xff, 0xff, 0xff, 0xff, 0xff, 0xff, 0xff, 0xff, 0xff, 0xff, 0xff, 0xff,
    0xff, 0xff, 0xff, 0xff, 0xff, 0xff, 0xff, 0xff, 0xff, 0xff, 0xff, 0xff, 0xff, 0xff, 0xff, 0xff,
    0xff, 0xff, 0xff, 0xff, 0xff, 0xff, 0xff, 0xff, 0xff, 0xff, 0xff, 0xff, 0xff, 0xff, 0xff, 0xff,
    0xff, 0xff, 0xff, 0xff, 0xff, 0xff, 0xff, 0xff, 0xff, 0xff, 0xff, 0xff, 0xff, 0xff, 0xff, 0xff,
    0xff, 0xff, 0xff, 0xff, 0xff, 0xff, 0xff, 0xff, 0xff, 0xff, 0xff, 0xff, 0xff, 0xff, 0xff, 0xff,
    0xff, 0xff, 0xff, 0xff, 0xff, 0xff, 0xff, 0xff, 0xff, 0xff, 0xff, 0xff, 0xff, 0xff, 0xff, 0xff,
    0xff, 0xff, 0xff, 0xff, 0xff, 0xff, 0xff, 0xff, 0xff, 0xff, 0xff, 0xff, 0xff, 0xff, 0xff, 0xff,
    0xff, 0xff, 0xff, 0xff, 0xff, 0xff, 0xff, 0xff, 0xff, 0xff, 0xff, 0xff, 0xff, 0xff, 0xff, 0xff,
    0xff, 0xff, 0xff, 0xff, 0xff, 0xff, 0xff, 0xff, 0xff, 0xff, 0xff, 0xff, 0xff, 0xff, 0xff, 0xff,
    0xff, 0xff, 0xff, 0xff, 0xff, 0xff, 0xff, 0xff, 0xff, 0xff, 0xff, 0xff, 0xff, 0xff, 0xff, 0xff,
    0xff, 0xff, 0xff, 0xff, 0xff, 0xff, 0xff, 0xff, 0xff, 0xff, 0xff, 0xff, 0xff, 0xff, 0xff, 0xff,
    0xff, 0xff, 0xff, 0xff, 0xff, 0xff, 0xff, 0xff, 0xff, 0xff, 0xff, 0xff, 0xff, 0xff, 0xff, 0xff,
    0xff, 0xff, 0xff, 0xff, 0xff, 0xff, 0xff, 0xff, 0xff, 0xff, 0xff, 0xff, 0xff, 0xff, 0xff, 0xff,
    0xff, 0xff, 0xff, 0xff, 0xff, 0xff, 0xff, 0xff, 0xff, 0xff, 0xff, 0xff, 0xff, 0xff, 0xff, 0xff,
    0xff, 0xff, 0xff, 0xff, 0xff, 0xff, 0xff, 0xff, 0xff, 0xff, 0xff, 0xff, 0xff, 0xff, 0xff, 0xff,
    0xff, 0xff, 0xff, 0xff, 0xff, 0xff, 0xff, 0xff, 0xff, 0xff, 0xff, 0xff, 0xff, 0xff, 0xff, 0xff,
    0xff, 0xff, 0xff, 0xff, 0xff, 0xff, 0xff, 0xff, 0xff, 0xff, 0xff, 0xff, 0xff, 0xff, 0xff, 0xff,
    0xff, 0xff, 0xff, 0xff, 0xff, 0xff, 0xff, 0xff, 0xff, 0xff, 0xff, 0xff, 0xff, 0xff, 0xff, 0xff,
    0xff, 0xff, 0xff, 0xff, 0xff, 0xff, 0xff, 0xff, 0xff, 0xff, 0xff, 0xff, 0xff, 0xff, 0xff, 0xff,
    0xff, 0xff, 0xff, 0xff, 0xff, 0xff, 0xff, 0xff, 0xff, 0xff, 0xff, 0xff, 0xff, 0xff, 0xff, 0xff,
    0xff, 0xff, 0xff, 0xff, 0xff, 0xff, 0xff, 0xff, 0xff, 0xff, 0xff, 0xff, 0xff, 0xff, 0xff, 0xff,
    0xff, 0xff, 0xff, 0xff, 0xff, 0xff, 0xff, 0xff, 0xff, 0xff, 0xff, 0xff, 0xff, 0xff, 0xff, 0xff,
    0xff, 0xff, 0xff, 0xff, 0xff, 0xff, 0xff, 0xff, 0xff, 0xff, 0xff, 0xff, 0xff, 0xff, 0xff, 0xff,
    0xff, 0xff, 0xff, 0xff, 0xff, 0xff, 0xff, 0xff, 0xff, 0xff, 0xff, 0xff, 0xff, 0xff, 0xff, 0xff,
    0xff, 0xff, 0xff, 0xff, 0xff, 0xff, 0xff, 0xff, 0xff, 0xff, 0xff, 0xff, 0xff, 0xff, 0xff, 0xff,
    0xff, 0xff, 0xff, 0xff, 0xff, 0xff, 0xff, 0xff, 0xff, 0xff, 0xff, 0xff, 0xff, 0xff, 0xff, 0xff,
    0xff, 0xff, 0xff, 0xff, 0xff, 0xff, 0xff, 0xff, 0xff, 0xff, 0xff, 0xff, 0xff, 0xff, 0xff, 0xff,
    0xff, 0xff, 0xff, 0xff, 0xff, 0xff, 0xff, 0xff, 0xff, 0xff, 0xff, 0xff, 0xff, 0xff, 0xff, 0xff,
    0xff, 0xff, 0xff, 0xff, 0xff, 0xff, 0xff, 0xff, 0xff, 0xff, 0xff, 0xff, 0xff, 0xff, 0xff, 0xff,
    0xff, 0xff, 0xff, 0xff, 0xff, 0xff, 0xff, 0xff, 0xff, 0xff, 0xff, 0xff, 0xff, 0xff, 0xff, 0xff,
    0xff, 0xff, 0xff, 0xff, 0xff, 0xff, 0xff, 0xff, 0xff, 0xff, 0xff, 0xff, 0xff, 0xff, 0xff, 0xff,
    0xff, 0xff, 0xff, 0xff, 0xff, 0xff, 0xff, 0xff, 0xff, 0xff, 0xff, 0xff, 0xff, 0xff, 0xff, 0xff,
    0xff, 0xff, 0xff, 0xff, 0xff, 0xff, 0xff, 0xff, 0xff, 0xff, 0xff, 0xff, 0xff, 0xff, 0xff, 0xff,
    0xff, 0xff, 0xff, 0xff, 0xff, 0xff, 0xff, 0xff, 0xff, 0xff, 0xff, 0xff, 0xff, 0xff, 0xff, 0xff,
    0xff, 0xff, 0xff, 0xff, 0xff, 0xff, 0xff, 0xff, 0xff, 0xff, 0xff, 0xff, 0xff, 0xff, 0xff, 0xff,
    0xff, 0xff, 0xff, 0xff, 0xff, 0xff, 0xff, 0xff, 0xff, 0xff, 0xff, 0xff, 0xff, 0xff, 0xff, 0xff,
    0xff, 0xff, 0xff, 0xff, 0xff, 0xff, 0xff, 0xff, 0xff, 0xff, 0xff, 0xff, 0xff, 0xff, 0xff, 0xff,
    0xff, 0xff, 0xff, 0xff, 0xff, 0xff, 0xff, 0xff, 0xff, 0xff, 0xff, 0xff, 0xff, 0xff, 0xff, 0xff,
    0xff, 0xff, 0xff, 0xff, 0xff, 0xff, 0xff, 0xff, 0xff, 0xff, 0xff, 0xff, 0xff, 0xff, 0xff, 0xff,
    0xff, 0xff, 0xff, 0xff, 0xff, 0xff, 0xff, 0xff, 0xff, 0xff, 0xff, 0xff, 0xff, 0xff, 0xff, 0xff,
    0xff, 0xff, 0xff, 0xff, 0xff, 0xff, 0xff, 0xff, 0xff, 0xff, 0xff, 0xff, 0xff, 0xff, 0xff, 0xff,
    0xff, 0xff, 0xff, 0xff, 0xff, 0xff, 0xff, 0xff, 0xff, 0xff, 0xff, 0xff, 0xff, 0xff, 0xff, 0xff,
    0xff, 0xff, 0xff, 0xff, 0xff, 0xff, 0xff, 0xff, 0xff, 0xff, 0xff, 0xff, 0xff, 0xff, 0xff, 0xff,
    0xff, 0xff, 0xff, 0xff, 0xff, 0xff, 0xff, 0xff, 0xff, 0xff, 0xff, 0xff, 0xff, 0xff, 0xff, 0xff,
    0xff, 0xff, 0xff, 0xff, 0xff, 0xff, 0xff, 0xff, 0xff, 0xff, 0xff, 0xff, 0xff, 0xff, 0xff, 0xff,
    0xff, 0xff, 0xff, 0xff, 0xff, 0xff, 0xff, 0xff, 0xff, 0xff, 0xff, 0xff, 0xff, 0xff, 0xff, 0xff,
    0xff, 0xff, 0xff, 0xff, 0xff, 0xff, 0xff, 0xff, 0xff, 0xff, 0xff, 0xff, 0xff, 0xff, 0xff, 0xff,
    0xff, 0xff, 0xff, 0xff, 0xff, 0xff, 0xff, 0xff, 0xff, 0xff, 0xff, 0xff, 0xff, 0xff, 0xff, 0xff,
    0xff, 0xff, 0xff, 0xff, 0xff, 0xff, 0xff, 0xff, 0xff, 0xff, 0xff, 0xff, 0xff, 0xff, 0xff, 0xff,
    0xff, 0xff, 0xff, 0xff, 0xff, 0xff, 0xff, 0xff, 0xff, 0xff, 0xff, 0xff, 0xff, 0xff, 0xff, 0xff,
    0xff, 0xff, 0xff, 0xff, 0xff, 0xff, 0xff, 0xff, 0xff, 0xff, 0xff, 0xff, 0xff, 0xff, 0xff, 0xff,
    0xff, 0xff, 0xff, 0xff, 0xff, 0xff, 0xff, 0xff, 0xff, 0xff, 0xff, 0xff, 0xff, 0xff, 0xff, 0xff,
    0xff, 0xff, 0xff, 0xff, 0xff, 0xff, 0xff, 0xff, 0xff, 0xff, 0xff, 0xff, 0xff, 0xff, 0xff, 0xff,
};

/* sEndWall: 1 masks of 2880 bytes */
static const uint8_t s_mask_sEndWall[2880] = {
    0x00, 0x00, 0x00, 0x00, 0x7f, 0xfe, 0x00, 0x00, 0x00, 0x00, 0x00, 0x00, 0x00, 0x00, 0x00, 0x00,
    0x00, 0x00, 0x00, 0x00, 0x00, 0x00, 0x00, 0x00, 0xff, 0xff, 0x00, 0x00, 0x00, 0x00, 0x00, 0x00,
    0x00, 0x00, 0x00, 0x00, 0x00, 0x00, 0x00, 0x00, 0x00, 0x00, 0x00, 0x01, 0xff, 0xff, 0x80, 0x00,
    0x00, 0x00, 0x00, 0x00, 0x00, 0x00, 0x00, 0x00, 0x00, 0x00, 0x00, 0x00, 0x00, 0x00, 0x00, 0x01,
    0xff, 0xff, 0x80, 0x00, 0x00, 0x00, 0x00, 0x00, 0x00, 0x00, 0x00, 0x00, 0x00, 0x00, 0x00, 0x00,
    0x00, 0x00, 0x00, 0x01, 0xff, 0xff, 0x80, 0x00, 0x00, 0x00, 0x00, 0x00, 0x00, 0x00, 0x00, 0x00,
    0x00, 0x00, 0x00, 0x00, 0x00, 0x00, 0x00, 0x01, 0xff, 0xff, 0x80, 0x00, 0x00, 0x00, 0x00, 0x00,
    0x00, 0x00, 0x00, 0x00, 0x00, 0x00, 0x00, 0x00, 0x00, 0x00, 0x00, 0x01, 0xff, 0xff, 0x80, 0x00,
    0x00, 0x00, 0x00, 0x00, 0x00, 0x00, 0x00, 0x00, 0x00, 0x00, 0x00, 0x00, 0x00, 0x00, 0x00, 0x07,
    0xff, 0xff, 0xe0, 0x00, 0x00, 0x00, 0x00, 0x00, 0x00, 0x00, 0x00, 0x00, 0x00, 0x00, 0x00, 0x00,
    0x00, 0x00, 0x00, 0x1f, 0xff, 0xff, 0xf8, 0x00, 0x00, 0x00, 0x00, 0x00, 0x00, 0x00, 0x00, 0x00,
    0x00, 0x00, 0x00, 0x00, 0x00, 0x00, 0x00, 0x7f, 0xff, 0xff, 0xfe, 0x00, 0x00, 0x00, 0x00, 0x00,
    0x00, 0x00, 0x00, 0x00, 0x00, 0x00, 0x00, 0x00, 0x01, 0xf0, 0x01, 0xff, 0xff, 0xff, 0xff, 0x80,
    0x0f, 0x80, 0x00, 0x00, 0x00, 0x00, 0x00, 0x00, 0x00, 0x00, 0x00, 0x00, 0x03, 0xf8, 0x07, 0xff,
    0xff, 0xff, 0xff, 0xe0, 0x1f, 0xc0, 0x00, 0x00, 0x00, 0x00, 0x00, 0x00, 0x00, 0x00, 0x00, 0x00,
    0x07, 0xfc, 0x0f, 0xff, 0xff, 0xff, 0xff, 0xf0, 0x3f, 0xe0, 0x00, 0x00, 0x00, 0x00, 0x00, 0x00,
    0x00, 0x00, 0x00, 0x00, 0x07, 0xfc, 0x1f, 0xff, 0xff, 0xff, 0xff, 0xf8, 0x3f, 0xe0, 0x00, 0x00,
    0x00, 0x00, 0x00, 0x00, 0x00, 0x00, 0x00, 0x00, 0x0f, 0xfc, 0x3f, 0xff, 0xff, 0xff, 0xff, 0xfc,
    0x3f, 0xf0, 0x00, 0x00, 0x00, 0x00, 0x00, 0x00, 0x00, 0x00, 0x00, 0x00, 0x0f, 0xf8, 0x7f, 0xff,
    0xff, 0xff, 0xff, 0xfe, 0x1f, 0xf0, 0x00, 0x00, 0x00, 0x00, 0x00, 0x00, 0x00, 0x00, 0x00, 0x00,
    0x0f, 0xf0, 0xff, 0xff, 0xff, 0xff, 0xff, 0xff, 0x0f, 0xf0, 0x00, 0x00, 0x00, 0x00, 0x00, 0x00,
    0x00, 0x00, 0x00, 0x00, 0x0f, 0xf9, 0xff, 0xff, 0xff, 0xff, 0xff, 0xff, 0x9f, 0xf0, 0x00, 0x00,
    0x00, 0x00, 0x00, 0x00, 0x00, 0x00, 0x00, 0x00, 0x0f, 0xff, 0xff, 0xff, 0xff, 0xff, 0xff, 0xff,
    0xff, 0xf0, 0x00, 0x00, 0x00, 0x00, 0x00, 0x00, 0x00, 0x00, 0x00, 0x00, 0x0f, 0xff, 0xff, 0xff,
    0xff, 0xff, 0xff, 0xff, 0xff, 0xf0, 0x00, 0x00, 0x00, 0x00, 0x00, 0x00, 0x00, 0x00, 0x00, 0x00,
    0x1f, 0xff, 0xff, 0xff, 0xff, 0xff, 0xff, 0xff, 0xff, 0xf8, 0x00, 0x00, 0x00, 0x00, 0x00, 0x00,
    0x00, 0x00, 0x00, 0x00, 0x3f, 0xff, 0xff, 0xff, 0xff, 0xff, 0xff, 0xff, 0xff, 0xfc, 0x00, 0x00,
    0x00, 0x39, 0xc0, 0x00, 0x00, 0x00, 0x00, 0x00, 0x7f, 0xff, 0xff, 0xff, 0xff, 0xff, 0xff, 0xff,
    0xff, 0xfe, 0xf0, 0x00, 0x01, 0xff, 0xe3, 0x00, 0x00, 0x00, 0x00, 0x00, 0x7f, 0xff, 0xff, 0xff,
    0xff, 0xff, 0xff, 0xff, 0xff, 0xff, 0xf8, 0x00, 0x07, 0xff, 0xe7, 0x80, 0x00, 0x00, 0x00, 0x00,
    0xff, 0xff, 0xff, 0xff, 0xff, 0xff, 0xff, 0xff, 0xff, 0xff, 0xff, 0xff, 0xff, 0xff, 0xff, 0xe0,
    0x00, 0x00, 0x00, 0x00, 0xff, 0xff, 0xff, 0xff, 0xff, 0xff, 0xff, 0xff, 0xff, 0xff, 0xff, 0xff,
    0xff, 0xff, 0xff, 0xe0, 0x00, 0x00, 0x00, 0x00, 0xff, 0xff, 0xff, 0xff, 0xff, 0xff, 0xff, 0xff,
    0xff, 0xff, 0xff, 0xff, 0xff, 0xff, 0xff, 0xf0, 0x00, 0x00, 0x00, 0x00, 0xff, 0xff, 0xff, 0xff,
    0xff, 0xff, 0xff, 0xff, 0xff, 0xff, 0xff, 0xff, 0xff, 0xff, 0xff, 0xf0, 0x00, 0x00, 0x00, 0x00,
    0xff, 0xff, 0xff, 0xff, 0xff, 0xff, 0xff, 0xff, 0xff, 0xff, 0xff, 0xff, 0xff, 0xff, 0xff, 0xf0,
    0x00, 0x00, 0x00, 0x00, 0xff, 0xff, 0xff, 0xff, 0xff, 0xff, 0xff, 0xff, 0xff, 0xff, 0xff, 0xff,
    0xff, 0xff, 0xff, 0xf0, 0x00, 0x00, 0x00, 0x00, 0xff, 0xff, 0xff, 0xff, 0xff, 0xff, 0xff, 0xff,
    0xff, 0xff, 0xff, 0xff, 0xff, 0xff, 0xff, 0xf0, 0x00, 0x00, 0x00, 0x00, 0xff, 0xff, 0xff, 0xff,
    0xff, 0xff, 0xff, 0xff, 0xff, 0xff, 0xff, 0xff, 0xff, 0xff, 0xff, 0xf0, 0x00, 0x00, 0x00, 0x00,
    0x7f, 0xff, 0xff, 0xff, 0xff, 0xff, 0xff, 0xff, 0xff, 0xff, 0xff, 0xff, 0xff, 0xff, 0xff, 0xf0,
    0x00, 0x00, 0x00, 0x00, 0x7f, 0xff, 0xff, 0xff, 0xff, 0xff, 0xff, 0xff, 0xff, 0xff, 0xff, 0xff,
    0xff, 0xff, 0xff, 0xf0, 0x00, 0x00, 0x00, 0x00, 0x3f, 0xff, 0xff, 0xff, 0xff, 0xff, 0xff, 0xff,
    0xff, 0xff, 0xff, 0xff, 0xff, 0xff, 0xff, 0xf0, 0x00, 0x00, 0x00, 0x00, 0x1f, 0xff, 0xff, 0xff,
    0xff, 0xff, 0xff, 0xff, 0xff, 0xff, 0xff, 0xff, 0xff, 0xff, 0xff, 0xf0, 0x00, 0x00, 0x00, 0x00,
    0x0f, 0xff, 0xff, 0xff, 0xff, 0xff, 0xff, 0xff, 0xff, 0xff, 0xff, 0xff, 0xff, 0xff, 0xff, 0xf0,
    0x00, 0x00, 0x00, 0x00, 0x03, 0xff, 0xff, 0xff, 0xff, 0xff, 0xff, 0xff, 0xff, 0xff, 0xff, 0xff,
    0xff, 0xff, 0xff, 0xf0, 0x00, 0x00, 0x00, 0x00, 0x03, 0xff, 0xff, 0xff, 0xff, 0xff, 0xff, 0xff,
    0xff, 0xff, 0xff, 0xff, 0xff, 0xff, 0xff, 0xf0, 0x00, 0x00, 0x00, 0x00, 0x03, 0xff, 0xff, 0xff,
    0xff, 0xff, 0xff, 0xff, 0xff, 0xff, 0xff, 0xff, 0xff, 0xff, 0xff, 0xf0, 0x00, 0x00, 0x00, 0x00,
    0x03, 0xff, 0xff, 0xff, 0xff, 0xff, 0xff, 0xff, 0xff, 0xff, 0xff, 0xff, 0xff, 0xff, 0xff, 0xf0,
    0x00, 0x00, 0x00, 0x00, 0x03, 0xff, 0xff, 0xff, 0xff, 0xff, 0xff, 0xff, 0xff, 0xff, 0xff, 0xff,
    0xff, 0xff, 0xff, 0xf0, 0x00, 0x00, 0x00, 0x00, 0x03, 0xff, 0xff, 0xff, 0xff, 0xff, 0xff, 0xff,
    0xff, 0xff, 0xff, 0xff, 0xff, 0xff, 0xff, 0xf0, 0x00, 0x00, 0x00, 0x00, 0x03, 0xff, 0xff, 0xff,
    0xff, 0xff, 0xff, 0xff, 0xff, 0xff, 0xff, 0xff, 0xff, 0xff, 0xff, 0xf0, 0x00, 0x00, 0x00, 0x00,
    0x03, 0xff, 0xff, 0xff, 0xff, 0xff, 0xff, 0xff, 0xff, 0xff, 0xff, 0xff, 0xff, 0xff, 0xff, 0xf0,
    0x00, 0x00, 0x00, 0x00, 0x03, 0xff, 0xff, 0xff, 0xff, 0xff, 0xff, 0xff, 0xff, 0xff, 0xff, 0xff,
    0xff, 0xff, 0xff, 0xf0, 0x00, 0x00, 0x00, 0x00, 0x03, 0xff, 0xff, 0xff, 0xff, 0xff, 0xff, 0xff,
    0xff, 0xff, 0xff, 0xff, 0xff, 0xff, 0xff, 0xf0, 0x00, 0x00, 0x00, 0x00, 0x03, 0xff, 0xff, 0xff,
    0xff, 0xff, 0xff, 0xff, 0xff, 0xff, 0xff, 0xff, 0xff, 0xff, 0xff, 0xf0, 0x00, 0x00, 0x00, 0x00,
    0x03, 0xff, 0xff, 0xff, 0xff, 0xff, 0xff, 0xff, 0xff, 0xff, 0xff, 0xff, 0xff, 0xff, 0xff, 0xf0,
    0x00, 0x00, 0x00, 0x00, 0x03, 0xff, 0xff, 0xff, 0xff, 0xff, 0xff, 0xff, 0xff, 0xff, 0xff, 0xff,
    0xff, 0xff, 0xff, 0xf0, 0x00, 0x00, 0x00, 0x00, 0x03, 0xff, 0xff, 0xff, 0xff, 0xff, 0xff, 0xff,
    0xff, 0xff, 0xff, 0xff, 0xff, 0xff, 0xff, 0xf0, 0x00, 0x00, 0x00, 0x00, 0x03, 0xff, 0xff, 0xff,
    0xff, 0xff, 0xff, 0xff, 0xff, 0xff, 0xff, 0xff, 0xff, 0xff, 0xff, 0xf0, 0x00, 0x00, 0x00, 0x00,
    0x03, 0xff, 0xff, 0xff, 0xff, 0xff, 0xff, 0xff, 0xff, 0xff, 0xff, 0xff, 0xff, 0xff, 0xff, 0xf0,
    0x00, 0x00, 0x00, 0x00, 0x03, 0xff, 0xff, 0xff, 0xff, 0xff, 0xff, 0xff, 0xff, 0xff, 0xff, 0xff,
    0xff, 0xff, 0xff, 0xf0, 0x00, 0x00, 0x00, 0x00, 0x03, 0xff, 0xff, 0xff, 0xff, 0xff, 0xff, 0xff,
    0xff, 0xff, 0xff, 0xff, 0xff, 0xff, 0xff, 0xf0, 0x00, 0x00, 0x00, 0x00, 0x03, 0xff, 0xff, 0xff,
    0xff, 0xff, 0xff, 0xff, 0xff, 0xff, 0xff, 0xff, 0xff, 0xff, 0xff, 0xf0, 0x00, 0x00, 0x00, 0x00,
    0x03, 0xff, 0xff, 0xff, 0xff, 0xff, 0xff, 0xff, 0xff, 0xff, 0xff, 0xff, 0xff, 0xff, 0xff, 0xf0,
    0x00, 0x00, 0x00, 0x00, 0x03, 0xff, 0xff, 0xff, 0xff, 0xff, 0xff, 0xff, 0xff, 0xff, 0xff, 0xff,
    0xff, 0xff, 0xff, 0xf0, 0x00, 0x00, 0x00, 0x00, 0x03, 0xff, 0xff, 0xff, 0xff, 0xff, 0xff, 0xff,
    0xff, 0xff, 0xff, 0xff, 0xff, 0xff, 0xff, 0xf0, 0x00, 0x00, 0x00, 0x00, 0x03, 0xff, 0xff, 0xff,
    0xff, 0xff, 0xff, 0xff, 0xff, 0xff, 0xff, 0xff, 0xff, 0xff, 0xff, 0xfc, 0x00, 0x00, 0x00, 0x00,
    0x03, 0xff, 0xff, 0xff, 0xff, 0xff, 0xff, 0xff, 0xff, 0xff, 0xff, 0xff, 0xff, 0xff, 0xff, 0xfe,
    0x00, 0x00, 0x00, 0x00, 0x03, 0xff, 0xff, 0xff, 0xff, 0xff, 0xff, 0xff, 0xff, 0xff, 0xff, 0xff,
    0xff, 0xff, 0xff, 0xfe, 0x00, 0x00, 0x00, 0x00, 0x01, 0xff, 0xff, 0xff, 0xff, 0xff, 0xff, 0xff,
    0xff, 0xff, 0xff, 0xff, 0xff, 0xff, 0xff, 0xfe, 0x00, 0x00, 0x00, 0x00, 0x01, 0xff, 0xff, 0xff,
    0xff, 0xff, 0xff, 0xff, 0xff, 0xff, 0xff, 0xff, 0xff, 0xff, 0xff, 0xfe, 0x00, 0x00, 0x00, 0x00,
    0x01, 0xff, 0xff, 0xff, 0xff, 0xff, 0xff, 0xff, 0xff, 0xff, 0xff, 0xff, 0xff, 0xff, 0xff, 0xfe,
    0x00, 0x00, 0x00, 0x00, 0x03, 0xff, 0xff, 0xff, 0xff, 0xff, 0xff, 0xff, 0xff, 0xff, 0xff, 0xff,
    0xff, 0xff, 0xff, 0xfe, 0x00, 0x00, 0x00, 0x00, 0x07, 0xff, 0xff, 0xff, 0xff, 0xff, 0xff, 0xff,
    0xff, 0xff, 0xff, 0xff, 0xff, 0xff, 0xff, 0xfe, 0x00, 0x00, 0x00, 0x00, 0x0f, 0xff, 0xff, 0xff,
    0xff, 0xff, 0xff, 0xff, 0xff, 0xff, 0xff, 0xff, 0xff, 0xff, 0xff, 0xfe, 0x00, 0x00, 0x00, 0x00,
    0x0f, 0xff, 0xff, 0xff, 0xff, 0xff, 0xff, 0xff, 0xff, 0xff, 0xff, 0xff, 0xff, 0xff, 0xff, 0xfe,
    0x00, 0x00, 0x00, 0x00, 0x1f, 0xff, 0xff, 0xff, 0xff, 0xff, 0xff, 0xff, 0xff, 0xff, 0xff, 0xff,
    0xff, 0xff, 0xff, 0xfe, 0x00, 0x00, 0x00, 0x00, 0x1f, 0xff, 0xff, 0xff, 0xff, 0xff, 0xff, 0xff,
    0xff, 0xff, 0xff, 0xff, 0xff, 0xff, 0xff, 0xfe, 0x00, 0x00, 0x00, 0x00, 0x3f, 0xff, 0xff, 0xff,
    0xff, 0xff, 0xff, 0xff, 0xff, 0xff, 0xff, 0xff, 0xff, 0xff, 0xff, 0xfe, 0x00, 0x00, 0x00, 0x00,
    0xff, 0xff, 0xff, 0xff, 0xff, 0xff, 0xff, 0xff, 0xff, 0xff, 0xff, 0xff, 0xff, 0xff, 0xff, 0xfe,
    0x00, 0x00, 0x00, 0x00, 0xff, 0xff, 0xff, 0xff, 0xff, 0xff, 0xff, 0xff, 0xff, 0xff, 0xff, 0xff,
    0xff, 0xff, 0xff, 0xfe, 0x00, 0x00, 0x00, 0x00, 0xff, 0xff, 0xff, 0xff, 0xff, 0xff, 0xff, 0xff,
    0xff, 0xff, 0xff, 0xff, 0xff, 0xff, 0xff, 0xfe, 0x00, 0x00, 0x00, 0x00, 0xff, 0xff, 0xff, 0xff,
    0xff, 0xff, 0xff, 0xff, 0xff, 0xff, 0xff, 0xff, 0xff, 0xff, 0xff, 0xfe, 0x00, 0x00, 0x00, 0x00,
    0xff, 0xff, 0xff, 0xff, 0xff, 0xff, 0xff, 0xff, 0xff, 0xff, 0xff, 0xff, 0xff, 0xff, 0xff, 0xfe,
    0x00, 0x00, 0x00, 0x00, 0xff, 0xff, 0xff, 0xff, 0xff, 0xff, 0xff, 0xff, 0xff, 0xff, 0xff, 0xff,
    0xff, 0xff, 0xff, 0xfe, 0x00, 0x00, 0x00, 0x00, 0xff, 0xff, 0xff, 0xff, 0xff, 0xff, 0xff, 0xff,
    0xff, 0xff, 0xff, 0xff, 0xff, 0xff, 0xff, 0xfe, 0x00, 0x00, 0x00, 0x00, 0xff, 0xff, 0xff, 0xff,
    0xff, 0xff, 0xff, 0xff, 0xff, 0xff, 0xff, 0xff, 0xff, 0xff, 0xff, 0xfe, 0x00, 0x00, 0x00, 0x00,
    0xff, 0xff, 0xff, 0xff, 0xff, 0xff, 0xff, 0xff, 0xff, 0xff, 0xff, 0xff, 0xff, 0xff, 0xff, 0xfe,
    0x00, 0x00, 0x00, 0x00, 0xff, 0xff, 0xff, 0xff, 0xff, 0xff, 0xff, 0xff, 0xff, 0xff, 0xff, 0xff,
    0xff, 0xff, 0xff, 0xfe, 0x00, 0x00, 0x00, 0x00, 0xff, 0xff, 0xff, 0xff, 0xff, 0xff, 0xff, 0xff,
    0xff, 0xff, 0xff, 0xff, 0xff, 0xff, 0xff, 0xfe, 0x00, 0x00, 0x00, 0x00, 0xff, 0xff, 0xff, 0xff,
    0xff, 0xff, 0xff, 0xff, 0xff, 0xff, 0xff, 0xff, 0xff, 0xff, 0xff, 0xfe, 0x00, 0x3c, 0x00, 0x00,
    0xff, 0xff, 0xff, 0xff, 0xff, 0xff, 0xff, 0xff, 0xff, 0xff, 0xff, 0xff, 0xff, 0xff, 0xff, 0xfe,
    0x00, 0x7e, 0x00, 0x00, 0xff, 0xff, 0xff, 0xff, 0xff, 0xff, 0xff, 0xff, 0xff, 0xff, 0xff, 0xff,
    0xff, 0xff, 0xff, 0xff, 0xc0, 0xff, 0x00, 0x00, 0xff, 0xff, 0xff, 0xff, 0xff, 0xff, 0xff, 0xff,
    0xff, 0xff, 0xff, 0xff, 0xff, 0xff, 0xff, 0xff, 0xf0, 0xff, 0x00, 0x00, 0xff, 0xff, 0xff, 0xff,
    0xff, 0xff, 0xff, 0xff, 0xff, 0xff, 0xff, 0xff, 0xff, 0xff, 0xff, 0xff, 0xf9, 0xff, 0x80, 0x00,
    0xff, 0xff, 0xff, 0xff, 0xff, 0xff, 0xff, 0xff, 0xff, 0xff, 0xff, 0xff, 0xff, 0xff, 0xff, 0xff,
    0xff, 0xff, 0x80, 0x00, 0xff, 0xff, 0xff, 0xff, 0xff, 0xff, 0xff, 0xff, 0xff, 0xff, 0xff, 0xff,
    0xff, 0xff, 0xff, 0xff, 0xff, 0xff, 0x80, 0x00, 0xff, 0xff, 0xff, 0xff, 0xff, 0xff, 0xff, 0xff,
    0xff, 0xff, 0xff, 0xff, 0xff, 0xff, 0xff, 0xff, 0xff, 0xff, 0xff, 0xfe, 0xff, 0xff, 0xff, 0xff,
    0xff, 0xff, 0xff, 0xff, 0xff, 0xff, 0xff, 0xff, 0xff, 0xff, 0xff, 0xff, 0xff, 0xff, 0xff, 0xff,
    0xff, 0xff, 0xff, 0xff, 0xff, 0xff, 0xff, 0xff, 0xff, 0xff, 0xff, 0xff, 0xff, 0xff, 0xff, 0xff,
    0xff, 0xff, 0xff, 0xff, 0xff, 0xff, 0xff, 0xff, 0xff, 0xff, 0xff, 0xff, 0xff, 0xff, 0xff, 0xff,
    0xff, 0xff, 0xff, 0xff, 0xff, 0xff, 0xff, 0xff, 0xff, 0xff, 0xff, 0xff, 0xff, 0xff, 0xff, 0xff,
    0xff, 0xff, 0xff, 0xff, 0xff, 0xff, 0xff, 0xff, 0xff, 0xff, 0xff, 0xff, 0xff, 0xff, 0xff, 0xff,
    0xff, 0xff, 0xff, 0xff, 0xff, 0xff, 0xff, 0xff, 0xff, 0xff, 0xff, 0xff, 0xff, 0xff, 0xff, 0xff,
    0xff, 0xff, 0xff, 0xff, 0xff, 0xff, 0xff, 0xff, 0xff, 0xff, 0xff, 0xff, 0xff, 0xff, 0xff, 0xff,
    0xff, 0xff, 0xff, 0xff, 0xff, 0xff, 0xff, 0xff, 0xff, 0xff, 0xff, 0xff, 0xff, 0xff, 0xff, 0xff,
    0xff, 0xff, 0xff, 0xff, 0xff, 0xff, 0xff, 0xff, 0xff, 0xff, 0xff, 0xff, 0xff, 0xff, 0xff, 0xff,
    0xff, 0xff, 0xff, 0xff, 0xff, 0xff, 0xff, 0xff, 0xff, 0xff, 0xff, 0xff, 0xff, 0xff, 0xff, 0xff,
    0xff, 0xff, 0xff, 0xff, 0xff, 0xff, 0xff, 0xff, 0xff, 0xff, 0xff, 0xff, 0xff, 0xff, 0xff, 0xff,
    0xff, 0xff, 0xff, 0xff, 0xff, 0xff, 0xff, 0xff, 0xff, 0xff, 0xff, 0xff, 0xff, 0xff, 0xff, 0xff,
    0xff, 0xff, 0xff, 0xff, 0xff, 0xff, 0xff, 0xff, 0xff, 0xff, 0xff, 0xff, 0xff, 0xff, 0xff, 0xff,
    0xff, 0xff, 0xff, 0xff, 0xff, 0xff, 0xff, 0xff, 0xff, 0xff, 0xff, 0xff, 0xff, 0xff, 0xff, 0xff,
    0xff, 0xff, 0xff, 0xff, 0xff, 0xff, 0xff, 0xff, 0xff, 0xff, 0xff, 0xff, 0xff, 0xff, 0xff, 0xff,
    0xff, 0xff, 0xff, 0xff, 0xff, 0xff, 0xff, 0xff, 0xff, 0xff, 0xff, 0xff, 0xff, 0xff, 0xff, 0xff,
    0xff, 0xff, 0xff, 0xff, 0xff, 0xff, 0xff, 0xff, 0xff, 0xff, 0xff, 0xff, 0xff, 0xff, 0xff, 0xff,
    0xff, 0xff, 0xff, 0xff, 0xff, 0xff, 0xff, 0xff, 0xff, 0xff, 0xff, 0xff, 0xff, 0xff, 0xff, 0xff,
    0xff, 0xff, 0xff, 0xff, 0xff, 0xff, 0xff, 0xff, 0xff, 0xff, 0xff, 0xff, 0xff, 0xff, 0xff, 0xff,
    0xff, 0xff, 0xff, 0xff, 0xff, 0xff, 0xff, 0xff, 0xff, 0xff, 0xff, 0xff, 0xff, 0xff, 0xff, 0xff,
    0xff, 0xff, 0xff, 0xff, 0xff, 0xff, 0xff, 0xff, 0xff, 0xff, 0xff, 0xff, 0xff, 0xff, 0xff, 0xff,
    0xff, 0xff, 0xff, 0xff, 0xff, 0xff, 0xff, 0xff, 0xff, 0xff, 0xff, 0xff, 0xff, 0xff, 0xff, 0xff,
    0xff, 0xff, 0xff, 0xff, 0xff, 0xff, 0xff, 0xff, 0xff, 0xff, 0xff, 0xff, 0xff, 0xff, 0xff, 0xff,
    0xff, 0xff, 0xff, 0xff, 0xff, 0xff, 0xff, 0xff, 0xff, 0xff, 0xff, 0xff, 0xff, 0xff, 0xff, 0xff,
    0xff, 0xff, 0xff, 0xff, 0xff, 0xff, 0xff, 0xff, 0xff, 0xff, 0xff, 0xff, 0xff, 0xff, 0xff, 0xff,
    0xff, 0xff, 0xff, 0xff, 0xff, 0xff, 0xff, 0xff, 0xff, 0xff, 0xff, 0xff, 0xff, 0xff, 0xff, 0xff,
    0xff, 0xff, 0xff, 0xff, 0xff, 0xff, 0xff, 0xff, 0xff, 0xff, 0xff, 0xff, 0xff, 0xff, 0xff, 0xff,
    0xff, 0xff, 0xff, 0xff, 0xff, 0xff, 0xff, 0xff, 0xff, 0xff, 0xff, 0xff, 0xff, 0xff, 0xff, 0xff,
    0xff, 0xff, 0xff, 0xff, 0xff, 0xff, 0xff, 0xff, 0xff, 0xff, 0xff, 0xff, 0xff, 0xff, 0xff, 0xff,
    0xff, 0xff, 0xff, 0xff, 0xff, 0xff, 0xff, 0xff, 0xff, 0xff, 0xff, 0xff, 0xff, 0xff, 0xff, 0xff,
    0xff, 0xff, 0xff, 0xff, 0xff, 0xff, 0xff, 0xff, 0xff, 0xff, 0xff, 0xff, 0xff, 0xff, 0xff, 0xff,
    0xff, 0xff, 0xff, 0xff, 0xff, 0xff, 0xff, 0xff, 0xff, 0xff, 0xff, 0xff, 0xff, 0xff, 0xff, 0xff,
    0xff, 0xff, 0xff, 0xff, 0xff, 0xff, 0xff, 0xff, 0xff, 0xff, 0xff, 0xff, 0xff, 0xff, 0xff, 0xff,
    0xff, 0xff, 0xff, 0xff, 0xff, 0xff, 0xff, 0xff, 0xff, 0xff, 0xff, 0xff, 0xff, 0xff, 0xff, 0xff,
    0xff, 0xff, 0xff, 0xff, 0xff, 0xff, 0xff, 0xff, 0xff, 0xff, 0xff, 0xff, 0xff, 0xff, 0xff, 0xff,
    0xff, 0xff, 0xff, 0xff, 0xff, 0xff, 0xff, 0xff, 0xff, 0xff, 0xff, 0xff, 0xff, 0xff, 0xff, 0xff,
    0xff, 0xff, 0xff, 0xff, 0xff, 0xff, 0xff, 0xff, 0xff, 0xff, 0xff, 0xff, 0xff, 0xff, 0xff, 0xff,
    0xff, 0xff, 0xff, 0xff, 0xff, 0xff, 0xff, 0xff, 0xff, 0xff, 0xff, 0xff, 0xff, 0xff, 0xff, 0xff,
    0xff, 0xff, 0xff, 0xff, 0xff, 0xff, 0xff, 0xff, 0xff, 0xff, 0xff, 0xff, 0xff, 0xff, 0xff, 0xff,
    0xff, 0xff, 0xff, 0xff, 0xff, 0xff, 0xff, 0xff, 0xff, 0xff, 0xff, 0xff, 0xff, 0xff, 0xff, 0xff,
    0xff, 0xff, 0xff, 0xff, 0xff, 0xff, 0xff, 0xff, 0xff, 0xff, 0xff, 0xff, 0xff, 0xff, 0xff, 0xff,
    0xff, 0xff, 0xff, 0xff, 0xff, 0xff, 0xff, 0xff, 0xff, 0xff, 0xff, 0xff, 0xff, 0xff, 0xff, 0xff,
    0xff, 0xff, 0xff, 0xff, 0xff, 0xff, 0xff, 0xff, 0xff, 0xff, 0xff, 0xff, 0xff, 0xff, 0xff, 0xff,
    0xff, 0xff, 0xff, 0xff, 0xff, 0xff, 0xff, 0xff, 0xff, 0xff, 0xff, 0xff, 0xff, 0xff, 0xff, 0xff,
    0xff, 0xff, 0xff, 0xff, 0xff, 0xff, 0xff, 0xff, 0xff, 0xff, 0xff, 0xff, 0xff, 0xff, 0xff, 0xff,
    0xff, 0xff, 0xff, 0xff, 0xff, 0xff, 0xff, 0xff, 0xff, 0xff, 0xff, 0xff, 0xff, 0xff, 0xff, 0xff,
    0xff, 0xff, 0xff, 0xff, 0xff, 0xff, 0xff, 0xff, 0xff, 0xff, 0xff, 0xff, 0xff, 0xff, 0xff, 0xff,
    0xff, 0xff, 0xff, 0xff, 0xff, 0xff, 0xff, 0xff, 0xff, 0xff, 0xff, 0xff, 0xff, 0xff, 0xff, 0xff,
    0xff, 0xff, 0xff, 0xff, 0xff, 0xff, 0xff, 0xff, 0xff, 0xff, 0xff, 0xff, 0xff, 0xff, 0xff, 0xff,
    0xff, 0xff, 0xff, 0xff, 0xff, 0xff, 0xff, 0xff, 0xff, 0xff, 0xff, 0xff, 0xff, 0xff, 0xff, 0xff,
    0xff, 0xff, 0xff, 0xff, 0xff, 0xff, 0xff, 0xff, 0xff, 0xff, 0xff, 0xff, 0xff, 0xff, 0xff, 0xff,
    0xff, 0xff, 0xff, 0xff, 0xff, 0xff, 0xff, 0xff, 0xff, 0xff, 0xff, 0xff, 0xff, 0xff, 0xff, 0xff,
    0xff, 0xff, 0xff, 0xff, 0xff, 0xff, 0xff, 0xff, 0xff, 0xff, 0xff, 0xff, 0xff, 0xff, 0xff, 0xff,
    0xff, 0xff, 0xff, 0xff, 0xff, 0xff, 0xff, 0xff, 0xff, 0xff, 0xff, 0xff, 0xff, 0xff, 0xff, 0xff,
    0xff, 0xff, 0xff, 0xff, 0xff, 0xff, 0xff, 0xff, 0xff, 0xff, 0xff, 0xff, 0xff, 0xff, 0xff, 0xff,
    0xff, 0xff, 0xff, 0xff, 0xff, 0xff, 0xff, 0xff, 0xff, 0xff, 0xff, 0xff, 0xff, 0xff, 0xff, 0xff,
    0xff, 0xff, 0xff, 0xff, 0xff, 0xff, 0xff, 0xff, 0xff, 0xff, 0xff, 0xff, 0xff, 0xff, 0xff, 0xff,
    0xff, 0xff, 0xff, 0xff, 0xff, 0xff, 0xff, 0xff, 0xff, 0xff, 0xff, 0xff, 0xff, 0xff, 0xff, 0xff,
    0xff, 0xff, 0xff, 0xff, 0xff, 0xff, 0xff, 0xff, 0xff, 0xff, 0xff, 0xff, 0xff, 0xff, 0xff, 0xff,
    0xff, 0xff, 0xff, 0xff, 0xff, 0xff, 0xff, 0xff, 0xff, 0xff, 0xff, 0xff, 0xff, 0xff, 0xff, 0xff,
    0xff, 0xff, 0xff, 0xff, 0xff, 0xff, 0xff, 0xff, 0xff, 0xff, 0xff, 0xff, 0xff, 0xff, 0xff, 0xff,
    0xff, 0xff, 0xff, 0xff, 0xff, 0xff, 0xff, 0xff, 0xff, 0xff, 0xff, 0xff, 0xff, 0xff, 0xff, 0xff,
    0xff, 0xff, 0xff, 0xff, 0xff, 0xff, 0xff, 0xff, 0xff, 0xff, 0xff, 0xff, 0xff, 0xff, 0xff, 0xff,
    0xff, 0xff, 0xff, 0xff, 0xff, 0xff, 0xff, 0xff, 0xff, 0xff, 0xff, 0xff, 0xff, 0xff, 0xff, 0xff,
    0xff, 0xff, 0xff, 0xff, 0xff, 0xff, 0xff, 0xff, 0xff, 0xff, 0xff, 0xff, 0x7f, 0xff, 0xff, 0xff,
    0xff, 0xff, 0xff, 0xff, 0xff, 0xff, 0xff, 0xff, 0xff, 0xff, 0xff, 0xff, 0xff, 0xff, 0xff, 0xff,
};

/* sEntrance: 1 masks of 32 bytes */
static const uint8_t s_mask_sEntrance[32] = {
    0xff, 0xff, 0xff, 0xff, 0xff, 0xff, 0xff, 0xff, 0xff, 0xff, 0xff, 0xff, 0xff, 0xff, 0xff, 0xff,
    0xff, 0xff, 0xff, 0xff, 0xff, 0xff, 0xff, 0xff, 0xff, 0xff, 0xff, 0xff, 0xff, 0xff, 0xff, 0xff,
};

/* sExit: 1 masks of 32 bytes */
static const uint8_t s_mask_sExit[32] = {
    0xff, 0xff, 0xff, 0xff, 0xff, 0xff, 0xff, 0xff, 0xff, 0xff, 0xff, 0xff, 0xff, 0xff, 0xff, 0xff,
    0xff, 0xff, 0xff, 0xff, 0xff, 0xff, 0xff, 0xff, 0xff, 0xff, 0xff, 0xff, 0xff, 0xff, 0xff, 0xff,
};

/* sExplosion: 10 masks of 264 bytes */
static const uint8_t s_mask_sExplosion[2640] = {
    0x00, 0x00, 0x00, 0x00, 0x00, 0x00, 0x00, 0x00, 0x00, 0x00, 0x00, 0x00, 0x00, 0x00, 0x00, 0x00,
    0x00, 0x00, 0x00, 0x00, 0x00, 0x00, 0x00, 0x00, 0x00, 0x00, 0x00, 0x00, 0x00, 0x00, 0x00, 0x00,
    0x00, 0x00, 0x00, 0x00, 0x00, 0x00, 0x00, 0x00, 0x00, 0x00, 0x00, 0x00, 0x00, 0x00, 0x00, 0x00,
    0x00, 0x00, 0x00, 0x00, 0x00, 0x00, 0x00, 0x00, 0x00, 0x00, 0x00, 0x00, 0x00, 0x00, 0x0f, 0xe0,
    0x00, 0x00, 0x00, 0x00, 0x3f, 0xf8, 0x00, 0x00, 0x00, 0x00, 0xff, 0xfe, 0x00, 0x00, 0x00, 0x01,
    0xff, 0xff, 0x00, 0x00, 0x00, 0x03, 0xff, 0xff, 0x80, 0x00, 0x00, 0x07, 0xff, 0xff, 0xc0, 0x00,
    0x00, 0x0f, 0xff, 0xff, 0xe0, 0x00, 0x00, 0x0f, 0xff, 0xff, 0xe0, 0x00, 0x00, 0x0f, 0xff, 0xff,
    0xe0, 0x00, 0x00, 0x1f, 0xff, 0xff, 0xf0, 0x00, 0x00, 0x1f, 0xff, 0xff, 0xf0, 0x00, 0x00, 0x1f,
    0xff, 0xff, 0xf0, 0x00, 0x00, 0x1f, 0xff, 0xff, 0xf0, 0x00, 0x00, 0x1f, 0xff, 0xff, 0xf0, 0x00,
    0x00, 0x1f, 0xff, 0xff, 0xf0, 0x00, 0x00, 0x0f, 0xff, 0xff, 0xe0, 0x00, 0x00, 0x0f, 0xff, 0xff,
    0xe0, 0x00, 0x00, 0x0f, 0xff, 0xff, 0xe0, 0x00, 0x00, 0x07, 0xff, 0xff, 0xc0, 0x00, 0x00, 0x03,
    0xff, 0xff, 0x80, 0x00, 0x00, 0x01, 0xff, 0xff, 0x00, 0x00, 0x00, 0x00, 0xff, 0xfe, 0x00, 0x00,
    0x00, 0x00, 0x3f, 0xf8, 0x00, 0x00, 0x00, 0x00, 0x0f, 0xe0, 0x00, 0x00, 0x00, 0x00, 0x00, 0x00,
    0x00, 0x00, 0x00, 0x00, 0x00, 0x00, 0x00, 0x00, 0x00, 0x00, 0x00, 0x00, 0x00, 0x00, 0x00, 0x00,
    0x00, 0x00, 0x00, 0x00, 0x00, 0x00, 0x00, 0x00, 0x00, 0x00, 0x00, 0x00, 0x00, 0x00, 0x00, 0x00,
    0x00, 0x00, 0x00, 0x00, 0x00, 0x00, 0x00, 0x00, 0x00, 0x00, 0x00, 0x00, 0x00, 0x00, 0x00, 0x00,
    0x00, 0x00, 0x00, 0x00, 0x00, 0x00, 0x00, 0x00,
    0x00, 0x00, 0x00, 0x00, 0x00, 0x00, 0x00, 0x00, 0x00, 0x00, 0x00, 0x00, 0x00, 0x00, 0x00, 0x00,
    0x00, 0x00, 0x00, 0x00, 0x07, 0xe0, 0x00, 0x00, 0x00, 0x00, 0x7f, 0xfe, 0x00, 0x00, 0x00, 0x01,
    0xff, 0xff, 0x80, 0x00, 0x00, 0x03, 0xff, 0xff, 0xc0, 0x00, 0x00, 0x0f, 0xff, 0xff, 0xf0, 0x00,
    0x00, 0x1f, 0xff, 0xff, 0xf8, 0x00, 0x00, 0x3f, 0xff, 0xff, 0xfc, 0x00, 0x00, 0x7f, 0xff, 0xff,
    0xfe, 0x00, 0x00, 0x7f, 0xff, 0xff, 0xfe, 0x00, 0x00, 0xff, 0xff, 0xff, 0xff, 0x00, 0x01, 0xff,
    0xff, 0xff, 0xff, 0x80, 0x01, 0xff, 0xff, 0xff, 0xff, 0x80, 0x03, 0xff, 0xff, 0xff, 0xff, 0xc0,
    0x03, 0xff, 0xff, 0xff, 0xff, 0xc0, 0x03, 0xff, 0xff, 0xff, 0xff, 0xc0, 0x03, 0xff, 0xff, 0xff,
    0xff, 0xc0, 0x07, 0xff, 0xff, 0xff, 0xff, 0xe0, 0x07, 0xff, 0xff, 0xff, 0xff, 0xe0, 0x07, 0xff,
    0xff, 0xff, 0xff, 0xe0, 0x07, 0xff, 0xff, 0xff, 0xff, 0xe0, 0x07, 0xff, 0xff, 0xff, 0xff, 0xe0,
    0x07, 0xff, 0xff, 0xff, 0xff, 0xe0, 0x03, 0xff, 0xff, 0xff, 0xff, 0xc0, 0x03, 0xff, 0xff, 0xff,
    0xff, 0xc0, 0x03, 0xff, 0xff, 0xff, 0xff, 0xc0, 0x03, 0xff, 0xff, 0xff, 0xff, 0xc0, 0x01, 0xff,
    0xff, 0xff, 0xff, 0x80, 0x01, 0xff, 0xff, 0xff, 0xff, 0x80, 0x00, 0xff, 0xff, 0xff, 0xff, 0x00,
    0x00, 0x7f, 0xff, 0xff, 0xfe, 0x00, 0x00, 0x7f, 0xff, 0xff, 0xfe, 0x00, 0x00, 0x3f, 0xff, 0xff,
    0xfc, 0x00, 0x00, 0x1f, 0xff, 0xff, 0xf8, 0x00, 0x00, 0x0f, 0xff, 0xff, 0xf0, 0x00, 0x00, 0x03,
    0xff, 0xff, 0xc0, 0x00, 0x00, 0x01, 0xff, 0xff, 0x80, 0x00, 0x00, 0x00, 0x7f, 0xfe, 0x00, 0x00,
    0x00, 0x00, 0x07, 0xe0, 0x00, 0x00, 0x00, 0x00, 0x00, 0x00, 0x00, 0x00, 0x00, 0x00, 0x00, 0x00,
    0x00, 0x00, 0x00, 0x00, 0x00, 0x00, 0x00, 0x00,
    0x00, 0x00, 0x00, 0x00, 0x00, 0x00, 0x00, 0x00, 0x00, 0x80, 0x00, 0x00, 0x00, 0x00, 0x00, 0x80,
    0x00, 0x00, 0x00, 0x00, 0x08, 0x80, 0x00, 0x00, 0x00, 0x00, 0x08, 0x80, 0x00, 0x00, 0x00, 0x00,
    0x08, 0xc2, 0x00, 0x00, 0x00, 0x00, 0x09, 0xc2, 0x00, 0x00, 0x00, 0x00, 0x0d, 0xc2, 0x80, 0x00,
    0x00, 0x00, 0x1d, 0xc2, 0x80, 0x00, 0x00, 0x24, 0x1f, 0xc2, 0x08, 0x00, 0x00, 0x26, 0x1f, 0xe7,
    0x38, 0x00, 0x00, 0x0f, 0x1f, 0xe7, 0xf0, 0x00, 0x02, 0x0f, 0xbf, 0xe7, 0xf0, 0x00, 0x03, 0x0f,
    0xff, 0xff, 0xf0, 0x80, 0x01, 0x8f, 0xff, 0xff, 0xf1, 0x80, 0x01, 0xcf, 0xff, 0xff, 0xf3, 0x80,
    0x00, 0xef, 0xff, 0xff, 0xff, 0x30, 0x00, 0xff, 0xff, 0xff, 0xff, 0xf0, 0x04, 0xff, 0xff, 0xff,
    0xff, 0xe0, 0x06, 0xff, 0xff, 0xff, 0xff, 0xe0, 0x02, 0xff, 0xff, 0xff, 0xff, 0xc0, 0x00, 0x7f,
    0xff, 0xff, 0xff, 0xc0, 0x00, 0x7f, 0xff, 0xff, 0xff, 0x80, 0x00, 0x7f, 0xff, 0xff, 0xff, 0x80,
    0x00, 0x7f, 0xff, 0xff, 0xff, 0x80, 0x00, 0x7f, 0xff, 0xff, 0xff, 0x00, 0x00, 0x7f, 0xff, 0xff,
    0xff, 0x00, 0x00, 0xff, 0xff, 0xff, 0xff, 0xc0, 0x01, 0xff, 0xff, 0xff, 0xff, 0xe0, 0x01, 0xff,
    0xff, 0xff, 0xff, 0xe0, 0x01, 0xff, 0xff, 0xff, 0xff, 0xe0, 0x01, 0xff, 0xff, 0xff, 0xff, 0xe0,
    0x00, 0xff, 0xff, 0xff, 0xff, 0xc0, 0x00, 0x3f, 0xff, 0xff, 0xff, 0x00, 0x00, 0x0f, 0xff, 0xff,
    0xfc, 0x00, 0x00, 0x0f, 0xff, 0xff, 0xfc, 0x00, 0x00, 0x0f, 0xff, 0xff, 0xf8, 0x00, 0x00, 0x07,
    0xff, 0xff, 0xf8, 0x00, 0x00, 0x07, 0xff, 0xff, 0xf0, 0x00, 0x00, 0x03, 0xff, 0xff, 0xe0, 0x00,
    0x00, 0x01, 0xff, 0xff, 0xc0, 0x00, 0x00, 0x00, 0x7f, 0xff, 0x00, 0x00, 0x00, 0x00, 0x00, 0x00,
    0x00, 0x00, 0x00, 0x00, 0x00, 0x00, 0x00, 0x00,
    0x00, 0x00, 0x00, 0x00, 0x00, 0x00, 0x00, 0x0e, 0x07, 0xfc, 0x00, 0x00, 0x00, 0x1f, 0x1f, 0xff,
    0x00, 0x00, 0x00, 0x38, 0x3f, 0xff, 0xc6, 0x00, 0x00, 0x23, 0xff, 0xff, 0xe6, 0x00, 0x00, 0x0f,
    0xff, 0xff, 0xf0, 0x00, 0x00, 0x3f, 0xff, 0xff, 0xfc, 0x00, 0x00, 0x7f, 0xff, 0xff, 0xff, 0x00,
    0x00, 0xff, 0xff, 0xff, 0xff, 0x80, 0x00, 0xff, 0xff, 0xff, 0xff, 0x80, 0x01, 0xff, 0xff, 0xff,
    0xff, 0xc0, 0x01, 0xff, 0xff, 0xff, 0xff, 0xe0, 0x03, 0xff, 0xff, 0xff, 0xff, 0xf0, 0x07, 0xff,
    0xff, 0xff, 0xff, 0xf0, 0x1f, 0xff, 0xff, 0xff, 0xff, 0xf8, 0x3f, 0xff, 0xff, 0xff, 0xff, 0xfc,
    0x7f, 0xff, 0xff, 0xff, 0xff, 0xfe, 0xff, 0xff, 0xff, 0xff, 0xff, 0xff, 0xff, 0xff, 0xff, 0xff,
    0xff, 0xff, 0xff, 0xff, 0xff, 0xff, 0xff, 0xff, 0xff, 0xff, 0xff, 0xff, 0xff, 0xff, 0xff, 0xff,
    0xff, 0xff, 0xff, 0xff, 0xff, 0xff, 0xff, 0xff, 0xff, 0xff, 0xff, 0xff, 0xff, 0xff, 0xff, 0xff,
    0xff, 0xff, 0xff, 0xff, 0xff, 0xff, 0xff, 0xff, 0xff, 0xff, 0xff, 0xfe, 0x7f, 0xff, 0xff, 0xff,
    0xff, 0xfe, 0x3f, 0xff, 0xff, 0xff, 0xff, 0xfc, 0x1f, 0xff, 0xff, 0xff, 0xff, 0xf8, 0x1f, 0xff,
    0xff, 0xff, 0xff, 0xf8, 0x0f, 0xff, 0xff, 0xff, 0xff, 0xf0, 0x0f, 0xff, 0xff, 0xff, 0xff, 0xe0,
    0x07, 0xff, 0xff, 0xff, 0xff, 0xc0, 0x07, 0xff, 0xff, 0xff, 0xff, 0xc0, 0x03, 0xff, 0xff, 0xff,
    0xff, 0xc0, 0x01, 0xff, 0xff, 0xff, 0xff, 0xc0, 0x00, 0xff, 0xff, 0xff, 0xff, 0x80, 0x07, 0x3f,
    0xff, 0xff, 0xff, 0x00, 0x07, 0x8f, 0xff, 0xff, 0xfe, 0x00, 0x07, 0x83, 0xff, 0xff, 0xfc, 0xc0,
    0x03, 0x01, 0xff, 0xff, 0xf9, 0xc0, 0x00, 0x00, 0x7f, 0xff, 0x70, 0x80, 0x00, 0x00, 0x3f, 0xfc,
    0x00, 0x00, 0x00, 0x00, 0x07, 0xf0, 0x00, 0x00,
    0x00, 0x00, 0x00, 0x00, 0x00, 0x00, 0x00, 0x00, 0x00, 0x00, 0x00, 0x00, 0x00, 0x00, 0x00, 0x00,
    0x00, 0x00, 0x00, 0x00, 0x00, 0x00, 0x00, 0x00, 0x00, 0x00, 0x00, 0x00, 0x00, 0x00, 0x00, 0x00,
    0x00, 0x00, 0x00, 0x00, 0x00, 0x00, 0x00, 0x00, 0x00, 0x00, 0x00, 0x00, 0x07, 0xcc, 0x00, 0x00,
    0x00, 0x00, 0x1f, 0xff, 0x00, 0x00, 0x00, 0x00, 0x7f, 0xff, 0x80, 0x00, 0x00, 0x00, 0xff, 0xff,
    0xc0, 0x00, 0x00, 0x01, 0xff, 0xff, 0xe0, 0x00, 0x00, 0x03, 0xff, 0xff, 0xf0, 0x00, 0x00, 0x1b,
    0xff, 0xff, 0xf0, 0x00, 0x00, 0x3f, 0xff, 0xff, 0xfc, 0x00, 0x00, 0x3f, 0xff, 0xff, 0xfc, 0x00,
    0x00, 0x3f, 0xff, 0xff, 0xfe, 0x00, 0x00, 0x3f, 0xff, 0xff, 0xfe, 0x00, 0x00, 0x3f, 0xff, 0xff,
    0xff, 0x00, 0x00, 0xff, 0xff, 0xff, 0xff, 0x00, 0x01, 0xff, 0xff, 0xff, 0xff, 0x00, 0x01, 0xff,
    0xff, 0xff, 0xfe, 0x00, 0x01, 0xff, 0xff, 0xff, 0xff, 0x00, 0x00, 0xff, 0xff, 0xff, 0xff, 0x80,
    0x00, 0x1f, 0xff, 0xff, 0xff, 0x80, 0x00, 0x3f, 0xff, 0xff, 0xff, 0x80, 0x00, 0x3f, 0xff, 0xff,
    0xff, 0x80, 0x00, 0x1f, 0xff, 0xff, 0xfe, 0x00, 0x00, 0x0f, 0xff, 0xff, 0xf8, 0x00, 0x00, 0x03,
    0xff, 0xff, 0xf8, 0x00, 0x00, 0x03, 0xff, 0xff, 0xf0, 0x00, 0x00, 0x01, 0xff, 0xff, 0xc0, 0x00,
    0x00, 0x00, 0x7f, 0xff, 0x00, 0x00, 0x00, 0x00, 0x3f, 0xfe, 0x00, 0x00, 0x00, 0x00, 0x1f, 0xfc,
    0x00, 0x00, 0x00, 0x00, 0x00, 0x00, 0x00, 0x00, 0x00, 0x00, 0x00, 0x00, 0x00, 0x00, 0x00, 0x00,
    0x00, 0x00, 0x00, 0x00, 0x00, 0x00, 0x00, 0x00, 0x00, 0x00, 0x00, 0x00, 0x00, 0x00, 0x00, 0x00,
    0x00, 0x00, 0x00, 0x00, 0x00, 0x00, 0x00, 0x00, 0x00, 0x00, 0x00, 0x00, 0x00, 0x00, 0x00, 0x00,
    0x00, 0x00, 0x00, 0x00, 0x00, 0x00, 0x00, 0x00,
    0x00, 0x00, 0x00, 0x00, 0x00, 0x00, 0x00, 0x00, 0x00, 0x00, 0x00, 0x00, 0x00, 0x00, 0x00, 0x00,
    0x00, 0x00, 0x00, 0x00, 0x1f, 0xfc, 0x00, 0x00, 0x00, 0x00, 0x7f, 0xfe, 0x00, 0x00, 0x00, 0x01,
    0xff, 0xff, 0x80, 0x00, 0x00, 0x03, 0xff, 0xff, 0xc0, 0x00, 0x00, 0x07, 0xff, 0xff, 0xe0, 0x00,
    0x00, 0x07, 0xff, 0xff, 0xf0, 0x00, 0x00, 0x1f, 0xff, 0xff, 0xf8, 0x00, 0x00, 0x3f, 0xff, 0xff,
    0xfc, 0x00, 0x00, 0x7f, 0xff, 0xff, 0xff, 0x00, 0x00, 0xff, 0xff, 0xff, 0xff, 0x80, 0x01, 0xff,
    0xff, 0xff, 0xff, 0xc0, 0x03, 0xff, 0xff, 0xff, 0xff, 0xc0, 0x03, 0xff, 0xff, 0xff, 0xff, 0xc0,
    0x03, 0xff, 0xff, 0xff, 0xff, 0xe0, 0x07, 0xff, 0xff, 0xff, 0xff, 0xe0, 0x07, 0xff, 0xff, 0xff,
    0xff, 0xe0, 0x07, 0xff, 0xff, 0xff, 0xff, 0xe0, 0x07, 0xff, 0xff, 0xff, 0xff, 0xe0, 0x07, 0xff,
    0xff, 0xff, 0xff, 0xe0, 0x07, 0xff, 0xff, 0xff, 0xff, 0xc0, 0x07, 0xff, 0xff, 0xff, 0xff, 0xc0,
    0x03, 0xff, 0xff, 0xff, 0xff, 0x80, 0x03, 0xff, 0xff, 0xff, 0xff, 0xc0, 0x03, 0xff, 0xff, 0xff,
    0xff, 0xc0, 0x03, 0xff, 0xff, 0xff, 0xff, 0xc0, 0x03, 0xff, 0xff, 0xff, 0xff, 0x80, 0x01, 0xff,
    0xff, 0xff, 0xff, 0x00, 0x00, 0x3f, 0xff, 0xff, 0xfe, 0x00, 0x00, 0x7f, 0xff, 0xff, 0xfe, 0x40,
    0x00, 0x7f, 0xff, 0xff, 0xfc, 0x00, 0x00, 0x7f, 0xff, 0xff, 0xf8, 0x00, 0x00, 0x7f, 0xff, 0xff,
    0xf3, 0x00, 0x00, 0x3f, 0xff, 0xff, 0xe3, 0x00, 0x00, 0x01, 0xff, 0xff, 0xc0, 0x00, 0x00, 0x06,
    0xff, 0xff, 0x80, 0x00, 0x00, 0x0f, 0x7f, 0xff, 0x00, 0x00, 0x00, 0x0f, 0x1f, 0xf6, 0x00, 0x00,
    0x00, 0x06, 0x0f, 0xe0, 0x00, 0x00, 0x00, 0x00, 0x07, 0xc0, 0x00, 0x00, 0x00, 0x00, 0x03, 0x80,
    0x00, 0x00, 0x00, 0x00, 0x00, 0x00, 0x00, 0x00,
    0x00, 0x00, 0x00, 0x00, 0x00, 0x00, 0x00, 0x00, 0x0f, 0xfc, 0x00, 0x00, 0x00, 0x00, 0x7f, 0xff,
    0x00, 0x00, 0x00, 0x01, 0xff, 0xff, 0xc0, 0x00, 0x00, 0x03, 0xff, 0xff, 0xe0, 0x00, 0x00, 0x07,
    0xff, 0xff, 0xf0, 0x00, 0x00, 0x07, 0xff, 0xff, 0xf8, 0x00, 0x03, 0x0f, 0xff, 0xff, 0xf8, 0x00,
    0x03, 0x0f, 0xff, 0xff, 0xfe, 0x00, 0x00, 0x1f, 0xff, 0xff, 0xff, 0x80, 0x00, 0x7f, 0xff, 0xff,
    0xff, 0xc0, 0x00, 0xff, 0xff, 0xff, 0xff, 0xc0, 0x01, 0xff, 0xff, 0xff, 0xff, 0xe0, 0x19, 0xff,
    0xff, 0xff, 0xff, 0xe0, 0x3f, 0xff, 0xff, 0xff, 0xff, 0xe0, 0x3f, 0xff, 0xff, 0xff, 0xff, 0xe0,
    0x3f, 0xff, 0xff, 0xff, 0xff, 0xf0, 0x3f, 0xff, 0xff, 0xff, 0xff, 0xf0, 0x3f, 0xff, 0xff, 0xff,
    0xff, 0xf0, 0x3f, 0xff, 0xff, 0xff, 0xff, 0xf0, 0x1f, 0xff, 0xff, 0xff, 0xff, 0xf0, 0x0f, 0xff,
    0xff, 0xff, 0xff, 0xf0, 0x0f, 0xff, 0xff, 0xff, 0xff, 0xf0, 0x0f, 0xff, 0xff, 0xff, 0xff, 0xf0,
    0x07, 0xff, 0xff, 0xff, 0xff, 0xe0, 0x07, 0xff, 0xff, 0xff, 0xff, 0xe0, 0x03, 0xff, 0xff, 0xff,
    0xff, 0xc0, 0x03, 0xff, 0xff, 0xff, 0xff, 0xc0, 0x01, 0xff, 0xff, 0xff, 0xff, 0x80, 0x00, 0xff,
    0xff, 0xff, 0xff, 0x00, 0x00, 0x3f, 0xff, 0xff, 0xff, 0x00, 0x00, 0x7f, 0xff, 0xff, 0xf8, 0x40,
    0x00, 0x7f, 0xff, 0xff, 0xf0, 0x00, 0x00, 0x7f, 0xff, 0xff, 0xf0, 0x00, 0x00, 0x7f, 0xff, 0xff,
    0x63, 0x00, 0x00, 0x39, 0xff, 0xfe, 0x63, 0x00, 0x00, 0x00, 0x7f, 0xf8, 0xc0, 0x00, 0x00, 0x06,
    0x1f, 0xf0, 0x80, 0x00, 0x00, 0x07, 0x07, 0xf0, 0x00, 0x00, 0x00, 0x03, 0x03, 0xe0, 0x00, 0x00,
    0x00, 0x00, 0x00, 0x40, 0x00, 0x00, 0x00, 0x00, 0x00, 0x00, 0x00, 0x00, 0x00, 0x00, 0x00, 0x00,
    0x00, 0x00, 0x00, 0x00, 0x00, 0x00, 0x00, 0x00,
    0x00, 0x00, 0x00, 0x00, 0x00, 0x00, 0x00, 0x00, 0x00, 0x00, 0x00, 0x00, 0x00, 0x00, 0x00, 0x00,
    0x00, 0x00, 0x00, 0x00, 0x00, 0x00, 0x00, 0x00, 0x00, 0x00, 0x00, 0x00, 0x00, 0x00, 0x00, 0x00,
    0x00, 0x00, 0x00, 0x00, 0x00, 0x00, 0x1f, 0xe7, 0xc1, 0x80, 0x00, 0x00, 0x7f, 0xff, 0xf3, 0x80,
    0x03, 0x0f, 0xff, 0xff, 0xfb, 0x80, 0x03, 0x1f, 0xff, 0xff, 0xf9, 0x80, 0x00, 0x1f, 0xff, 0xff,
    0xf8, 0x00, 0x00, 0xdf, 0xff, 0xff, 0xff, 0xc0, 0x03, 0xff, 0xff, 0xff, 0xff, 0xe0, 0x07, 0xff,
    0xff, 0xff, 0xff, 0xf0, 0x1f, 0xff, 0xff, 0xff, 0xff, 0xf8, 0x3f, 0xff, 0xff, 0xff, 0xff, 0xf8,
    0x3f, 0xff, 0xff, 0xff, 0xff, 0xf8, 0x3f, 0xff, 0xff, 0xff, 0xff, 0xf8, 0x3f, 0xff, 0xff, 0xff,
    0xff, 0xf8, 0x3f, 0xff, 0xff, 0xff, 0xff, 0xf0, 0x1f, 0xff, 0xff, 0xff, 0xff, 0xf8, 0x0f, 0xff,
    0xff, 0xff, 0xff, 0xf8, 0x0f, 0xff, 0xff, 0xff, 0xff, 0xf8, 0x0f, 0xff, 0xff, 0xff, 0xff, 0xf8,
    0x0f, 0xff, 0xff, 0xff, 0xff, 0xf0, 0x07, 0xff, 0xff, 0xff, 0xff, 0xe0, 0x07, 0xff, 0xff, 0xff,
    0xff, 0xe0, 0x03, 0xff, 0xff, 0xff, 0xff, 0xc0, 0x03, 0xff, 0xff, 0xff, 0xf7, 0xc0, 0x01, 0xff,
    0xff, 0xff, 0xf7, 0x80, 0x00, 0xff, 0xff, 0xff, 0xe7, 0x00, 0x00, 0x3f, 0xff, 0xff, 0xef, 0x00,
    0x00, 0x7f, 0xff, 0xff, 0xc0, 0x00, 0x00, 0x7f, 0xff, 0xff, 0xb0, 0x40, 0x00, 0x7f, 0xff, 0xfe,
    0x30, 0x00, 0x00, 0x3f, 0xff, 0xf0, 0x20, 0x00, 0x00, 0x01, 0xff, 0xe0, 0x00, 0x00, 0x00, 0x02,
    0x1f, 0xc0, 0x00, 0x00, 0x00, 0x00, 0x03, 0x00, 0x00, 0x00, 0x00, 0x00, 0x00, 0x00, 0x00, 0x00,
    0x00, 0x00, 0x00, 0x00, 0x00, 0x00, 0x00, 0x00, 0x00, 0x00, 0x00, 0x00, 0x00, 0x00, 0x00, 0x00,
    0x00, 0x00, 0x00, 0x00, 0x00, 0x00, 0x00, 0x00,
    0x00, 0x00, 0x00, 0x00, 0x00, 0x00, 0x00, 0x00, 0x00, 0x00, 0x00, 0x00, 0x00, 0x00, 0x00, 0x00,
    0x00, 0x00, 0x00, 0x00, 0x10, 0x00, 0x00, 0x00, 0x00, 0x00, 0x38, 0x22, 0x00, 0x00, 0x00, 0x00,
    0x70, 0x60, 0x00, 0x00, 0x00, 0x00, 0x70, 0x07, 0xc0, 0x00, 0x00, 0x00, 0x2f, 0xf3, 0xf0, 0x00,
    0x00, 0x01, 0x9f, 0xff, 0xf8, 0x00, 0x00, 0x03, 0xff, 0xff, 0xf8, 0x00, 0x00, 0x27, 0xff, 0xff,
    0xfc, 0x00, 0x00, 0x07, 0xff, 0xff, 0xfc, 0x00, 0x00, 0x0f, 0xff, 0xff, 0xfe, 0x00, 0x00, 0x0f,
    0xff, 0xff, 0xfe, 0x00, 0x00, 0x1f, 0xff, 0xff, 0xff, 0x00, 0x00, 0x3f, 0xff, 0xff, 0xff, 0x00,
    0x00, 0x7f, 0xff, 0xff, 0xff, 0x00, 0x00, 0xff, 0xff, 0xff, 0xff, 0x00, 0x00, 0xff, 0xff, 0xff,
    0xff, 0x00, 0x00, 0xff, 0xff, 0xff, 0xff, 0x00, 0x00, 0x7f, 0xff, 0xff, 0xff, 0x00, 0x00, 0x7f,
    0xff, 0xff, 0xfe, 0x00, 0x00, 0x7f, 0xff, 0xff, 0xfe, 0x00, 0x00, 0x3f, 0xff, 0xff, 0xfe, 0x00,
    0x00, 0x0f, 0xff, 0xff, 0xfe, 0x00, 0x00, 0x0f, 0xff, 0xff, 0xfc, 0x00, 0x00, 0x07, 0xff, 0xff,
    0xf8, 0x00, 0x00, 0x07, 0xff, 0xff, 0xf8, 0x00, 0x00, 0x03, 0xff, 0xff, 0xe0, 0x00, 0x00, 0x01,
    0xff, 0xff, 0xc0, 0x00, 0x00, 0x00, 0xff, 0xff, 0x80, 0x00, 0x00, 0x00, 0x7f, 0xfe, 0x00, 0x00,
    0x00, 0x00, 0x3f, 0xfc, 0x00, 0x00, 0x00, 0x00, 0x1f, 0xf8, 0x00, 0x00, 0x00, 0x00, 0x00, 0x72,
    0x00, 0x00, 0x00, 0x00, 0x09, 0x00, 0x00, 0x00, 0x00, 0x00, 0x01, 0x80, 0x00, 0x00, 0x00, 0x00,
    0x01, 0x00, 0x00, 0x00, 0x00, 0x00, 0x00, 0x00, 0x00, 0x00, 0x00, 0x00, 0x00, 0x00, 0x00, 0x00,
    0x00, 0x00, 0x00, 0x00, 0x00, 0x00, 0x00, 0x00, 0x00, 0x00, 0x00, 0x00, 0x00, 0x00, 0x00, 0x00,
    0x00, 0x00, 0x00, 0x00, 0x00, 0x00, 0x00, 0x00,
    0x00, 0x00, 0x03, 0x00, 0x00, 0x00, 0x00, 0x00, 0x03, 0x80, 0x00, 0x00, 0x00, 0x00, 0x0f, 0x84,
    0x00, 0x00, 0x00, 0x00, 0x1f, 0x8c, 0x00, 0x00, 0x00, 0x00, 0x3f, 0xcc, 0x00, 0x00, 0x00, 0x00,
    0xbf, 0xd2, 0x00, 0x00, 0x00, 0x00, 0x7f, 0xfa, 0x00, 0x00, 0x00, 0x00, 0x7f, 0xf8, 0x00, 0x00,
    0x00, 0x00, 0x7f, 0xff, 0xc0, 0x00, 0x00, 0x00, 0x3f, 0xfb, 0xf0, 0x00, 0x00, 0x01, 0xff, 0xff,
    0xf8, 0x00, 0x00, 0x01, 0xff, 0xff, 0xf8, 0x00, 0x00, 0x03, 0xff, 0xff, 0xfc, 0x00, 0x00, 0x07,
    0xff, 0xff, 0xfc, 0x00, 0x00, 0x03, 0xff, 0xff, 0xfc, 0x00, 0x00, 0x03, 0xff, 0xff, 0xf8, 0x00,
    0x00, 0x03, 0xff, 0xff, 0xf8, 0x00, 0x00, 0x07, 0xff, 0xff, 0xf8, 0x00, 0x00, 0x0f, 0xff, 0xff,
    0xf8, 0x00, 0x00, 0x0f, 0xff, 0xff, 0xf0, 0x00, 0x00, 0x0f, 0xff, 0xff, 0xf0, 0x00, 0x00, 0x0f,
    0xff, 0xff, 0xe0, 0x00, 0x00, 0x0f, 0xff, 0xff, 0xc0, 0x00, 0x00, 0x0f, 0xff, 0xff, 0x80, 0x00,
    0x00, 0x07, 0xff, 0xff, 0x80, 0x00, 0x00, 0x01, 0xff, 0xff, 0x00, 0x00, 0x00, 0x00, 0x3f, 0xff,
    0x00, 0x00, 0x00, 0x00, 0x1f, 0xfe, 0x00, 0x00, 0x00, 0x00, 0x0f, 0xf0, 0x00, 0x00, 0x00, 0x00,
    0x07, 0xf0, 0x00, 0x00, 0x00, 0x00, 0x01, 0xe0, 0x00, 0x00, 0x00, 0x00, 0x00, 0xc0, 0x00, 0x00,
    0x00, 0x00, 0x00, 0xc0, 0x00, 0x00, 0x00, 0x00, 0x02, 0x40, 0x00, 0x00, 0x00, 0x00, 0x02, 0x10,
    0x00, 0x00, 0x00, 0x00, 0x02, 0x80, 0x00, 0x00, 0x00, 0x00, 0x00, 0x80, 0x00, 0x00, 0x00, 0x00,
    0x00, 0x00, 0x00, 0x00, 0x00, 0x00, 0x00, 0x40, 0x00, 0x00, 0x00, 0x00, 0x00, 0x80, 0x00, 0x00,
    0x00, 0x00, 0x00, 0x00, 0x00, 0x00, 0x00, 0x00, 0x00, 0x00, 0x00, 0x00, 0x00, 0x00, 0x00, 0x00,
    0x00, 0x00, 0x00, 0x00, 0x00, 0x00, 0x00, 0x00,
};

/* sFakeBonesLeft: 1 masks of 14 bytes */
static const uint8_t s_mask_sFakeBonesLeft[14] = {
    0x00, 0xf8, 0x01, 0xfc, 0x03, 0xfc, 0x13, 0xfe, 0x3b, 0xfe, 0x7d, 0xfe, 0xff, 0xfe,
};

/* sFishBone: 1 masks of 5 bytes */
static const uint8_t s_mask_sFishBone[5] = {
    0x14, 0xd6, 0x7d, 0xd6, 0x14,
};

/* sFlame: 1 masks of 6 bytes */
static const uint8_t s_mask_sFlame[6] = {
    0x70, 0xf8, 0xfc, 0xfc, 0xf8, 0x70,
};

/* sFlameTrail: 5 masks of 8 bytes */
static const uint8_t s_mask_sFlameTrail[40] = {
    0x3c, 0x7e, 0x7f, 0xff, 0xff, 0x7e, 0x3e, 0x1c,
    0x00, 0x38, 0x7e, 0x7e, 0x7e, 0x3c, 0x38, 0x00,
    0x00, 0x00, 0x3c, 0x7c, 0x7c, 0x38, 0x00, 0x00,
    0x00, 0x00, 0x18, 0x3c, 0x3c, 0x18, 0x00, 0x00,
    0x00, 0x00, 0x00, 0x18, 0x18, 0x00, 0x00, 0x00,
};

/* sFlare: 2 masks of 8 bytes */
static const uint8_t s_mask_sFlare[16] = {
    0x18, 0x7e, 0x7e, 0xff, 0xff, 0x7e, 0x7e, 0x18,
    0x00, 0x18, 0x3c, 0x7e, 0x7e, 0x3c, 0x18, 0x00,
};

/* sFlareCrate: 3 masks of 28 bytes */
static const uint8_t s_mask_sFlareCrate[84] = {
    0x03, 0x00, 0x0f, 0xc0, 0x0f, 0xc0, 0x3f, 0xe0, 0xff, 0xf0, 0xff, 0xf8, 0xff, 0xfc, 0xff, 0xfc,
    0xff, 0xfc, 0xff, 0xfc, 0xff, 0xfc, 0xff, 0xfc, 0xff, 0xfc, 0xff, 0xfc,
    0x0f, 0x00, 0x1f, 0x80, 0x3f, 0xe0, 0x3f, 0xf0, 0x7f, 0xf8, 0xff, 0xfc, 0xff, 0xfc, 0xff, 0xfc,
    0xff, 0xfc, 0xff, 0xfc, 0xff, 0xfc, 0xff, 0xfc, 0xff, 0xfc, 0xff, 0xfc,
    0x00, 0x00, 0x00, 0x00, 0x3f, 0x00, 0x7f, 0xe0, 0xff, 0xf0, 0xff, 0xf8, 0xff, 0xfc, 0xff, 0xfc,
    0xff, 0xfc, 0xff, 0xfc, 0xff, 0xfc, 0xff, 0xfc, 0xff, 0xfc, 0xff, 0xfc,
};

/* sFlareSpark: 5 masks of 4 bytes */
static const uint8_t s_mask_sFlareSpark[20] = {
    0x60, 0xf0, 0xf0, 0x60,
    0x60, 0xf0, 0xf0, 0x60,
    0x00, 0x60, 0x60, 0x00,
    0x00, 0x60, 0x00, 0x00,
    0x90, 0x00, 0x00, 0x00,
};

/* sFlyLeft: 4 masks of 8 bytes */
static const uint8_t s_mask_sFlyLeft[32] = {
    0x42, 0x24, 0x1e, 0xff, 0xff, 0xfe, 0x6a, 0x24,
    0x08, 0x18, 0x1e, 0xff, 0xff, 0xfe, 0x6a, 0x24,
    0x00, 0x00, 0xdf, 0xff, 0xff, 0xfe, 0x6a, 0x24,
    0x00, 0x04, 0x5e, 0xff, 0xff, 0xfe, 0x6a, 0x24,
};

/* sFlyRight: 4 masks of 8 bytes */
static const uint8_t s_mask_sFlyRight[32] = {
    0x42, 0x24, 0x78, 0xff, 0xff, 0x7f, 0x56, 0x24,
    0x10, 0x18, 0x78, 0xff, 0xff, 0x7f, 0x56, 0x24,
    0x00, 0x00, 0xfb, 0xff, 0xff, 0x7f, 0x56, 0x24,
    0x00, 0x20, 0x7a, 0xff, 0xff, 0x7f, 0x56, 0x24,
};

/* sFont: 59 masks of 32 bytes */
static const uint8_t s_mask_sFont[1888] = {
    0x00, 0x00, 0x00, 0x00, 0x00, 0x00, 0x00, 0x00, 0x00, 0x00, 0x00, 0x00, 0x00, 0x00, 0x00, 0x00,
    0x00, 0x00, 0x00, 0x00, 0x00, 0x00, 0x00, 0x00, 0x00, 0x00, 0x00, 0x00, 0x00, 0x00, 0x00, 0x00,
    0x0f, 0xf0, 0x0f, 0xf0, 0x0f, 0xf0, 0x0f, 0xf0, 0x0f, 0xf0, 0x0f, 0xf0, 0x0f, 0xf0, 0x0f, 0xf0,
    0x0f, 0xf0, 0x0f, 0xf0, 0x0f, 0xf0, 0x0f, 0xf0, 0x0f, 0xf0, 0x0f, 0xf0, 0x0f, 0xf0, 0x0f, 0xf0,
    0x3f, 0xff, 0x3f, 0xff, 0x3f, 0xff, 0x3f, 0xff, 0x3f, 0xff, 0x3f, 0xff, 0x3f, 0xff, 0x3f, 0xff,
    0x3f, 0xff, 0x3f, 0xff, 0x0f, 0x3c, 0x0f, 0x3c, 0x00, 0x00, 0x00, 0x00, 0x00, 0x00, 0x00, 0x00,
    0x3f, 0xfc, 0x3f, 0xfc, 0xff, 0xff, 0xff, 0xff, 0xff, 0xff, 0xff, 0xff, 0xff, 0xff, 0xff, 0xff,
    0xff, 0xff, 0xff, 0xff, 0xff, 0xff, 0xff, 0xff, 0xff, 0xff, 0xff, 0xff, 0x3f, 0xfc, 0x3f, 0xfc,
    0x3f, 0xff, 0x3f, 0xff, 0xff, 0xff, 0xff, 0xff, 0xff, 0xff, 0xff, 0xff, 0xff, 0xff, 0xff, 0xff,
    0xff, 0xff, 0xff, 0xff, 0xff, 0xff, 0xff, 0xff, 0xff, 0xfc, 0xff, 0xfc, 0x3c, 0xf0, 0x3c, 0xf0,
    0xff, 0xff, 0xff, 0xff, 0xff, 0xff, 0xff, 0xff, 0xff, 0xff, 0xff, 0xff, 0xff, 0xff, 0xff, 0xff,
    0xff, 0xff, 0xff, 0xff, 0xff, 0xff, 0xff, 0xff, 0xff, 0xff, 0xff, 0xff, 0x3f, 0xff, 0x3f, 0xff,
    0x3f, 0xfc, 0x3f, 0xfc, 0xff, 0xfc, 0xff, 0xfc, 0xff, 0xfc, 0xff, 0xfc, 0xff, 0xff, 0xff, 0xff,
    0xff, 0xff, 0xff, 0xff, 0xff, 0xff, 0xff, 0xff, 0xff, 0xff, 0xff, 0xff, 0x3f, 0xfc, 0x3f, 0xfc,
    0x0f, 0xf0, 0x0f, 0xf0, 0x0f, 0xf0, 0x0f, 0xf0, 0x0f, 0xf0, 0x0f, 0xf0, 0x0f, 0xf0, 0x0f, 0xf0,
    0x0f, 0xf0, 0x0f, 0xf0, 0x0f, 0xf0, 0x0f, 0xf0, 0x00, 0x00, 0x00, 0x00, 0x00, 0x00, 0x00, 0x00,
    0x0f, 0xf0, 0x0f, 0xf0, 0x3f, 0xf0, 0x3f, 0xf0, 0x3f, 0xf0, 0x3f, 0xf0, 0x3f, 0xf0, 0x3f, 0xf0,
    0x3f, 0xf0, 0x3f, 0xf0, 0x3f, 0xf0, 0x3f, 0xf0, 0x3f, 0xf0, 0x3f, 0xf0, 0x0f, 0xf0, 0x0f, 0xf0,
    0x0f, 0xf0, 0x0f, 0xf0, 0x0f, 0xfc, 0x0f, 0xfc, 0x0f, 0xfc, 0x0f, 0xfc, 0x0f, 0xfc, 0x0f, 0xfc,
    0x0f, 0xfc, 0x0f, 0xfc, 0x0f, 0xfc, 0x0f, 0xfc, 0x0f, 0xfc, 0x0f, 0xfc, 0x0f, 0xf0, 0x0f, 0xf0,
    0x0f, 0xf0, 0x0f, 0xf0, 0x3f, 0xfc, 0x3f, 0xfc, 0x3f, 0xfc, 0x3f, 0xfc, 0x3f, 0xfc, 0x3f, 0xfc,
    0x3f, 0xfc, 0x3f, 0xfc, 0x3f, 0xfc, 0x3f, 0xfc, 0x3f, 0xfc, 0x3f, 0xfc, 0x00, 0x00, 0x00, 0x00,
    0x0f, 0xf0, 0x0f, 0xf0, 0x0f, 0xf0, 0x0f, 0xf0, 0xff, 0xff, 0xff, 0xff, 0xff, 0xff, 0xff, 0xff,
    0xff, 0xff, 0xff, 0xff, 0xff, 0xff, 0xff, 0xff, 0x0f, 0xf0, 0x0f, 0xf0, 0x0f, 0xf0, 0x0f, 0xf0,
    0x00, 0x00, 0x00, 0x00, 0x00, 0x00, 0x00, 0x00, 0x00, 0x00, 0x00, 0x00, 0x3f, 0xc0, 0x3f, 0xc0,
    0x3f, 0xc0, 0x3f, 0xc0, 0x3f, 0xc0, 0x3f, 0xc0, 0x0f, 0xc0, 0x0f, 0xc0, 0x0f, 0xc0, 0x0f, 0xc0,
    0x00, 0x00, 0x00, 0x00, 0x00, 0x00, 0x00, 0x00, 0x3f, 0xfc, 0x3f, 0xfc, 0x3f, 0xfc, 0x3f, 0xfc,
    0x3f, 0xfc, 0x3f, 0xfc, 0x3f, 0xfc, 0x3f, 0xfc, 0x00, 0x00, 0x00, 0x00, 0x00, 0x00, 0x00, 0x00,
    0x00, 0x00, 0x00, 0x00, 0x00, 0x00, 0x00, 0x00, 0x00, 0x00, 0x00, 0x00, 0x0f, 0xf0, 0x0f, 0xf0,
    0x0f, 0xf0, 0x0f, 0xf0, 0x0f, 0xf0, 0x0f, 0xf0, 0x0f, 0xf0, 0x0f, 0xf0, 0x0f, 0xf0, 0x0f, 0xf0,
    0xff, 0xc0, 0xff, 0xc0, 0xff, 0x3c, 0xff, 0x3c, 0xfc, 0xf0, 0xfc, 0xf0, 0xf3, 0xc0, 0xf3, 0xc0,
    0xcf, 0x03, 0xcf, 0x03, 0x3c, 0x0f, 0x3c, 0x0f, 0x00, 0x3f, 0x00, 0x3f, 0x00, 0xff, 0x00, 0xff,
    0x3f, 0xfc, 0x3f, 0xfc, 0xff, 0xff, 0xff, 0xff, 0xff, 0xff, 0xff, 0xff, 0xff, 0xff, 0xff, 0xff,
    0xff, 0xff, 0xff, 0xff, 0xff, 0xff, 0xff, 0xff, 0xff, 0xff, 0xff, 0xff, 0x3f, 0xfc, 0x3f, 0xfc,
    0x0f, 0xf0, 0x0f, 0xf0, 0x3f, 0xf0, 0x3f, 0xf0, 0x3f, 0xf0, 0x3f, 0xf0, 0x3f, 0xf0, 0x3f, 0xf0,
    0x3f, 0xfc, 0x3f, 0xfc, 0x3f, 0xfc, 0x3f, 0xfc, 0x3f, 0xfc, 0x3f, 0xfc, 0x3f, 0xfc, 0x3f, 0xfc,
    0x3f, 0xfc, 0x3f, 0xfc, 0x3f, 0xff, 0x3f, 0xff, 0x3f, 0xff, 0x3f, 0xff, 0x3f, 0xff, 0x3f, 0xff,
    0x3f, 0xff, 0x3f, 0xff, 0x3f, 0xff, 0x3f, 0xff, 0x3f, 0xff, 0x3f, 0xff, 0x3f, 0xff, 0x3f, 0xff,
    0x3f, 0xfc, 0x3f, 0xfc, 0x3f, 0xff, 0x3f, 0xff, 0x3f, 0xff, 0x3f, 0xff, 0x3f, 0xff, 0x3f, 0xff,
    0x3f, 0xff, 0x3f, 0xff, 0x3f, 0xff, 0x3f, 0xff, 0x3f, 0xff, 0x3f, 0xff, 0x3f, 0xff, 0x3f, 0xff,
    0xff, 0xfc, 0xff, 0xfc, 0xff, 0xfc, 0xff, 0xfc, 0xff, 0xfc, 0xff, 0xfc, 0xff, 0xfc, 0xff, 0xfc,
    0xff, 0xfc, 0xff, 0xfc, 0x03, 0xfc, 0x03, 0xfc, 0x03, 0xfc, 0x03, 0xfc, 0x03, 0xfc, 0x03, 0xfc,
    0x3f, 0xff, 0x3f, 0xff, 0x3f, 0xff, 0x3f, 0xff, 0x3f, 0xff, 0x3f, 0xff, 0x3f, 0xff, 0x3f, 0xff,
    0x3f, 0xff, 0x3f, 0xff, 0x3f, 0xff, 0x3f, 0xff, 0x3f, 0xff, 0x3f, 0xff, 0x3f, 0xff, 0x3f, 0xff,
    0x0f, 0xff, 0x0f, 0xff, 0x3f, 0xff, 0x3f, 0xff, 0x3f, 0xff, 0x3f, 0xff, 0x3f, 0xff, 0x3f, 0xff,
    0x3f, 0xff, 0x3f, 0xff, 0x3f, 0xff, 0x3f, 0xff, 0x3f, 0xff, 0x3f, 0xff, 0x3f, 0xff, 0x3f, 0xff,
    0xff, 0xfc, 0xff, 0xfc, 0xff, 0xfc, 0xff, 0xfc, 0xff, 0xfc, 0xff, 0xfc, 0xff, 0xfc, 0xff, 0xfc,
    0x03, 0xfc, 0x03, 0xfc, 0x03, 0xfc, 0x03, 0xfc, 0x03, 0xfc, 0x03, 0xfc, 0x03, 0xfc, 0x03, 0xfc,
    0x3f, 0xfc, 0x3f, 0xfc, 0xff, 0xff, 0xff, 0xff, 0xff, 0xff, 0xff, 0xff, 0xff, 0xff, 0xff, 0xff,
    0xff, 0xff, 0xff, 0xff, 0xff, 0xff, 0xff, 0xff, 0xff, 0xff, 0xff, 0xff, 0x3f, 0xfc, 0x3f, 0xfc,
    0x3f, 0xf0, 0x3f, 0xf0, 0xff, 0xfc, 0xff, 0xfc, 0xff, 0xfc, 0xff, 0xfc, 0xff, 0xfc, 0xff, 0xfc,
    0xff, 0xfc, 0xff, 0xfc, 0x3f, 0xfc, 0x3f, 0xfc, 0x03, 0xfc, 0x03, 0xfc, 0x03, 0xfc, 0x03, 0xfc,
    0x0f, 0xf0, 0x0f, 0xf0, 0x0f, 0xf0, 0x0f, 0xf0, 0x0f, 0xf0, 0x0f, 0xf0, 0x0f, 0xf0, 0x0f, 0xf0,
    0x0f, 0xf0, 0x0f, 0xf0, 0x0f, 0xf0, 0x0f, 0xf0, 0x0f, 0xf0, 0x0f, 0xf0, 0x0f, 0xf0, 0x0f, 0xf0,
    0x0f, 0xf0, 0x0f, 0xf0, 0x0f, 0xf0, 0x0f, 0xf0, 0x0f, 0xf0, 0x0f, 0xf0, 0x0f, 0xf0, 0x0f, 0xf0,
    0x0f, 0xf0, 0x0f, 0xf0, 0x0f, 0xf0, 0x0f, 0xf0, 0x0f, 0xf0, 0x0f, 0xf0, 0x03, 0xf0, 0x03, 0xf0,
    0x03, 0xfc, 0x03, 0xfc, 0x0f, 0xfc, 0x0f, 0xfc, 0x3f, 0xfc, 0x3f, 0xfc, 0x3f, 0xf0, 0x3f, 0xf0,
    0x3f, 0xfc, 0x3f, 0xfc, 0x3f, 0xfc, 0x3f, 0xfc, 0x0f, 0xfc, 0x0f, 0xfc, 0x03, 0xfc, 0x03, 0xfc,
    0x3f, 0xfc, 0x3f, 0xfc, 0x3f, 0xfc, 0x3f, 0xfc, 0x3f, 0xfc, 0x3f, 0xfc, 0x3f, 0xfc, 0x3f, 0xfc,
    0x3f, 0xfc, 0x3f, 0xfc, 0x3f, 0xfc, 0x3f, 0xfc, 0x3f, 0xfc, 0x3f, 0xfc, 0x3f, 0xfc, 0x3f, 0xfc,
    0x3f, 0xc0, 0x3f, 0xc0, 0x3f, 0xf0, 0x3f, 0xf0, 0x3f, 0xfc, 0x3f, 0xfc, 0x0f, 0xfc, 0x0f, 0xfc,
    0x3f, 0xfc, 0x3f, 0xfc, 0x3f, 0xfc, 0x3f, 0xfc, 0x3f, 0xf0, 0x3f, 0xf0, 0x3f, 0xc0, 0x3f, 0xc0,
    0x3f, 0xfc, 0x3f, 0xfc, 0x3f, 0xfc, 0x3f, 0xfc, 0x3f, 0xfc, 0x3f, 0xfc, 0x0f, 0xfc, 0x0f, 0xfc,
    0x0f, 0xfc, 0x0f, 0xfc, 0x0f, 0xf0, 0x0f, 0xf0, 0x0f, 0xf0, 0x0f, 0xf0, 0x0f, 0xf0, 0x0f, 0xf0,
    0x0f, 0xfc, 0x0f, 0xfc, 0x3f, 0xff, 0x3f, 0xff, 0x3f, 0xff, 0x3f, 0xff, 0x3f, 0xff, 0x3f, 0xff,
    0x3f, 0xff, 0x3f, 0xff, 0x3f, 0xff, 0x3f, 0xff, 0x3f, 0xff, 0x3f, 0xff, 0x0f, 0xff, 0x0f, 0xff,
    0x3f, 0xfc, 0x3f, 0xfc, 0xff, 0xff, 0xff, 0xff, 0xff, 0xff, 0xff, 0xff, 0xff, 0xff, 0xff, 0xff,
    0xff, 0xff, 0xff, 0xff, 0xff, 0xff, 0xff, 0xff, 0xff, 0xff, 0xff, 0xff, 0x3f, 0xff, 0x3f, 0xff,
    0x3f, 0xfc, 0x3f, 0xfc, 0xff, 0xff, 0xff, 0xff, 0xff, 0xff, 0xff, 0xff, 0xff, 0xff, 0xff, 0xff,
    0xff, 0xff, 0xff, 0xff, 0xff, 0xff, 0xff, 0xff, 0xff, 0xff, 0xff, 0xff, 0x3f, 0xfc, 0x3f, 0xfc,
    0x3f, 0xfc, 0x3f, 0xfc, 0xff, 0xfc, 0xff, 0xfc, 0xff, 0xfc, 0xff, 0xfc, 0xff, 0xfc, 0xff, 0xfc,
    0xff, 0xfc, 0xff, 0xfc, 0xff, 0xfc, 0xff, 0xfc, 0xff, 0xfc, 0xff, 0xfc, 0x3f, 0xfc, 0x3f, 0xfc,
    0xff, 0xfc, 0xff, 0xfc, 0xff, 0xff, 0xff, 0xff, 0xff, 0xff, 0xff, 0xff, 0xff, 0xff, 0xff, 0xff,
    0xff, 0xff, 0xff, 0xff, 0xff, 0xff, 0xff, 0xff, 0xff, 0xff, 0xff, 0xff, 0x3f, 0xfc, 0x3f, 0xfc,
    0x3f, 0xff, 0x3f, 0xff, 0xff, 0xff, 0xff, 0xff, 0xff, 0xff, 0xff, 0xff, 0xff, 0xff, 0xff, 0xff,
    0xff, 0xff, 0xff, 0xff, 0xff, 0xff, 0xff, 0xff, 0xff, 0xff, 0xff, 0xff, 0x3f, 0xff, 0x3f, 0xff,
    0xff, 0xff, 0xff, 0xff, 0xff, 0xff, 0xff, 0xff, 0xff, 0xff, 0xff, 0xff, 0xff, 0xff, 0xff, 0xff,
    0xff, 0xff, 0xff, 0xff, 0xff, 0xff, 0xff, 0xff, 0xff, 0x00, 0xff, 0x00, 0x3f, 0x00, 0x3f, 0x00,
    0x3f, 0xfc, 0x3f, 0xfc, 0xff, 0xff, 0xff, 0xff, 0xff, 0xff, 0xff, 0xff, 0xff, 0xff, 0xff, 0xff,
    0xff, 0xff, 0xff, 0xff, 0xff, 0xff, 0xff, 0xff, 0xff, 0xff, 0xff, 0xff, 0x3f, 0xff, 0x3f, 0xff,
    0xff, 0xff, 0xff, 0xff, 0xff, 0xff, 0xff, 0xff, 0xff, 0xff, 0xff, 0xff, 0xff, 0xff, 0xff, 0xff,
    0xff, 0xff, 0xff, 0xff, 0xff, 0xff, 0xff, 0xff, 0xff, 0xff, 0xff, 0xff, 0x3f, 0xff, 0x3f, 0xff,
    0x3f, 0xfc, 0x3f, 0xfc, 0x3f, 0xfc, 0x3f, 0xfc, 0x3f, 0xfc, 0x3f, 0xfc, 0x3f, 0xfc, 0x3f, 0xfc,
    0x3f, 0xfc, 0x3f, 0xfc, 0x3f, 0xfc, 0x3f, 0xfc, 0x3f, 0xfc, 0x3f, 0xfc, 0x3f, 0xfc, 0x3f, 0xfc,
    0x00, 0xff, 0x00, 0xff, 0x00, 0xff, 0x00, 0xff, 0x00, 0xff, 0x00, 0xff, 0xff, 0xff, 0xff, 0xff,
    0xff, 0xff, 0xff, 0xff, 0xff, 0xff, 0xff, 0xff, 0xff, 0xff, 0xff, 0xff, 0x3f, 0xfc, 0x3f, 0xfc,
    0xff, 0xff, 0xff, 0xff, 0xff, 0xff, 0xff, 0xff, 0xff, 0xff, 0xff, 0xff, 0xff, 0xff, 0xff, 0xff,
    0xff, 0xff, 0xff, 0xff, 0xff, 0xff, 0xff, 0xff, 0xff, 0xff, 0xff, 0xff, 0x3c, 0x3f, 0x3c, 0x3f,
    0xff, 0x00, 0xff, 0x00, 0xff, 0x00, 0xff, 0x00, 0xff, 0x00, 0xff, 0x00, 0xff, 0x00, 0xff, 0x00,
    0xff, 0xff, 0xff, 0xff, 0xff, 0xff, 0xff, 0xff, 0xff, 0xff, 0xff, 0xff, 0x3f, 0xff, 0x3f, 0xff,
    0xff, 0xff, 0xff, 0xff, 0xff, 0xff, 0xff, 0xff, 0xff, 0xff, 0xff, 0xff, 0xff, 0xff, 0xff, 0xff,
    0xff, 0xff, 0xff, 0xff, 0xff, 0xff, 0xff, 0xff, 0xff, 0xff, 0xff, 0xff, 0x3f, 0xff, 0x3f, 0xff,
    0xff, 0xff, 0xff, 0xff, 0xff, 0xff, 0xff, 0xff, 0xff, 0xff, 0xff, 0xff, 0xff, 0xff, 0xff, 0xff,
    0xff, 0xff, 0xff, 0xff, 0xff, 0xff, 0xff, 0xff, 0xff, 0xff, 0xff, 0xff, 0x3f, 0xff, 0x3f, 0xff,
    0x3f, 0xfc, 0x3f, 0xfc, 0xff, 0xff, 0xff, 0xff, 0xff, 0xff, 0xff, 0xff, 0xff, 0xff, 0xff, 0xff,
    0xff, 0xff, 0xff, 0xff, 0xff, 0xff, 0xff, 0xff, 0xff, 0xff, 0xff, 0xff, 0x3f, 0xfc, 0x3f, 0xfc,
    0xff, 0xff, 0xff, 0xff, 0xff, 0xff, 0xff, 0xff, 0xff, 0xff, 0xff, 0xff, 0xff, 0xff, 0xff, 0xff,
    0xff, 0xff, 0xff, 0xff, 0xff, 0xff, 0xff, 0xff, 0xff, 0x00, 0xff, 0x00, 0x3f, 0x00, 0x3f, 0x00,
    0x3f, 0xfc, 0x3f, 0xfc, 0xff, 0xff, 0xff, 0xff, 0xff, 0xff, 0xff, 0xff, 0xff, 0xff, 0xff, 0xff,
    0xff, 0xff, 0xff, 0xff, 0xff, 0xff, 0xff, 0xff, 0xff, 0xff, 0xff, 0xff, 0x3f, 0xfc, 0x3f, 0xfc,
    0xff, 0xfc, 0xff, 0xfc, 0xff, 0xff, 0xff, 0xff, 0xff, 0xff, 0xff, 0xff, 0xff, 0xff, 0xff, 0xff,
    0xff, 0xff, 0xff, 0xff, 0xff, 0xff, 0xff, 0xff, 0xff, 0xff, 0xff, 0xff, 0x3c, 0x3f, 0x3c, 0x3f,
    0x3f, 0xff, 0x3f, 0xff, 0xff, 0xff, 0xff, 0xff, 0xff, 0xff, 0xff, 0xff, 0xff, 0xff, 0xff, 0xff,
    0xff, 0xff, 0xff, 0xff, 0xff, 0xff, 0xff, 0xff, 0xff, 0xff, 0xff, 0xff, 0x3f, 0xfc, 0x3f, 0xfc,
    0xff, 0xff, 0xff, 0xff, 0xff, 0xff, 0xff, 0xff, 0xff, 0xff, 0xff, 0xff, 0x0f, 0xf0, 0x0f, 0xf0,
    0x0f, 0xf0, 0x0f, 0xf0, 0x0f, 0xf0, 0x0f, 0xf0, 0x0f, 0xf0, 0x0f, 0xf0, 0x0f, 0xf0, 0x0f, 0xf0,
    0xff, 0xff, 0xff, 0xff, 0xff, 0xff, 0xff, 0xff, 0xff, 0xff, 0xff, 0xff, 0xff, 0xff, 0xff, 0xff,
    0xff, 0xff, 0xff, 0xff, 0xff, 0xff, 0xff, 0xff, 0xff, 0xff, 0xff, 0xff, 0x3f, 0xfc, 0x3f, 0xfc,
    0xff, 0xff, 0xff, 0xff, 0xff, 0xff, 0xff, 0xff, 0xff, 0xff, 0xff, 0xff, 0xff, 0xff, 0xff, 0xff,
    0xff, 0xff, 0xff, 0xff, 0xff, 0xff, 0xff, 0xff, 0xff, 0xff, 0xff, 0xff, 0x3f, 0xfc, 0x3f, 0xfc,
    0xff, 0xff, 0xff, 0xff, 0xff, 0xff, 0xff, 0xff, 0xff, 0xff, 0xff, 0xff, 0xff, 0xff, 0xff, 0xff,
    0xff, 0xff, 0xff, 0xff, 0xff, 0xff, 0xff, 0xff, 0xff, 0xff, 0xff, 0xff, 0x3f, 0xfc, 0x3f, 0xfc,
    0xff, 0xff, 0xff, 0xff, 0xff, 0xff, 0xff, 0xff, 0xff, 0xff, 0xff, 0xff, 0xff, 0xff, 0xff, 0xff,
    0xff, 0xff, 0xff, 0xff, 0xff, 0xff, 0xff, 0xff, 0xff, 0xff, 0xff, 0xff, 0x3c, 0x3c, 0x3c, 0x3c,
    0xff, 0xff, 0xff, 0xff, 0xff, 0xff, 0xff, 0xff, 0xff, 0xff, 0xff, 0xff, 0xff, 0xff, 0xff, 0xff,
    0xff, 0xff, 0xff, 0xff, 0x0f, 0xf0, 0x0f, 0xf0, 0x0f, 0xf0, 0x0f, 0xf0, 0x0f, 0xf0, 0x0f, 0xf0,
    0xff, 0xff, 0xff, 0xff, 0xff, 0xff, 0xff, 0xff, 0xff, 0xff, 0xff, 0xff, 0xff, 0xff, 0xff, 0xff,
    0xff, 0xff, 0xff, 0xff, 0xff, 0xff, 0xff, 0xff, 0xff, 0xff, 0xff, 0xff, 0x3f, 0xff, 0x3f, 0xff,
};

/* sFontOld: 10 masks of 32 bytes */
static const uint8_t s_mask_sFontOld[320] = {
    0x3f, 0xfc, 0x3f, 0xfc, 0xff, 0xff, 0xff, 0xff, 0xff, 0xff, 0xff, 0xff, 0xff, 0xff, 0xff, 0xff,
    0xff, 0xff, 0xff, 0xff, 0xff, 0xff, 0xff, 0xff, 0xff, 0xff, 0xff, 0xff, 0x3f, 0xfc, 0x3f, 0xfc,
    0x0f, 0xf0, 0x0f, 0xf0, 0x3f, 0xf0, 0x3f, 0xf0, 0x3f, 0xf0, 0x3f, 0xf0, 0x3f, 0xf0, 0x3f, 0xf0,
    0x3f, 0xfc, 0x3f, 0xfc, 0x3f, 0xfc, 0x3f, 0xfc, 0x3f, 0xfc, 0x3f, 0xfc, 0x3f, 0xfc, 0x3f, 0xfc,
    0x7f, 0xf8, 0x7f, 0xf8, 0x7f, 0xfe, 0x7f, 0xfe, 0x7f, 0xfe, 0x7f, 0xfe, 0x7f, 0xfe, 0x7f, 0xfe,
    0x7f, 0xfe, 0x7f, 0xfe, 0x7f, 0xfe, 0x7f, 0xfe, 0x7f, 0xfe, 0x7f, 0xfe, 0x7f, 0xfe, 0x7f, 0xfe,
    0x7f, 0xf8, 0x7f, 0xf8, 0x7f, 0xfe, 0x7f, 0xfe, 0x7f, 0xfe, 0x7f, 0xfe, 0x7f, 0xfe, 0x7f, 0xfe,
    0x7f, 0xfe, 0x7f, 0xfe, 0x7f, 0xfe, 0x7f, 0xfe, 0x7f, 0xfe, 0x7f, 0xfe, 0x7f, 0xfe, 0x7f, 0xfe,
    0x7f, 0xfe, 0x7f, 0xfe, 0x7f, 0xfe, 0x7f, 0xfe, 0x7f, 0xfe, 0x7f, 0xfe, 0x7f, 0xfe, 0x7f, 0xfe,
    0x7f, 0xfe, 0x7f, 0xfe, 0x7f, 0xfe, 0x01, 0xfe, 0x01, 0xfe, 0x01, 0xfe, 0x01, 0xfe, 0x01, 0xfe,
    0x7f, 0xfe, 0x7f, 0xfe, 0x7f, 0xfe, 0x7f, 0xfe, 0x7f, 0xfe, 0x7f, 0xfe, 0x7f, 0xfe, 0x7f, 0xfe,
    0x7f, 0xfe, 0x7f, 0xfe, 0x7f, 0xfe, 0x7f, 0xfe, 0x7f, 0xfe, 0x7f, 0xfe, 0x7f, 0xfe, 0x7f, 0xfe,
    0x1f, 0xfe, 0x1f, 0xfe, 0x7f, 0xfe, 0x7f, 0xfe, 0x7f, 0xfe, 0x7f, 0xfe, 0x7f, 0xfe, 0x7f, 0xfe,
    0x7f, 0xfe, 0x7f, 0xfe, 0x7f, 0xfe, 0x7f, 0xfe, 0x7f, 0xfe, 0x7f, 0xfe, 0x7f, 0xfe, 0x7f, 0xfe,
    0x3f, 0xfc, 0x3f, 0xfc, 0x3f, 0xfc, 0x3f, 0xfc, 0x3f, 0xfc, 0x3f, 0xfc, 0x3f, 0xfc, 0x3f, 0xfc,
    0x03, 0xfc, 0x03, 0xfc, 0x03, 0xfc, 0x03, 0xfc, 0x03, 0xfc, 0x03, 0xfc, 0x03, 0xfc, 0x03, 0xfc,
    0x3f, 0xfc, 0x3f, 0xfc, 0xff, 0xff, 0xff, 0xff, 0xff, 0xff, 0xff, 0xff, 0xff, 0xff, 0xff, 0xff,
    0xff, 0xff, 0xff, 0xff, 0xff, 0xff, 0xff, 0xff, 0xff, 0xff, 0xff, 0xff, 0x3f, 0xfc, 0x3f, 0xfc,
    0xff, 0xfc, 0xff, 0xfc, 0xff, 0xfc, 0xff, 0xfc, 0xff, 0xfc, 0xff, 0xfc, 0xff, 0xfc, 0xff, 0xfc,
    0xff, 0xfc, 0xff, 0xfc, 0xff, 0xfc, 0xff, 0xfc, 0x03, 0xfc, 0x03, 0xfc, 0x03, 0xfc, 0x03, 0xfc,
};

/* sFontSmall: 59 masks of 8 bytes */
static const uint8_t s_mask_sFontSmall[472] = {
    0x00, 0x00, 0x00, 0x00, 0x00, 0x00, 0x00, 0x00,
    0x3c, 0x3c, 0x3c, 0x3c, 0x3c, 0x3c, 0x3c, 0x3c,
    0x7f, 0x7f, 0x7f, 0x7f, 0x7f, 0x36, 0x00, 0x00,
    0x7e, 0xff, 0xff, 0xff, 0xff, 0xff, 0xff, 0x7e,
    0x7f, 0xff, 0xff, 0xff, 0xff, 0xff, 0xfe, 0x6c,
    0xff, 0xff, 0xff, 0xff, 0xff, 0xff, 0xff, 0x7f,
    0x7e, 0xfe, 0xfe, 0xff, 0xff, 0xff, 0xff, 0x7e,
    0x3c, 0x3c, 0x3c, 0x3c, 0x3c, 0x3c, 0x00, 0x00,
    0x3c, 0x7c, 0x7c, 0x7c, 0x7c, 0x7c, 0x7c, 0x3c,
    0x3c, 0x3e, 0x3e, 0x3e, 0x3e, 0x3e, 0x3e, 0x3c,
    0x3c, 0x7e, 0x7e, 0x7e, 0x7e, 0x7e, 0x7e, 0x00,
    0x3c, 0x3c, 0xff, 0xff, 0xff, 0xff, 0x3c, 0x3c,
    0x00, 0x00, 0x00, 0x78, 0x78, 0x78, 0x38, 0x38,
    0x00, 0x00, 0x7e, 0x7e, 0x7e, 0x7e, 0x00, 0x00,
    0x00, 0x00, 0x00, 0x3c, 0x3c, 0x3c, 0x3c, 0x3c,
    0x07, 0x0f, 0x1f, 0x3f, 0x7e, 0xfc, 0xf8, 0x70,
    0x7e, 0xff, 0xff, 0xff, 0xff, 0xff, 0xff, 0x7e,
    0x3c, 0x7c, 0x7c, 0x7c, 0x7e, 0x7e, 0x7e, 0x7e,
    0x7e, 0x7f, 0x7f, 0x7f, 0x7f, 0x7f, 0x7f, 0x7f,
    0x7e, 0x7f, 0x7f, 0x7f, 0x7f, 0x7f, 0x7f, 0x7f,
    0xfe, 0xfe, 0xfe, 0xfe, 0xfe, 0x1e, 0x1e, 0x1e,
    0x7f, 0x7f, 0x7f, 0x7f, 0x7f, 0x7f, 0x7f, 0x7f,
    0x3f, 0x7f, 0x7f, 0x7f, 0x7f, 0x7f, 0x7f, 0x7f,
    0xfe, 0xfe, 0xfe, 0xfe, 0x1e, 0x1e, 0x1e, 0x1e,
    0x7e, 0xff, 0xff, 0xff, 0xff, 0xff, 0xff, 0x7e,
    0x7c, 0xfe, 0xfe, 0xfe, 0xfe, 0x7e, 0x1e, 0x1e,
    0x3c, 0x3c, 0x3c, 0x3c, 0x3c, 0x3c, 0x3c, 0x3c,
    0x3c, 0x3c, 0x3c, 0x3c, 0x3c, 0x3c, 0x3c, 0x1c,
    0x1e, 0x3e, 0x7e, 0x7c, 0x7e, 0x7e, 0x3e, 0x1e,
    0x7e, 0x7e, 0x7e, 0x7e, 0x7e, 0x7e, 0x7e, 0x7e,
    0x78, 0x7c, 0x7e, 0x3e, 0x7e, 0x7e, 0x7c, 0x78,
    0x7e, 0x7e, 0x7e, 0x3e, 0x3e, 0x3c, 0x3c, 0x3c,
    0x3e, 0x7f, 0x7f, 0x7f, 0x7f, 0x7f, 0x7f, 0x3f,
    0x7e, 0xff, 0xff, 0xff, 0xff, 0xff, 0xff, 0x7f,
    0x7e, 0xff, 0xff, 0xff, 0xff, 0xff, 0xff, 0x7e,
    0x7e, 0xfe, 0xfe, 0xfe, 0xfe, 0xfe, 0xfe, 0x7e,
    0xfe, 0xff, 0xff, 0xff, 0xff, 0xff, 0xff, 0x7e,
    0x7f, 0xff, 0xff, 0xff, 0xff, 0xff, 0xff, 0x7f,
    0xff, 0xff, 0xff, 0xff, 0xff, 0xff, 0xf0, 0x70,
    0x7e, 0xff, 0xff, 0xff, 0xff, 0xff, 0xff, 0x7f,
    0xff, 0xff, 0xff, 0xff, 0xff, 0xff, 0xff, 0x7f,
    0x7e, 0x7e, 0x7e, 0x7e, 0x7e, 0x7e, 0x7e, 0x7e,
    0x0f, 0x0f, 0x0f, 0xff, 0xff, 0xff, 0xff, 0x7e,
    0xff, 0xff, 0xff, 0xff, 0xff, 0xff, 0xff, 0x67,
    0xf0, 0xf0, 0xf0, 0xf0, 0xff, 0xff, 0xff, 0x7f,
    0xff, 0xff, 0xff, 0xff, 0xff, 0xff, 0xff, 0x7f,
    0xff, 0xff, 0xff, 0xff, 0xff, 0xff, 0xff, 0x7f,
    0x7e, 0xff, 0xff, 0xff, 0xff, 0xff, 0xff, 0x7e,
    0xff, 0xff, 0xff, 0xff, 0xff, 0xff, 0xf0, 0x70,
    0x7e, 0xff, 0xff, 0xff, 0xff, 0xff, 0xff, 0x7e,
    0xfe, 0xff, 0xff, 0xff, 0xff, 0xff, 0xff, 0x67,
    0x7f, 0xff, 0xff, 0xff, 0xff, 0xff, 0xff, 0x7e,
    0xff, 0xff, 0xff, 0x3c, 0x3c, 0x3c, 0x3c, 0x3c,
    0xff, 0xff, 0xff, 0xff, 0xff, 0xff, 0xff, 0x7e,
    0xff, 0xff, 0xff, 0xff, 0xff, 0xff, 0xff, 0x7e,
    0xff, 0xff, 0xff, 0xff, 0xff, 0xff, 0xff, 0x7e,
    0xff, 0xff, 0xff, 0xff, 0xff, 0xff, 0xff, 0x66,
    0xff, 0xff, 0xff, 0xff, 0xff, 0x3c, 0x3c, 0x3c,
    0xff, 0xff, 0xff, 0xff, 0xff, 0xff, 0xff, 0x7f,
};

/* sGhostDisappear: 14 masks of 72 bytes */
static const uint8_t s_mask_sGhostDisappear[1008] = {
    0x00, 0x3e, 0x00, 0x00, 0x7f, 0x00, 0x00, 0x7f, 0x00, 0x00, 0xff, 0x80, 0x00, 0xff, 0x80, 0x00,
    0xde, 0x80, 0x01, 0xde, 0x80, 0x03, 0xfb, 0x80, 0x07, 0xf1, 0x80, 0x0f, 0xf1, 0x80, 0x0f, 0xf1,
    0x80, 0x1f, 0xfb, 0x40, 0x1f, 0xfe, 0xc0, 0x3e, 0x7d, 0xc0, 0x39, 0xbf, 0xb0, 0x3f, 0xbf, 0xb0,
    0x3b, 0xbf, 0xf0, 0x3b, 0x7f, 0xe0, 0x38, 0x7f, 0xe0, 0x38, 0xff, 0xe0, 0x3d, 0xff, 0xc0, 0x3f,
    0xff, 0xc0, 0x1f, 0xfc, 0x80, 0x0f, 0xf8, 0x00,
    0x00, 0x3e, 0x00, 0x00, 0x7f, 0x00, 0x00, 0xff, 0x00, 0x01, 0xff, 0x80, 0x01, 0xff, 0xc0, 0x00,
    0xde, 0xe0, 0x01, 0xde, 0xe0, 0x03, 0xfb, 0xc0, 0x1f, 0xf1, 0x80, 0x3f, 0xf1, 0x80, 0x3f, 0xf1,
    0x80, 0x1f, 0xfb, 0x40, 0x1f, 0xfe, 0xc0, 0x3f, 0x7d, 0xd8, 0x3f, 0xbf, 0xb8, 0x3f, 0xbf, 0xb8,
    0x3b, 0xbf, 0xf0, 0x7b, 0x7f, 0xe0, 0x78, 0x7f, 0xe0, 0x38, 0xff, 0xe0, 0x3d, 0xff, 0xc0, 0x3f,
    0xff, 0xc0, 0x1f, 0xfc, 0x80, 0x0f, 0xf8, 0x00,
    0x00, 0x00, 0x00, 0x03, 0x01, 0x80, 0x07, 0x83, 0xc0, 0x07, 0xbb, 0xc0, 0x03, 0xff, 0xc0, 0x00,
    0xff, 0xb0, 0x61, 0xde, 0x78, 0xf3, 0xff, 0xf8, 0xf3, 0xff, 0xb0, 0x77, 0xf3, 0x80, 0x07, 0xfd,
    0x80, 0x0f, 0xff, 0x40, 0x1f, 0xff, 0xc0, 0x3f, 0xff, 0xc0, 0x3f, 0xff, 0xfc, 0x3f, 0xbf, 0xbc,
    0x1f, 0xbf, 0xdc, 0x7b, 0x7f, 0xf8, 0xf8, 0xff, 0xe0, 0xfd, 0xff, 0xe0, 0x6f, 0xff, 0xc0, 0x1f,
    0xff, 0xc0, 0x0f, 0xfc, 0x80, 0x00, 0xf8, 0x00,
    0x03, 0x00, 0xc0, 0x07, 0x21, 0xc0, 0x02, 0x71, 0x80, 0x00, 0x79, 0x00, 0x00, 0xd8, 0x18, 0x40,
    0xc9, 0x98, 0x60, 0x99, 0x80, 0x60, 0xf8, 0x80, 0x20, 0xf7, 0x00, 0x03, 0x6f, 0x80, 0x07, 0xaf,
    0x80, 0x07, 0x8f, 0x80, 0x1f, 0x8f, 0x10, 0x1b, 0x00, 0x38, 0x00, 0x06, 0x38, 0x00, 0x36, 0x38,
    0x00, 0x78, 0x10, 0x66, 0x78, 0x40, 0x67, 0x78, 0xc0, 0x23, 0x30, 0xc0, 0x00, 0x00, 0x80, 0x00,
    0x40, 0x00, 0x00, 0x00, 0x00, 0x00, 0x00, 0x00,
    0x03, 0x00, 0x00, 0x03, 0x20, 0x80, 0x02, 0x50, 0x00, 0x00, 0x48, 0x00, 0x00, 0x58, 0x10, 0x40,
    0x79, 0x90, 0x60, 0x7d, 0x00, 0x22, 0x2e, 0xc0, 0x03, 0x2e, 0xc0, 0x07, 0x0e, 0xc0, 0x07, 0x0c,
    0x90, 0x07, 0x04, 0x38, 0x18, 0x00, 0x38, 0x08, 0x06, 0x38, 0x00, 0x36, 0x10, 0x40, 0x78, 0x40,
    0x66, 0x70, 0xc0, 0x27, 0x30, 0xc0, 0x03, 0x20, 0x80, 0x00, 0x00, 0x00, 0x00, 0x40, 0x00, 0x00,
    0x00, 0x00, 0x00, 0x00, 0x00, 0x00, 0x00, 0x00,
    0x02, 0x20, 0x80, 0x02, 0x51, 0x80, 0x00, 0x49, 0x00, 0x00, 0x78, 0xd0, 0x40, 0x7c, 0xd0, 0x40,
    0x2e, 0xc0, 0x02, 0x2e, 0x80, 0x02, 0x0e, 0x10, 0x06, 0x0c, 0x38, 0x04, 0x04, 0x18, 0x01, 0x00,
    0x18, 0x19, 0x02, 0x10, 0x08, 0x32, 0x00, 0x00, 0x78, 0x40, 0x40, 0x70, 0x80, 0x64, 0x30, 0x40,
    0x26, 0x20, 0x00, 0x02, 0x00, 0x00, 0x00, 0x40, 0x00, 0x00, 0x00, 0x00, 0x00, 0x00, 0x00, 0x00,
    0x00, 0x00, 0x00, 0x00, 0x00, 0x00, 0x00, 0x00,
    0x02, 0x20, 0x80, 0x00, 0x51, 0x80, 0x00, 0x69, 0x00, 0x20, 0x39, 0xa0, 0x00, 0x3d, 0x00, 0x01,
    0x0f, 0x00, 0x03, 0x0e, 0x20, 0x02, 0x0c, 0x70, 0x00, 0x84, 0x20, 0x0c, 0x80, 0x00, 0x04, 0x12,
    0x00, 0x00, 0x3a, 0x00, 0x20, 0x38, 0x80, 0x12, 0x31, 0x00, 0x00, 0x10, 0x80, 0x00, 0x00, 0x00,
    0x00, 0x00, 0x00, 0x00, 0x40, 0x00, 0x00, 0x00, 0x00, 0x00, 0x00, 0x00, 0x00, 0x00, 0x00, 0x00,
    0x00, 0x00, 0x00, 0x00, 0x00, 0x00, 0x00, 0x00,
    0x01, 0x22, 0x00, 0x00, 0x16, 0x00, 0x00, 0x3e, 0x00, 0x08, 0x3e, 0x80, 0x00, 0x1c, 0x80, 0x00,
    0x8c, 0x00, 0x00, 0xc0, 0x00, 0x02, 0x48, 0x00, 0x08, 0x08, 0x00, 0x04, 0x22, 0x00, 0x01, 0x34,
    0x00, 0x00, 0x12, 0x00, 0x00, 0x00, 0x00, 0x00, 0x00, 0x00, 0x00, 0x00, 0x00, 0x00, 0x00, 0x00,
    0x00, 0x00, 0x00, 0x00, 0x00, 0x00, 0x00, 0x00, 0x00, 0x00, 0x00, 0x00, 0x00, 0x00, 0x00, 0x00,
    0x00, 0x00, 0x00, 0x00, 0x00, 0x00, 0x00, 0x00,
    0x00, 0x10, 0x00, 0x00, 0x30, 0x00, 0x01, 0x70, 0x00, 0x00, 0x34, 0x00, 0x00, 0xa4, 0x00, 0x00,
    0x50, 0x00, 0x00, 0x20, 0x00, 0x00, 0x10, 0x00, 0x00, 0x40, 0x00, 0x00, 0x00, 0x00, 0x00, 0x00,
    0x00, 0x00, 0x00, 0x00, 0x00, 0x00, 0x00, 0x00, 0x00, 0x00, 0x00, 0x00, 0x00, 0x00, 0x00, 0x00,
    0x00, 0x00, 0x00, 0x00, 0x00, 0x00, 0x00, 0x00, 0x00, 0x00, 0x00, 0x00, 0x00, 0x00, 0x00, 0x00,
    0x00, 0x00, 0x00, 0x00, 0x00, 0x00, 0x00, 0x00,
    0x00, 0x00, 0x00, 0x00, 0x70, 0x00, 0x00, 0xf8, 0x00, 0x00, 0xdc, 0x00, 0x00, 0x88, 0x00, 0x00,
    0x04, 0x00, 0x00, 0x08, 0x00, 0x00, 0x00, 0x00, 0x00, 0x00, 0x00, 0x00, 0x00, 0x00, 0x00, 0x00,
    0x00, 0x00, 0x00, 0x00, 0x00, 0x00, 0x00, 0x00, 0x00, 0x00, 0x00, 0x00, 0x00, 0x00, 0x00, 0x00,
    0x00, 0x00, 0x00, 0x00, 0x00, 0x00, 0x00, 0x00, 0x00, 0x00, 0x00, 0x00, 0x00, 0x00, 0x00, 0x00,
    0x00, 0x00, 0x00, 0x00, 0x00, 0x00, 0x00, 0x00,
    0x00, 0x00, 0x00, 0x00, 0x00, 0x00, 0x00, 0xf0, 0x00, 0x01, 0xc0, 0x00, 0x01, 0x80, 0x00, 0x01,
    0x00, 0x00, 0x00, 0x80, 0x00, 0x00, 0x00, 0x00, 0x00, 0x00, 0x00, 0x00, 0x00, 0x00, 0x00, 0x00,
    0x00, 0x00, 0x00, 0x00, 0x00, 0x00, 0x00, 0x00, 0x00, 0x00, 0x00, 0x00, 0x00, 0x00, 0x00, 0x00,
    0x00, 0x00, 0x00, 0x00, 0x00, 0x00, 0x00, 0x00, 0x00, 0x00, 0x00, 0x00, 0x00, 0x00, 0x00, 0x00,
    0x00, 0x00, 0x00, 0x00, 0x00, 0x00, 0x00, 0x00,
    0x00, 0x00, 0x00, 0x00, 0x00, 0x00, 0x00, 0x00, 0x00, 0x00, 0x00, 0x00, 0x00, 0x10, 0x00, 0x00,
    0x18, 0x00, 0x00, 0xb8, 0x00, 0x00, 0x70, 0x00, 0x00, 0x00, 0x00, 0x00, 0x00, 0x00, 0x00, 0x00,
    0x00, 0x00, 0x00, 0x00, 0x00, 0x00, 0x00, 0x00, 0x00, 0x00, 0x00, 0x00, 0x00, 0x00, 0x00, 0x00,
    0x00, 0x00, 0x00, 0x00, 0x00, 0x00, 0x00, 0x00, 0x00, 0x00, 0x00, 0x00, 0x00, 0x00, 0x00, 0x00,
    0x00, 0x00, 0x00, 0x00, 0x00, 0x00, 0x00, 0x00,
    0x00, 0x00, 0x00, 0x00, 0x00, 0x00, 0x00, 0x00, 0x00, 0x00, 0x60, 0x00, 0x00, 0x30, 0x00, 0x00,
    0x10, 0x00, 0x00, 0x10, 0x00, 0x00, 0x00, 0x00, 0x00, 0x00, 0x00, 0x00, 0x00, 0x00, 0x00, 0x00,
    0x00, 0x00, 0x00, 0x00, 0x00, 0x00, 0x00, 0x00, 0x00, 0x00, 0x00, 0x00, 0x00, 0x00, 0x00, 0x00,
    0x00, 0x00, 0x00, 0x00, 0x00, 0x00, 0x00, 0x00, 0x00, 0x00, 0x00, 0x00, 0x00, 0x00, 0x00, 0x00,
    0x00, 0x00, 0x00, 0x00, 0x00, 0x00, 0x00, 0x00,
    0x00, 0x00, 0x00, 0x00, 0x00, 0x00, 0x00, 0x00, 0x00, 0x00, 0x60, 0x00, 0x00, 0x80, 0x00, 0x00,
    0x00, 0x00, 0x00, 0x00, 0x00, 0x00, 0x00, 0x00, 0x00, 0x00, 0x00, 0x00, 0x00, 0x00, 0x00, 0x00,
    0x00, 0x00, 0x00, 0x00, 0x00, 0x00, 0x00, 0x00, 0x00, 0x00, 0x00, 0x00, 0x00, 0x00, 0x00, 0x00,
    0x00, 0x00, 0x00, 0x00, 0x00, 0x00, 0x00, 0x00, 0x00, 0x00, 0x00, 0x00, 0x00, 0x00, 0x00, 0x00,
    0x00, 0x00, 0x00, 0x00, 0x00, 0x00, 0x00, 0x00,
};

/* sGhostLeft: 4 masks of 72 bytes */
static const uint8_t s_mask_sGhostLeft[288] = {
    0x01, 0xf0, 0x00, 0x03, 0xf8, 0x00, 0x07, 0xe0, 0x00, 0x0f, 0xf0, 0x00, 0x0f, 0xf8, 0x00, 0x17,
    0xbc, 0x00, 0x17, 0xbe, 0x00, 0x1d, 0xff, 0x80, 0x18, 0xff, 0xc0, 0x18, 0xff, 0xe0, 0x18, 0xff,
    0xf0, 0x0d, 0xff, 0xf8, 0x07, 0xff, 0x78, 0x03, 0xf2, 0xfc, 0xc4, 0xec, 0xfc, 0xff, 0xef, 0xfc,
    0xff, 0xee, 0xfc, 0x7f, 0xf6, 0xfc, 0x7f, 0xf0, 0xf8, 0x7f, 0xf8, 0xf8, 0x3f, 0xfd, 0xf1, 0x3f,
    0xff, 0xff, 0x19, 0xff, 0xfe, 0x00, 0x3f, 0xf8,
    0x00, 0x00, 0x00, 0x01, 0xe0, 0x00, 0x03, 0xf0, 0x00, 0x07, 0xf8, 0x00, 0x0f, 0xf8, 0x00, 0x0f,
    0xf8, 0x00, 0x17, 0xbc, 0x00, 0x07, 0x9f, 0x00, 0x1d, 0xff, 0x80, 0x18, 0xff, 0xe0, 0x18, 0xff,
    0xf0, 0x1c, 0xff, 0xf0, 0x0d, 0xff, 0xf8, 0x07, 0xff, 0x78, 0x07, 0xf2, 0xfc, 0x67, 0xec, 0xfc,
    0x7f, 0xef, 0xfc, 0x7f, 0xee, 0xfc, 0x3f, 0xf6, 0xf8, 0x3f, 0xf8, 0xf8, 0x3f, 0xfd, 0xf0, 0x1f,
    0xff, 0xf1, 0x1f, 0x3f, 0xff, 0x0c, 0x1f, 0xfe,
    0x00, 0x00, 0x00, 0x00, 0xf0, 0x00, 0x01, 0xf8, 0x00, 0x03, 0xfc, 0x00, 0x07, 0xfc, 0x00, 0x07,
    0xfc, 0x00, 0x0b, 0xdc, 0x00, 0x03, 0xcf, 0x00, 0x06, 0xef, 0xc0, 0x0c, 0x7f, 0xe0, 0x0c, 0x7f,
    0xe0, 0x0c, 0x7f, 0xf0, 0x0e, 0x7f, 0x78, 0x06, 0xfd, 0x78, 0x23, 0xfa, 0x7c, 0x77, 0xf7, 0x7c,
    0x7f, 0xf7, 0xfc, 0x3f, 0xf7, 0x7c, 0x3f, 0xfb, 0x7c, 0x3f, 0xfc, 0x7c, 0x1f, 0xfe, 0xf8, 0x1f,
    0xff, 0xf8, 0x0f, 0x3f, 0xff, 0x06, 0x1f, 0xfe,
    0x00, 0x00, 0x00, 0x01, 0xe0, 0x00, 0x03, 0xf0, 0x00, 0x07, 0xf8, 0x00, 0x0f, 0xf8, 0x00, 0x0f,
    0xf8, 0x00, 0x17, 0xbc, 0x00, 0x07, 0x9f, 0x00, 0x1d, 0xff, 0x80, 0x18, 0xff, 0xe0, 0x18, 0xff,
    0xf0, 0x1c, 0xff, 0xf0, 0x0d, 0xff, 0xf8, 0x07, 0xff, 0x78, 0x07, 0xf2, 0xfc, 0x67, 0xec, 0xfc,
    0x7f, 0xef, 0xfc, 0x7f, 0xee, 0xfc, 0x3f, 0xf6, 0xf8, 0x3f, 0xf8, 0xf8, 0x3f, 0xfd, 0xf0, 0x1f,
    0xff, 0xf1, 0x1f, 0x3f, 0xff, 0x0c, 0x1f, 0xfe,
};

/* sGhostRight: 4 masks of 72 bytes */
static const uint8_t s_mask_sGhostRight[288] = {
    0x00, 0x0f, 0x80, 0x00, 0x1f, 0xc0, 0x00, 0x07, 0xe0, 0x00, 0x0f, 0xf0, 0x00, 0x1f, 0xf0, 0x00,
    0x3d, 0xe8, 0x00, 0x7d, 0xe8, 0x01, 0xff, 0xb8, 0x03, 0xff, 0x18, 0x07, 0xff, 0x18, 0x0f, 0xff,
    0x18, 0x1f, 0xff, 0xb0, 0x1e, 0xff, 0xe0, 0x3f, 0x4f, 0xc0, 0x3f, 0x37, 0x23, 0x3f, 0xf7, 0xff,
    0x3f, 0x77, 0xff, 0x3f, 0x6f, 0xfe, 0x1f, 0x0f, 0xfe, 0x1f, 0x1f, 0xfe, 0x8f, 0xbf, 0xfc, 0xff,
    0xff, 0xfc, 0x7f, 0xff, 0x98, 0x1f, 0xfc, 0x00,
    0x00, 0x00, 0x00, 0x00, 0x07, 0x80, 0x00, 0x0f, 0xc0, 0x00, 0x1f, 0xe0, 0x00, 0x1f, 0xf0, 0x00,
    0x1f, 0xf0, 0x00, 0x3d, 0xe8, 0x00, 0xf9, 0xe0, 0x01, 0xff, 0xb8, 0x07, 0xff, 0x18, 0x0f, 0xff,
    0x18, 0x0f, 0xff, 0x38, 0x1f, 0xff, 0xb0, 0x1e, 0xff, 0xe0, 0x3f, 0x4f, 0xe0, 0x3f, 0x37, 0xe6,
    0x3f, 0xf7, 0xfe, 0x3f, 0x77, 0xfe, 0x1f, 0x6f, 0xfc, 0x1f, 0x1f, 0xfc, 0x0f, 0xbf, 0xfc, 0x8f,
    0xff, 0xf8, 0xff, 0xfc, 0xf8, 0x7f, 0xf8, 0x30,
    0x00, 0x00, 0x00, 0x00, 0x0f, 0x00, 0x00, 0x1f, 0x80, 0x00, 0x3f, 0xc0, 0x00, 0x3f, 0xe0, 0x00,
    0x3f, 0xe0, 0x00, 0x3b, 0xd0, 0x00, 0xf3, 0xc0, 0x03, 0xf7, 0x60, 0x07, 0xfe, 0x30, 0x07, 0xfe,
    0x30, 0x0f, 0xfe, 0x30, 0x1e, 0xfe, 0x70, 0x1e, 0xbf, 0x60, 0x3e, 0x5f, 0xc4, 0x3e, 0xef, 0xee,
    0x3f, 0xef, 0xfe, 0x3e, 0xef, 0xfc, 0x3e, 0xdf, 0xfc, 0x3e, 0x3f, 0xfc, 0x1f, 0x7f, 0xf8, 0x1f,
    0xff, 0xf8, 0xff, 0xfc, 0xf0, 0x7f, 0xf8, 0x60,
    0x00, 0x00, 0x00, 0x00, 0x07, 0x80, 0x00, 0x0f, 0xc0, 0x00, 0x1f, 0xe0, 0x00, 0x1f, 0xf0, 0x00,
    0x1f, 0xf0, 0x00, 0x3d, 0xe8, 0x00, 0xf9, 0xe0, 0x01, 0xff, 0xb8, 0x07, 0xff, 0x18, 0x0f, 0xff,
    0x18, 0x0f, 0xff, 0x38, 0x1f, 0xff, 0xb0, 0x1e, 0xff, 0xe0, 0x3f, 0x4f, 0xe0, 0x3f, 0x37, 0xe6,
    0x3f, 0xf7, 0xfe, 0x3f, 0x77, 0xfe, 0x1f, 0x6f, 0xfc, 0x1f, 0x1f, 0xfc, 0x0f, 0xbf, 0xfc, 0x8f,
    0xff, 0xf8, 0xff, 0xfc, 0xf8, 0x7f, 0xf8, 0x30,
};

/* sGhostTurnLeft: 7 masks of 72 bytes */
static const uint8_t s_mask_sGhostTurnLeft[504] = {
    0x00, 0x0f, 0x80, 0x00, 0x1f, 0xc0, 0x00, 0x07, 0xe0, 0x00, 0x0f, 0xf0, 0x00, 0x1f, 0xf0, 0x00,
    0x3d, 0xe8, 0x00, 0x7d, 0xe8, 0x01, 0xff, 0xb8, 0x03, 0xff, 0x18, 0x07, 0xff, 0x18, 0x0f, 0xff,
    0x18, 0x1f, 0xff, 0xb0, 0x1e, 0xff, 0xe0, 0x3f, 0x4f, 0xc0, 0x3f, 0x37, 0x23, 0x3f, 0xf7, 0xff,
    0x3f, 0x77, 0xff, 0x3f, 0x6f, 0xfe, 0x1f, 0x0f, 0xfe, 0x1f, 0x1f, 0xfe, 0x8f, 0xbf, 0xfc, 0xff,
    0xff, 0xfc, 0x7f, 0xff, 0x98, 0x1f, 0xfc, 0x00,
    0x00, 0x1f, 0x00, 0x00, 0x3f, 0x80, 0x00, 0x3f, 0xc0, 0x00, 0x1f, 0xc0, 0x00, 0x1f, 0xc0, 0x00,
    0x37, 0xa0, 0x00, 0x77, 0xa0, 0x01, 0xfe, 0xe0, 0x03, 0xfc, 0x60, 0x0f, 0xfc, 0x60, 0x1f, 0xfc,
    0x60, 0x3f, 0xfe, 0xc0, 0x3f, 0xff, 0x80, 0x7f, 0x3f, 0x40, 0x7c, 0xdf, 0xec, 0x7f, 0xdf, 0xec,
    0x7d, 0xdf, 0xfc, 0x7d, 0xbf, 0xf8, 0x7c, 0x3f, 0xf8, 0x3c, 0x7f, 0xf8, 0x5e, 0xff, 0xf0, 0x7f,
    0xff, 0xf0, 0x3f, 0xfe, 0x60, 0x0f, 0xfc, 0x00,
    0x00, 0x3e, 0x00, 0x00, 0x7f, 0x00, 0x00, 0x7f, 0x00, 0x00, 0xff, 0x80, 0x00, 0xff, 0x80, 0x00,
    0xde, 0x80, 0x01, 0xde, 0x80, 0x03, 0xfb, 0x80, 0x07, 0xf1, 0x80, 0x0f, 0xf1, 0x80, 0x0f, 0xf1,
    0x80, 0x1f, 0xfb, 0x40, 0x1f, 0xfe, 0xc0, 0x3e, 0x7d, 0xc0, 0x39, 0xbf, 0xb0, 0x3f, 0xbf, 0xb0,
    0x3b, 0xbf, 0xf0, 0x3b, 0x7f, 0xe0, 0x38, 0x7f, 0xe0, 0x38, 0xff, 0xe0, 0x3d, 0xff, 0xc0, 0x3f,
    0xff, 0xc0, 0x1f, 0xfc, 0x80, 0x0f, 0xf8, 0x00,
    0x00, 0x3e, 0x00, 0x00, 0x7f, 0x00, 0x00, 0x7f, 0x00, 0x00, 0xff, 0x80, 0x00, 0xff, 0x80, 0x00,
    0xbe, 0x80, 0x00, 0xbe, 0x80, 0x01, 0xf7, 0xc0, 0x03, 0xe3, 0xe0, 0x07, 0xe3, 0xf0, 0x0f, 0xe3,
    0xf8, 0x0f, 0xf7, 0xf8, 0x1f, 0xff, 0xfc, 0x1c, 0xff, 0x9c, 0x33, 0xff, 0xe6, 0x3f, 0xff, 0xfe,
    0x37, 0xff, 0xf6, 0x36, 0xff, 0xb6, 0x30, 0xff, 0x86, 0x31, 0xff, 0xc6, 0x3b, 0xff, 0xec, 0x1f,
    0xff, 0xf8, 0x0f, 0xff, 0xf0, 0x07, 0xff, 0xe0,
    0x00, 0x7c, 0x00, 0x00, 0xfe, 0x00, 0x00, 0xfe, 0x00, 0x01, 0xff, 0x00, 0x01, 0xff, 0x00, 0x01,
    0x7b, 0x00, 0x01, 0x7b, 0x80, 0x01, 0xdf, 0xc0, 0x01, 0x8f, 0xe0, 0x01, 0x8f, 0xf0, 0x01, 0x8f,
    0xf0, 0x02, 0xdf, 0xf8, 0x03, 0x7f, 0xf8, 0x03, 0xbe, 0x7c, 0x0d, 0xfd, 0x9c, 0x0d, 0xfd, 0xfc,
    0x0f, 0xfd, 0xdc, 0x07, 0xfe, 0xdc, 0x07, 0xfe, 0x1c, 0x07, 0xff, 0x1c, 0x03, 0xff, 0xbc, 0x03,
    0xff, 0xfc, 0x01, 0x3f, 0xf8, 0x00, 0x1f, 0xf0,
    0x00, 0xf8, 0x00, 0x01, 0xfc, 0x00, 0x03, 0xfc, 0x00, 0x03, 0xf8, 0x00, 0x03, 0xf8, 0x00, 0x05,
    0xec, 0x00, 0x05, 0xee, 0x00, 0x07, 0x7f, 0x80, 0x06, 0x3f, 0xc0, 0x06, 0x3f, 0xf0, 0x06, 0x3f,
    0xf8, 0x03, 0x7f, 0xfc, 0x01, 0xff, 0xfc, 0x02, 0xfc, 0xfe, 0x37, 0xfb, 0x3e, 0x37, 0xfb, 0xfe,
    0x3f, 0xfb, 0xbe, 0x1f, 0xfd, 0xbe, 0x1f, 0xfc, 0x3e, 0x1f, 0xfe, 0x3c, 0x0f, 0xff, 0x7a, 0x0f,
    0xff, 0xfe, 0x06, 0x7f, 0xfc, 0x00, 0x3f, 0xf0,
    0x01, 0xf0, 0x00, 0x03, 0xf8, 0x00, 0x07, 0xe0, 0x00, 0x0f, 0xf0, 0x00, 0x0f, 0xf8, 0x00, 0x17,
    0xbc, 0x00, 0x17, 0xbe, 0x00, 0x1d, 0xff, 0x80, 0x18, 0xff, 0xc0, 0x18, 0xff, 0xe0, 0x18, 0xff,
    0xf0, 0x0d, 0xff, 0xf8, 0x07, 0xff, 0x78, 0x03, 0xf2, 0xfc, 0xc4, 0xec, 0xfc, 0xff, 0xef, 0xfc,
    0xff, 0xee, 0xfc, 0x7f, 0xf6, 0xfc, 0x7f, 0xf0, 0xf8, 0x7f, 0xf8, 0xf8, 0x3f, 0xfd, 0xf1, 0x3f,
    0xff, 0xff, 0x19, 0xff, 0xfe, 0x00, 0x3f, 0xf8,
};

/* sGhostTurnRight: 7 masks of 72 bytes */
static const uint8_t s_mask_sGhostTurnRight[504] = {
    0x01, 0xf0, 0x00, 0x03, 0xf8, 0x00, 0x07, 0xe0, 0x00, 0x0f, 0xf0, 0x00, 0x0f, 0xf8, 0x00, 0x17,
    0xbc, 0x00, 0x17, 0xbe, 0x00, 0x1d, 0xff, 0x80, 0x18, 0xff, 0xc0, 0x18, 0xff, 0xe0, 0x18, 0xff,
    0xf0, 0x0d, 0xff, 0xf8, 0x07, 0xff, 0x78, 0x03, 0xf2, 0xfc, 0xc4, 0xec, 0xfc, 0xff, 0xef, 0xfc,
    0xff, 0xee, 0xfc, 0x7f, 0xf6, 0xfc, 0x7f, 0xf0, 0xf8, 0x7f, 0xf8, 0xf8, 0x3f, 0xfd, 0xf1, 0x3f,
    0xff, 0xff, 0x19, 0xff, 0xfe, 0x00, 0x3f, 0xf8,
    0x00, 0xf8, 0x00, 0x01, 0xfc, 0x00, 0x03, 0xfc, 0x00, 0x03, 0xf8, 0x00, 0x03, 0xf8, 0x00, 0x05,
    0xec, 0x00, 0x05, 0xee, 0x00, 0x07, 0x7f, 0x80, 0x06, 0x3f, 0xc0, 0x06, 0x3f, 0xf0, 0x06, 0x3f,
    0xf8, 0x03, 0x7f, 0xfc, 0x01, 0xff, 0xfc, 0x02, 0xfc, 0xfe, 0x37, 0xfb, 0x3e, 0x37, 0xfb, 0xfe,
    0x3f, 0xfb, 0xbe, 0x1f, 0xfd, 0xbe, 0x1f, 0xfc, 0x3e, 0x1f, 0xfe, 0x3c, 0x0f, 0xff, 0x7a, 0x0f,
    0xff, 0xfe, 0x06, 0x7f, 0xfc, 0x00, 0x3f, 0xf0,
    0x00, 0x7c, 0x00, 0x00, 0xfe, 0x00, 0x00, 0xfe, 0x00, 0x01, 0xff, 0x00, 0x01, 0xff, 0x00, 0x01,
    0x7b, 0x00, 0x01, 0x7b, 0x80, 0x01, 0xdf, 0xc0, 0x01, 0x8f, 0xe0, 0x01, 0x8f, 0xf0, 0x01, 0x8f,
    0xf0, 0x02, 0xdf, 0xf8, 0x03, 0x7f, 0xf8, 0x03, 0xbe, 0x7c, 0x0d, 0xfd, 0x9c, 0x0d, 0xfd, 0xfc,
    0x0f, 0xfd, 0xdc, 0x07, 0xfe, 0xdc, 0x07, 0xfe, 0x1c, 0x07, 0xff, 0x1c, 0x03, 0xff, 0xbc, 0x03,
    0xff, 0xfc, 0x01, 0x3f, 0xf8, 0x00, 0x1f, 0xf0,
    0x00, 0x7c, 0x00, 0x00, 0xfe, 0x00, 0x00, 0xfe, 0x00, 0x01, 0xff, 0x00, 0x01, 0xff, 0x00, 0x01,
    0x7d, 0x00, 0x01, 0x7d, 0x00, 0x03, 0xef, 0x80, 0x07, 0xc7, 0xc0, 0x0f, 0xc7, 0xe0, 0x1f, 0xc7,
    0xf0, 0x1f, 0xef, 0xf0, 0x3f, 0xff, 0xf8, 0x39, 0xff, 0x38, 0x67, 0xff, 0xcc, 0x7f, 0xff, 0xfc,
    0x6f, 0xff, 0xec, 0x6d, 0xff, 0x6c, 0x61, 0xff, 0x0c, 0x63, 0xff, 0x8c, 0x37, 0xff, 0xdc, 0x1f,
    0xff, 0xf8, 0x0f, 0xff, 0xf0, 0x07, 0xff, 0xe0,
    0x00, 0x3e, 0x00, 0x00, 0x7f, 0x00, 0x00, 0x7f, 0x00, 0x00, 0xff, 0x80, 0x00, 0xff, 0x80, 0x00,
    0xde, 0x80, 0x01, 0xde, 0x80, 0x03, 0xfb, 0x80, 0x07, 0xf1, 0x80, 0x0f, 0xf1, 0x80, 0x0f, 0xf1,
    0x80, 0x1f, 0xfb, 0x40, 0x1f, 0xfe, 0xc0, 0x3e, 0x7d, 0xc0, 0x39, 0xbf, 0xb0, 0x3f, 0xbf, 0xb0,
    0x3b, 0xbf, 0xf0, 0x3b, 0x7f, 0xe0, 0x38, 0x7f, 0xe0, 0x38, 0xff, 0xe0, 0x3d, 0xff, 0xc0, 0x3f,
    0xff, 0xc0, 0x1f, 0xfc, 0x80, 0x0f, 0xf8, 0x00,
    0x00, 0x1f, 0x00, 0x00, 0x3f, 0x80, 0x00, 0x3f, 0xc0, 0x00, 0x1f, 0xc0, 0x00, 0x1f, 0xc0, 0x00,
    0x37, 0xa0, 0x00, 0x77, 0xa0, 0x01, 0xfe, 0xe0, 0x03, 0xfc, 0x60, 0x0f, 0xfc, 0x60, 0x1f, 0xfc,
    0x60, 0x3f, 0xfe, 0xc0, 0x3f, 0xff, 0x80, 0x7f, 0x3f, 0x40, 0x7c, 0xdf, 0xec, 0x7f, 0xdf, 0xec,
    0x7d, 0xdf, 0xfc, 0x7d, 0xbf, 0xf8, 0x7c, 0x3f, 0xf8, 0x3c, 0x7f, 0xf8, 0x5e, 0xff, 0xf0, 0x7f,
    0xff, 0xf0, 0x3f, 0xfe, 0x60, 0x0f, 0xfc, 0x00,
    0x00, 0x0f, 0x80, 0x00, 0x1f, 0xc0, 0x00, 0x07, 0xe0, 0x00, 0x0f, 0xf0, 0x00, 0x1f, 0xf0, 0x00,
    0x3d, 0xe8, 0x00, 0x7d, 0xe8, 0x01, 0xff, 0xb8, 0x03, 0xff, 0x18, 0x07, 0xff, 0x18, 0x0f, 0xff,
    0x18, 0x1f, 0xff, 0xb0, 0x1e, 0xff, 0xe0, 0x3f, 0x4f, 0xc0, 0x3f, 0x37, 0x23, 0x3f, 0xf7, 0xff,
    0x3f, 0x77, 0xff, 0x3f, 0x6f, 0xfe, 0x1f, 0x0f, 0xfe, 0x1f, 0x1f, 0xfe, 0x8f, 0xbf, 0xfc, 0xff,
    0xff, 0xfc, 0x7f, 0xff, 0x98, 0x1f, 0xfc, 0x00,
};

/* sGiantSpiderDisp: 1 masks of 60 bytes */
static const uint8_t s_mask_sGiantSpiderDisp[60] = {
    0x00, 0x7f, 0xf8, 0x00, 0x03, 0xff, 0xff, 0x00, 0x3f, 0xff, 0xff, 0xf0, 0x7f, 0xff, 0xff, 0xf8,
    0xff, 0xff, 0xff, 0xfc, 0xff, 0xff, 0xff, 0xfc, 0xff, 0xff, 0xff, 0xfc, 0xff, 0xff, 0xff, 0xfc,
    0xff, 0xff, 0xff, 0xfc, 0xff, 0xff, 0xff, 0xfc, 0x7f, 0x9f, 0xe7, 0xf8, 0x7f, 0x0f, 0xc3, 0xf8,
    0x3f, 0x87, 0x87, 0xf0, 0x3f, 0x80, 0x07, 0xf0, 0x1f, 0x80, 0x07, 0xe0,
};

/* sGiantTikiHead: 1 masks of 128 bytes */
static const uint8_t s_mask_sGiantTikiHead[128] = {
    0x7f, 0xff, 0xff, 0xfc, 0xff, 0xff, 0xff, 0xfe, 0xff, 0xff, 0xff, 0xfe, 0xff, 0xff, 0xff, 0xfe,
    0x7f, 0xff, 0xff, 0xfc, 0x7f, 0xff, 0xff, 0xff, 0x7f, 0xff, 0xff, 0xff, 0xff, 0xff, 0xff, 0xff,
    0xff, 0xff, 0xff, 0xff, 0xff, 0xff, 0xff, 0xfe, 0xff, 0xff, 0xff, 0xfe, 0xff, 0xff, 0xff, 0xfe,
    0xff, 0xff, 0xff, 0xfe, 0xff, 0xff, 0xff, 0xfe, 0xff, 0xff, 0xff, 0xfe, 0xff, 0xff, 0xff, 0xfe,
    0xff, 0xff, 0xff, 0xfe, 0xff, 0xff, 0xff, 0xfe, 0xff, 0xff, 0xff, 0xfe, 0xff, 0xff, 0xff, 0xfe,
    0xff, 0xff, 0xff, 0xff, 0xff, 0xff, 0xff, 0xff, 0xff, 0xff, 0xff, 0xff, 0xff, 0xff, 0xff, 0xff,
    0x7f, 0xff, 0xff, 0xff, 0x7f, 0xff, 0xff, 0xff, 0x7f, 0xff, 0xff, 0xfe, 0x7f, 0xff, 0xff, 0xfe,
    0x7f, 0xff, 0xff, 0xff, 0x3f, 0xff, 0xff, 0xff, 0x3f, 0xff, 0xff, 0xff, 0x1f, 0xff, 0xff, 0xff,
};

/* sGlove: 1 masks of 30 bytes */
static const uint8_t s_mask_sGlove[30] = {
    0x0d, 0x80, 0x1f, 0xf0, 0x1f, 0xf8, 0x1f, 0xfe, 0x1f, 0xff, 0x7f, 0xff, 0xff, 0xff, 0xff, 0xff,
    0xff, 0xff, 0xff, 0xff, 0x7f, 0xff, 0x3f, 0xfe, 0x1f, 0xfc, 0x0f, 0xf8, 0x0f, 0xf8,
};

/* sGlovesIcon: 1 masks of 32 bytes */
static const uint8_t s_mask_sGlovesIcon[32] = {
    0x0f, 0x00, 0x3f, 0x80, 0x7f, 0xc0, 0xff, 0xf0, 0xff, 0xf8, 0xff, 0xfc, 0xff, 0xfe, 0x7f, 0xfe,
    0x3f, 0xfe, 0x7f, 0xfe, 0x7f, 0xfe, 0x7f, 0xfe, 0x33, 0xfc, 0x03, 0xf8, 0x03, 0xf0, 0x01, 0xc0,
};

/* sGlovesTile: 1 masks of 32 bytes */
static const uint8_t s_mask_sGlovesTile[32] = {
    0x0d, 0x80, 0x1f, 0xf0, 0x1f, 0xf8, 0x1f, 0xfe, 0x1f, 0xff, 0x7f, 0xff, 0xff, 0xff, 0xff, 0xff,
    0xff, 0xff, 0xff, 0xff, 0x7f, 0xff, 0x3f, 0xfe, 0x1f, 0xfc, 0x0f, 0xf8, 0x0f, 0xf8, 0x0f, 0xf8,
};

/* sGoldDoor: 1 masks of 32 bytes */
static const uint8_t s_mask_sGoldDoor[32] = {
    0xff, 0xff, 0xff, 0xff, 0xff, 0xff, 0xff, 0xff, 0xff, 0xff, 0xff, 0xff, 0xff, 0xff, 0xff, 0xff,
    0xff, 0xff, 0xff, 0xff, 0xff, 0xff, 0xff, 0xff, 0xff, 0xff, 0xff, 0xff, 0xff, 0xff, 0xff, 0xff,
};

/* sGoldTrophy: 1 masks of 32 bytes */
static const uint8_t s_mask_sGoldTrophy[32] = {
    0x7f, 0xfe, 0x7f, 0xfe, 0x7f, 0xfe, 0x7f, 0xfe, 0x7f, 0xfe, 0xff, 0xff, 0xff, 0xff, 0xff, 0xff,
    0xff, 0xff, 0xff, 0xff, 0x7f, 0xfe, 0x3b, 0xdc, 0x03, 0xc0, 0x0f, 0xf0, 0x1f, 0xf8, 0x1f, 0xf8,
};

/* sGTHHole: 1 masks of 128 bytes */
static const uint8_t s_mask_sGTHHole[128] = {
    0x7f, 0xff, 0xff, 0xfc, 0xff, 0xff, 0xff, 0xfe, 0xff, 0xff, 0xff, 0xfe, 0xff, 0xff, 0xff, 0xfe,
    0x7f, 0xff, 0xff, 0xfc, 0x7f, 0xff, 0xff, 0xff, 0x7f, 0xff, 0xff, 0xff, 0xff, 0xff, 0xff, 0xff,
    0xff, 0xff, 0xff, 0xff, 0xff, 0xff, 0xff, 0xfe, 0xff, 0xff, 0xff, 0xfe, 0xff, 0xff, 0xff, 0xfe,
    0xff, 0xff, 0xff, 0xfe, 0xff, 0xff, 0xff, 0xfe, 0xff, 0xff, 0xff, 0xfe, 0xff, 0xff, 0xff, 0xfe,
    0xff, 0xff, 0xff, 0xfe, 0xff, 0xff, 0xff, 0xfe, 0xff, 0xff, 0xff, 0xfe, 0xff, 0xff, 0xff, 0xfe,
    0xff, 0xff, 0xff, 0xff, 0xff, 0xff, 0xff, 0xff, 0xff, 0xff, 0xff, 0xff, 0xff, 0xff, 0xff, 0xff,
    0x7f, 0xff, 0xff, 0xff, 0x7f, 0xff, 0xff, 0xff, 0x7f, 0xff, 0xff, 0xfe, 0x7f, 0xff, 0xff, 0xfe,
    0x7f, 0xff, 0xff, 0xff, 0x3f, 0xff, 0xff, 0xff, 0x3f, 0xff, 0xff, 0xff, 0x1f, 0xff, 0xff, 0xff,
};

/* sHeart: 1 masks of 26 bytes */
static const uint8_t s_mask_sHeart[26] = {
    0x1c, 0xe0, 0x3f, 0xf0, 0x7f, 0xf8, 0xff, 0xfc, 0xff, 0xfc, 0xff, 0xfc, 0xff, 0xfc, 0x7f, 0xf8,
    0x3f, 0xf0, 0x1f, 0xe0, 0x0f, 0xc0, 0x07, 0x80, 0x03, 0x00,
};

/* sHintPoint: 5 masks of 32 bytes */
static const uint8_t s_mask_sHintPoint[160] = {
    0x1f, 0xf0, 0x1f, 0xf0, 0x3f, 0xf0, 0x7f, 0xf8, 0xff, 0xf8, 0xff, 0xf8, 0xff, 0xf8, 0xff, 0xf8,
    0x7f, 0xf8, 0x3f, 0xf0, 0x1f, 0xe0, 0x1e, 0x00, 0x1e, 0x00, 0x0c, 0x00, 0x00, 0x00, 0x00, 0x00,
    0x1f, 0xf0, 0x1f, 0xf0, 0x3f, 0xf0, 0x7f, 0xf8, 0xff, 0xf8, 0xff, 0xf8, 0xff, 0xf8, 0xff, 0xf8,
    0x7f, 0xf8, 0x3f, 0xf0, 0x1f, 0xe0, 0x1e, 0x00, 0x1e, 0x00, 0x0c, 0x00, 0x00, 0x00, 0x00, 0x00,
    0x00, 0x00, 0x1f, 0xf0, 0x1f, 0xf0, 0x3f, 0xf0, 0x7f, 0xf8, 0xff, 0xf8, 0xff, 0xf8, 0xff, 0xf8,
    0xff, 0xf8, 0x7f, 0xf8, 0x3f, 0xf0, 0x1f, 0xe0, 0x1e, 0x00, 0x1e, 0x00, 0x0c, 0x00, 0x00, 0x00,
    0x00, 0x00, 0x00, 0x00, 0x1f, 0xf0, 0x1f, 0xf0, 0x3f, 0xf0, 0x7f, 0xf8, 0xff, 0xf8, 0xff, 0xf8,
    0xff, 0xf8, 0xff, 0xf8, 0x7f, 0xf8, 0x3f, 0xf0, 0x1f, 0xe0, 0x1e, 0x00, 0x1e, 0x00, 0x0c, 0x00,
    0x00, 0x00, 0x00, 0x00, 0x1f, 0xf0, 0x1f, 0xf0, 0x3f, 0xf0, 0x7f, 0xf8, 0xff, 0xf8, 0xff, 0xf8,
    0xff, 0xf8, 0xff, 0xf8, 0x7f, 0xf8, 0x3f, 0xf0, 0x1f, 0xe0, 0x1e, 0x00, 0x1e, 0x00, 0x0c, 0x00,
};

/* sHoldItemIcon: 1 masks of 32 bytes */
static const uint8_t s_mask_sHoldItemIcon[32] = {
    0x3e, 0x7c, 0x7f, 0xfe, 0xff, 0xff, 0xff, 0xff, 0xff, 0xff, 0xff, 0xff, 0xff, 0xff, 0xff, 0xff,
    0xff, 0xff, 0xff, 0xff, 0xff, 0xff, 0xff, 0xff, 0xff, 0xff, 0xff, 0xff, 0xff, 0xff, 0x7e, 0x7e,
};

/* sHoopsIcon: 1 masks of 32 bytes */
static const uint8_t s_mask_sHoopsIcon[32] = {
    0x07, 0x80, 0x1f, 0xe0, 0x3f, 0xf0, 0x7f, 0xf8, 0x7f, 0xf8, 0xff, 0xfc, 0xff, 0xfc, 0xff, 0xfc,
    0xff, 0xfc, 0xff, 0xfc, 0xff, 0xfc, 0x7f, 0xf8, 0x7f, 0xf8, 0x3f, 0xf0, 0x1f, 0xe0, 0x07, 0x80,
};

/* sIntroBG: 1 masks of 6540 bytes */
static const uint8_t s_mask_sIntroBG[6540] = {
    0x00, 0x00, 0x00, 0x00, 0x00, 0x00, 0x00, 0x00, 0x00, 0x00, 0x00, 0x00, 0x00, 0x00, 0x00, 0x00,
    0x00, 0x00, 0x00, 0x00, 0x00, 0x00, 0x01, 0xf8, 0x00, 0x00, 0x00, 0x00, 0x00, 0x00, 0x00, 0x00,
    0x00, 0x00, 0x00, 0x00, 0x00, 0x00, 0x00, 0x00, 0x00, 0x00, 0x00, 0x00, 0x00, 0x00, 0x00, 0x00,
    0x00, 0x00, 0x00, 0x00, 0x00, 0x00, 0x00, 0x00, 0x00, 0x00, 0x00, 0x00, 0x00, 0x00, 0x00, 0x00,
    0x00, 0x00, 0x00, 0x00, 0x00, 0x00, 0x00, 0x00, 0x00, 0x00, 0x00, 0x00, 0x00, 0x00, 0x00, 0x00,
    0x00, 0x01, 0xff, 0xfc, 0x00, 0x00, 0x00, 0x00, 0x00, 0x00, 0x00, 0x00, 0x00, 0x00, 0x00, 0x00,
    0x00, 0x00, 0x00, 0x00, 0x00, 0x00, 0x00, 0x00, 0x00, 0x00, 0x00, 0x00, 0x00, 0x00, 0x00, 0x00,
    0x00, 0x00, 0x00, 0x00, 0x00, 0x00, 0x00, 0x00, 0x00, 0x00, 0x00, 0x00, 0x00, 0x00, 0x00, 0x00,
    0x00, 0x00, 0x00, 0x00, 0x00, 0x00, 0x00, 0x00, 0x00, 0x00, 0x00, 0x00, 0x00, 0x1f, 0xff, 0xfe,
    0x00, 0x00, 0x00, 0x00, 0x00, 0x00, 0x00, 0x00, 0x00, 0x00, 0x00, 0x00, 0x00, 0x00, 0x00, 0x00,
    0x00, 0x00, 0x00, 0x00, 0x00, 0x00, 0x00, 0x00, 0x00, 0x00, 0x00, 0x00, 0x00, 0x00, 0x00, 0x00,
    0x00, 0x00, 0x00, 0x00, 0x00, 0x00, 0x00, 0x00, 0x00, 0x00, 0x00, 0x00, 0x00, 0x00, 0x00, 0x00,
    0x00, 0x00, 0x00, 0x00, 0x00, 0x00, 0x00, 0x00, 0x01, 0xff, 0xff, 0xff, 0x00, 0x00, 0x00, 0x00,
    0x00, 0x00, 0x00, 0x00, 0x00, 0x00, 0x00, 0x00, 0x00, 0x00, 0x00, 0x00, 0x00, 0x00, 0x00, 0x00,
    0x00, 0x00, 0x00, 0x00, 0x00, 0x00, 0x00, 0x00, 0x00, 0x00, 0x00, 0x00, 0x00, 0x00, 0x00, 0x00,
    0x00, 0x00, 0x00, 0x00, 0x00, 0x00, 0x00, 0x00, 0x00, 0x00, 0x00, 0x00, 0x00, 0x00, 0x00, 0x00,
    0x00, 0x00, 0x00, 0x00, 0x0f, 0xff, 0xff, 0xff, 0x00, 0x00, 0x00, 0x00, 0x00, 0x00, 0x00, 0x00,
    0x00, 0x00, 0x00, 0x00, 0x00, 0x00, 0x00, 0x00, 0x00, 0x00, 0x00, 0x00, 0x00, 0x00, 0x00, 0x00,
    0x00, 0x00, 0x00, 0x00, 0x00, 0x00, 0x00, 0x00, 0x00, 0x00, 0x00, 0x00, 0x00, 0x00, 0x00, 0x00,
    0x00, 0x00, 0x00, 0x00, 0x00, 0x00, 0x00, 0x00, 0x00, 0x00, 0x00, 0x00, 0x00, 0x00, 0x00, 0x00,
    0x7f, 0xff, 0xff, 0xff, 0x80, 0x00, 0x00, 0x00, 0x00, 0x00, 0x00, 0x00, 0x00, 0x00, 0x00, 0x00,
    0x00, 0x00, 0x00, 0x00, 0x00, 0x00, 0x00, 0x00, 0x00, 0x00, 0x00, 0x00, 0x00, 0x00, 0x00, 0x00,
    0x00, 0x00, 0x00, 0x00, 0x00, 0x00, 0x00, 0x00, 0x00, 0x00, 0x00, 0x00, 0x00, 0x00, 0x00, 0x00,
    0x00, 0x00, 0x00, 0x00, 0x00, 0x00, 0x00, 0x00, 0x00, 0x00, 0x00, 0x01, 0xff, 0xff, 0xff, 0xff,
    0xc0, 0x00, 0x00, 0x00, 0x00, 0x00, 0x00, 0x00, 0x00, 0x00, 0x00, 0x00, 0x00, 0x00, 0x00, 0x00,
    0x00, 0x00, 0x00, 0x00, 0x00, 0x00, 0x00, 0x00, 0x00, 0x00, 0x00, 0x00, 0x00, 0x00, 0x00, 0x00,
    0x00, 0x00, 0x00, 0x00, 0x00, 0x00, 0x00, 0x00, 0x00, 0x00, 0x00, 0x00, 0x00, 0x00, 0x00, 0x00,
    0x00, 0x00, 0x00, 0x00, 0x00, 0x00, 0x00, 0x07, 0xff, 0xff, 0xff, 0xff, 0xf0, 0x00, 0x00, 0x00,
    0x00, 0x00, 0x00, 0x00, 0x00, 0x00, 0x00, 0x00, 0x00, 0x00, 0x00, 0x00, 0x00, 0x00, 0x00, 0x00,
    0x00, 0x00, 0x00, 0x00, 0x00, 0x00, 0x00, 0x00, 0x00, 0x00, 0x00, 0x00, 0x00, 0x00, 0x00, 0x00,
    0x00, 0x00, 0x00, 0x00, 0x00, 0x00, 0x00, 0x00, 0x00, 0x00, 0x00, 0x00, 0x00, 0x00, 0x00, 0x00,
    0x00, 0x00, 0x00, 0x3f, 0xff, 0xff, 0xff, 0xff, 0xf8, 0x00, 0x00, 0x00, 0x00, 0x00, 0x00, 0x00,
    0x00, 0x00, 0x00, 0x00, 0x00, 0x00, 0x00, 0x00, 0x00, 0x00, 0x00, 0x00, 0x00, 0x00, 0x00, 0x00,
    0x00, 0x00, 0x00, 0x00, 0x00, 0x00, 0x00, 0x00, 0x00, 0x00, 0x00, 0x00, 0x00, 0x00, 0x00, 0x00,
    0x00, 0x00, 0x03, 0xc0, 0x00, 0x00, 0x00, 0x00, 0x00, 0x00, 0x00, 0x00, 0x00, 0x00, 0x00, 0x7f,
    0xff, 0xff, 0xff, 0xff, 0xfe, 0x00, 0x00, 0x00, 0x00, 0x00, 0x00, 0x00, 0x00, 0x00, 0x00, 0x00,
    0x00, 0x00, 0x00, 0x00, 0x00, 0x00, 0x00, 0x00, 0x00, 0x00, 0x00, 0x00, 0x00, 0x00, 0x00, 0x00,
    0x00, 0x00, 0x00, 0x00, 0x00, 0x00, 0x00, 0x00, 0x00, 0x00, 0x00, 0x00, 0x00, 0x00, 0x3f, 0xf0,
    0x00, 0x00, 0x00, 0x00, 0x00, 0x00, 0x00, 0x00, 0x00, 0x00, 0x01, 0xff, 0xff, 0xff, 0xff, 0xff,
    0xff, 0x80, 0x00, 0x00, 0x00, 0x00, 0x00, 0x00, 0x00, 0x00, 0x00, 0x00, 0x00, 0x00, 0x00, 0x00,
    0x00, 0x00, 0x00, 0x00, 0x00, 0x00, 0x00, 0x00, 0x00, 0x00, 0x00, 0x00, 0x00, 0x00, 0x00, 0x00,
    0x00, 0x00, 0x00, 0x00, 0x00, 0x00, 0x00, 0x00, 0x00, 0x01, 0xff, 0xf8, 0x00, 0x00, 0x00, 0x00,
    0x00, 0x00, 0x00, 0x00, 0x00, 0x00, 0x07, 0xff, 0xff, 0xff, 0xff, 0xff, 0xff, 0xe0, 0x00, 0x00,
    0x00, 0x00, 0x00, 0x00, 0x00, 0x00, 0x00, 0x00, 0x00, 0x00, 0x00, 0x00, 0x00, 0x00, 0x00, 0x00,
    0x00, 0x00, 0x00, 0x00, 0x00, 0x00, 0x00, 0x00, 0x00, 0x00, 0x00, 0x00, 0x00, 0x00, 0x00, 0x00,
    0x00, 0x00, 0x00, 0x00, 0x00, 0x0f, 0xff, 0xfe, 0x00, 0x00, 0x00, 0x00, 0x00, 0x00, 0x00, 0x00,
    0x00, 0x00, 0x1f, 0xff, 0xff, 0xff, 0xff, 0xff, 0xff, 0xf8, 0x00, 0x00, 0x00, 0x00, 0x00, 0x00,
    0x00, 0x00, 0x00, 0x00, 0x00, 0x00, 0x00, 0x00, 0x00, 0x00, 0x00, 0x7f, 0x00, 0x00, 0x00, 0x00,
    0x00, 0x00, 0x00, 0x00, 0x00, 0x00, 0x00, 0x00, 0x00, 0x00, 0x00, 0x00, 0x00, 0x00, 0x00, 0x00,
    0x00, 0x3f, 0xff, 0xff, 0x80, 0x00, 0x00, 0x00, 0x00, 0x00, 0x00, 0x00, 0x00, 0x00, 0x7f, 0xff,
    0xff, 0xff, 0xff, 0xff, 0xff, 0xfc, 0x00, 0x00, 0x00, 0x00, 0x00, 0x00, 0x00, 0x00, 0x00, 0x00,
    0x00, 0x00, 0x00, 0x00, 0x00, 0x00, 0x03, 0xff, 0xe0, 0x00, 0x00, 0x00, 0x00, 0x00, 0x00, 0x00,
    0x00, 0x00, 0x00, 0x00, 0x00, 0x00, 0x00, 0x00, 0x00, 0x00, 0x00, 0x00, 0x01, 0xff, 0xff, 0xff,
    0xe0, 0x00, 0x00, 0x00, 0x00, 0x00, 0x00, 0x00, 0x00, 0x00, 0xff, 0xff, 0xff, 0xff, 0xff, 0xff,
    0xff, 0xff, 0x00, 0x00, 0x00, 0x00, 0x00, 0x00, 0x00, 0x00, 0x00, 0x00, 0x00, 0x00, 0x00, 0x00,
    0x00, 0x00, 0x0f, 0xff, 0xf8, 0x00, 0x00, 0x00, 0x00, 0x00, 0x00, 0x00, 0x00, 0x00, 0x00, 0x00,
    0x00, 0x00, 0x00, 0x00, 0x00, 0x00, 0x00, 0x00, 0x07, 0xff, 0xff, 0xff, 0xfe, 0x00, 0x00, 0x00,
    0x00, 0x00, 0x00, 0x00, 0x00, 0x03, 0xff, 0xff, 0xff, 0xff, 0xff, 0xff, 0xff, 0xff, 0xc0, 0x00,
    0x00, 0x00, 0x00, 0x00, 0x00, 0x00, 0x00, 0x00, 0x00, 0x00, 0x00, 0x00, 0x00, 0x00, 0x1f, 0xff,
    0xfe, 0x00, 0x00, 0x00, 0x00, 0x00, 0x00, 0x00, 0x00, 0x00, 0x00, 0x00, 0x00, 0x00, 0x00, 0x00,
    0x00, 0x00, 0x00, 0x00, 0x1f, 0xff, 0xff, 0xff, 0xff, 0xc0, 0x00, 0x00, 0x00, 0x00, 0x00, 0x00,
    0x00, 0x0f, 0xff, 0xff, 0xff, 0xff, 0xff, 0xff, 0xff, 0xff, 0xe0, 0x00, 0x00, 0x00, 0x00, 0x00,
    0x00, 0x00, 0x00, 0x00, 0x00, 0x00, 0x00, 0x00, 0x00, 0x00, 0xff, 0xff, 0xff, 0x80, 0x00, 0x00,
    0x00, 0x00, 0x00, 0x00, 0x00, 0x00, 0x00, 0x00, 0x00, 0x00, 0x00, 0x00, 0x00, 0x00, 0x00, 0x00,
    0xff, 0xff, 0xff, 0xff, 0xff, 0xf8, 0x00, 0x00, 0x00, 0x00, 0x00, 0x00, 0x00, 0x3f, 0xff, 0xff,
    0xff, 0xff, 0xff, 0xff, 0xff, 0xff, 0xf0, 0x00, 0x00, 0x00, 0x00, 0x00, 0x00, 0x00, 0x00, 0x00,
    0x00, 0x00, 0x00, 0x00, 0x00, 0x03, 0xff, 0xff, 0xff, 0xf0, 0x00, 0x00, 0x00, 0x00, 0x00, 0x00,
    0x00, 0x00, 0x00, 0x00, 0x00, 0x00, 0x00, 0x00, 0x00, 0x00, 0x00, 0x07, 0xff, 0xff, 0xff, 0xff,
    0xff, 0xff, 0x00, 0x00, 0x00, 0x00, 0x00, 0x00, 0x00, 0xff, 0xff, 0xff, 0xff, 0xff, 0xff, 0xff,
    0xff, 0xff, 0xf8, 0x00, 0x00, 0x00, 0x00, 0x00, 0x00, 0x0f, 0xf0, 0x00, 0x00, 0x00, 0x00, 0x00,
    0x00, 0x0f, 0xff, 0xff, 0xff, 0xf8, 0x00, 0x00, 0x00, 0x00, 0x00, 0x00, 0x00, 0x00, 0x00, 0x00,
    0x00, 0x00, 0x00, 0x00, 0x00, 0x00, 0x00, 0x1f, 0xff, 0xff, 0xff, 0xff, 0xff, 0xff, 0xe0, 0x00,
    0x00, 0x00, 0x00, 0x00, 0x03, 0xff, 0xff, 0xff, 0xff, 0xff, 0xff, 0xff, 0xff, 0xff, 0xfe, 0x00,
    0x00, 0x00, 0x00, 0x00, 0x00, 0xff, 0xfe, 0x00, 0x00, 0x00, 0x00, 0x00, 0x00, 0x3f, 0xff, 0xff,
    0xff, 0xfe, 0x00, 0x00, 0x00, 0x00, 0x00, 0x00, 0x00, 0x00, 0x00, 0x00, 0x00, 0x00, 0x00, 0x00,
    0x00, 0x00, 0x00, 0xff, 0xff, 0xff, 0xff, 0xff, 0xff, 0xff, 0xf8, 0x00, 0x00, 0x00, 0x00, 0x00,
    0x0f, 0xff, 0xff, 0xff, 0xff, 0xff, 0xff, 0xff, 0xff, 0xff, 0xff, 0x00, 0x00, 0x00, 0x00, 0x00,
    0x1f, 0xff, 0xff, 0x80, 0x00, 0x00, 0x00, 0x00, 0x00, 0xff, 0xff, 0xff, 0xff, 0xff, 0x00, 0x00,
    0x00, 0x00, 0x00, 0x00, 0x00, 0x00, 0x00, 0x00, 0x00, 0x00, 0x00, 0x00, 0x00, 0x00, 0x03, 0xff,
    0xff, 0xff, 0xff, 0xff, 0xff, 0xff, 0xff, 0x00, 0x00, 0x00, 0x00, 0x00, 0x7f, 0xff, 0xff, 0xff,
    0xff, 0xff, 0xff, 0xff, 0xff, 0xff, 0xff, 0x80, 0x00, 0x00, 0x00, 0x00, 0xff, 0xff, 0xff, 0xe0,
    0x00, 0x00, 0x00, 0x00, 0x03, 0xff, 0xff, 0xff, 0xff, 0xff, 0x80, 0x00, 0x00, 0x00, 0x00, 0x00,
    0x00, 0x00, 0x00, 0x00, 0x00, 0x00, 0x00, 0x00, 0x00, 0x01, 0xcf, 0xff, 0xff, 0xff, 0xff, 0xff,
    0xff, 0xff, 0xff, 0x80, 0x00, 0x00, 0x00, 0x03, 0xff, 0xff, 0xff, 0xff, 0xff, 0xff, 0xff, 0xff,
    0xff, 0xff, 0xff, 0xe0, 0x00, 0x00, 0x00, 0x03, 0xff, 0xff, 0xff, 0xf8, 0x00, 0x00, 0x00, 0x00,
    0x0f, 0xff, 0xff, 0xff, 0xff, 0xff, 0xc0, 0x00, 0x00, 0x00, 0x00, 0x00, 0x00, 0x00, 0x00, 0x00,
    0x00, 0x00, 0x00, 0x00, 0x00, 0x0f, 0x9f, 0xff, 0xff, 0xff, 0xff, 0xff, 0xff, 0xff, 0xff, 0xf0,
    0x00, 0x00, 0x00, 0x0f, 0xff, 0xff, 0xff, 0xff, 0xff, 0xff, 0xff, 0xff, 0xff, 0xff, 0xff, 0xf0,
    0x00, 0x00, 0x00, 0x1f, 0xff, 0xff, 0xff, 0xfe, 0x00, 0x00, 0x00, 0x00, 0x7f, 0xff, 0xff, 0xff,
    0xff, 0xff, 0xf0, 0x00, 0x00, 0x00, 0x00, 0x01, 0xff, 0xc0, 0x00, 0x00, 0x00, 0x00, 0x00, 0x00,
    0x00, 0x7c, 0x7f, 0xff, 0xff, 0xff, 0xff, 0xff, 0xff, 0xff, 0xff, 0xff, 0x00, 0x00, 0x00, 0x1f,
    0xff, 0xff, 0xff, 0xff, 0xff, 0xff, 0xff, 0xff, 0xff, 0xff, 0xff, 0xfc, 0x00, 0x00, 0x00, 0xff,
    0xff, 0xff, 0xff, 0xff, 0x80, 0x00, 0x00, 0x1f, 0xff, 0xff, 0xff, 0xff, 0xff, 0xff, 0xfe, 0x00,
    0x00, 0x00, 0x07, 0xff, 0xff, 0xff, 0xe0, 0x00, 0x00, 0x00, 0x00, 0x00, 0xff, 0xe3, 0xff, 0xff,
    0xff, 0xff, 0xff, 0xff, 0xff, 0xff, 0xff, 0xff, 0xff, 0x80, 0x7c, 0x7f, 0xff, 0xff, 0xff, 0xff,
    0xff, 0xff, 0xff, 0xff, 0xff, 0xff, 0xff, 0xfe, 0x00, 0x00, 0x07, 0xff, 0xff, 0xff, 0xff, 0xff,
    0xe0, 0x00, 0x00, 0xff, 0xff, 0xff, 0xff, 0xff, 0xff, 0xff, 0xff, 0xc0, 0x00, 0x00, 0x7f, 0xff,
    0xff, 0xff, 0xff, 0xc7, 0xfe, 0x00, 0x00, 0x00, 0xff, 0x9f, 0xff, 0xff, 0xff, 0xff, 0xff, 0xff,
    0xff, 0xff, 0xff, 0xff, 0xff, 0xff, 0xf9, 0xff, 0xff, 0xff, 0xff, 0xff, 0xff, 0xff, 0xff, 0xff,
    0xff, 0xff, 0xff, 0xff, 0xc0, 0x00, 0x3f, 0xff, 0xff, 0xff, 0xff, 0xff, 0xfe, 0x00, 0x07, 0xff,
    0xff, 0xff, 0xff, 0xff, 0xff, 0xff, 0xff, 0xfe, 0x00, 0x1f, 0xff, 0xff, 0xff, 0xff, 0xff, 0xff,
    0xff, 0xff, 0xc0, 0x00, 0xfe, 0x7f, 0xff, 0xff, 0xff, 0xff, 0xff, 0xff, 0xff, 0xff, 0xff, 0xff,
    0xff, 0xff, 0xe3, 0xff, 0xff, 0xff, 0xff, 0xff, 0xff, 0xff, 0xff, 0xff, 0xff, 0xff, 0xff, 0xff,
    0xfc, 0x00, 0xff, 0xff, 0xff, 0xff, 0xff, 0xff, 0xff, 0xff, 0xdf, 0xff, 0xff, 0xff, 0xff, 0xff,
    0xff, 0xff, 0xff, 0xff, 0xc0, 0xff, 0xff, 0xff, 0xff, 0xff, 0xff, 0xff, 0xff, 0xff, 0xff, 0xc0,
    0xf9, 0xff, 0xff, 0xff, 0xff, 0xff, 0xff, 0xff, 0xff, 0xff, 0xff, 0xff, 0xff, 0xff, 0x8f, 0xff,
    0xff, 0xff, 0xff, 0xff, 0xff, 0xff, 0xff, 0xff, 0xff, 0xff, 0xff, 0xff, 0xff, 0xf3, 0xff, 0xff,
    0xff, 0xff, 0xff, 0xff, 0xff, 0xff, 0xff, 0xff, 0xff, 0xff, 0xff, 0xff, 0xff, 0xff, 0xff, 0xf8,
    0x3f, 0xff, 0xff, 0xff, 0xff, 0xff, 0xff, 0xff, 0xff, 0xff, 0xff, 0xff, 0xff, 0xff, 0xff, 0xff,
    0xff, 0xff, 0xff, 0xff, 0xff, 0xff, 0xff, 0xff, 0xff, 0xfc, 0x3f, 0xff, 0xff, 0xff, 0xff, 0xff,
    0xff, 0xff, 0xff, 0xff, 0xff, 0xff, 0xff, 0xff, 0xff, 0xc7, 0xff, 0xff, 0xff, 0xff, 0xff, 0xff,
    0xff, 0xff, 0xff, 0xff, 0xff, 0xff, 0xff, 0xff, 0xff, 0xff, 0xff, 0x83, 0xff, 0xff, 0xff, 0xff,
    0xff, 0xff, 0xff, 0xff, 0xff, 0xff, 0xff, 0xff, 0xff, 0xff, 0xff, 0xff, 0xff, 0xff, 0xff, 0xff,
    0xff, 0xff, 0xff, 0xff, 0xff, 0xc1, 0xff, 0xff, 0xff, 0xff, 0xff, 0xff, 0xff, 0xff, 0xff, 0xff,
    0xff, 0xff, 0xff, 0xff, 0xff, 0x1f, 0xff, 0xff, 0xff, 0xff, 0xff, 0xff, 0xff, 0xff, 0xff, 0xff,
    0xff, 0xff, 0xff, 0xff, 0xff, 0xff, 0xf0, 0x7f, 0xff, 0xff, 0xff, 0xff, 0xff, 0xff, 0xff, 0xff,
    0xff, 0xff, 0xff, 0xff, 0xff, 0xff, 0xff, 0xff, 0xff, 0xff, 0xff, 0xff, 0xff, 0xff, 0xff, 0xff,
    0xff, 0xff, 0xff, 0xff, 0xff, 0xff, 0xff, 0xff, 0xff, 0xff, 0xff, 0xff, 0xff, 0xff, 0xff, 0xff,
    0xfc, 0x7f, 0xff, 0xff, 0xff, 0xff, 0xff, 0xff, 0xff, 0xff, 0xff, 0xff, 0xff, 0xff, 0xff, 0xff,
    0xff, 0xff, 0xff, 0xff, 0xff, 0xff, 0xff, 0xff, 0xff, 0xff, 0xff, 0xff, 0xff, 0xff, 0xff, 0xff,
    0xff, 0xff, 0xff, 0xff, 0xff, 0xff, 0xff, 0xff, 0xff, 0xff, 0xff, 0xff, 0xff, 0xff, 0xff, 0xff,
    0xff, 0xff, 0xff, 0xff, 0xff, 0xff, 0xff, 0xff, 0xff, 0xff, 0xff, 0xff, 0xe3, 0xff, 0xff, 0xff,
    0xff, 0xff, 0xff, 0xff, 0xff, 0xff, 0xff, 0xff, 0xff, 0xff, 0xff, 0xff, 0xff, 0xff, 0xff, 0xff,
    0xff, 0xff, 0xff, 0xff, 0xff, 0xff, 0xff, 0xff, 0xff, 0xff, 0xff, 0xff, 0xff, 0xff, 0xff, 0xff,
    0xff, 0xff, 0xff, 0xff, 0xff, 0xff, 0xff, 0xff, 0xff, 0xff, 0xff, 0xff, 0xff, 0xff, 0xff, 0xff,
    0xff, 0xff, 0xff, 0xff, 0xff, 0xff, 0xff, 0xff, 0xff, 0xff, 0xff, 0xff, 0xff, 0xff, 0xff, 0xff,
    0xff, 0xff, 0xff, 0xff, 0xff, 0xff, 0xff, 0xff, 0xff, 0xff, 0xff, 0xff, 0xff, 0xff, 0xff, 0xff,
    0xff, 0xff, 0xff, 0xff, 0xff, 0xff, 0xff, 0xff, 0xff, 0xff, 0xff, 0xff, 0xff, 0xff, 0xff, 0xff,
    0xff, 0xff, 0xff, 0xff, 0xff, 0xff, 0xff, 0xff, 0xff, 0xff, 0xff, 0xff, 0xff, 0xff, 0xff, 0xff,
    0xff, 0xff, 0xff, 0xff, 0xff, 0xff, 0xff, 0xff, 0xff, 0xff, 0xff, 0xff, 0xff, 0xff, 0xff, 0xff,
    0xff, 0xff, 0xff, 0xff, 0xff, 0xff, 0xff, 0xff, 0xff, 0xff, 0xff, 0xff, 0xff, 0xff, 0xff, 0xff,
    0xff, 0xff, 0xff, 0xff, 0xff, 0xff, 0xff, 0xff, 0xff, 0xff, 0xff, 0xff, 0xff, 0xff, 0xff, 0xff,
    0xff, 0xff, 0xff, 0xff, 0xff, 0xff, 0xff, 0xff, 0xff, 0xff, 0xff, 0xff, 0xff, 0xff, 0xff, 0xff,
    0xff, 0xff, 0xff, 0xff, 0xff, 0xff, 0xff, 0xff, 0xff, 0xff, 0xff, 0xff, 0xff, 0xff, 0xff, 0xff,
    0xff, 0xff, 0xff, 0xff, 0xff, 0xff, 0xff, 0xff, 0xff, 0xff, 0xff, 0xff, 0xff, 0xff, 0xff, 0xff,
    0xff, 0xff, 0xff, 0xff, 0xff, 0xff, 0xff, 0xff, 0xff, 0xff, 0xff, 0xff, 0xff, 0xff, 0xff, 0xff,
    0xff, 0xff, 0xff, 0xff, 0xff, 0xff, 0xff, 0xff, 0xff, 0xff, 0xff, 0xff, 0xff, 0xff, 0xff, 0xff,
    0xff, 0xff, 0xff, 0xff, 0xff, 0xff, 0xff, 0xff, 0xff, 0xff, 0xff, 0xff, 0xff, 0xff, 0xff, 0xff,
    0xff, 0xff, 0xff, 0xff, 0xff, 0xff, 0xff, 0xff, 0xff, 0xff, 0xff, 0xff, 0xff, 0xff, 0xff, 0xff,
    0xff, 0xff, 0xff, 0xff, 0xff, 0xff, 0xff, 0xff, 0xff, 0xff, 0xff, 0xff, 0xff, 0xff, 0xff, 0xff,
    0xff, 0xff, 0xff, 0xff, 0xff, 0xff, 0xff, 0xff, 0xff, 0xff, 0xff, 0xff, 0xff, 0xff, 0xff, 0xff,
    0xff, 0xff, 0xff, 0xff, 0xff, 0xff, 0xff, 0xff, 0xff, 0xff, 0xff, 0xff, 0xff, 0xff, 0xff, 0xff,
    0xff, 0xff, 0xff, 0xff, 0xff, 0xff, 0xff, 0xff, 0xff, 0xff, 0xff, 0xff, 0xff, 0xff, 0xff, 0xff,
    0xff, 0xff, 0xff, 0xff, 0xff, 0xff, 0xff, 0xff, 0xff, 0xff, 0xff, 0xff, 0xff, 0xff, 0xff, 0xff,
    0xff, 0xff, 0xff, 0xff, 0xff, 0xff, 0xff, 0xff, 0xff, 0xff, 0xff, 0xff, 0xff, 0xff, 0xff, 0xff,
    0xff, 0xff, 0xff, 0xff, 0xff, 0xff, 0xff, 0xff, 0xff, 0xff, 0xff, 0xff, 0xff, 0xff, 0xff, 0xff,
    0xff, 0xff, 0xff, 0xff, 0xff, 0xff, 0xff, 0xff, 0xff, 0xff, 0xff, 0xff, 0xff, 0xff, 0xff, 0xff,
    0xff, 0xff, 0xff, 0xff, 0xff, 0xff, 0xff, 0xff, 0xff, 0xff, 0xff, 0xff, 0xff, 0xff, 0xff, 0xff,
    0xff, 0xff, 0xff, 0xff, 0xff, 0xff, 0xff, 0xff, 0xff, 0xff, 0xff, 0xff, 0xff, 0xff, 0xff, 0xff,
    0xff, 0xff, 0xff, 0xff, 0xff, 0xff, 0xff, 0xff, 0xff, 0xff, 0xff, 0xff, 0xff, 0xff, 0xff, 0xff,
    0xff, 0xff, 0xff, 0xff, 0xff, 0xff, 0xff, 0xff, 0xff, 0xff, 0xff, 0xff, 0xff, 0xff, 0xff, 0xff,
    0xff, 0xff, 0xff, 0xff, 0xff, 0xff, 0xff, 0xff, 0xff, 0xff, 0xff, 0xff, 0xff, 0xff, 0xff, 0xff,
    0xff, 0xff, 0xff, 0xff, 0xff, 0xff, 0xff, 0xff, 0xff, 0xff, 0xff, 0xff, 0xff, 0xff, 0xff, 0xff,
    0xff, 0xff, 0xff, 0xff, 0xff, 0xff, 0xff, 0xff, 0xff, 0xff, 0xff, 0xff, 0xff, 0xff, 0xff, 0xff,
    0xff, 0xff, 0xff, 0xff, 0xff, 0xff, 0xff, 0xff, 0xff, 0xff, 0xff, 0xff, 0xff, 0xff, 0xff, 0xff,
    0xff, 0xff, 0xff, 0xff, 0xff, 0xff, 0xff, 0xff, 0xff, 0xff, 0xff, 0xff, 0xff, 0xff, 0xff, 0xff,
    0xff, 0xff, 0xff, 0xff, 0xff, 0xff, 0xff, 0xff, 0xff, 0xff, 0xff, 0xff, 0xff, 0xff, 0xff, 0xff,
    0xff, 0xff, 0xff, 0xff, 0xff, 0xff, 0xff, 0xff, 0xff, 0xff, 0xff, 0xff, 0xff, 0xff, 0xff, 0xff,
    0xff, 0xff, 0xff, 0xff, 0xff, 0xff, 0xff, 0xff, 0xff, 0xff, 0xff, 0xff, 0xff, 0xff, 0xff, 0xff,
    0xff, 0xff, 0xff, 0xff, 0xff, 0xff, 0xff, 0xff, 0xff, 0xff, 0xff, 0xff, 0xff, 0xff, 0xff, 0xff,
    0xff, 0xff, 0xff, 0xff, 0xff, 0xff, 0xff, 0xff, 0xff, 0xff, 0xff, 0xff, 0xff, 0xff, 0xff, 0xff,
    0xff, 0xff, 0xff, 0xff, 0xff, 0xff, 0xff, 0xff, 0xff, 0xff, 0xff, 0xff, 0xff, 0xff, 0xff, 0xff,
    0xff, 0xff, 0xff, 0xff, 0xff, 0xff, 0xff, 0xff, 0xff, 0xff, 0xff, 0xff, 0xff, 0xff, 0xff, 0xff,
    0xff, 0xff, 0xff, 0xff, 0xff, 0xff, 0xff, 0xff, 0xff, 0xff, 0xff, 0xff, 0xff, 0xff, 0xff, 0xff,
    0xff, 0xff, 0xff, 0xff, 0xff, 0xff, 0xff, 0xff, 0xff, 0xff, 0xff, 0xff, 0xff, 0xff, 0xff, 0xff,
    0xff, 0xff, 0xff, 0xff, 0xff, 0xff, 0xff, 0xff, 0xff, 0xff, 0xff, 0xff, 0xff, 0xff, 0xff, 0xff,
    0xff, 0xff, 0xff, 0xff, 0xff, 0xff, 0xff, 0xff, 0xff, 0xff, 0xff, 0xff, 0xff, 0xff, 0xff, 0xff,
    0xff, 0xff, 0xff, 0xff, 0xff, 0xff, 0xff, 0xff, 0xff, 0xff, 0xff, 0xff, 0xff, 0xff, 0xff, 0xff,
    0xff, 0xff, 0xff, 0xff, 0xff, 0xff, 0xff, 0xff, 0xff, 0xff, 0xff, 0xff, 0xff, 0xff, 0xff, 0xff,
    0xff, 0xff, 0xff, 0xff, 0xff, 0xff, 0xff, 0xff, 0xff, 0xff, 0xff, 0xff, 0xff, 0xff, 0xff, 0xff,
    0xff, 0xff, 0xff, 0xff, 0xff, 0xff, 0xff, 0xff, 0xff, 0xff, 0xff, 0xff, 0xff, 0xff, 0xff, 0xff,
    0xff, 0xff, 0xff, 0xff, 0xff, 0xff, 0xff, 0xff, 0xff, 0xff, 0xff, 0xff, 0xff, 0xff, 0xff, 0xff,
    0xff, 0xff, 0xff, 0xff, 0xff, 0xff, 0xff, 0xff, 0xff, 0xff, 0xff, 0xff, 0xff, 0xff, 0xff, 0xff,
    0xff, 0xff, 0xff, 0xff, 0xff, 0xff, 0xff, 0xff, 0xff, 0xff, 0xff, 0xff, 0xff, 0xff, 0xff, 0xff,
    0xff, 0xff, 0xff, 0xff, 0xff, 0xff, 0xff, 0xff, 0xff, 0xff, 0xff, 0xff, 0xff, 0xff, 0xff, 0xff,
    0xff, 0xff, 0xff, 0xff, 0xff, 0xff, 0xff, 0xff, 0xff, 0xff, 0xff, 0xff, 0xff, 0xff, 0xff, 0xff,
    0xff, 0xff, 0xff, 0xff, 0xff, 0xff, 0xff, 0xff, 0xff, 0xff, 0xff, 0xff, 0xff, 0xff, 0xff, 0xff,
    0xff, 0xff, 0xff, 0xff, 0xff, 0xff, 0xff, 0xff, 0xff, 0xff, 0xff, 0xff, 0xff, 0xff, 0xff, 0xff,
    0xff, 0xff, 0xff, 0xff, 0xff, 0xff, 0xff, 0xff, 0xff, 0xff, 0xff, 0xff, 0xff, 0xff, 0xff, 0xff,
    0xff, 0xff, 0xff, 0xff, 0xff, 0xff, 0xff, 0xff, 0xff, 0xff, 0xff, 0xff, 0xff, 0xff, 0xff, 0xff,
    0xff, 0xff, 0xff, 0xff, 0xff, 0xff, 0xff, 0xff, 0xff, 0xff, 0xff, 0xff, 0xff, 0xff, 0xff, 0xff,
    0xff, 0xff, 0xff, 0xff, 0xff, 0xff, 0xff, 0xff, 0xff, 0xff, 0xff, 0xff, 0xff, 0xff, 0xff, 0xff,
    0xff, 0xff, 0xff, 0xff, 0xff, 0xff, 0xff, 0xff, 0xff, 0xff, 0xff, 0xff, 0xff, 0xff, 0xff, 0xff,
    0xff, 0xff, 0xff, 0xff, 0xff, 0xff, 0xff, 0xff, 0xff, 0xff, 0xff, 0xff, 0xff, 0xff, 0xff, 0xff,
    0xff, 0xff, 0xff, 0xff, 0xff, 0xff, 0xff, 0xff, 0xff, 0xff, 0xff, 0xff, 0xff, 0xff, 0xff, 0xff,
    0xff, 0xff, 0xff, 0xff, 0xff, 0xff, 0xff, 0xff, 0xff, 0xff, 0xff, 0xff, 0xff, 0xff, 0xff, 0xff,
    0xff, 0xff, 0xff, 0xff, 0xff, 0xff, 0xff, 0xff, 0xff, 0xff, 0xff, 0xff, 0xff, 0xff, 0xff, 0xff,
    0xff, 0xff, 0xff, 0xff, 0xff, 0xff, 0xff, 0xff, 0xff, 0xff, 0xff, 0xff, 0xff, 0xff, 0xff, 0xff,
    0xff, 0xff, 0xff, 0xff, 0xff, 0xff, 0xff, 0xff, 0xff, 0xff, 0xff, 0xff, 0xff, 0xff, 0xff, 0xff,
    0xff, 0xff, 0xff, 0xff, 0xff, 0xff, 0xff, 0xff, 0xff, 0xff, 0xff, 0xff, 0xff, 0xff, 0xff, 0xff,
    0xff, 0xff, 0xff, 0xff, 0xff, 0xff, 0xff, 0xff, 0xff, 0xff, 0xff, 0xff, 0xff, 0xff, 0xff, 0xff,
    0xff, 0xff, 0xff, 0xff, 0xff, 0xff, 0xff, 0xff, 0xff, 0xff, 0xff, 0xff, 0xff, 0xff, 0xff, 0xff,
    0xff, 0xff, 0xff, 0xff, 0xff, 0xff, 0xff, 0xff, 0xff, 0xff, 0xff, 0xff, 0xff, 0xff, 0xff, 0xff,
    0xff, 0xff, 0xff, 0xff, 0xff, 0xff, 0xff, 0xff, 0xff, 0xff, 0xff, 0xff, 0xff, 0xff, 0xff, 0xff,
    0xff, 0xff, 0xff, 0xff, 0xff, 0xff, 0xff, 0xff, 0xff, 0xff, 0xff, 0xff, 0xff, 0xff, 0xff, 0xff,
    0xff, 0xff, 0xff, 0xff, 0xff, 0xff, 0xff, 0xff, 0xff, 0xff, 0xff, 0xff, 0xff, 0xff, 0xff, 0xff,
    0xff, 0xff, 0xff, 0xff, 0xff, 0xff, 0xff, 0xff, 0xff, 0xff, 0xff, 0xff, 0xff, 0xff, 0xff, 0xff,
    0xff, 0xff, 0xff, 0xff, 0xff, 0xff, 0xff, 0xff, 0xff, 0xff, 0xff, 0xff, 0xff, 0xff, 0xff, 0xff,
    0xff, 0xff, 0xff, 0xff, 0xff, 0xff, 0xff, 0xff, 0xff, 0xff, 0xff, 0xff, 0xff, 0xff, 0xff, 0xff,
    0xff, 0xff, 0xff, 0xff, 0xff, 0xff, 0xff, 0xff, 0xff, 0xff, 0xff, 0xff, 0xff, 0xff, 0xff, 0xff,
    0xff, 0xff, 0xff, 0xff, 0xff, 0xff, 0xff, 0xff, 0xff, 0xff, 0xff, 0xff, 0xff, 0xff, 0xff, 0xff,
    0xff, 0xff, 0xff, 0xff, 0xff, 0xff, 0xff, 0xff, 0xff, 0xff, 0xff, 0xff, 0xff, 0xff, 0xff, 0xff,
    0xff, 0xff, 0xff, 0xff, 0xff, 0xff, 0xff, 0xff, 0xff, 0xff, 0xff, 0xff, 0xff, 0xff, 0xff, 0xff,
    0xff, 0xff, 0xff, 0xff, 0xff, 0xff, 0xff, 0xff, 0xff, 0xff, 0xff, 0xff, 0xff, 0xff, 0xff, 0xff,
    0xff, 0xff, 0xff, 0xff, 0xff, 0xff, 0xff, 0xff, 0xff, 0xff, 0xff, 0xff, 0xff, 0xff, 0xff, 0xff,
    0xff, 0xff, 0xff, 0xff, 0xff, 0xff, 0xff, 0xff, 0xff, 0xff, 0xff, 0xff, 0xff, 0xff, 0xff, 0xff,
    0xff, 0xff, 0xff, 0xff, 0xff, 0xff, 0xff, 0xff, 0xff, 0xff, 0xff, 0xff, 0xff, 0xff, 0xff, 0xff,
    0xff, 0xff, 0xff, 0xff, 0xff, 0xff, 0xff, 0xff, 0xff, 0xff, 0xff, 0xff, 0xff, 0xff, 0xff, 0xff,
    0xff, 0xff, 0xff, 0xff, 0xff, 0xff, 0xff, 0xff, 0xff, 0xff, 0xff, 0xff, 0xff, 0xff, 0xff, 0xff,
    0xff, 0xff, 0xff, 0xff, 0xff, 0xff, 0xff, 0xff, 0xff, 0xff, 0xff, 0xff, 0xff, 0xff, 0xff, 0xff,
    0xff, 0xff, 0xff, 0xff, 0xff, 0xff, 0xff, 0xff, 0xff, 0xff, 0xff, 0xff, 0xff, 0xff, 0xff, 0xff,
    0xff, 0xff, 0xff, 0xff, 0xff, 0xff, 0xff, 0xff, 0xff, 0xff, 0xff, 0xff, 0xff, 0xff, 0xff, 0xff,
    0xff, 0xff, 0xff, 0xff, 0xff, 0xff, 0xff, 0xff, 0xff, 0xff, 0xff, 0xff, 0xff, 0xff, 0xff, 0xff,
    0xff, 0xff, 0xff, 0xff, 0xff, 0xff, 0xff, 0xff, 0xff, 0xff, 0xff, 0xff, 0xff, 0xff, 0xff, 0xff,
    0xff, 0xff, 0xff, 0xff, 0xff, 0xff, 0xff, 0xff, 0xff, 0xff, 0xff, 0xff, 0xff, 0xff, 0xff, 0xff,
    0xff, 0xff, 0xff, 0xff, 0xff, 0xff, 0xff, 0xff, 0xff, 0xff, 0xff, 0xff, 0xff, 0xff, 0xff, 0xff,
    0xff, 0xff, 0xff, 0xff, 0xff, 0xff, 0xff, 0xff, 0xff, 0xff, 0xff, 0xff, 0xff, 0xff, 0xff, 0xff,
    0xff, 0xff, 0xff, 0xff, 0xff, 0xff, 0xff, 0xff, 0xff, 0xff, 0xff, 0xff, 0xff, 0xff, 0xff, 0xff,
    0xff, 0xff, 0xff, 0xff, 0xff, 0xff, 0xff, 0xff, 0xff, 0xff, 0xff, 0xff, 0xff, 0xff, 0xff, 0xff,
    0xff, 0xff, 0xff, 0xff, 0xff, 0xff, 0xff, 0xff, 0xff, 0xff, 0xff, 0xff, 0xff, 0xff, 0xff, 0xff,
    0xff, 0xff, 0xff, 0xff, 0xff, 0xff, 0xff, 0xff, 0xff, 0xff, 0xff, 0xff, 0xff, 0xff, 0xff, 0xff,
    0xff, 0xff, 0xff, 0xff, 0xff, 0xff, 0xff, 0xff, 0xff, 0xff, 0xff, 0xff, 0xff, 0xff, 0xff, 0xff,
    0xff, 0xff, 0xff, 0xff, 0xff, 0xff, 0xff, 0xff, 0xff, 0xff, 0xff, 0xff, 0xff, 0xff, 0xff, 0xff,
    0xff, 0xff, 0xff, 0xff, 0xff, 0xff, 0xff, 0xff, 0xff, 0xff, 0xff, 0xff, 0xff, 0xff, 0xff, 0xff,
    0xff, 0xff, 0xff, 0xff, 0xff, 0xff, 0xff, 0xff, 0xff, 0xff, 0xff, 0xff, 0xff, 0xff, 0xff, 0xff,
    0xff, 0xff, 0xff, 0xff, 0xff, 0xff, 0xff, 0xff, 0xff, 0xff, 0xff, 0xff, 0xff, 0xff, 0xff, 0xff,
    0xff, 0xff, 0xff, 0xff, 0xff, 0xff, 0xff, 0xff, 0xff, 0xff, 0xff, 0xff, 0xff, 0xff, 0xff, 0xff,
    0xff, 0xff, 0xff, 0xff, 0xff, 0xff, 0xff, 0xff, 0xff, 0xff, 0xff, 0xff, 0xff, 0xff, 0xff, 0xff,
    0xff, 0xff, 0xff, 0xff, 0xff, 0xff, 0xff, 0xff, 0xff, 0xff, 0xff, 0xff, 0xff, 0xff, 0xff, 0xff,
    0xff, 0xff, 0xff, 0xff, 0xff, 0xff, 0xff, 0xff, 0xff, 0xff, 0xff, 0xff, 0xff, 0xff, 0xff, 0xff,
    0xff, 0xff, 0xff, 0xff, 0xff, 0xff, 0xff, 0xff, 0xff, 0xff, 0xff, 0xff, 0xff, 0xff, 0xff, 0xff,
    0xff, 0xff, 0xff, 0xff, 0xff, 0xff, 0xff, 0xff, 0xff, 0xff, 0xff, 0xff, 0xff, 0xff, 0xff, 0xff,
    0xff, 0xff, 0xff, 0xff, 0xff, 0xff, 0xff, 0xff, 0xff, 0xff, 0xff, 0xff, 0xff, 0xff, 0xff, 0xff,
    0xff, 0xff, 0xff, 0xff, 0xff, 0xff, 0xff, 0xff, 0xff, 0xff, 0xff, 0xff, 0xff, 0xff, 0xff, 0xff,
    0xff, 0xff, 0xff, 0xff, 0xff, 0xff, 0xff, 0xff, 0xff, 0xff, 0xff, 0xff, 0xff, 0xff, 0xff, 0xff,
    0xff, 0xff, 0xff, 0xff, 0xff, 0xff, 0xff, 0xff, 0xff, 0xff, 0xff, 0xff, 0xff, 0xff, 0xff, 0xff,
    0xff, 0xff, 0xff, 0xff, 0xff, 0xff, 0xff, 0xff, 0xff, 0xff, 0xff, 0xff, 0xff, 0xff, 0xff, 0xff,
    0xff, 0xff, 0xff, 0xff, 0xff, 0xff, 0xff, 0xff, 0xff, 0xff, 0xff, 0xff, 0xff, 0xff, 0xff, 0xff,
    0xff, 0xff, 0xff, 0xff, 0xff, 0xff, 0xff, 0xff, 0xff, 0xff, 0xff, 0xff, 0xff, 0xff, 0xff, 0xff,
    0xff, 0xff, 0xff, 0xff, 0xff, 0xff, 0xff, 0xff, 0xff, 0xff, 0xff, 0xff, 0xff, 0xff, 0xff, 0xff,
    0xff, 0xff, 0xff, 0xff, 0xff, 0xff, 0xff, 0xff, 0xff, 0xff, 0xff, 0xff, 0xff, 0xff, 0xff, 0xff,
    0xff, 0xff, 0xff, 0xff, 0xff, 0xff, 0xff, 0xff, 0xff, 0xff, 0xff, 0xff, 0xff, 0xff, 0xff, 0xff,
    0xff, 0xff, 0xff, 0xff, 0xff, 0xff, 0xff, 0xff, 0xff, 0xff, 0xff, 0xff, 0xff, 0xff, 0xff, 0xff,
    0xff, 0xff, 0xff, 0xff, 0xff, 0xff, 0xff, 0xff, 0xff, 0xff, 0xff, 0xff, 0xff, 0xff, 0xff, 0xff,
    0xff, 0xff, 0xff, 0xff, 0xff, 0xff, 0xff, 0xff, 0xff, 0xff, 0xff, 0xff, 0xff, 0xff, 0xff, 0xff,
    0xff, 0xff, 0xff, 0xff, 0xff, 0xff, 0xff, 0xff, 0xff, 0xff, 0xff, 0xff, 0xff, 0xff, 0xff, 0xff,
    0xff, 0xff, 0xff, 0xff, 0xff, 0xff, 0xff, 0xff, 0xff, 0xff, 0xff, 0xff, 0xff, 0xff, 0xff, 0xff,
    0xff, 0xff, 0xff, 0xff, 0xff, 0xff, 0xff, 0xff, 0xff, 0xff, 0xff, 0xff, 0xff, 0xff, 0xff, 0xff,
    0xff, 0xff, 0xff, 0xff, 0xff, 0xff, 0xff, 0xff, 0xff, 0xff, 0xff, 0xff, 0xff, 0xff, 0xff, 0xff,
    0xff, 0xff, 0xff, 0xff, 0xff, 0xff, 0xff, 0xff, 0xff, 0xff, 0xff, 0xff, 0xff, 0xff, 0xff, 0xff,
    0xff, 0xff, 0xff, 0xff, 0xff, 0xff, 0xff, 0xff, 0xff, 0xff, 0xff, 0xff, 0xff, 0xff, 0xff, 0xff,
    0xff, 0xff, 0xff, 0xff, 0xff, 0xff, 0xff, 0xff, 0xff, 0xff, 0xff, 0xff, 0xff, 0xff, 0xff, 0xff,
    0xff, 0xff, 0xff, 0xff, 0xff, 0xff, 0xff, 0xff, 0xff, 0xff, 0xff, 0xff, 0xff, 0xff, 0xff, 0xff,
    0xff, 0xff, 0xff, 0xff, 0xff, 0xff, 0xff, 0xff, 0xff, 0xff, 0xff, 0xff, 0xff, 0xff, 0xff, 0xff,
    0xff, 0xff, 0xff, 0xff, 0xff, 0xff, 0xff, 0xff, 0xff, 0xff, 0xff, 0xff, 0xff, 0xff, 0xff, 0xff,
    0xff, 0xff, 0xff, 0xff, 0xff, 0xff, 0xff, 0xff, 0xff, 0xff, 0xff, 0xff, 0xff, 0xff, 0xff, 0xff,
    0xff, 0xff, 0xff, 0xff, 0xff, 0xff, 0xff, 0xff, 0xff, 0xff, 0xff, 0xff, 0xff, 0xff, 0xff, 0xff,
    0xff, 0xff, 0xff, 0xff, 0xff, 0xff, 0xff, 0xff, 0xff, 0xff, 0xff, 0xff, 0xff, 0xff, 0xff, 0xff,
    0xff, 0xff, 0xff, 0xff, 0xff, 0xff, 0xff, 0xff, 0xff, 0xff, 0xff, 0xff, 0xff, 0xff, 0xff, 0xff,
    0xff, 0xff, 0xff, 0xff, 0xff, 0xff, 0xff, 0xff, 0xff, 0xff, 0xff, 0xff, 0xff, 0xff, 0xff, 0xff,
    0xff, 0xff, 0xff, 0xff, 0xff, 0xff, 0xff, 0xff, 0xff, 0xff, 0xff, 0xff, 0xff, 0xff, 0xff, 0xff,
    0xff, 0xff, 0xff, 0xff, 0xff, 0xff, 0xff, 0xff, 0xff, 0xff, 0xff, 0xff, 0xff, 0xff, 0xff, 0xff,
    0xff, 0xff, 0xff, 0xff, 0xff, 0xff, 0xff, 0xff, 0xff, 0xff, 0xff, 0xff, 0xff, 0xff, 0xff, 0xff,
    0xff, 0xff, 0xff, 0xff, 0xff, 0xff, 0xff, 0xff, 0xff, 0xff, 0xff, 0xff, 0xff, 0xff, 0xff, 0xff,
    0xff, 0xff, 0xff, 0xff, 0xff, 0xff, 0xff, 0xff, 0xff, 0xff, 0xff, 0xff, 0xff, 0xff, 0xff, 0xff,
    0xff, 0xff, 0xff, 0xff, 0xff, 0xff, 0xff, 0xff, 0xff, 0xff, 0xff, 0xff, 0xff, 0xff, 0xff, 0xff,
    0xff, 0xff, 0xff, 0xff, 0xff, 0xff, 0xff, 0xff, 0xff, 0xff, 0xff, 0xff, 0xff, 0xff, 0xff, 0xff,
    0xff, 0xff, 0xff, 0xff, 0xff, 0xff, 0xff, 0xff, 0xff, 0xff, 0xff, 0xff, 0xff, 0xff, 0xff, 0xff,
    0xff, 0xff, 0xff, 0xff, 0xff, 0xff, 0xff, 0xff, 0xff, 0xff, 0xff, 0xff, 0xff, 0xff, 0xff, 0xff,
    0xff, 0xff, 0xff, 0xff, 0xff, 0xff, 0xff, 0xff, 0xff, 0xff, 0xff, 0xff, 0xff, 0xff, 0xff, 0xff,
    0xff, 0xff, 0xff, 0xff, 0xff, 0xff, 0xff, 0xff, 0xff, 0xff, 0xff, 0xff, 0xff, 0xff, 0xff, 0xff,
    0xff, 0xff, 0xff, 0xff, 0xff, 0xff, 0xff, 0xff, 0xff, 0xff, 0xff, 0xff, 0xff, 0xff, 0xff, 0xff,
    0xff, 0xff, 0xff, 0xff, 0xff, 0xff, 0xff, 0xff, 0xff, 0xff, 0xff, 0xff, 0xff, 0xff, 0xff, 0xff,
    0xff, 0xff, 0xff, 0xff, 0xff, 0xff, 0xff, 0xff, 0xff, 0xff, 0xff, 0xff, 0xff, 0xff, 0xff, 0xff,
    0xff, 0xff, 0xff, 0xff, 0xff, 0xff, 0xff, 0xff, 0xff, 0xff, 0xff, 0xff, 0xff, 0xff, 0xff, 0xff,
    0xff, 0xff, 0xff, 0xff, 0xff, 0xff, 0xff, 0xff, 0xff, 0xff, 0xff, 0xff, 0xff, 0xff, 0xff, 0xff,
    0xff, 0xff, 0xff, 0xff, 0xff, 0xff, 0xff, 0xff, 0xff, 0xff, 0xff, 0xff, 0xff, 0xff, 0xff, 0xff,
    0xff, 0xff, 0xff, 0xff, 0xff, 0xff, 0xff, 0xff, 0xff, 0xff, 0xff, 0xff, 0xff, 0xff, 0xff, 0xff,
    0xff, 0xff, 0xff, 0xff, 0xff, 0xff, 0xff, 0xff, 0xff, 0xff, 0xff, 0xff, 0xff, 0xff, 0xff, 0xff,
    0xff, 0xff, 0xff, 0xff, 0xff, 0xff, 0xff, 0xff, 0xff, 0xff, 0xff, 0xff, 0xff, 0xff, 0xff, 0xff,
    0xff, 0xff, 0xff, 0xff, 0xff, 0xff, 0xff, 0xff, 0xff, 0xff, 0xff, 0xff, 0xff, 0xff, 0xff, 0xff,
    0xff, 0xff, 0xff, 0xff, 0xff, 0xff, 0xff, 0xff, 0xff, 0xff, 0xff, 0xff, 0xff, 0xff, 0xff, 0xff,
    0xff, 0xff, 0xff, 0xff, 0xff, 0xff, 0xff, 0xff, 0xff, 0xff, 0xff, 0xff, 0xff, 0xff, 0xff, 0xff,
    0xff, 0xff, 0xff, 0xff, 0xff, 0xff, 0xff, 0xff, 0xff, 0xff, 0xff, 0xff, 0xff, 0xff, 0xff, 0xff,
    0xff, 0xff, 0xff, 0xff, 0xff, 0xff, 0xff, 0xff, 0xff, 0xff, 0xff, 0xff, 0xff, 0xff, 0xff, 0xff,
    0xff, 0xff, 0xff, 0xff, 0xff, 0xff, 0xff, 0xff, 0xff, 0xff, 0xff, 0xff, 0xff, 0xff, 0xff, 0xff,
    0xff, 0xff, 0xff, 0xff, 0xff, 0xff, 0xff, 0xff, 0xff, 0xff, 0xff, 0xff, 0xff, 0xff, 0xff, 0xff,
    0xff, 0xff, 0xff, 0xff, 0xff, 0xff, 0xff, 0xff, 0xff, 0xff, 0xff, 0xff, 0xff, 0xff, 0xff, 0xff,
    0xff, 0xff, 0xff, 0xff, 0xff, 0xff, 0xff, 0xff, 0xff, 0xff, 0xff, 0xff, 0xff, 0xff, 0xff, 0xff,
    0xff, 0xff, 0xff, 0xff, 0xff, 0xff, 0xff, 0xff, 0xff, 0xff, 0xff, 0xff, 0xff, 0xff, 0xff, 0xff,
    0xff, 0xff, 0xff, 0xff, 0xff, 0xff, 0xff, 0xff, 0xff, 0xff, 0xff, 0xff, 0xff, 0xff, 0xff, 0xff,
    0xff, 0xff, 0xff, 0xff, 0xff, 0xff, 0xff, 0xff, 0xff, 0xff, 0xff, 0xff, 0xff, 0xff, 0xff, 0xff,
    0xff, 0xff, 0xff, 0xff, 0xff, 0xff, 0xff, 0xff, 0xff, 0xff, 0xff, 0xff, 0xff, 0xff, 0xff, 0xff,
    0xff, 0xff, 0xff, 0xff, 0xff, 0xff, 0xff, 0xff, 0xff, 0xff, 0xff, 0xff, 0xff, 0xff, 0xff, 0xff,
    0xff, 0xff, 0xff, 0xff, 0xff, 0xff, 0xff, 0xff, 0xff, 0xff, 0xff, 0xff, 0xff, 0xff, 0xff, 0xff,
    0xff, 0xff, 0xff, 0xff, 0xff, 0xff, 0xff, 0xff, 0xff, 0xff, 0xff, 0xff, 0xff, 0xff, 0xff, 0xff,
    0xff, 0xff, 0xff, 0xff, 0xff, 0xff, 0xff, 0xff, 0xff, 0xff, 0xff, 0xff, 0xff, 0xff, 0xff, 0xff,
    0xff, 0xff, 0xff, 0xff, 0xff, 0xff, 0xff, 0xff, 0xff, 0xff, 0xff, 0xff, 0xff, 0xff, 0xff, 0xff,
    0xff, 0xff, 0xff, 0xff, 0xff, 0xff, 0xff, 0xff, 0xff, 0xff, 0xff, 0xff, 0xff, 0xff, 0xff, 0xff,
    0xff, 0xff, 0xff, 0xff, 0xff, 0xff, 0xff, 0xff, 0xff, 0xff, 0xff, 0xff, 0xff, 0xff, 0xff, 0xff,
    0xff, 0xff, 0xff, 0xff, 0xff, 0xff, 0xff, 0xff, 0xff, 0xff, 0xff, 0xff, 0xff, 0xff, 0xff, 0xff,
    0xff, 0xff, 0xff, 0xff, 0xff, 0xff, 0xff, 0xff, 0xff, 0xff, 0xff, 0xff, 0xff, 0xff, 0xff, 0xff,
    0xff, 0xff, 0xff, 0xff, 0xff, 0xff, 0xff, 0xff, 0xff, 0xff, 0xff, 0xff, 0xff, 0xff, 0xff, 0xff,
    0xff, 0xff, 0xff, 0xff, 0xff, 0xff, 0xff, 0xff, 0xff, 0xff, 0xff, 0xff, 0xff, 0xff, 0xff, 0xff,
    0xff, 0xff, 0xff, 0xff, 0xff, 0xff, 0xff, 0xff, 0xff, 0xff, 0xff, 0xff, 0xff, 0xff, 0xff, 0xff,
    0xff, 0xff, 0xff, 0xff, 0xff, 0xff, 0xff, 0xff, 0xff, 0xff, 0xff, 0xff, 0xff, 0xff, 0xff, 0xff,
    0xff, 0xff, 0xff, 0xff, 0xff, 0xff, 0xff, 0xff, 0xff, 0xff, 0xff, 0xff, 0xff, 0xff, 0xff, 0xff,
    0xff, 0xff, 0xff, 0xff, 0xff, 0xff, 0xff, 0xff, 0xff, 0xff, 0xff, 0xff, 0xff, 0xff, 0xff, 0xff,
    0xff, 0xff, 0xff, 0xff, 0xff, 0xff, 0xff, 0xff, 0xff, 0xff, 0xff, 0xff, 0xff, 0xff, 0xff, 0xff,
    0xff, 0xff, 0xff, 0xff, 0xff, 0xff, 0xff, 0xff, 0xff, 0xff, 0xff, 0xff, 0xff, 0xff, 0xff, 0xff,
    0xff, 0xff, 0xff, 0xff, 0xff, 0xff, 0xff, 0xff, 0xff, 0xff, 0xff, 0xff, 0xff, 0xff, 0xff, 0xff,
    0xff, 0xff, 0xff, 0xff, 0xff, 0xff, 0xff, 0xff, 0xff, 0xff, 0xff, 0xff, 0xff, 0xff, 0xff, 0xff,
    0xff, 0xff, 0xff, 0xff, 0xff, 0xff, 0xff, 0xff, 0xff, 0xff, 0xff, 0xff, 0xff, 0xff, 0xff, 0xff,
    0xff, 0xff, 0xff, 0xff, 0xff, 0xff, 0xff, 0xff, 0xff, 0xff, 0xff, 0xff, 0xff, 0xff, 0xff, 0xff,
    0xff, 0xff, 0xff, 0xff, 0xff, 0xff, 0xff, 0xff, 0xff, 0xff, 0xff, 0xff, 0xff, 0xff, 0xff, 0xff,
    0xff, 0xff, 0xff, 0xff, 0xff, 0xff, 0xff, 0xff, 0xff, 0xff, 0xff, 0xff, 0xff, 0xff, 0xff, 0xff,
    0xff, 0xff, 0xff, 0xff, 0xff, 0xff, 0xff, 0xff, 0xff, 0xff, 0xff, 0xff, 0xff, 0xff, 0xff, 0xff,
    0xff, 0xff, 0xff, 0xff, 0xff, 0xff, 0xff, 0xff, 0xff, 0xff, 0xff, 0xff, 0xff, 0xff, 0xff, 0xff,
    0xff, 0xff, 0xff, 0xff, 0xff, 0xff, 0xff, 0xff, 0xff, 0xff, 0xff, 0xff, 0xff, 0xff, 0xff, 0xff,
    0xff, 0xff, 0xff, 0xff, 0xff, 0xff, 0xff, 0xff, 0xff, 0xff, 0xff, 0xff, 0xff, 0xff, 0xff, 0xff,
    0xff, 0xff, 0xff, 0xff, 0xff, 0xff, 0xff, 0xff, 0xff, 0xff, 0xff, 0xff, 0xff, 0xff, 0xff, 0xff,
    0xff, 0xff, 0xff, 0xff, 0xff, 0xff, 0xff, 0xff, 0xff, 0xff, 0xff, 0xff, 0xff, 0xff, 0xff, 0xff,
    0xff, 0xff, 0xff, 0xff, 0xff, 0xff, 0xff, 0xff, 0xff, 0xff, 0xff, 0xff, 0xff, 0xff, 0xff, 0xff,
    0xff, 0xff, 0xff, 0xff, 0xff, 0xff, 0xff, 0xff, 0xff, 0xff, 0xff, 0xff, 0xff, 0xff, 0xff, 0xff,
    0xff, 0xff, 0xff, 0xff, 0xff, 0xff, 0xff, 0xff, 0xff, 0xff, 0xff, 0xff, 0xff, 0xff, 0xff, 0xff,
    0xff, 0xff, 0xff, 0xff, 0xff, 0xff, 0xff, 0xff, 0xff, 0xff, 0xff, 0xff, 0xff, 0xff, 0xff, 0xff,
    0xff, 0xff, 0xff, 0xff, 0xff, 0xff, 0xff, 0xff, 0xff, 0xff, 0xff, 0xff, 0xff, 0xff, 0xff, 0xff,
    0xff, 0xff, 0xff, 0xff, 0xff, 0xff, 0xff, 0xff, 0xff, 0xff, 0xff, 0xff, 0xff, 0xff, 0xff, 0xff,
    0xff, 0xff, 0xff, 0xff, 0xff, 0xff, 0xff, 0xff, 0xff, 0xff, 0xff, 0xff, 0xff, 0xff, 0xff, 0xff,
    0xff, 0xff, 0xff, 0xff, 0xff, 0xff, 0xff, 0xff, 0xff, 0xff, 0xff, 0xff, 0xff, 0xff, 0xff, 0xff,
    0xff, 0xff, 0xff, 0xff, 0xff, 0xff, 0xff, 0xff, 0xff, 0xff, 0xff, 0xff, 0xff, 0xff, 0xff, 0xff,
    0xff, 0xff, 0xff, 0xff, 0xff, 0xff, 0xff, 0xff, 0xff, 0xff, 0xff, 0xff, 0xff, 0xff, 0xff, 0xff,
    0xff, 0xff, 0xff, 0xff, 0xff, 0xff, 0xff, 0xff, 0xff, 0xff, 0xff, 0xff, 0xff, 0xff, 0xff, 0xff,
    0xff, 0xff, 0xff, 0xff, 0xff, 0xff, 0xff, 0xff, 0xff, 0xff, 0xff, 0xff, 0xff, 0xff, 0xff, 0xff,
    0xff, 0xff, 0xff, 0xff, 0xff, 0xff, 0xff, 0xff, 0xff, 0xff, 0xff, 0xff, 0xff, 0xff, 0xff, 0xff,
    0xff, 0xff, 0xff, 0xff, 0xff, 0xff, 0xff, 0xff, 0xff, 0xff, 0xff, 0xff, 0xff, 0xff, 0xff, 0xff,
    0xff, 0xff, 0xff, 0xff, 0xff, 0xff, 0xff, 0xff, 0xff, 0xff, 0xff, 0xff, 0xff, 0xff, 0xff, 0xff,
    0xff, 0xff, 0xff, 0xff, 0xff, 0xff, 0xff, 0xff, 0xff, 0xff, 0xff, 0xff, 0xff, 0xff, 0xff, 0xff,
    0xff, 0xff, 0xff, 0xff, 0xff, 0xff, 0xff, 0xff, 0xff, 0xff, 0xff, 0xff, 0xff, 0xff, 0xff, 0xff,
    0xff, 0xff, 0xff, 0xff, 0xff, 0xff, 0xff, 0xff, 0xff, 0xff, 0xff, 0xff, 0xff, 0xff, 0xff, 0xff,
    0xff, 0xff, 0xff, 0xff, 0xff, 0xff, 0xff, 0xff, 0xff, 0xff, 0xff, 0xff, 0xff, 0xff, 0xff, 0xff,
    0xff, 0xff, 0xff, 0xff, 0xff, 0xff, 0xff, 0xff, 0xff, 0xff, 0xff, 0xff, 0xff, 0xff, 0xff, 0xff,
    0xff, 0xff, 0xff, 0xff, 0xff, 0xff, 0xff, 0xff, 0xff, 0xff, 0xff, 0xff, 0xff, 0xff, 0xff, 0xff,
    0xff, 0xff, 0xff, 0xff, 0xff, 0xff, 0xff, 0xff, 0xff, 0xff, 0xff, 0xff, 0xff, 0xff, 0xff, 0xff,
    0xff, 0xff, 0xff, 0xff, 0xff, 0xff, 0xff, 0xff, 0xff, 0xff, 0xff, 0xff, 0xff, 0xff, 0xff, 0xff,
    0xff, 0xff, 0xff, 0xff, 0xff, 0xff, 0xff, 0xff, 0xff, 0xff, 0xff, 0xff, 0xff, 0xff, 0xff, 0xff,
    0xff, 0xff, 0xff, 0xff, 0xff, 0xff, 0xff, 0xff, 0xff, 0xff, 0xff, 0xff, 0xff, 0xff, 0xff, 0xff,
    0xff, 0xff, 0xff, 0xff, 0xff, 0xff, 0xff, 0xff, 0xff, 0xff, 0xff, 0xff, 0xff, 0xff, 0xff, 0xff,
    0xff, 0xff, 0xff, 0xff, 0xff, 0xff, 0xff, 0xff, 0xff, 0xff, 0xff, 0xff, 0xff, 0xff, 0xff, 0xff,
    0xff, 0xff, 0xff, 0xff, 0xff, 0xff, 0xff, 0xff, 0xff, 0xff, 0xff, 0xff, 0xff, 0xff, 0xff, 0xff,
    0xff, 0xff, 0xff, 0xff, 0xff, 0xff, 0xff, 0xff, 0xff, 0xff, 0xff, 0xff, 0xff, 0xff, 0xff, 0xff,
    0xff, 0xff, 0xff, 0xff, 0xff, 0xff, 0xff, 0xff, 0xff, 0xff, 0xff, 0xff, 0xff, 0xff, 0xff, 0xff,
    0xff, 0xff, 0xff, 0xff, 0xff, 0xff, 0xff, 0xff, 0xff, 0xff, 0xff, 0xff, 0xff, 0xff, 0xff, 0xff,
    0xff, 0xff, 0xff, 0xff, 0xff, 0xff, 0xff, 0xff, 0xff, 0xff, 0xff, 0xff, 0xff, 0xff, 0xff, 0xff,
    0xff, 0xff, 0xff, 0xff, 0xff, 0xff, 0xff, 0xff, 0xff, 0xff, 0xff, 0xff, 0xff, 0xff, 0xff, 0xff,
    0xff, 0xff, 0xff, 0xff, 0xff, 0xff, 0xff, 0xff, 0xff, 0xff, 0xff, 0xff, 0xff, 0xff, 0xff, 0xff,
    0xff, 0xff, 0xff, 0xff, 0xff, 0xff, 0xff, 0xff, 0xff, 0xff, 0xff, 0xff, 0xff, 0xff, 0xff, 0xff,
    0xff, 0xff, 0xff, 0xff, 0xff, 0xff, 0xff, 0xff, 0xff, 0xff, 0xff, 0xff, 0xff, 0xff, 0xff, 0xff,
    0xff, 0xff, 0xff, 0xff, 0xff, 0xff, 0xff, 0xff, 0xff, 0xff, 0xff, 0xff, 0xff, 0xff, 0xff, 0xff,
    0xff, 0xff, 0xff, 0xff, 0xff, 0xff, 0xff, 0xff, 0xff, 0xff, 0xff, 0xff, 0xff, 0xff, 0xff, 0xff,
    0xff, 0xff, 0xff, 0xff, 0xff, 0xff, 0xff, 0xff, 0xff, 0xff, 0xff, 0xff, 0xff, 0xff, 0xff, 0xff,
    0xff, 0xff, 0xff, 0xff, 0xff, 0xff, 0xff, 0xff, 0xff, 0xff, 0xff, 0xff, 0xff, 0xff, 0xff, 0xff,
    0xff, 0xff, 0xff, 0xff, 0xff, 0xff, 0xff, 0xff, 0xff, 0xff, 0xff, 0xff, 0xff, 0xff, 0xff, 0xff,
    0xff, 0xff, 0xff, 0xff, 0xff, 0xff, 0xff, 0xff, 0xff, 0xff, 0xff, 0xff, 0xff, 0xff, 0xff, 0xff,
    0xff, 0xff, 0xff, 0xff, 0xff, 0xff, 0xff, 0xff, 0xff, 0xff, 0xff, 0xff, 0xff, 0xff, 0xff, 0xff,
    0xff, 0xff, 0xff, 0xff, 0xff, 0xff, 0xff, 0xff, 0xff, 0xff, 0xff, 0xff, 0xff, 0xff, 0xff, 0xff,
    0xff, 0xff, 0xff, 0xff, 0xff, 0xff, 0xff, 0xff, 0xff, 0xff, 0xff, 0xff, 0xff, 0xff, 0xff, 0xff,
    0xff, 0xff, 0xff, 0xff, 0xff, 0xff, 0xff, 0xff, 0xff, 0xff, 0xff, 0xff, 0xff, 0xff, 0xff, 0xff,
    0xff, 0xff, 0xff, 0xff, 0xff, 0xff, 0xff, 0xff, 0xff, 0xff, 0xff, 0xff, 0xff, 0xff, 0xff, 0xff,
    0xff, 0xff, 0xff, 0xff, 0xff, 0xff, 0xff, 0xff, 0xff, 0xff, 0xff, 0xff, 0xff, 0xff, 0xff, 0xff,
    0xff, 0xff, 0xff, 0xff, 0xff, 0xff, 0xff, 0xff, 0xff, 0xff, 0xff, 0xff, 0xff, 0xff, 0xff, 0xff,
    0xff, 0xff, 0xff, 0xff, 0xff, 0xff, 0xff, 0xff, 0xff, 0xff, 0xff, 0xff, 0xff, 0xff, 0xff, 0xff,
    0xff, 0xff, 0xff, 0xff, 0xff, 0xff, 0xff, 0xff, 0xff, 0xff, 0xff, 0xff, 0xff, 0xff, 0xff, 0xff,
    0xff, 0xff, 0xff, 0xff, 0xff, 0xff, 0xff, 0xff, 0xff, 0xff, 0xff, 0xff, 0xff, 0xff, 0xff, 0xff,
    0xff, 0xff, 0xff, 0xff, 0xff, 0xff, 0xff, 0xff, 0xff, 0xff, 0xff, 0xff, 0xff, 0xff, 0xff, 0xff,
    0xff, 0xff, 0xff, 0xff, 0xff, 0xff, 0xff, 0xff, 0xff, 0xff, 0xff, 0xff, 0xff, 0xff, 0xff, 0xff,
    0xff, 0xff, 0xff, 0xff, 0xff, 0xff, 0xff, 0xff, 0xff, 0xff, 0xff, 0xff, 0xff, 0xff, 0xff, 0xff,
    0xff, 0xff, 0xff, 0xff, 0xff, 0xff, 0xff, 0xff, 0xff, 0xff, 0xff, 0xff, 0xff, 0xff, 0xff, 0xff,
    0xff, 0xff, 0xff, 0xff, 0xff, 0xff, 0xff, 0xff, 0xff, 0xff, 0xff, 0xff, 0xff, 0xff, 0xff, 0xff,
    0xff, 0xff, 0xff, 0xff, 0xff, 0xff, 0xff, 0xff, 0xff, 0xff, 0xff, 0xff, 0xff, 0xff, 0xff, 0xff,
    0xff, 0xff, 0xff, 0xff, 0xff, 0xff, 0xff, 0xff, 0xff, 0xff, 0xff, 0xff, 0xff, 0xff, 0xff, 0xff,
    0xff, 0xff, 0xff, 0xff, 0xff, 0xff, 0xff, 0xff, 0xff, 0xff, 0xff, 0xff, 0xff, 0xff, 0xff, 0xff,
    0xff, 0xff, 0xff, 0xff, 0xff, 0xff, 0xff, 0xff, 0xff, 0xff, 0xff, 0xff, 0xff, 0xff, 0xff, 0xff,
    0xff, 0xff, 0xff, 0xff, 0xff, 0xff, 0xff, 0xff, 0xff, 0xff, 0xff, 0xff, 0xff, 0xff, 0xff, 0xff,
    0xff, 0xff, 0xff, 0xff, 0xff, 0xff, 0xff, 0xff, 0xff, 0xff, 0xff, 0xff, 0xff, 0xff, 0xff, 0xff,
    0xff, 0xff, 0xff, 0xff, 0xff, 0xff, 0xff, 0xff, 0xff, 0xff, 0xff, 0xff, 0xff, 0xff, 0xff, 0xff,
    0xff, 0xff, 0xff, 0xff, 0xff, 0xff, 0xff, 0xff, 0xff, 0xff, 0xff, 0xff, 0xff, 0xff, 0xff, 0xff,
    0xff, 0xff, 0xff, 0xff, 0xff, 0xff, 0xff, 0xff, 0xff, 0xff, 0xff, 0xff, 0xff, 0xff, 0xff, 0xff,
    0xff, 0xff, 0xff, 0xff, 0xff, 0xff, 0xff, 0xff, 0xff, 0xff, 0xff, 0xff, 0xff, 0xff, 0xff, 0xff,
    0xff, 0xff, 0xff, 0xff, 0xff, 0xff, 0xff, 0xff, 0xff, 0xff, 0xff, 0xff, 0xff, 0xff, 0xff, 0xff,
    0xff, 0xff, 0xff, 0xff, 0xff, 0xff, 0xff, 0xff, 0xff, 0xff, 0xff, 0xff, 0xff, 0xff, 0xff, 0xff,
    0xff, 0xff, 0xff, 0xff, 0xff, 0xff, 0xff, 0xff, 0xff, 0xff, 0xff, 0xff, 0xff, 0xff, 0xff, 0xff,
    0xff, 0xff, 0xff, 0xff, 0xff, 0xff, 0xff, 0xff, 0xff, 0xff, 0xff, 0xff, 0xff, 0xff, 0xff, 0xff,
    0xff, 0xff, 0xff, 0xff, 0xff, 0xff, 0xff, 0xff, 0xff, 0xff, 0xff, 0xff, 0xff, 0xff, 0xff, 0xff,
    0xff, 0xff, 0xff, 0xff, 0xff, 0xff, 0xff, 0xff, 0xff, 0xff, 0xff, 0xff, 0xff, 0xff, 0xff, 0xff,
    0xff, 0xff, 0xff, 0xff, 0xff, 0xff, 0xff, 0xff, 0xff, 0xff, 0xff, 0xff, 0xff, 0xff, 0xff, 0xff,
    0xff, 0xff, 0xff, 0xff, 0xff, 0xff, 0xff, 0xff, 0xff, 0xff, 0xff, 0xff, 0xff, 0xff, 0xff, 0xff,
    0xff, 0xff, 0xff, 0xff, 0xff, 0xff, 0xff, 0xff, 0xff, 0xff, 0xff, 0xff, 0xff, 0xff, 0xff, 0xff,
    0xff, 0xff, 0xff, 0xff, 0xff, 0xff, 0xff, 0xff, 0xff, 0xff, 0xff, 0xff, 0xff, 0xff, 0xff, 0xff,
    0xff, 0xff, 0xff, 0xff, 0xff, 0xff, 0xff, 0xff, 0xff, 0xff, 0xff, 0xff, 0xff, 0xff, 0xff, 0xff,
    0xff, 0xff, 0xff, 0xff, 0xff, 0xff, 0xff, 0xff, 0xff, 0xff, 0xff, 0xff, 0xff, 0xff, 0xff, 0xff,
    0xff, 0xff, 0xff, 0xff, 0xff, 0xff, 0xff, 0xff, 0xff, 0xff, 0xff, 0xff, 0xff, 0xff, 0xff, 0xff,
    0xff, 0xff, 0xff, 0xff, 0xff, 0xff, 0xff, 0xff, 0xff, 0xff, 0xff, 0xff, 0xff, 0xff, 0xff, 0xff,
    0xff, 0xff, 0xff, 0xff, 0xff, 0xff, 0xff, 0xff, 0xff, 0xff, 0xff, 0xff, 0xff, 0xff, 0xff, 0xff,
    0xff, 0xff, 0xff, 0xff, 0xff, 0xff, 0xff, 0xff, 0xff, 0xff, 0xff, 0xff, 0xff, 0xff, 0xff, 0xff,
    0x7f, 0xff, 0xff, 0xff, 0xff, 0xff, 0xff, 0xff, 0xff, 0xff, 0xff, 0xff, 0xff, 0xff, 0xff, 0xff,
    0xff, 0xff, 0xff, 0xff, 0xff, 0xff, 0xff, 0xff, 0xff, 0xff, 0xff, 0xff, 0xff, 0xff, 0xff, 0xff,
    0xff, 0xff, 0xff, 0xff, 0xff, 0xff, 0xff, 0xff, 0xff, 0xff, 0xff, 0xff, 0xff, 0xff, 0xff, 0xff,
    0xff, 0xff, 0xff, 0xff, 0xff, 0xff, 0xff, 0xff, 0xff, 0xff, 0xff, 0xff,
};

/* sItemGet: 2 masks of 30 bytes */
static const uint8_t s_mask_sItemGet[60] = {
    0x1f, 0xff, 0xc6, 0x1f, 0xff, 0xee, 0x1f, 0xff, 0xfe, 0x5f, 0xff, 0xfe, 0xff, 0xff, 0xfe, 0xff,
    0xff, 0xfe, 0xff, 0xff, 0xfe, 0x5f, 0xff, 0xfe, 0x1f, 0xff, 0xfe, 0x1f, 0xff, 0xfe,
    0x1f, 0xff, 0xc6, 0x1f, 0xff, 0xee, 0x1f, 0xff, 0xfe, 0x5f, 0xff, 0xfe, 0xff, 0xff, 0xfe, 0xff,
    0xff, 0xfe, 0xff, 0xff, 0xfe, 0x5f, 0xff, 0xfe, 0x1f, 0xff, 0xfe, 0x1f, 0xff, 0xfe,
};

/* sJawsBody1L: 1 masks of 180 bytes */
static const uint8_t s_mask_sJawsBody1L[180] = {
    0x00, 0x7f, 0xf8, 0x00, 0x00, 0x00, 0x03, 0xff, 0xfc, 0x00, 0x00, 0x00, 0x1f, 0xff, 0xfc, 0x00,
    0x00, 0x00, 0xff, 0xff, 0xfc, 0x00, 0x00, 0x00, 0xff, 0xff, 0xfc, 0x00, 0x00, 0x00, 0xff, 0xff,
    0xfe, 0x00, 0x00, 0x00, 0xff, 0xff, 0xff, 0x80, 0x00, 0x00, 0xff, 0xff, 0xff, 0xe0, 0x00, 0x00,
    0xff, 0xff, 0xff, 0xf0, 0x00, 0xc0, 0xff, 0xff, 0xff, 0xf8, 0x01, 0xc0, 0xff, 0xff, 0xff, 0xfc,
    0x03, 0xc0, 0xff, 0xff, 0xff, 0xfe, 0x07, 0xc0, 0xff, 0xff, 0xff, 0xff, 0x1f, 0x80, 0xff, 0xff,
    0xff, 0xff, 0xff, 0x80, 0xff, 0xff, 0xff, 0xff, 0xff, 0x80, 0xff, 0xff, 0xff, 0xff, 0xff, 0x80,
    0xff, 0xff, 0xff, 0xff, 0xff, 0x80, 0xff, 0xff, 0xff, 0xff, 0xff, 0x80, 0xff, 0xff, 0xff, 0xff,
    0xff, 0x80, 0xff, 0xff, 0xff, 0xff, 0xff, 0x80, 0xff, 0xff, 0xff, 0xff, 0xbf, 0x80, 0xff, 0xff,
    0xff, 0xfe, 0x0f, 0x80, 0xff, 0xff, 0xff, 0xf8, 0x03, 0xc0, 0xff, 0xff, 0xff, 0xf0, 0x01, 0xc0,
    0xff, 0xff, 0xff, 0xe0, 0x00, 0xc0, 0xff, 0xff, 0xff, 0x80, 0x00, 0x00, 0xff, 0xff, 0xbf, 0x80,
    0x00, 0x00, 0xff, 0xe0, 0x1f, 0x00, 0x00, 0x00, 0x1f, 0xe0, 0x00, 0x00, 0x00, 0x00, 0x07, 0xc0,
    0x00, 0x00, 0x00, 0x00,
};

/* sJawsBody1R: 1 masks of 180 bytes */
static const uint8_t s_mask_sJawsBody1R[180] = {
    0x00, 0x00, 0x07, 0xff, 0x80, 0x00, 0x00, 0x00, 0x0f, 0xff, 0xf0, 0x00, 0x00, 0x00, 0x0f, 0xff,
    0xfe, 0x00, 0x00, 0x00, 0x0f, 0xff, 0xff, 0xc0, 0x00, 0x00, 0x0f, 0xff, 0xff, 0xc0, 0x00, 0x00,
    0x1f, 0xff, 0xff, 0xc0, 0x00, 0x00, 0x7f, 0xff, 0xff, 0xc0, 0x00, 0x01, 0xff, 0xff, 0xff, 0xc0,
    0xc0, 0x03, 0xff, 0xff, 0xff, 0xc0, 0xe0, 0x07, 0xff, 0xff, 0xff, 0xc0, 0xf0, 0x0f, 0xff, 0xff,
    0xff, 0xc0, 0xf8, 0x1f, 0xff, 0xff, 0xff, 0xc0, 0x7e, 0x3f, 0xff, 0xff, 0xff, 0xc0, 0x7f, 0xff,
    0xff, 0xff, 0xff, 0xc0, 0x7f, 0xff, 0xff, 0xff, 0xff, 0xc0, 0x7f, 0xff, 0xff, 0xff, 0xff, 0xc0,
    0x7f, 0xff, 0xff, 0xff, 0xff, 0xc0, 0x7f, 0xff, 0xff, 0xff, 0xff, 0xc0, 0x7f, 0xff, 0xff, 0xff,
    0xff, 0xc0, 0x7f, 0xff, 0xff, 0xff, 0xff, 0xc0, 0x7f, 0x7f, 0xff, 0xff, 0xff, 0xc0, 0x7c, 0x1f,
    0xff, 0xff, 0xff, 0xc0, 0xf0, 0x07, 0xff, 0xff, 0xff, 0xc0, 0xe0, 0x03, 0xff, 0xff, 0xff, 0xc0,
    0xc0, 0x01, 0xff, 0xff, 0xff, 0xc0, 0x00, 0x00, 0x7f, 0xff, 0xff, 0xc0, 0x00, 0x00, 0x7f, 0x7f,
    0xff, 0xc0, 0x00, 0x00, 0x3e, 0x01, 0xff, 0xc0, 0x00, 0x00, 0x00, 0x01, 0xfe, 0x00, 0x00, 0x00,
    0x00, 0x00, 0xf8, 0x00,
};

/* sJawsBody2L: 1 masks of 180 bytes */
static const uint8_t s_mask_sJawsBody2L[180] = {
    0x00, 0x7f, 0xf8, 0x00, 0x00, 0x00, 0x03, 0xff, 0xfc, 0x00, 0x00, 0x00, 0x1f, 0xff, 0xfc, 0x00,
    0x00, 0x00, 0xff, 0xff, 0xfc, 0x00, 0x00, 0x00, 0xff, 0xff, 0xfc, 0x00, 0x00, 0x00, 0xff, 0xff,
    0xfc, 0xc0, 0x00, 0x00, 0xff, 0xff, 0xf9, 0xc0, 0x00, 0x00, 0xff, 0xff, 0xfb, 0x90, 0x00, 0x00,
    0xff, 0xff, 0xff, 0xb8, 0x00, 0xc0, 0xff, 0xff, 0xff, 0x7d, 0x01, 0xc0, 0xff, 0xff, 0xff, 0xff,
    0x03, 0xc0, 0xff, 0xff, 0xff, 0xff, 0x87, 0xc0, 0xff, 0xff, 0xff, 0xff, 0x9f, 0x80, 0xff, 0xff,
    0xff, 0xff, 0xff, 0x80, 0xff, 0xff, 0xff, 0xff, 0xff, 0x80, 0xff, 0xff, 0xff, 0xff, 0xff, 0x80,
    0xff, 0xff, 0xff, 0xff, 0xff, 0x80, 0xff, 0xff, 0xff, 0xff, 0xff, 0x80, 0xff, 0xff, 0xff, 0xff,
    0xff, 0x80, 0xff, 0xff, 0xff, 0xff, 0xff, 0x80, 0xff, 0xff, 0xff, 0xff, 0xbf, 0x80, 0xff, 0xff,
    0xff, 0xfe, 0x0f, 0x80, 0xff, 0xff, 0xff, 0xf8, 0x03, 0xc0, 0xff, 0xff, 0xff, 0xf0, 0x01, 0xc0,
    0xff, 0xff, 0xff, 0xe0, 0x00, 0xc0, 0xff, 0xff, 0xff, 0x80, 0x00, 0x00, 0xff, 0xff, 0xbf, 0x80,
    0x00, 0x00, 0xff, 0xe0, 0x1f, 0x00, 0x00, 0x00, 0x1f, 0xe0, 0x00, 0x00, 0x00, 0x00, 0x07, 0xc0,
    0x00, 0x00, 0x00, 0x00,
};

/* sJawsBody2R: 1 masks of 180 bytes */
static const uint8_t s_mask_sJawsBody2R[180] = {
    0x00, 0x00, 0x07, 0xff, 0x80, 0x00, 0x00, 0x00, 0x0f, 0xff, 0xf0, 0x00, 0x00, 0x00, 0x0f, 0xff,
    0xfe, 0x00, 0x00, 0x00, 0x0f, 0xff, 0xff, 0xc0, 0x00, 0x00, 0x0f, 0xff, 0xff, 0xc0, 0x00, 0x00,
    0xcf, 0xff, 0xff, 0xc0, 0x00, 0x00, 0xe7, 0xff, 0xff, 0xc0, 0x00, 0x02, 0x77, 0xff, 0xff, 0xc0,
    0xc0, 0x07, 0x7f, 0xff, 0xff, 0xc0, 0xe0, 0x2f, 0xbf, 0xff, 0xff, 0xc0, 0xf0, 0x3f, 0xff, 0xff,
    0xff, 0xc0, 0xf8, 0x7f, 0xff, 0xff, 0xff, 0xc0, 0x7e, 0x7f, 0xff, 0xff, 0xff, 0xc0, 0x7f, 0xff,
    0xff, 0xff, 0xff, 0xc0, 0x7f, 0xff, 0xff, 0xff, 0xff, 0xc0, 0x7f, 0xff, 0xff, 0xff, 0xff, 0xc0,
    0x7f, 0xff, 0xff, 0xff, 0xff, 0xc0, 0x7f, 0xff, 0xff, 0xff, 0xff, 0xc0, 0x7f, 0xff, 0xff, 0xff,
    0xff, 0xc0, 0x7f, 0xff, 0xff, 0xff, 0xff, 0xc0, 0x7f, 0x7f, 0xff, 0xff, 0xff, 0xc0, 0x7c, 0x1f,
    0xff, 0xff, 0xff, 0xc0, 0xf0, 0x07, 0xff, 0xff, 0xff, 0xc0, 0xe0, 0x03, 0xff, 0xff, 0xff, 0xc0,
    0xc0, 0x01, 0xff, 0xff, 0xff, 0xc0, 0x00, 0x00, 0x7f, 0xff, 0xff, 0xc0, 0x00, 0x00, 0x7f, 0x7f,
    0xff, 0xc0, 0x00, 0x00, 0x3e, 0x01, 0xff, 0xc0, 0x00, 0x00, 0x00, 0x01, 0xfe, 0x00, 0x00, 0x00,
    0x00, 0x00, 0xf8, 0x00,
};

/* sJawsBody3L: 1 masks of 180 bytes */
static const uint8_t s_mask_sJawsBody3L[180] = {
    0x00, 0x7f, 0xf8, 0x00, 0x00, 0x00, 0x03, 0xff, 0xfc, 0x00, 0x00, 0x00, 0x1f, 0xff, 0xfc, 0x00,
    0x00, 0x00, 0xff, 0xff, 0xfc, 0x00, 0x00, 0x00, 0xff, 0xff, 0xfc, 0x00, 0x00, 0x00, 0xff, 0xff,
    0xfc, 0xc0, 0x00, 0x00, 0xff, 0xff, 0xf9, 0xc0, 0x00, 0x00, 0xff, 0xff, 0xfb, 0x90, 0x00, 0x00,
    0xff, 0xff, 0xff, 0xb8, 0x00, 0xc0, 0xff, 0xff, 0xff, 0x7d, 0x01, 0xc0, 0xff, 0xff, 0xff, 0xff,
    0x03, 0xc0, 0xff, 0xff, 0xff, 0xff, 0x87, 0xc0, 0xff, 0xff, 0xff, 0xff, 0x9f, 0x80, 0xff, 0xff,
    0xff, 0xff, 0xff, 0x80, 0xff, 0xff, 0xff, 0xff, 0xff, 0x80, 0xff, 0xff, 0xff, 0xff, 0xff, 0x80,
    0xff, 0xff, 0xff, 0xff, 0xff, 0x80, 0xff, 0xff, 0xff, 0xff, 0xff, 0x80, 0xff, 0xff, 0xff, 0xff,
    0xff, 0xc0, 0xff, 0xff, 0xff, 0xff, 0xff, 0x80, 0xff, 0xff, 0xff, 0xff, 0x4f, 0xc0, 0xff, 0xff,
    0xff, 0xfe, 0x07, 0xe0, 0xff, 0xff, 0xff, 0xf8, 0x01, 0xc0, 0xff, 0xff, 0xff, 0xf0, 0x00, 0x00,
    0xff, 0xff, 0xff, 0xe0, 0x00, 0x00, 0xff, 0xff, 0xff, 0x80, 0x00, 0x00, 0xff, 0xff, 0xbf, 0x80,
    0x00, 0x00, 0xff, 0xe0, 0x1f, 0x00, 0x00, 0x00, 0x1f, 0xe0, 0x00, 0x00, 0x00, 0x00, 0x07, 0xc0,
    0x00, 0x00, 0x00, 0x00,
};

/* sJawsBody3R: 1 masks of 180 bytes */
static const uint8_t s_mask_sJawsBody3R[180] = {
    0x00, 0x00, 0x03, 0xff, 0xc0, 0x00, 0x00, 0x00, 0x07, 0xff, 0xf8, 0x00, 0x00, 0x00, 0x07, 0xff,
    0xff, 0x00, 0x00, 0x00, 0x07, 0xff, 0xff, 0xe0, 0x00, 0x00, 0x07, 0xff, 0xff, 0xe0, 0x00, 0x00,
    0x67, 0xff, 0xff, 0xe0, 0x00, 0x00, 0x73, 0xff, 0xff, 0xe0, 0x00, 0x01, 0x3b, 0xff, 0xff, 0xe0,
    0x60, 0x03, 0xbf, 0xff, 0xff, 0xe0, 0x70, 0x17, 0xdf, 0xff, 0xff, 0xe0, 0x78, 0x1f, 0xff, 0xff,
    0xff, 0xe0, 0x7c, 0x3f, 0xff, 0xff, 0xff, 0xe0, 0x3f, 0x3f, 0xff, 0xff, 0xff, 0xe0, 0x3f, 0xff,
    0xff, 0xff, 0xff, 0xe0, 0x3f, 0xff, 0xff, 0xff, 0xff, 0xe0, 0x3f, 0xff, 0xff, 0xff, 0xff, 0xe0,
    0x3f, 0xff, 0xff, 0xff, 0xff, 0xe0, 0x3f, 0xff, 0xff, 0xff, 0xff, 0xe0, 0x7f, 0xff, 0xff, 0xff,
    0xff, 0xe0, 0x3f, 0xff, 0xff, 0xff, 0xff, 0xe0, 0x7e, 0x5f, 0xff, 0xff, 0xff, 0xe0, 0xfc, 0x0f,
    0xff, 0xff, 0xff, 0xe0, 0x70, 0x03, 0xff, 0xff, 0xff, 0xe0, 0x00, 0x01, 0xff, 0xff, 0xff, 0xe0,
    0x00, 0x00, 0xff, 0xff, 0xff, 0xe0, 0x00, 0x00, 0x3f, 0xff, 0xff, 0xe0, 0x00, 0x00, 0x3f, 0xbf,
    0xff, 0xe0, 0x00, 0x00, 0x1f, 0x00, 0xff, 0xe0, 0x00, 0x00, 0x00, 0x00, 0xff, 0x00, 0x00, 0x00,
    0x00, 0x00, 0x7c, 0x00,
};

/* sJawsLeft: 9 masks of 52 bytes */
static const uint8_t s_mask_sJawsLeft[468] = {
    0x00, 0x0c, 0x01, 0xfc, 0x07, 0xfc, 0x0f, 0xfc, 0x1f, 0xfc, 0x1f, 0xfc, 0x3f, 0xfc, 0x3f, 0xfc,
    0x7f, 0xfc, 0x7f, 0xfc, 0xff, 0xfc, 0xff, 0xfc, 0xff, 0xfc, 0xff, 0xfc, 0xff, 0xfc, 0xff, 0xfc,
    0x7f, 0xfc, 0x1f, 0xfc, 0x07, 0xfc, 0x5f, 0xfc, 0xff, 0xfc, 0xff, 0xfc, 0xff, 0xfc, 0xff, 0xfc,
    0x7f, 0xfc, 0x3f, 0xf0,
    0x00, 0x0c, 0x01, 0xfc, 0x07, 0xfc, 0x0f, 0xfc, 0x1f, 0xfc, 0x1f, 0xfc, 0x3f, 0xfc, 0x3f, 0xfc,
    0x7f, 0xfc, 0x7f, 0xfc, 0xff, 0xfc, 0xff, 0xfc, 0xff, 0xfc, 0xff, 0xfc, 0xff, 0xfc, 0xff, 0xfc,
    0x7f, 0xfc, 0x1f, 0xfc, 0x07, 0xfc, 0x5f, 0xfc, 0xff, 0xfc, 0xff, 0xfc, 0xff, 0xfc, 0xff, 0xfc,
    0x7f, 0xfc, 0x3f, 0xf0,
    0x00, 0x0c, 0x01, 0xfc, 0x07, 0xfc, 0x0f, 0xfc, 0x1f, 0xfc, 0x1f, 0xfc, 0x3f, 0xfc, 0x3f, 0xfc,
    0x7f, 0xfc, 0x7f, 0xfc, 0xff, 0xfc, 0xff, 0xfc, 0xff, 0xfc, 0xff, 0xfc, 0xff, 0xfc, 0xff, 0xfc,
    0x7f, 0xfc, 0x1f, 0xfc, 0x07, 0xfc, 0x5f, 0xfc, 0xff, 0xfc, 0xff, 0xfc, 0xff, 0xfc, 0xff, 0xfc,
    0x7f, 0xfc, 0x3f, 0xf0,
    0x00, 0x0c, 0x01, 0xfc, 0x07, 0xfc, 0x0f, 0xfc, 0x1f, 0xfc, 0x1f, 0xfc, 0x3f, 0xfc, 0x3f, 0xfc,
    0x7f, 0xfc, 0x7f, 0xfc, 0xff, 0xfc, 0xff, 0xfc, 0xff, 0xfc, 0xff, 0xfc, 0xff, 0xfc, 0xff, 0xfc,
    0x7f, 0xfc, 0x1f, 0xfc, 0x07, 0xfc, 0x5f, 0xfc, 0xff, 0xfc, 0xff, 0xfc, 0xff, 0xfc, 0xff, 0xfc,
    0x7f, 0xfc, 0x3f, 0xf0,
    0x00, 0x0c, 0x01, 0xfc, 0x07, 0xfc, 0x0f, 0xfc, 0x1f, 0xfc, 0x1f, 0xfc, 0x3f, 0xfc, 0x3f, 0xfc,
    0x7f, 0xfc, 0x7f, 0xfc, 0xff, 0xfc, 0xff, 0xfc, 0xff, 0xfc, 0xff, 0xfc, 0xff, 0xfc, 0xff, 0xfc,
    0x7f, 0xfc, 0x1f, 0xfc, 0x07, 0xfc, 0x5f, 0xfc, 0xff, 0xfc, 0xff, 0xfc, 0xff, 0xfc, 0xff, 0xfc,
    0x7f, 0xfc, 0x3f, 0xf0,
    0x00, 0x3c, 0x00, 0xfc, 0x03, 0xfc, 0x07, 0xfc, 0x0f, 0xfc, 0x1f, 0xfc, 0x1f, 0xfc, 0x3f, 0xfc,
    0x3f, 0xfc, 0x7f, 0xfc, 0x7f, 0xfc, 0xff, 0xfc, 0xff, 0xfc, 0xff, 0xfc, 0xff, 0xfc, 0xff, 0xfc,
    0xff, 0xfc, 0x7f, 0xfc, 0xff, 0xfc, 0xff, 0xfc, 0xff, 0xfc, 0xff, 0xfc, 0x7f, 0xfc, 0x3f, 0xfc,
    0x1f, 0xfc, 0x07, 0xf0,
    0x00, 0x3c, 0x00, 0xfc, 0x01, 0xfc, 0x03, 0xfc, 0x07, 0xfc, 0x0f, 0xfc, 0x1f, 0xfc, 0x1f, 0xfc,
    0x3f, 0xfc, 0x3f, 0xfc, 0x7f, 0xfc, 0x7f, 0xfc, 0xff, 0xfc, 0xff, 0xfc, 0xff, 0xfc, 0xff, 0xfc,
    0xff, 0xfc, 0xff, 0xfc, 0xff, 0xfc, 0xff, 0xfc, 0xff, 0xfc, 0x7f, 0xfc, 0x3f, 0xfc, 0x1f, 0xfc,
    0x07, 0xfc, 0x00, 0x00,
    0x00, 0x0c, 0x01, 0xfc, 0x07, 0xfc, 0x0f, 0xfc, 0x1f, 0xfc, 0x1f, 0xfc, 0x3f, 0xfc, 0x3f, 0xfc,
    0x7f, 0xfc, 0x7f, 0xfc, 0xff, 0xfc, 0xff, 0xfc, 0xff, 0xfc, 0xff, 0xfc, 0xff, 0xfc, 0xff, 0xfc,
    0x7f, 0xfc, 0x1f, 0xfc, 0x07, 0xfc, 0x5f, 0xfc, 0xff, 0xfc, 0xff, 0xfc, 0xff, 0xfc, 0xff, 0xfc,
    0x7f, 0xfc, 0x3f, 0xf0,
    0x00, 0x3c, 0x00, 0xfc, 0x03, 0xfc, 0x07, 0xfc, 0x0f, 0xfc, 0x1f, 0xfc, 0x1f, 0xfc, 0x3f, 0xfc,
    0x3f, 0xfc, 0x7f, 0xfc, 0x7f, 0xfc, 0xff, 0xfc, 0xff, 0xfc, 0xff, 0xfc, 0xff, 0xfc, 0xff, 0xfc,
    0xff, 0xfc, 0x7f, 0xfc, 0xff, 0xfc, 0xff, 0xfc, 0xff, 0xfc, 0xff, 0xfc, 0x7f, 0xfc, 0x3f, 0xfc,
    0x1f, 0xfc, 0x07, 0xf0,
};

/* sJawsRight: 9 masks of 52 bytes */
static const uint8_t s_mask_sJawsRight[468] = {
    0xc0, 0x00, 0xfe, 0x00, 0xff, 0x80, 0xff, 0xc0, 0xff, 0xe0, 0xff, 0xe0, 0xff, 0xf0, 0xff, 0xf0,
    0xff, 0xf8, 0xff, 0xf8, 0xff, 0xfc, 0xff, 0xfc, 0xff, 0xfc, 0xff, 0xfc, 0xff, 0xfc, 0xff, 0xfc,
    0xff, 0xf8, 0xff, 0xe0, 0xff, 0x80, 0xff, 0xe8, 0xff, 0xfc, 0xff, 0xfc, 0xff, 0xfc, 0xff, 0xfc,
    0xff, 0xf8, 0x3f, 0xf0,
    0xc0, 0x00, 0xfe, 0x00, 0xff, 0x80, 0xff, 0xc0, 0xff, 0xe0, 0xff, 0xe0, 0xff, 0xf0, 0xff, 0xf0,
    0xff, 0xf8, 0xff, 0xf8, 0xff, 0xfc, 0xff, 0xfc, 0xff, 0xfc, 0xff, 0xfc, 0xff, 0xfc, 0xff, 0xfc,
    0xff, 0xf8, 0xff, 0xe0, 0xff, 0x80, 0xff, 0xe8, 0xff, 0xfc, 0xff, 0xfc, 0xff, 0xfc, 0xff, 0xfc,
    0xff, 0xf8, 0x3f, 0xf0,
    0xc0, 0x00, 0xfe, 0x00, 0xff, 0x80, 0xff, 0xc0, 0xff, 0xe0, 0xff, 0xe0, 0xff, 0xf0, 0xff, 0xf0,
    0xff, 0xf8, 0xff, 0xf8, 0xff, 0xfc, 0xff, 0xfc, 0xff, 0xfc, 0xff, 0xfc, 0xff, 0xfc, 0xff, 0xfc,
    0xff, 0xf8, 0xff, 0xe0, 0xff, 0x80, 0xff, 0xe8, 0xff, 0xfc, 0xff, 0xfc, 0xff, 0xfc, 0xff, 0xfc,
    0xff, 0xf8, 0x3f, 0xf0,
    0xc0, 0x00, 0xfe, 0x00, 0xff, 0x80, 0xff, 0xc0, 0xff, 0xe0, 0xff, 0xe0, 0xff, 0xf0, 0xff, 0xf0,
    0xff, 0xf8, 0xff, 0xf8, 0xff, 0xfc, 0xff, 0xfc, 0xff, 0xfc, 0xff, 0xfc, 0xff, 0xfc, 0xff, 0xfc,
    0xff, 0xf8, 0xff, 0xe0, 0xff, 0x80, 0xff, 0xe8, 0xff, 0xfc, 0xff, 0xfc, 0xff, 0xfc, 0xff, 0xfc,
    0xff, 0xf8, 0x3f, 0xf0,
    0xc0, 0x00, 0xfe, 0x00, 0xff, 0x80, 0xff, 0xc0, 0xff, 0xe0, 0xff, 0xe0, 0xff, 0xf0, 0xff, 0xf0,
    0xff, 0xf8, 0xff, 0xf8, 0xff, 0xfc, 0xff, 0xfc, 0xff, 0xfc, 0xff, 0xfc, 0xff, 0xfc, 0xff, 0xfc,
    0xff, 0xf8, 0xff, 0xe0, 0xff, 0x80, 0xff, 0xe8, 0xff, 0xfc, 0xff, 0xfc, 0xff, 0xfc, 0xff, 0xfc,
    0xff, 0xf8, 0x3f, 0xf0,
    0xf0, 0x00, 0xfc, 0x00, 0xff, 0x00, 0xff, 0x80, 0xff, 0xc0, 0xff, 0xe0, 0xff, 0xe0, 0xff, 0xf0,
    0xff, 0xf0, 0xff, 0xf8, 0xff, 0xf8, 0xff, 0xfc, 0xff, 0xfc, 0xff, 0xfc, 0xff, 0xfc, 0xff, 0xfc,
    0xff, 0xfc, 0xff, 0xf8, 0xff, 0xfc, 0xff, 0xfc, 0xff, 0xfc, 0xff, 0xfc, 0xff, 0xf8, 0xff, 0xf0,
    0xff, 0xe0, 0x3f, 0x80,
    0xf0, 0x00, 0xfc, 0x00, 0xfe, 0x00, 0xff, 0x00, 0xff, 0x80, 0xff, 0xc0, 0xff, 0xe0, 0xff, 0xe0,
    0xff, 0xf0, 0xff, 0xf0, 0xff, 0xf8, 0xff, 0xf8, 0xff, 0xfc, 0xff, 0xfc, 0xff, 0xfc, 0xff, 0xfc,
    0xff, 0xfc, 0xff, 0xfc, 0xff, 0xfc, 0xff, 0xfc, 0xff, 0xfc, 0xff, 0xf8, 0xff, 0xf0, 0xff, 0xe0,
    0xff, 0x80, 0x00, 0x00,
    0xc0, 0x00, 0xfe, 0x00, 0xff, 0x80, 0xff, 0xc0, 0xff, 0xe0, 0xff, 0xe0, 0xff, 0xf0, 0xff, 0xf0,
    0xff, 0xf8, 0xff, 0xf8, 0xff, 0xfc, 0xff, 0xfc, 0xff, 0xfc, 0xff, 0xfc, 0xff, 0xfc, 0xff, 0xfc,
    0xff, 0xf8, 0xff, 0xe0, 0xff, 0x80, 0xff, 0xe8, 0xff, 0xfc, 0xff, 0xfc, 0xff, 0xfc, 0xff, 0xfc,
    0xff, 0xf8, 0x3f, 0xf0,
    0xf0, 0x00, 0xfc, 0x00, 0xff, 0x00, 0xff, 0x80, 0xff, 0xc0, 0xff, 0xe0, 0xff, 0xe0, 0xff, 0xf0,
    0xff, 0xf0, 0xff, 0xf8, 0xff, 0xf8, 0xff, 0xfc, 0xff, 0xfc, 0xff, 0xfc, 0xff, 0xfc, 0xff, 0xfc,
    0xff, 0xfc, 0xff, 0xf8, 0xff, 0xfc, 0xff, 0xfc, 0xff, 0xfc, 0xff, 0xfc, 0xff, 0xf8, 0xff, 0xf0,
    0xff, 0xe0, 0x3f, 0x80,
};

/* sJawsTurnL: 6 masks of 210 bytes */
static const uint8_t s_mask_sJawsTurnL[1260] = {
    0x00, 0x00, 0x1f, 0xe0, 0x00, 0x00, 0x00, 0x00, 0x00, 0x3f, 0xfc, 0x00, 0x00, 0x00, 0x00, 0x00,
    0x3f, 0xff, 0x80, 0x00, 0x00, 0x00, 0x00, 0x3f, 0xff, 0xff, 0xe0, 0x00, 0x00, 0x00, 0x3f, 0xff,
    0xff, 0xf8, 0x00, 0x00, 0x00, 0x7f, 0xff, 0xff, 0xfc, 0x00, 0x00, 0x00, 0xff, 0xff, 0xff, 0xfe,
    0x00, 0x00, 0x01, 0xff, 0xff, 0xff, 0xfe, 0x00, 0x60, 0x03, 0xff, 0xff, 0xff, 0xff, 0x00, 0x70,
    0x07, 0xff, 0xff, 0xff, 0xff, 0x00, 0x78, 0x0f, 0xff, 0xff, 0xff, 0xff, 0x80, 0x7c, 0x1f, 0xff,
    0xff, 0xff, 0xff, 0x80, 0x3e, 0x3f, 0xff, 0xff, 0xff, 0xff, 0xc0, 0x3f, 0xff, 0xff, 0xff, 0xff,
    0xff, 0xc0, 0x3f, 0xff, 0xff, 0xff, 0xff, 0xff, 0xc0, 0x3f, 0xff, 0xff, 0xff, 0xff, 0xff, 0xc0,
    0x3f, 0xff, 0xff, 0xff, 0xff, 0xff, 0xc0, 0x3f, 0xff, 0xff, 0xff, 0xff, 0xff, 0x80, 0x3f, 0xff,
    0xff, 0xff, 0xff, 0xff, 0x80, 0x3f, 0xff, 0xff, 0xff, 0xff, 0xff, 0x80, 0x3f, 0x7f, 0xff, 0xff,
    0xff, 0xff, 0xc0, 0x3c, 0x1f, 0xff, 0xff, 0xff, 0xff, 0xc0, 0x78, 0x07, 0xff, 0xff, 0xff, 0xff,
    0xc0, 0x70, 0x03, 0xff, 0xff, 0xff, 0xff, 0xc0, 0x60, 0x01, 0xff, 0xff, 0xff, 0xff, 0xc0, 0x00,
    0x01, 0xff, 0xff, 0xff, 0xff, 0xc0, 0x00, 0x01, 0xfd, 0xff, 0xff, 0xff, 0x80, 0x00, 0x00, 0xf8,
    0x7f, 0xff, 0xff, 0x00, 0x00, 0x00, 0x00, 0x7f, 0xfc, 0x00, 0x00, 0x00, 0x00, 0x00, 0x3f, 0xe0,
    0x00, 0x00,
    0x00, 0x00, 0xfc, 0x00, 0x00, 0x00, 0x00, 0x00, 0x01, 0xff, 0x80, 0x00, 0x00, 0x00, 0x00, 0x01,
    0xff, 0xf0, 0x00, 0x00, 0x00, 0x00, 0x01, 0xff, 0xff, 0xf0, 0x00, 0x00, 0x00, 0x01, 0xff, 0xff,
    0xfc, 0x00, 0x00, 0x00, 0x03, 0xff, 0xff, 0xfe, 0x00, 0x00, 0x00, 0x07, 0xff, 0xff, 0xff, 0x00,
    0x00, 0x00, 0x0f, 0xff, 0xff, 0xff, 0x00, 0x00, 0x06, 0x0f, 0xff, 0xff, 0xff, 0x80, 0x00, 0x07,
    0x1f, 0xff, 0xff, 0xff, 0x80, 0x00, 0x07, 0x9f, 0xff, 0xff, 0xff, 0xc0, 0x00, 0x07, 0xff, 0xff,
    0xff, 0xff, 0xc0, 0x00, 0x03, 0xff, 0xff, 0xff, 0xff, 0xe0, 0x00, 0x03, 0xff, 0xff, 0xff, 0xff,
    0xe0, 0x00, 0x03, 0xff, 0xff, 0xff, 0xff, 0xe0, 0x00, 0x03, 0xff, 0xff, 0xff, 0xff, 0xe0, 0x00,
    0x03, 0xff, 0xff, 0xff, 0xff, 0xe0, 0x00, 0x03, 0xff, 0xff, 0xff, 0xff, 0xc0, 0x00, 0x03, 0xff,
    0xff, 0xff, 0xff, 0xc0, 0x00, 0x03, 0xff, 0xff, 0xff, 0xff, 0xc0, 0x00, 0x03, 0xff, 0xff, 0xff,
    0xff, 0xe0, 0x00, 0x03, 0xdf, 0xff, 0xff, 0xff, 0xe0, 0x00, 0x07, 0x8f, 0xff, 0xff, 0xff, 0xe0,
    0x00, 0x07, 0x07, 0xff, 0xff, 0xff, 0xe0, 0x00, 0x06, 0x07, 0xff, 0xff, 0xff, 0xe0, 0x00, 0x00,
    0x07, 0xff, 0xff, 0xff, 0xe0, 0x00, 0x00, 0x07, 0xe7, 0xff, 0xff, 0xc0, 0x00, 0x00, 0x03, 0xc7,
    0xff, 0xff, 0x80, 0x00, 0x00, 0x00, 0x07, 0xf0, 0xf0, 0x00, 0x00, 0x00, 0x00, 0x03, 0xc0, 0xe0,
    0x00, 0x00,
    0x00, 0x00, 0xfc, 0x00, 0x00, 0x00, 0x00, 0x00, 0x01, 0xff, 0x80, 0x00, 0x00, 0x00, 0x00, 0x01,
    0xff, 0xe0, 0x00, 0x00, 0x00, 0x00, 0x01, 0xff, 0xf8, 0x00, 0x00, 0x00, 0x00, 0x00, 0xff, 0xfc,
    0x00, 0x00, 0x00, 0x00, 0x01, 0xff, 0xfe, 0x00, 0x00, 0x00, 0x00, 0x03, 0xff, 0xfe, 0x00, 0x00,
    0x00, 0x00, 0x03, 0xff, 0xff, 0x00, 0x00, 0x00, 0x00, 0x67, 0xff, 0xff, 0x00, 0x00, 0x00, 0x00,
    0x77, 0xff, 0xff, 0x80, 0x00, 0x00, 0x00, 0x7f, 0xff, 0xff, 0x80, 0x00, 0x00, 0x00, 0x7f, 0xff,
    0xff, 0xc0, 0x00, 0x00, 0x00, 0x3f, 0xff, 0xff, 0xc0, 0x00, 0x00, 0x00, 0x3f, 0xff, 0xff, 0xc0,
    0x00, 0x00, 0x00, 0x3f, 0xff, 0xff, 0xc0, 0x00, 0x00, 0x00, 0x3f, 0xff, 0xff, 0xc0, 0x00, 0x00,
    0x00, 0x3f, 0xff, 0xff, 0xc0, 0x00, 0x00, 0x00, 0x3f, 0xff, 0xff, 0xc0, 0x00, 0x00, 0x00, 0x3f,
    0xff, 0xff, 0xc0, 0x00, 0x00, 0x00, 0x3f, 0xff, 0xff, 0xc0, 0x00, 0x00, 0x00, 0x7f, 0xff, 0xff,
    0xc0, 0x00, 0x00, 0x00, 0x7f, 0xff, 0xff, 0xc0, 0x00, 0x00, 0x00, 0x67, 0xff, 0xff, 0xc0, 0x00,
    0x00, 0x00, 0x01, 0xff, 0xff, 0xc0, 0x00, 0x00, 0x00, 0x03, 0xff, 0xff, 0xc0, 0x00, 0x00, 0x00,
    0x07, 0xff, 0xff, 0x80, 0x00, 0x00, 0x00, 0x07, 0xf1, 0xff, 0x00, 0x00, 0x00, 0x00, 0x03, 0xc0,
    0xf0, 0x00, 0x00, 0x00, 0x00, 0x00, 0x00, 0x00, 0x00, 0x00, 0x00, 0x00, 0x00, 0x00, 0x00, 0x00,
    0x00, 0x00,
    0x00, 0x00, 0x00, 0x0f, 0xc0, 0x00, 0x00, 0x00, 0x00, 0x00, 0x7f, 0xe0, 0x00, 0x00, 0x00, 0x00,
    0x01, 0xff, 0xe0, 0x00, 0x00, 0x00, 0x00, 0x07, 0xff, 0xe0, 0x00, 0x00, 0x00, 0x00, 0x0f, 0xff,
    0xc0, 0x00, 0x00, 0x00, 0x00, 0x1f, 0xff, 0xe0, 0x00, 0x00, 0x00, 0x00, 0x1f, 0xff, 0xf0, 0x00,
    0x00, 0x00, 0x00, 0x3f, 0xff, 0xf0, 0x00, 0x00, 0x00, 0x00, 0x3f, 0xff, 0xf9, 0x80, 0x00, 0x00,
    0x00, 0x7f, 0xff, 0xfb, 0x80, 0x00, 0x00, 0x00, 0x7f, 0xff, 0xff, 0x80, 0x00, 0x00, 0x00, 0xff,
    0xff, 0xff, 0x80, 0x00, 0x00, 0x00, 0xff, 0xff, 0xff, 0x00, 0x00, 0x00, 0x00, 0xff, 0xff, 0xff,
    0x00, 0x00, 0x00, 0x00, 0xff, 0xff, 0xff, 0x00, 0x00, 0x00, 0x00, 0xff, 0xff, 0xff, 0x00, 0x00,
    0x00, 0x00, 0xff, 0xff, 0xff, 0x00, 0x00, 0x00, 0x00, 0xff, 0xff, 0xff, 0x00, 0x00, 0x00, 0x00,
    0xff, 0xff, 0xff, 0x00, 0x00, 0x00, 0x00, 0xff, 0xff, 0xff, 0x00, 0x00, 0x00, 0x00, 0xff, 0xff,
    0xff, 0x80, 0x00, 0x00, 0x00, 0xff, 0xff, 0xff, 0x80, 0x00, 0x00, 0x00, 0xff, 0xff, 0xf9, 0x80,
    0x00, 0x00, 0x00, 0xff, 0xff, 0xe0, 0x00, 0x00, 0x00, 0x00, 0xff, 0xff, 0xf0, 0x00, 0x00, 0x00,
    0x00, 0x7f, 0xff, 0xf8, 0x00, 0x00, 0x00, 0x00, 0x3f, 0xe3, 0xf8, 0x00, 0x00, 0x00, 0x00, 0x03,
    0xc0, 0xf0, 0x00, 0x00, 0x00, 0x00, 0x00, 0x00, 0x00, 0x00, 0x00, 0x00, 0x00, 0x00, 0x00, 0x00,
    0x00, 0x00,
    0x00, 0x00, 0x00, 0x0f, 0xc0, 0x00, 0x00, 0x00, 0x00, 0x00, 0x7f, 0xe0, 0x00, 0x00, 0x00, 0x00,
    0x03, 0xff, 0xe0, 0x00, 0x00, 0x00, 0x03, 0xff, 0xff, 0xe0, 0x00, 0x00, 0x00, 0x0f, 0xff, 0xff,
    0xe0, 0x00, 0x00, 0x00, 0x1f, 0xff, 0xff, 0xf0, 0x00, 0x00, 0x00, 0x3f, 0xff, 0xff, 0xf8, 0x00,
    0x00, 0x00, 0x3f, 0xff, 0xff, 0xfc, 0x00, 0x00, 0x00, 0x7f, 0xff, 0xff, 0xfc, 0x18, 0x00, 0x00,
    0x7f, 0xff, 0xff, 0xfe, 0x38, 0x00, 0x00, 0xff, 0xff, 0xff, 0xfe, 0x78, 0x00, 0x00, 0xff, 0xff,
    0xff, 0xff, 0xf8, 0x00, 0x01, 0xff, 0xff, 0xff, 0xff, 0xf0, 0x00, 0x01, 0xff, 0xff, 0xff, 0xff,
    0xf0, 0x00, 0x01, 0xff, 0xff, 0xff, 0xff, 0xf0, 0x00, 0x01, 0xff, 0xff, 0xff, 0xff, 0xf0, 0x00,
    0x01, 0xff, 0xff, 0xff, 0xff, 0xf0, 0x00, 0x00, 0xff, 0xff, 0xff, 0xff, 0xf0, 0x00, 0x00, 0xff,
    0xff, 0xff, 0xff, 0xf0, 0x00, 0x00, 0xff, 0xff, 0xff, 0xff, 0xf0, 0x00, 0x01, 0xff, 0xff, 0xff,
    0xff, 0xf0, 0x00, 0x01, 0xff, 0xff, 0xff, 0xfe, 0xf0, 0x00, 0x01, 0xff, 0xff, 0xff, 0xfc, 0x78,
    0x00, 0x01, 0xff, 0xff, 0xff, 0xf8, 0x38, 0x00, 0x01, 0xff, 0xff, 0xff, 0xf8, 0x18, 0x00, 0x01,
    0xff, 0xff, 0xff, 0xf8, 0x00, 0x00, 0x00, 0xff, 0xff, 0xf9, 0xf8, 0x00, 0x00, 0x00, 0x7f, 0xff,
    0xf8, 0xf0, 0x00, 0x00, 0x00, 0x03, 0xc3, 0xf8, 0x00, 0x00, 0x00, 0x00, 0x01, 0xc0, 0xf0, 0x00,
    0x00, 0x00,
    0x00, 0x00, 0x01, 0xfe, 0x00, 0x00, 0x00, 0x00, 0x00, 0x0f, 0xff, 0x00, 0x00, 0x00, 0x00, 0x00,
    0x7f, 0xff, 0x00, 0x00, 0x00, 0x01, 0xff, 0xff, 0xff, 0x00, 0x00, 0x00, 0x07, 0xff, 0xff, 0xff,
    0x00, 0x00, 0x00, 0x0f, 0xff, 0xff, 0xff, 0x80, 0x00, 0x00, 0x1f, 0xff, 0xff, 0xff, 0xc0, 0x00,
    0x00, 0x1f, 0xff, 0xff, 0xff, 0xe0, 0x00, 0x00, 0x3f, 0xff, 0xff, 0xff, 0xf0, 0x01, 0x80, 0x3f,
    0xff, 0xff, 0xff, 0xf8, 0x03, 0x80, 0x7f, 0xff, 0xff, 0xff, 0xfc, 0x07, 0x80, 0x7f, 0xff, 0xff,
    0xff, 0xfe, 0x0f, 0x80, 0xff, 0xff, 0xff, 0xff, 0xff, 0x1f, 0x00, 0xff, 0xff, 0xff, 0xff, 0xff,
    0xff, 0x00, 0xff, 0xff, 0xff, 0xff, 0xff, 0xff, 0x00, 0xff, 0xff, 0xff, 0xff, 0xff, 0xff, 0x00,
    0xff, 0xff, 0xff, 0xff, 0xff, 0xff, 0x00, 0x7f, 0xff, 0xff, 0xff, 0xff, 0xff, 0x00, 0x7f, 0xff,
    0xff, 0xff, 0xff, 0xff, 0x00, 0x7f, 0xff, 0xff, 0xff, 0xff, 0xff, 0x00, 0xff, 0xff, 0xff, 0xff,
    0xff, 0xbf, 0x00, 0xff, 0xff, 0xff, 0xff, 0xfe, 0x0f, 0x00, 0xff, 0xff, 0xff, 0xff, 0xf8, 0x07,
    0x80, 0xff, 0xff, 0xff, 0xff, 0xf0, 0x03, 0x80, 0xff, 0xff, 0xff, 0xff, 0xe0, 0x01, 0x80, 0xff,
    0xff, 0xff, 0xff, 0xe0, 0x00, 0x00, 0x7f, 0xff, 0xff, 0xef, 0xe0, 0x00, 0x00, 0x3f, 0xff, 0xff,
    0x87, 0xc0, 0x00, 0x00, 0x00, 0x0f, 0xff, 0x80, 0x00, 0x00, 0x00, 0x00, 0x01, 0xff, 0x00, 0x00,
    0x00, 0x00,
};

/* sJawsTurnR: 6 masks of 210 bytes */
static const uint8_t s_mask_sJawsTurnR[1260] = {
    0x00, 0x00, 0x01, 0xfe, 0x00, 0x00, 0x00, 0x00, 0x00, 0x0f, 0xff, 0x00, 0x00, 0x00, 0x00, 0x00,
    0x7f, 0xff, 0x00, 0x00, 0x00, 0x01, 0xff, 0xff, 0xff, 0x00, 0x00, 0x00, 0x07, 0xff, 0xff, 0xff,
    0x00, 0x00, 0x00, 0x0f, 0xff, 0xff, 0xff, 0x80, 0x00, 0x00, 0x1f, 0xff, 0xff, 0xff, 0xc0, 0x00,
    0x00, 0x1f, 0xff, 0xff, 0xff, 0xe0, 0x00, 0x00, 0x3f, 0xff, 0xff, 0xff, 0xf0, 0x01, 0x80, 0x3f,
    0xff, 0xff, 0xff, 0xf8, 0x03, 0x80, 0x7f, 0xff, 0xff, 0xff, 0xfc, 0x07, 0x80, 0x7f, 0xff, 0xff,
    0xff, 0xfe, 0x0f, 0x80, 0xff, 0xff, 0xff, 0xff, 0xff, 0x1f, 0x00, 0xff, 0xff, 0xff, 0xff, 0xff,
    0xff, 0x00, 0xff, 0xff, 0xff, 0xff, 0xff, 0xff, 0x00, 0xff, 0xff, 0xff, 0xff, 0xff, 0xff, 0x00,
    0xff, 0xff, 0xff, 0xff, 0xff, 0xff, 0x00, 0x7f, 0xff, 0xff, 0xff, 0xff, 0xff, 0x00, 0x7f, 0xff,
    0xff, 0xff, 0xff, 0xff, 0x00, 0x7f, 0xff, 0xff, 0xff, 0xff, 0xff, 0x00, 0xff, 0xff, 0xff, 0xff,
    0xff, 0xbf, 0x00, 0xff, 0xff, 0xff, 0xff, 0xfe, 0x0f, 0x00, 0xff, 0xff, 0xff, 0xff, 0xf8, 0x07,
    0x80, 0xff, 0xff, 0xff, 0xff, 0xf0, 0x03, 0x80, 0xff, 0xff, 0xff, 0xff, 0xe0, 0x01, 0x80, 0xff,
    0xff, 0xff, 0xff, 0xe0, 0x00, 0x00, 0x7f, 0xff, 0xff, 0xef, 0xe0, 0x00, 0x00, 0x3f, 0xff, 0xff,
    0x87, 0xc0, 0x00, 0x00, 0x00, 0x0f, 0xff, 0x80, 0x00, 0x00, 0x00, 0x00, 0x01, 0xff, 0x00, 0x00,
    0x00, 0x00,
    0x00, 0x00, 0x00, 0x0f, 0xc0, 0x00, 0x00, 0x00, 0x00, 0x00, 0x7f, 0xe0, 0x00, 0x00, 0x00, 0x00,
    0x03, 0xff, 0xe0, 0x00, 0x00, 0x00, 0x03, 0xff, 0xff, 0xe0, 0x00, 0x00, 0x00, 0x0f, 0xff, 0xff,
    0xe0, 0x00, 0x00, 0x00, 0x1f, 0xff, 0xff, 0xf0, 0x00, 0x00, 0x00, 0x3f, 0xff, 0xff, 0xf8, 0x00,
    0x00, 0x00, 0x3f, 0xff, 0xff, 0xfc, 0x00, 0x00, 0x00, 0x7f, 0xff, 0xff, 0xfc, 0x18, 0x00, 0x00,
    0x7f, 0xff, 0xff, 0xfe, 0x38, 0x00, 0x00, 0xff, 0xff, 0xff, 0xfe, 0x78, 0x00, 0x00, 0xff, 0xff,
    0xff, 0xff, 0xf8, 0x00, 0x01, 0xff, 0xff, 0xff, 0xff, 0xf0, 0x00, 0x01, 0xff, 0xff, 0xff, 0xff,
    0xf0, 0x00, 0x01, 0xff, 0xff, 0xff, 0xff, 0xf0, 0x00, 0x01, 0xff, 0xff, 0xff, 0xff, 0xf0, 0x00,
    0x01, 0xff, 0xff, 0xff, 0xff, 0xf0, 0x00, 0x00, 0xff, 0xff, 0xff, 0xff, 0xf0, 0x00, 0x00, 0xff,
    0xff, 0xff, 0xff, 0xf0, 0x00, 0x00, 0xff, 0xff, 0xff, 0xff, 0xf0, 0x00, 0x01, 0xff, 0xff, 0xff,
    0xff, 0xf0, 0x00, 0x01, 0xff, 0xff, 0xff, 0xfe, 0xf0, 0x00, 0x01, 0xff, 0xff, 0xff, 0xfc, 0x78,
    0x00, 0x01, 0xff, 0xff, 0xff, 0xf8, 0x38, 0x00, 0x01, 0xff, 0xff, 0xff, 0xf8, 0x18, 0x00, 0x01,
    0xff, 0xff, 0xff, 0xf8, 0x00, 0x00, 0x00, 0xff, 0xff, 0xf9, 0xf8, 0x00, 0x00, 0x00, 0x7f, 0xff,
    0xf8, 0xf0, 0x00, 0x00, 0x00, 0x03, 0xc3, 0xf8, 0x00, 0x00, 0x00, 0x00, 0x01, 0xc0, 0xf0, 0x00,
    0x00, 0x00,
    0x00, 0x00, 0x00, 0x0f, 0xc0, 0x00, 0x00, 0x00, 0x00, 0x00, 0x7f, 0xe0, 0x00, 0x00, 0x00, 0x00,
    0x01, 0xff, 0xe0, 0x00, 0x00, 0x00, 0x00, 0x07, 0xff, 0xe0, 0x00, 0x00, 0x00, 0x00, 0x0f, 0xff,
    0xc0, 0x00, 0x00, 0x00, 0x00, 0x1f, 0xff, 0xe0, 0x00, 0x00, 0x00, 0x00, 0x1f, 0xff, 0xf0, 0x00,
    0x00, 0x00, 0x00, 0x3f, 0xff, 0xf0, 0x00, 0x00, 0x00, 0x00, 0x3f, 0xff, 0xf9, 0x80, 0x00, 0x00,
    0x00, 0x7f, 0xff, 0xfb, 0x80, 0x00, 0x00, 0x00, 0x7f, 0xff, 0xff, 0x80, 0x00, 0x00, 0x00, 0xff,
    0xff, 0xff, 0x80, 0x00, 0x00, 0x00, 0xff, 0xff, 0xff, 0x00, 0x00, 0x00, 0x00, 0xff, 0xff, 0xff,
    0x00, 0x00, 0x00, 0x00, 0xff, 0xff, 0xff, 0x00, 0x00, 0x00, 0x00, 0xff, 0xff, 0xff, 0x00, 0x00,
    0x00, 0x00, 0xff, 0xff, 0xff, 0x00, 0x00, 0x00, 0x00, 0xff, 0xff, 0xff, 0x00, 0x00, 0x00, 0x00,
    0xff, 0xff, 0xff, 0x00, 0x00, 0x00, 0x00, 0xff, 0xff, 0xff, 0x00, 0x00, 0x00, 0x00, 0xff, 0xff,
    0xff, 0x80, 0x00, 0x00, 0x00, 0xff, 0xff, 0xff, 0x80, 0x00, 0x00, 0x00, 0xff, 0xff, 0xf9, 0x80,
    0x00, 0x00, 0x00, 0xff, 0xff, 0xe0, 0x00, 0x00, 0x00, 0x00, 0xff, 0xff, 0xf0, 0x00, 0x00, 0x00,
    0x00, 0x7f, 0xff, 0xf8, 0x00, 0x00, 0x00, 0x00, 0x3f, 0xe3, 0xf8, 0x00, 0x00, 0x00, 0x00, 0x03,
    0xc0, 0xf0, 0x00, 0x00, 0x00, 0x00, 0x00, 0x00, 0x00, 0x00, 0x00, 0x00, 0x00, 0x00, 0x00, 0x00,
    0x00, 0x00,
    0x00, 0x00, 0xfc, 0x00, 0x00, 0x00, 0x00, 0x00, 0x01, 0xff, 0x80, 0x00, 0x00, 0x00, 0x00, 0x01,
    0xff, 0xe0, 0x00, 0x00, 0x00, 0x00, 0x01, 0xff, 0xf8, 0x00, 0x00, 0x00, 0x00, 0x00, 0xff, 0xfc,
    0x00, 0x00, 0x00, 0x00, 0x01, 0xff, 0xfe, 0x00, 0x00, 0x00, 0x00, 0x03, 0xff, 0xfe, 0x00, 0x00,
    0x00, 0x00, 0x03, 0xff, 0xff, 0x00, 0x00, 0x00, 0x00, 0x67, 0xff, 0xff, 0x00, 0x00, 0x00, 0x00,
    0x77, 0xff, 0xff, 0x80, 0x00, 0x00, 0x00, 0x7f, 0xff, 0xff, 0x80, 0x00, 0x00, 0x00, 0x7f, 0xff,
    0xff, 0xc0, 0x00, 0x00, 0x00, 0x3f, 0xff, 0xff, 0xc0, 0x00, 0x00, 0x00, 0x3f, 0xff, 0xff, 0xc0,
    0x00, 0x00, 0x00, 0x3f, 0xff, 0xff, 0xc0, 0x00, 0x00, 0x00, 0x3f, 0xff, 0xff, 0xc0, 0x00, 0x00,
    0x00, 0x3f, 0xff, 0xff, 0xc0, 0x00, 0x00, 0x00, 0x3f, 0xff, 0xff, 0xc0, 0x00, 0x00, 0x00, 0x3f,
    0xff, 0xff, 0xc0, 0x00, 0x00, 0x00, 0x3f, 0xff, 0xff, 0xc0, 0x00, 0x00, 0x00, 0x7f, 0xff, 0xff,
    0xc0, 0x00, 0x00, 0x00, 0x7f, 0xff, 0xff, 0xc0, 0x00, 0x00, 0x00, 0x67, 0xff, 0xff, 0xc0, 0x00,
    0x00, 0x00, 0x01, 0xff, 0xff, 0xc0, 0x00, 0x00, 0x00, 0x03, 0xff, 0xff, 0xc0, 0x00, 0x00, 0x00,
    0x07, 0xff, 0xff, 0x80, 0x00, 0x00, 0x00, 0x07, 0xf1, 0xff, 0x00, 0x00, 0x00, 0x00, 0x03, 0xc0,
    0xf0, 0x00, 0x00, 0x00, 0x00, 0x00, 0x00, 0x00, 0x00, 0x00, 0x00, 0x00, 0x00, 0x00, 0x00, 0x00,
    0x00, 0x00,
    0x00, 0x00, 0xfc, 0x00, 0x00, 0x00, 0x00, 0x00, 0x01, 0xff, 0x80, 0x00, 0x00, 0x00, 0x00, 0x01,
    0xff, 0xf0, 0x00, 0x00, 0x00, 0x00, 0x01, 0xff, 0xff, 0xf0, 0x00, 0x00, 0x00, 0x01, 0xff, 0xff,
    0xfc, 0x00, 0x00, 0x00, 0x03, 0xff, 0xff, 0xfe, 0x00, 0x00, 0x00, 0x07, 0xff, 0xff, 0xff, 0x00,
    0x00, 0x00, 0x0f, 0xff, 0xff, 0xff, 0x00, 0x00, 0x06, 0x0f, 0xff, 0xff, 0xff, 0x80, 0x00, 0x07,
    0x1f, 0xff, 0xff, 0xff, 0x80, 0x00, 0x07, 0x9f, 0xff, 0xff, 0xff, 0xc0, 0x00, 0x07, 0xff, 0xff,
    0xff, 0xff, 0xc0, 0x00, 0x03, 0xff, 0xff, 0xff, 0xff, 0xe0, 0x00, 0x03, 0xff, 0xff, 0xff, 0xff,
    0xe0, 0x00, 0x03, 0xff, 0xff, 0xff, 0xff, 0xe0, 0x00, 0x03, 0xff, 0xff, 0xff, 0xff, 0xe0, 0x00,
    0x03, 0xff, 0xff, 0xff, 0xff, 0xe0, 0x00, 0x03, 0xff, 0xff, 0xff, 0xff, 0xc0, 0x00, 0x03, 0xff,
    0xff, 0xff, 0xff, 0xc0, 0x00, 0x03, 0xff, 0xff, 0xff, 0xff, 0xc0, 0x00, 0x03, 0xff, 0xff, 0xff,
    0xff, 0xe0, 0x00, 0x03, 0xdf, 0xff, 0xff, 0xff, 0xe0, 0x00, 0x07, 0x8f, 0xff, 0xff, 0xff, 0xe0,
    0x00, 0x07, 0x07, 0xff, 0xff, 0xff, 0xe0, 0x00, 0x06, 0x07, 0xff, 0xff, 0xff, 0xe0, 0x00, 0x00,
    0x07, 0xff, 0xff, 0xff, 0xe0, 0x00, 0x00, 0x07, 0xe7, 0xff, 0xff, 0xc0, 0x00, 0x00, 0x03, 0xc7,
    0xff, 0xff, 0x80, 0x00, 0x00, 0x00, 0x07, 0xf0, 0xf0, 0x00, 0x00, 0x00, 0x00, 0x03, 0xc0, 0xe0,
    0x00, 0x00,
    0x00, 0x00, 0x1f, 0xe0, 0x00, 0x00, 0x00, 0x00, 0x00, 0x3f, 0xfc, 0x00, 0x00, 0x00, 0x00, 0x00,
    0x3f, 0xff, 0x80, 0x00, 0x00, 0x00, 0x00, 0x3f, 0xff, 0xff, 0xe0, 0x00, 0x00, 0x00, 0x3f, 0xff,
    0xff, 0xf8, 0x00, 0x00, 0x00, 0x7f, 0xff, 0xff, 0xfc, 0x00, 0x00, 0x00, 0xff, 0xff, 0xff, 0xfe,
    0x00, 0x00, 0x01, 0xff, 0xff, 0xff, 0xfe, 0x00, 0x60, 0x03, 0xff, 0xff, 0xff, 0xff, 0x00, 0x70,
    0x07, 0xff, 0xff, 0xff, 0xff, 0x00, 0x78, 0x0f, 0xff, 0xff, 0xff, 0xff, 0x80, 0x7c, 0x1f, 0xff,
    0xff, 0xff, 0xff, 0x80, 0x3e, 0x3f, 0xff, 0xff, 0xff, 0xff, 0xc0, 0x3f, 0xff, 0xff, 0xff, 0xff,
    0xff, 0xc0, 0x3f, 0xff, 0xff, 0xff, 0xff, 0xff, 0xc0, 0x3f, 0xff, 0xff, 0xff, 0xff, 0xff, 0xc0,
    0x3f, 0xff, 0xff, 0xff, 0xff, 0xff, 0xc0, 0x3f, 0xff, 0xff, 0xff, 0xff, 0xff, 0x80, 0x3f, 0xff,
    0xff, 0xff, 0xff, 0xff, 0x80, 0x3f, 0xff, 0xff, 0xff, 0xff, 0xff, 0x80, 0x3f, 0x7f, 0xff, 0xff,
    0xff, 0xff, 0xc0, 0x3c, 0x1f, 0xff, 0xff, 0xff, 0xff, 0xc0, 0x78, 0x07, 0xff, 0xff, 0xff, 0xff,
    0xc0, 0x70, 0x03, 0xff, 0xff, 0xff, 0xff, 0xc0, 0x60, 0x01, 0xff, 0xff, 0xff, 0xff, 0xc0, 0x00,
    0x01, 0xff, 0xff, 0xff, 0xff, 0xc0, 0x00, 0x01, 0xfd, 0xff, 0xff, 0xff, 0x80, 0x00, 0x00, 0xf8,
    0x7f, 0xff, 0xff, 0x00, 0x00, 0x00, 0x00, 0x7f, 0xfc, 0x00, 0x00, 0x00, 0x00, 0x00, 0x3f, 0xe0,
    0x00, 0x00,
};

/* sJetpackIcon: 1 masks of 32 bytes */
static const uint8_t s_mask_sJetpackIcon[32] = {
    0x0e, 0x00, 0x1f, 0x80, 0x3f, 0xc0, 0x7f, 0xe0, 0xff, 0xf0, 0xff, 0xf8, 0xff, 0xfc, 0x7f, 0xfe,
    0x7f, 0xff, 0x7f, 0xff, 0x3f, 0xff, 0x1f, 0xff, 0x0f, 0xfe, 0x07, 0xfc, 0x03, 0xf8, 0x01, 0xf0,
};

/* sJordans: 1 masks of 22 bytes */
static const uint8_t s_mask_sJordans[22] = {
    0xff, 0x00, 0xff, 0x00, 0xff, 0x00, 0xff, 0x00, 0xff, 0x00, 0xff, 0xc0, 0xff, 0xf8, 0xff, 0xfc,
    0xff, 0xfe, 0xff, 0xfe, 0xff, 0xfe,
};

/* sJoyConfigButton: 1 masks of 112 bytes */
static const uint8_t s_mask_sJoyConfigButton[112] = {
    0xff, 0xff, 0xff, 0xff, 0xff, 0xff, 0xff, 0xff, 0xff, 0xff, 0xff, 0xff, 0xff, 0xff, 0xff, 0xff,
    0xff, 0xff, 0xff, 0xff, 0xff, 0xff, 0xff, 0xff, 0xff, 0xff, 0xff, 0xff, 0xff, 0xff, 0xff, 0xff,
    0xff, 0xff, 0xff, 0xff, 0xff, 0xff, 0xff, 0xff, 0xff, 0xff, 0xff, 0xff, 0xff, 0xff, 0xff, 0xff,
    0xff, 0xff, 0xff, 0xff, 0xff, 0xff, 0xff, 0xff, 0xff, 0xff, 0xff, 0xff, 0xff, 0xff, 0xff, 0xff,
    0xff, 0xff, 0xff, 0xff, 0xff, 0xff, 0xff, 0xff, 0xff, 0xff, 0xff, 0xff, 0xff, 0xff, 0xff, 0xff,
    0xff, 0xff, 0xff, 0xff, 0xff, 0xff, 0xff, 0xff, 0xff, 0xff, 0xff, 0xff, 0xff, 0xff, 0xff, 0xff,
    0xff, 0xff, 0xff, 0xff, 0xff, 0xff, 0xff, 0xff, 0xff, 0xff, 0xff, 0xff, 0xff, 0xff, 0xff, 0xff,
};

/* sJoyConfigButtonPressed: 1 masks of 112 bytes */
static const uint8_t s_mask_sJoyConfigButtonPressed[112] = {
    0xff, 0xff, 0xff, 0xff, 0xff, 0xff, 0xff, 0xff, 0xff, 0xff, 0xff, 0xff, 0xff, 0xff, 0xff, 0xff,
    0xff, 0xff, 0xff, 0xff, 0xff, 0xff, 0xff, 0xff, 0xff, 0xff, 0xff, 0xff, 0xff, 0xff, 0xff, 0xff,
    0xff, 0xff, 0xff, 0xff, 0xff, 0xff, 0xff, 0xff, 0xff, 0xff, 0xff, 0xff, 0xff, 0xff, 0xff, 0xff,
    0xff, 0xff, 0xff, 0xff, 0xff, 0xff, 0xff, 0xff, 0xff, 0xff, 0xff, 0xff, 0xff, 0xff, 0xff, 0xff,
    0xff, 0xff, 0xff, 0xff, 0xff, 0xff, 0xff, 0xff, 0xff, 0xff, 0xff, 0xff, 0xff, 0xff, 0xff, 0xff,
    0xff, 0xff, 0xff, 0xff, 0xff, 0xff, 0xff, 0xff, 0xff, 0xff, 0xff, 0xff, 0xff, 0xff, 0xff, 0xff,
    0xff, 0xff, 0xff, 0xff, 0xff, 0xff, 0xff, 0xff, 0xff, 0xff, 0xff, 0xff, 0xff, 0xff, 0xff, 0xff,
};

/* sKaliHead1: 1 masks of 128 bytes */
static const uint8_t s_mask_sKaliHead1[128] = {
    0x7f, 0xff, 0xff, 0xfc, 0xff, 0xff, 0xff, 0xfe, 0xff, 0xff, 0xff, 0xfe, 0xff, 0xff, 0xff, 0xfe,
    0x7f, 0xff, 0xff, 0xfc, 0x7f, 0xff, 0xff, 0xff, 0x7f, 0xff, 0xff, 0xff, 0xff, 0xff, 0xff, 0xff,
    0xff, 0xff, 0xff, 0xff, 0xff, 0xff, 0xff, 0xfe, 0xff, 0xff, 0xff, 0xfe, 0xff, 0xff, 0xff, 0xfe,
    0xff, 0xff, 0xff, 0xfe, 0xff, 0xff, 0xff, 0xfe, 0xff, 0xff, 0xff, 0xfe, 0xff, 0xff, 0xff, 0xfe,
    0xff, 0xff, 0xff, 0xfe, 0xff, 0xff, 0xff, 0xfe, 0xff, 0xff, 0xff, 0xfe, 0xff, 0xff, 0xff, 0xfe,
    0xff, 0xff, 0xff, 0xff, 0xff, 0xff, 0xff, 0xff, 0xff, 0xff, 0xff, 0xff, 0xff, 0xff, 0xff, 0xff,
    0x7f, 0xff, 0xff, 0xff, 0x7f, 0xff, 0xff, 0xff, 0x7f, 0xff, 0xff, 0xfe, 0x7f, 0xff, 0xff, 0xfe,
    0x7f, 0xff, 0xff, 0xff, 0x3f, 0xff, 0xff, 0xff, 0x3f, 0xff, 0xff, 0xff, 0x1f, 0xff, 0xff, 0xff,
};

/* sKaliHead2: 1 masks of 128 bytes */
static const uint8_t s_mask_sKaliHead2[128] = {
    0x7f, 0xff, 0xff, 0xfc, 0xff, 0xff, 0xff, 0xfe, 0xff, 0xff, 0xff, 0xfe, 0xff, 0xff, 0xff, 0xfe,
    0x7f, 0xff, 0xff, 0xfc, 0x7f, 0xff, 0xff, 0xff, 0x7f, 0xff, 0xff, 0xff, 0xff, 0xff, 0xff, 0xff,
    0xff, 0xff, 0xff, 0xff, 0xff, 0xff, 0xff, 0xfe, 0xff, 0xff, 0xff, 0xfe, 0xff, 0xff, 0xff, 0xfe,
    0xff, 0xff, 0xff, 0xfe, 0xff, 0xff, 0xff, 0xfe, 0xff, 0xff, 0xff, 0xfe, 0xff, 0xff, 0xff, 0xfe,
    0xff, 0xff, 0xff, 0xfe, 0xff, 0xff, 0xff, 0xfe, 0xff, 0xff, 0xff, 0xfe, 0xff, 0xff, 0xff, 0xfe,
    0xff, 0xff, 0xff, 0xff, 0xff, 0xff, 0xff, 0xff, 0xff, 0xff, 0xff, 0xff, 0xff, 0xff, 0xff, 0xff,
    0x7f, 0xff, 0xff, 0xff, 0x7f, 0xff, 0xff, 0xff, 0x7f, 0xff, 0xff, 0xfe, 0x7f, 0xff, 0xff, 0xfe,
    0x7f, 0xff, 0xff, 0xff, 0x3f, 0xff, 0xff, 0xff, 0x3f, 0xff, 0xff, 0xff, 0x1f, 0xff, 0xff, 0xff,
};

/* sKaliHead3: 1 masks of 128 bytes */
static const uint8_t s_mask_sKaliHead3[128] = {
    0x7f, 0xff, 0xff, 0xfc, 0xff, 0xff, 0xff, 0xfe, 0xff, 0xff, 0xff, 0xfe, 0xff, 0xff, 0xff, 0xfe,
    0x7f, 0xff, 0xff, 0xfc, 0x7f, 0xff, 0xff, 0xff, 0x7f, 0xff, 0xff, 0xff, 0xff, 0xff, 0xff, 0xff,
    0xff, 0xff, 0xff, 0xff, 0xff, 0xff, 0xff, 0xfe, 0xff, 0xff, 0xff, 0xfe, 0xff, 0xff, 0xff, 0xfe,
    0xff, 0xff, 0xff, 0xfe, 0xff, 0xff, 0xff, 0xfe, 0xff, 0xff, 0xff, 0xfe, 0xff, 0xff, 0xff, 0xfe,
    0xff, 0xff, 0xff, 0xfe, 0xff, 0xff, 0xff, 0xfe, 0xff, 0xff, 0xff, 0xfe, 0xff, 0xff, 0xff, 0xfe,
    0xff, 0xff, 0xff, 0xff, 0xff, 0xff, 0xff, 0xff, 0xff, 0xff, 0xff, 0xff, 0xff, 0xff, 0xff, 0xff,
    0x7f, 0xff, 0xff, 0xff, 0x7f, 0xff, 0xff, 0xff, 0x7f, 0xff, 0xff, 0xfe, 0x7f, 0xff, 0xff, 0xfe,
    0x7f, 0xff, 0xff, 0xff, 0x3f, 0xff, 0xff, 0xff, 0x3f, 0xff, 0xff, 0xff, 0x1f, 0xff, 0xff, 0xff,
};

/* sKapala: 1 masks of 28 bytes */
static const uint8_t s_mask_sKapala[28] = {
    0x1f, 0xc0, 0x7f, 0xf0, 0xff, 0xf8, 0xff, 0xf8, 0xff, 0xf8, 0xff, 0xf8, 0xff, 0xf8, 0xff, 0xf8,
    0xff, 0xf8, 0xff, 0xf8, 0xff, 0xf8, 0x7f, 0xf0, 0x3f, 0xe0, 0x3f, 0xe0,
};

/* sKapalaIcon: 5 masks of 32 bytes */
static const uint8_t s_mask_sKapalaIcon[160] = {
    0x1f, 0xf8, 0x3f, 0xfc, 0x7f, 0xfe, 0xff, 0xff, 0xff, 0xff, 0xff, 0xff, 0xff, 0xff, 0xff, 0xff,
    0xff, 0xff, 0xff, 0xff, 0xff, 0xff, 0xff, 0xff, 0xff, 0xff, 0x7f, 0xfe, 0x3f, 0xfc, 0x1f, 0xfc,
    0x1f, 0xf8, 0x3f, 0xfc, 0x7f, 0xfe, 0xff, 0xff, 0xff, 0xff, 0xff, 0xff, 0xff, 0xff, 0xff, 0xff,
    0xff, 0xff, 0xff, 0xff, 0xff, 0xff, 0xff, 0xff, 0xff, 0xff, 0x7f, 0xfe, 0x3f, 0xfc, 0x1f, 0xfc,
    0x1f, 0xf8, 0x3f, 0xfc, 0x7f, 0xfe, 0xff, 0xff, 0xff, 0xff, 0xff, 0xff, 0xff, 0xff, 0xff, 0xff,
    0xff, 0xff, 0xff, 0xff, 0xff, 0xff, 0xff, 0xff, 0xff, 0xff, 0x7f, 0xfe, 0x3f, 0xfc, 0x1f, 0xfc,
    0x1f, 0xf8, 0x3f, 0xfc, 0x7f, 0xfe, 0xff, 0xff, 0xff, 0xff, 0xff, 0xff, 0xff, 0xff, 0xff, 0xff,
    0xff, 0xff, 0xff, 0xff, 0xff, 0xff, 0xff, 0xff, 0xff, 0xff, 0x7f, 0xfe, 0x3f, 0xfc, 0x1f, 0xfc,
    0x1f, 0xf8, 0x3f, 0xfc, 0x7f, 0xfe, 0xff, 0xff, 0xff, 0xff, 0xff, 0xff, 0xff, 0xff, 0xff, 0xff,
    0xff, 0xff, 0xff, 0xff, 0xff, 0xff, 0xff, 0xff, 0xff, 0xff, 0x7f, 0xfe, 0x3f, 0xfc, 0x1f, 0xfc,
};

/* sKeyConfigButton: 1 masks of 112 bytes */
static const uint8_t s_mask_sKeyConfigButton[112] = {
    0xff, 0xff, 0xff, 0xff, 0xff, 0xff, 0xff, 0xff, 0xff, 0xff, 0xff, 0xff, 0xff, 0xff, 0xff, 0xff,
    0xff, 0xff, 0xff, 0xff, 0xff, 0xff, 0xff, 0xff, 0xff, 0xff, 0xff, 0xff, 0xff, 0xff, 0xff, 0xff,
    0xff, 0xff, 0xff, 0xff, 0xff, 0xff, 0xff, 0xff, 0xff, 0xff, 0xff, 0xff, 0xff, 0xff, 0xff, 0xff,
    0xff, 0xff, 0xff, 0xff, 0xff, 0xff, 0xff, 0xff, 0xff, 0xff, 0xff, 0xff, 0xff, 0xff, 0xff, 0xff,
    0xff, 0xff, 0xff, 0xff, 0xff, 0xff, 0xff, 0xff, 0xff, 0xff, 0xff, 0xff, 0xff, 0xff, 0xff, 0xff,
    0xff, 0xff, 0xff, 0xff, 0xff, 0xff, 0xff, 0xff, 0xff, 0xff, 0xff, 0xff, 0xff, 0xff, 0xff, 0xff,
    0xff, 0xff, 0xff, 0xff, 0xff, 0xff, 0xff, 0xff, 0xff, 0xff, 0xff, 0xff, 0xff, 0xff, 0xff, 0xff,
};

/* sKeyConfigButtonPressed: 1 masks of 112 bytes */
static const uint8_t s_mask_sKeyConfigButtonPressed[112] = {
    0xff, 0xff, 0xff, 0xff, 0xff, 0xff, 0xff, 0xff, 0xff, 0xff, 0xff, 0xff, 0xff, 0xff, 0xff, 0xff,
    0xff, 0xff, 0xff, 0xff, 0xff, 0xff, 0xff, 0xff, 0xff, 0xff, 0xff, 0xff, 0xff, 0xff, 0xff, 0xff,
    0xff, 0xff, 0xff, 0xff, 0xff, 0xff, 0xff, 0xff, 0xff, 0xff, 0xff, 0xff, 0xff, 0xff, 0xff, 0xff,
    0xff, 0xff, 0xff, 0xff, 0xff, 0xff, 0xff, 0xff, 0xff, 0xff, 0xff, 0xff, 0xff, 0xff, 0xff, 0xff,
    0xff, 0xff, 0xff, 0xff, 0xff, 0xff, 0xff, 0xff, 0xff, 0xff, 0xff, 0xff, 0xff, 0xff, 0xff, 0xff,
    0xff, 0xff, 0xff, 0xff, 0xff, 0xff, 0xff, 0xff, 0xff, 0xff, 0xff, 0xff, 0xff, 0xff, 0xff, 0xff,
    0xff, 0xff, 0xff, 0xff, 0xff, 0xff, 0xff, 0xff, 0xff, 0xff, 0xff, 0xff, 0xff, 0xff, 0xff, 0xff,
};

/* sKeyLeft: 1 masks of 16 bytes */
static const uint8_t s_mask_sKeyLeft[16] = {
    0x01, 0xc0, 0x03, 0xe0, 0x7f, 0xf0, 0xff, 0xf0, 0xff, 0xf0, 0xff, 0xf0, 0xfb, 0xe0, 0x51, 0xc0,
};

/* sKeyRight: 1 masks of 16 bytes */
static const uint8_t s_mask_sKeyRight[16] = {
    0x38, 0x00, 0x7c, 0x00, 0xff, 0xe0, 0xff, 0xf0, 0xff, 0xf0, 0xff, 0xf0, 0x7d, 0xf0, 0x38, 0xa0,
};

/* sLaser: 1 masks of 8 bytes */
static const uint8_t s_mask_sLaser[8] = {
    0x3c, 0x7e, 0xff, 0xff, 0xff, 0xff, 0x7e, 0x3c,
};

/* sLaserExplode: 8 masks of 57 bytes */
static const uint8_t s_mask_sLaserExplode[456] = {
    0x00, 0x00, 0x00, 0x00, 0x00, 0x00, 0x00, 0x00, 0x00, 0x00, 0x00, 0x00, 0x00, 0x00, 0x00, 0x00,
    0x00, 0x00, 0x00, 0x70, 0x00, 0x01, 0xfc, 0x00, 0x03, 0xfe, 0x00, 0x03, 0xfe, 0x00, 0x07, 0xff,
    0x00, 0x07, 0xff, 0x00, 0x07, 0xff, 0x00, 0x03, 0xfe, 0x00, 0x03, 0xfe, 0x00, 0x01, 0xfc, 0x00,
    0x00, 0x70, 0x00, 0x00, 0x00, 0x00, 0x00, 0x00, 0x00,
    0x00, 0x00, 0x00, 0x00, 0x00, 0x00, 0x00, 0x00, 0x00, 0x00, 0x00, 0x00, 0x00, 0x10, 0x00, 0x00,
    0x38, 0x00, 0x00, 0x7c, 0x00, 0x00, 0xfe, 0x00, 0x01, 0xfe, 0x00, 0x03, 0xff, 0x00, 0x03, 0xff,
    0x00, 0x07, 0xff, 0x00, 0x07, 0xff, 0x00, 0x03, 0xff, 0x00, 0x01, 0xff, 0x00, 0x00, 0xfe, 0x00,
    0x00, 0x00, 0x00, 0x00, 0x00, 0x00, 0x00, 0x00, 0x00,
    0x00, 0x60, 0x00, 0x00, 0xf0, 0x00, 0x00, 0x90, 0x00, 0x01, 0x80, 0x00, 0x00, 0x80, 0x00, 0x00,
    0xd8, 0x00, 0x00, 0x78, 0x00, 0x01, 0xf8, 0x00, 0x01, 0xfc, 0x00, 0x03, 0xfe, 0x00, 0x0f, 0xff,
    0x00, 0x1f, 0xff, 0x80, 0x1f, 0xff, 0x80, 0x0f, 0xff, 0x80, 0x07, 0xfe, 0x00, 0x00, 0xfc, 0x00,
    0x00, 0x00, 0x00, 0x00, 0x00, 0x00, 0x00, 0x00, 0x00,
    0x00, 0xe0, 0x00, 0x01, 0x80, 0x00, 0x01, 0x00, 0x00, 0x02, 0x00, 0x00, 0x02, 0x02, 0x00, 0x00,
    0x00, 0x00, 0x04, 0x18, 0x00, 0x06, 0x78, 0x00, 0x0f, 0xff, 0x00, 0x1b, 0xff, 0xa0, 0x3f, 0xff,
    0xc0, 0x3f, 0xff, 0xe0, 0x1f, 0xff, 0xc0, 0x0f, 0xff, 0x80, 0x07, 0xff, 0x00, 0x1f, 0xff, 0xc0,
    0x01, 0xf8, 0x00, 0x00, 0xe0, 0x00, 0x00, 0x60, 0x00,
    0x00, 0x00, 0x00, 0x00, 0x00, 0x00, 0x00, 0x00, 0x00, 0x00, 0x00, 0x00, 0x06, 0x00, 0x00, 0x1c,
    0x00, 0x00, 0x00, 0x02, 0x00, 0x00, 0x00, 0x00, 0x10, 0x78, 0x80, 0x00, 0xfc, 0xc0, 0x21, 0xff,
    0xc0, 0x31, 0xff, 0x80, 0x39, 0xff, 0x00, 0x1b, 0xfe, 0x00, 0x0f, 0xff, 0x00, 0x1f, 0xff, 0xc0,
    0x01, 0xf0, 0x00, 0x00, 0x60, 0x00, 0x00, 0x00, 0x00,
    0x00, 0x00, 0x00, 0x00, 0x00, 0x00, 0x00, 0x00, 0x00, 0x00, 0x00, 0x00, 0x00, 0x00, 0x00, 0x00,
    0x00, 0x00, 0x00, 0x00, 0x00, 0x00, 0x00, 0x00, 0x00, 0x00, 0x00, 0x00, 0x00, 0x00, 0x00, 0x00,
    0x08, 0x60, 0x30, 0x18, 0xe0, 0xf8, 0x38, 0xf1, 0xfe, 0x70, 0x7f, 0xff, 0x00, 0x3f, 0xff, 0xf8,
    0x00, 0xf0, 0x00, 0x00, 0x60, 0x00, 0x00, 0x00, 0x00,
    0x00, 0x00, 0x00, 0x00, 0x00, 0x00, 0x00, 0x00, 0x00, 0x00, 0x00, 0x00, 0x00, 0x00, 0x00, 0x00,
    0x00, 0x00, 0x00, 0x00, 0x00, 0x00, 0x00, 0x00, 0x00, 0x00, 0x00, 0x00, 0x00, 0x00, 0x00, 0x00,
    0x00, 0x00, 0x00, 0x00, 0x00, 0x00, 0x0c, 0x00, 0x00, 0x18, 0x41, 0xfc, 0x00, 0x7f, 0xff, 0xf8,
    0x00, 0x00, 0x00, 0x00, 0x00, 0x00, 0x00, 0x00, 0x00,
    0x00, 0x00, 0x00, 0x00, 0x00, 0x00, 0x00, 0x00, 0x00, 0x00, 0x00, 0x00, 0x00, 0x00, 0x00, 0x00,
    0x00, 0x00, 0x00, 0x00, 0x00, 0x00, 0x00, 0x00, 0x00, 0x00, 0x00, 0x00, 0x00, 0x00, 0x00, 0x00,
    0x00, 0x00, 0x00, 0x00, 0x00, 0x00, 0x00, 0x00, 0x00, 0x00, 0x00, 0x00, 0x00, 0x03, 0xff, 0xf8,
    0x00, 0x00, 0x00, 0x00, 0x00, 0x00, 0x00, 0x00, 0x00,
};

/* sLaserTrail: 5 masks of 8 bytes */
static const uint8_t s_mask_sLaserTrail[40] = {
    0x3c, 0x7e, 0xff, 0xff, 0xff, 0xff, 0x7e, 0x3c,
    0x00, 0x3c, 0x7e, 0x7e, 0x7e, 0x7e, 0x3c, 0x00,
    0x00, 0x00, 0x18, 0x3c, 0x3c, 0x18, 0x00, 0x00,
    0x00, 0x00, 0x00, 0x18, 0x3c, 0x18, 0x00, 0x00,
    0x00, 0x00, 0x00, 0x00, 0x18, 0x00, 0x00, 0x00,
};

/* sLavaDrip: 5 masks of 7 bytes */
static const uint8_t s_mask_sLavaDrip[35] = {
    0x10, 0x38, 0x7c, 0xfe, 0xfe, 0x7c, 0x38,
    0x10, 0x38, 0x38, 0x7c, 0x7c, 0x7c, 0x38,
    0x00, 0x10, 0x38, 0x38, 0x38, 0x18, 0x00,
    0x00, 0x00, 0x10, 0x38, 0x38, 0x10, 0x00,
    0x00, 0x00, 0x00, 0x30, 0x30, 0x00, 0x00,
};

/* sLavaSpray: 3 masks of 2560 bytes */
static const uint8_t s_mask_sLavaSpray[7680] = {
    0x01, 0x87, 0x8f, 0xe1, 0xfc, 0x3f, 0x07, 0xe1, 0xe0, 0x00, 0x67, 0xff, 0xff, 0xff, 0xff, 0xff,
    0xff, 0xff, 0xf9, 0xc0, 0xff, 0xff, 0xff, 0xff, 0xff, 0xff, 0xff, 0xff, 0xff, 0xe6, 0xff, 0xff,
    0xff, 0xff, 0xff, 0xff, 0xff, 0xff, 0xff, 0xff, 0xff, 0xff, 0xff, 0xff, 0xff, 0xff, 0xff, 0xff,
    0xff, 0xff, 0xff, 0xff, 0xff, 0xff, 0xff, 0xff, 0xff, 0xff, 0xff, 0xff, 0xff, 0xff, 0xff, 0xff,
    0xff, 0xff, 0xff, 0xff, 0xff, 0xff, 0xff, 0xff, 0xff, 0xff, 0xff, 0xff, 0xff, 0xff, 0xff, 0xff,
    0x3f, 0xff, 0xff, 0xff, 0xff, 0xff, 0xff, 0xff, 0xff, 0xfc, 0x00, 0xff, 0xff, 0xff, 0xff, 0xff,
    0xff, 0xff, 0xff, 0x80, 0x00, 0xff, 0xff, 0xff, 0xff, 0xff, 0xff, 0xff, 0xff, 0x80, 0x00, 0x7f,
    0xff, 0xff, 0xff, 0xff, 0xff, 0xff, 0xff, 0x00, 0x00, 0x7f, 0xff, 0xff, 0xff, 0xff, 0xff, 0xff,
    0xff, 0x00, 0x00, 0x7f, 0xff, 0xff, 0xff, 0xff, 0xff, 0xff, 0xfe, 0x00, 0x00, 0x3f, 0xff, 0xff,
    0xff, 0xff, 0xff, 0xff, 0xfe, 0x00, 0x00, 0x3f, 0xff, 0xff, 0xff, 0xff, 0xff, 0xff, 0xfe, 0x00,
    0x00, 0x3f, 0xff, 0xff, 0xff, 0xff, 0xff, 0xff, 0xfc, 0x00, 0x00, 0x3f, 0xff, 0xff, 0xff, 0xff,
    0xff, 0xff, 0xfc, 0x00, 0x00, 0x7f, 0xff, 0xff, 0xff, 0xff, 0xff, 0xff, 0xfe, 0x00, 0x00, 0x7f,
    0xff, 0xff, 0xff, 0xff, 0xff, 0xff, 0xfe, 0x00, 0x00, 0x7f, 0xff, 0xff, 0xff, 0xff, 0xff, 0xff,
    0xfe, 0x00, 0x00, 0xff, 0xff, 0xff, 0xff, 0xff, 0xff, 0xff, 0xff, 0x00, 0x00, 0xff, 0xff, 0xff,
    0xff, 0xff, 0xff, 0xff, 0xff, 0x00, 0x01, 0xff, 0xff, 0xff, 0xff, 0xff, 0xff, 0xff, 0xff, 0x80,
    0x01, 0xff, 0xff, 0xff, 0xff, 0xff, 0xff, 0xff, 0xff, 0x80, 0x01, 0xff, 0xff, 0xff, 0xff, 0xff,
    0xff, 0xff, 0xff, 0x80, 0x01, 0xff, 0xff, 0xff, 0xff, 0xff, 0xff, 0xff, 0xff, 0x80, 0x01, 0xff,
    0xff, 0xff, 0xff, 0xff, 0xff, 0xff, 0xff, 0x80, 0x00, 0xff, 0xff, 0xff, 0xff, 0xff, 0xff, 0xff,
    0xff, 0x00, 0x00, 0xff, 0xff, 0xff, 0xff, 0xff, 0xff, 0xff, 0xff, 0x00, 0x00, 0x7f, 0xff, 0xff,
    0xff, 0xff, 0xff, 0xff, 0xfe, 0x00, 0x00, 0x7f, 0xff, 0xff, 0xff, 0xff, 0xff, 0xff, 0xfe, 0x00,
    0x00, 0x7f, 0xff, 0xff, 0xff, 0xff, 0xff, 0xff, 0xfe, 0x00, 0x00, 0x3f, 0xff, 0xff, 0xff, 0xff,
    0xff, 0xff, 0xfc, 0x00, 0x00, 0x3f, 0xff, 0xff, 0xff, 0xff, 0xff, 0xff, 0xfc, 0x00, 0x00, 0x3f,
    0xff, 0xff, 0xff, 0xff, 0xff, 0xff, 0xfc, 0x00, 0x00, 0x3f, 0xff, 0xff, 0xff, 0xff, 0xff, 0xff,
    0xfc, 0x00, 0x00, 0x7f, 0xff, 0xff, 0xff, 0xff, 0xff, 0xff, 0xfe, 0x00, 0x00, 0x7f, 0xff, 0xff,
    0xff, 0xff, 0xff, 0xff, 0xfe, 0x00, 0x00, 0x7f, 0xff, 0xff, 0xff, 0xff, 0xff, 0xff, 0xfe, 0x00,
    0x00, 0xff, 0xff, 0xff, 0xff, 0xff, 0xff, 0xff, 0xff, 0x00, 0x00, 0xff, 0xff, 0xff, 0xff, 0xff,
    0xff, 0xff, 0xff, 0x00, 0x01, 0xff, 0xff, 0xff, 0xff, 0xff, 0xff, 0xff, 0xff, 0x80, 0x01, 0xff,
    0xff, 0xff, 0xff, 0xff, 0xff, 0xff, 0xff, 0x80, 0x01, 0xff, 0xff, 0xff, 0xff, 0xff, 0xff, 0xff,
    0xff, 0x80, 0x01, 0xff, 0xff, 0xff, 0xff, 0xff, 0xff, 0xff, 0xff, 0x80, 0x01, 0xff, 0xff, 0xff,
    0xff, 0xff, 0xff, 0xff, 0xff, 0x80, 0x00, 0xff, 0xff, 0xff, 0xff, 0xff, 0xff, 0xff, 0xff, 0x00,
    0x00, 0xff, 0xff, 0xff, 0xff, 0xff, 0xff, 0xff, 0xff, 0x00, 0x00, 0x7f, 0xff, 0xff, 0xff, 0xff,
    0xff, 0xff, 0xfe, 0x00, 0x00, 0x7f, 0xff, 0xff, 0xff, 0xff, 0xff, 0xff, 0xfe, 0x00, 0x00, 0x7f,
    0xff, 0xff, 0xff, 0xff, 0xff, 0xff, 0xfe, 0x00, 0x00, 0x3f, 0xff, 0xff, 0xff, 0xff, 0xff, 0xff,
    0xfc, 0x00, 0x00, 0x3f, 0xff, 0xff, 0xff, 0xff, 0xff, 0xff, 0xfc, 0x00, 0x00, 0x3f, 0xff, 0xff,
    0xff, 0xff, 0xff, 0xff, 0xfc, 0x00, 0x00, 0x3f, 0xff, 0xff, 0xff, 0xff, 0xff, 0xff, 0xfc, 0x00,
    0x00, 0x7f, 0xff, 0xff, 0xff, 0xff, 0xff, 0xff, 0xfe, 0x00, 0x00, 0x7f, 0xff, 0xff, 0xff, 0xff,
    0xff, 0xff, 0xfe, 0x00, 0x00, 0x7f, 0xff, 0xff, 0xff, 0xff, 0xff, 0xff, 0xfe, 0x00, 0x00, 0xff,
    0xff, 0xff, 0xff, 0xff, 0xff, 0xff, 0xff, 0x00, 0x00, 0xff, 0xff, 0xff, 0xff, 0xff, 0xff, 0xff,
    0xff, 0x00, 0x01, 0xff, 0xff, 0xff, 0xff, 0xff, 0xff, 0xff, 0xff, 0x80, 0x01, 0xff, 0xff, 0xff,
    0xff, 0xff, 0xff, 0xff, 0xff, 0x80, 0x01, 0xff, 0xff, 0xff, 0xff, 0xff, 0xff, 0xff, 0xff, 0x80,
    0x01, 0xff, 0xff, 0xff, 0xff, 0xff, 0xff, 0xff, 0xff, 0x80, 0x01, 0xff, 0xff, 0xff, 0xff, 0xff,
    0xff, 0xff, 0xff, 0x80, 0x00, 0xff, 0xff, 0xff, 0xff, 0xff, 0xff, 0xff, 0xff, 0x00, 0x00, 0xff,
    0xff, 0xff, 0xff, 0xff, 0xff, 0xff, 0xff, 0x00, 0x00, 0x7f, 0xff, 0xff, 0xff, 0xff, 0xff, 0xff,
    0xfe, 0x00, 0x00, 0x7f, 0xff, 0xff, 0xff, 0xff, 0xff, 0xff, 0xfe, 0x00, 0x00, 0x7f, 0xff, 0xff,
    0xff, 0xff, 0xff, 0xff, 0xfe, 0x00, 0x00, 0x3f, 0xff, 0xff, 0xff, 0xff, 0xff, 0xff, 0xfc, 0x00,
    0x00, 0x3f, 0xff, 0xff, 0xff, 0xff, 0xff, 0xff, 0xfc, 0x00, 0x00, 0x3f, 0xff, 0xff, 0xff, 0xff,
    0xff, 0xff, 0xfc, 0x00, 0x00, 0x3f, 0xff, 0xff, 0xff, 0xff, 0xff, 0xff, 0xfc, 0x00, 0x00, 0x7f,
    0xff, 0xff, 0xff, 0xff, 0xff, 0xff, 0xfe, 0x00, 0x00, 0x7f, 0xff, 0xff, 0xff, 0xff, 0xff, 0xff,
    0xfe, 0x00, 0x00, 0x7f, 0xff, 0xff, 0xff, 0xff, 0xff, 0xff, 0xfe, 0x00, 0x00, 0xff, 0xff, 0xff,
    0xff, 0xff, 0xff, 0xff, 0xff, 0x00, 0x00, 0xff, 0xff, 0xff, 0xff, 0xff, 0xff, 0xff, 0xff, 0x00,
    0x01, 0xff, 0xff, 0xff, 0xff, 0xff, 0xff, 0xff, 0xff, 0x80, 0x01, 0xff, 0xff, 0xff, 0xff, 0xff,
    0xff, 0xff, 0xff, 0x80, 0x01, 0xff, 0xff, 0xff, 0xff, 0xff, 0xff, 0xff, 0xff, 0x80, 0x01, 0xff,
    0xff, 0xff, 0xff, 0xff, 0xff, 0xff, 0xff, 0x80, 0x01, 0xff, 0xff, 0xff, 0xff, 0xff, 0xff, 0xff,
    0xff, 0x80, 0x00, 0xff, 0xff, 0xff, 0xff, 0xff, 0xff, 0xff, 0xff, 0x00, 0x00, 0xff, 0xff, 0xff,
    0xff, 0xff, 0xff, 0xff, 0xff, 0x00, 0x00, 0x7f, 0xff, 0xff, 0xff, 0xff, 0xff, 0xff, 0xfe, 0x00,
    0x00, 0x7f, 0xff, 0xff, 0xff, 0xff, 0xff, 0xff, 0xfe, 0x00, 0x00, 0x7f, 0xff, 0xff, 0xff, 0xff,
    0xff, 0xff, 0xfe, 0x00, 0x00, 0x3f, 0xff, 0xff, 0xff, 0xff, 0xff, 0xff, 0xfc, 0x00, 0x00, 0x3f,
    0xff, 0xff, 0xff, 0xff, 0xff, 0xff, 0xfc, 0x00, 0x00, 0x3f, 0xff, 0xff, 0xff, 0xff, 0xff, 0xff,
    0xfc, 0x00, 0x00, 0x3f, 0xff, 0xff, 0xff, 0xff, 0xff, 0xff, 0xfc, 0x00, 0x00, 0x7f, 0xff, 0xff,
    0xff, 0xff, 0xff, 0xff, 0xfe, 0x00, 0x00, 0x7f, 0xff, 0xff, 0xff, 0xff, 0xff, 0xff, 0xfe, 0x00,
    0x00, 0x7f, 0xff, 0xff, 0xff, 0xff, 0xff, 0xff, 0xfe, 0x00, 0x00, 0xff, 0xff, 0xff, 0xff, 0xff,
    0xff, 0xff, 0xff, 0x00, 0x00, 0xff, 0xff, 0xff, 0xff, 0xff, 0xff, 0xff, 0xff, 0x00, 0x01, 0xff,
    0xff, 0xff, 0xff, 0xff, 0xff, 0xff, 0xff, 0x80, 0x01, 0xff, 0xff, 0xff, 0xff, 0xff, 0xff, 0xff,
    0xff, 0x80, 0x01, 0xff, 0xff, 0xff, 0xff, 0xff, 0xff, 0xff, 0xff, 0x80, 0x01, 0xff, 0xff, 0xff,
    0xff, 0xff, 0xff, 0xff, 0xff, 0x80, 0x01, 0xff, 0xff, 0xff, 0xff, 0xff, 0xff, 0xff, 0xff, 0x80,
    0x00, 0xff, 0xff, 0xff, 0xff, 0xff, 0xff, 0xff, 0xff, 0x00, 0x00, 0xff, 0xff, 0xff, 0xff, 0xff,
    0xff, 0xff, 0xff, 0x00, 0x00, 0x7f, 0xff, 0xff, 0xff, 0xff, 0xff, 0xff, 0xfe, 0x00, 0x00, 0x7f,
    0xff, 0xff, 0xff, 0xff, 0xff, 0xff, 0xfe, 0x00, 0x00, 0x7f, 0xff, 0xff, 0xff, 0xff, 0xff, 0xff,
    0xfe, 0x00, 0x00, 0x3f, 0xff, 0xff, 0xff, 0xff, 0xff, 0xff, 0xfc, 0x00, 0x00, 0x3f, 0xff, 0xff,
    0xff, 0xff, 0xff, 0xff, 0xfc, 0x00, 0x00, 0x3f, 0xff, 0xff, 0xff, 0xff, 0xff, 0xff, 0xfc, 0x00,
    0x00, 0x3f, 0xff, 0xff, 0xff, 0xff, 0xff, 0xff, 0xfc, 0x00, 0x00, 0x7f, 0xff, 0xff, 0xff, 0xff,
    0xff, 0xff, 0xfe, 0x00, 0x00, 0x7f, 0xff, 0xff, 0xff, 0xff, 0xff, 0xff, 0xf8, 0x00, 0x00, 0x7f,
    0xff, 0xff, 0xff, 0xff, 0xff, 0xff, 0xf8, 0x00, 0x00, 0xff, 0xff, 0xff, 0xff, 0xff, 0xff, 0xff,
    0xfc, 0x00, 0x00, 0xff, 0xff, 0xff, 0xff, 0xff, 0xff, 0xff, 0xfc, 0x00, 0x00, 0xff, 0xff, 0xff,
    0xff, 0xff, 0xff, 0xff, 0xfc, 0x00, 0x01, 0xff, 0xff, 0xff, 0xff, 0xff, 0xff, 0xff, 0xfe, 0x00,
    0x01, 0xff, 0xff, 0xff, 0xff, 0xff, 0xff, 0xff, 0xfe, 0x00, 0x03, 0xff, 0xff, 0xff, 0xff, 0xff,
    0xff, 0xff, 0xff, 0x00, 0x03, 0xff, 0xff, 0xff, 0xff, 0xff, 0xff, 0xff, 0xff, 0x00, 0x03, 0xff,
    0xff, 0xff, 0xff, 0xff, 0xff, 0xff, 0xff, 0x00, 0x03, 0xff, 0xff, 0xff, 0xff, 0xff, 0xff, 0xff,
    0xff, 0x00, 0x03, 0xff, 0xff, 0xff, 0xff, 0xff, 0xff, 0xff, 0xff, 0x00, 0x01, 0xff, 0xff, 0xff,
    0xff, 0xff, 0xff, 0xff, 0xfe, 0x00, 0x01, 0xff, 0xff, 0xff, 0xff, 0xff, 0xff, 0xff, 0xfe, 0x00,
    0x00, 0xff, 0xff, 0xff, 0xff, 0xff, 0xff, 0xff, 0xfc, 0x00, 0x00, 0xff, 0xff, 0xff, 0xff, 0xff,
    0xff, 0xff, 0xfc, 0x00, 0x00, 0xff, 0xff, 0xff, 0xff, 0xff, 0xff, 0xff, 0xfc, 0x00, 0x00, 0x7f,
    0xff, 0xff, 0xff, 0xff, 0xff, 0xff, 0xf8, 0x00, 0x00, 0x7f, 0xff, 0xff, 0xff, 0xff, 0xff, 0xff,
    0xf8, 0x00, 0x00, 0x7f, 0xff, 0xff, 0xff, 0xff, 0xff, 0xff, 0xf8, 0x00, 0x00, 0x7f, 0xff, 0xff,
    0xff, 0xff, 0xff, 0xff, 0xf8, 0x00, 0x00, 0xff, 0xff, 0xff, 0xff, 0xff, 0xff, 0xff, 0xfc, 0x00,
    0x00, 0xff, 0xff, 0xff, 0xff, 0xff, 0xff, 0xff, 0xfc, 0x00, 0x00, 0xff, 0xff, 0xff, 0xff, 0xff,
    0xff, 0xff, 0xfc, 0x00, 0x01, 0xff, 0xff, 0xff, 0xff, 0xff, 0xff, 0xff, 0xfe, 0x00, 0x01, 0xff,
    0xff, 0xff, 0xff, 0xff, 0xff, 0xff, 0xfe, 0x00, 0x03, 0xff, 0xff, 0xff, 0xff, 0xff, 0xff, 0xff,
    0xff, 0x00, 0x03, 0xff, 0xff, 0xff, 0xff, 0xff, 0xff, 0xff, 0xff, 0x00, 0x03, 0xff, 0xff, 0xff,
    0xff, 0xff, 0xff, 0xff, 0xff, 0x00, 0x03, 0xff, 0xff, 0xff, 0xff, 0xff, 0xff, 0xff, 0xff, 0x00,
    0x03, 0xff, 0xff, 0xff, 0xff, 0xff, 0xff, 0xff, 0xff, 0x00, 0x01, 0xff, 0xff, 0xff, 0xff, 0xff,
    0xff, 0xff, 0xfe, 0x00, 0x01, 0xff, 0xff, 0xff, 0xff, 0xff, 0xff, 0xff, 0xfe, 0x00, 0x00, 0xff,
    0xff, 0xff, 0xff, 0xff, 0xff, 0xff, 0xfc, 0x00, 0x00, 0xff, 0xff, 0xff, 0xff, 0xff, 0xff, 0xff,
    0xfc, 0x00, 0x00, 0xff, 0xff, 0xff, 0xff, 0xff, 0xff, 0xff, 0xfc, 0x00, 0x00, 0x7f, 0xff, 0xff,
    0xff, 0xff, 0xff, 0xff, 0xf8, 0x00, 0x00, 0x7f, 0xff, 0xff, 0xff, 0xff, 0xff, 0xff, 0xf8, 0x00,
    0x00, 0x7f, 0xff, 0xff, 0xff, 0xff, 0xff, 0xff, 0xf8, 0x00, 0x00, 0x7f, 0xff, 0xff, 0xff, 0xff,
    0xff, 0xff, 0xf8, 0x00, 0x00, 0xff, 0xff, 0xff, 0xff, 0xff, 0xff, 0xff, 0xfc, 0x00, 0x00, 0xff,
    0xff, 0xff, 0xff, 0xff, 0xff, 0xff, 0xfc, 0x00, 0x00, 0xff, 0xff, 0xff, 0xff, 0xff, 0xff, 0xff,
    0xfc, 0x00, 0x01, 0xff, 0xff, 0xff, 0xff, 0xff, 0xff, 0xff, 0xfe, 0x00, 0x01, 0xff, 0xff, 0xff,
    0xff, 0xff, 0xff, 0xff, 0xfe, 0x00, 0x03, 0xff, 0xff, 0xff, 0xff, 0xff, 0xff, 0xff, 0xff, 0x00,
    0x03, 0xff, 0xff, 0xff, 0xff, 0xff, 0xff, 0xff, 0xff, 0x00, 0x03, 0xff, 0xff, 0xff, 0xff, 0xff,
    0xff, 0xff, 0xff, 0x00, 0x03, 0xff, 0xff, 0xff, 0xff, 0xff, 0xff, 0xff, 0xff, 0x00, 0x03, 0xff,
    0xff, 0xff, 0xff, 0xff, 0xff, 0xff, 0xff, 0x00, 0x01, 0xff, 0xff, 0xff, 0xff, 0xff, 0xff, 0xff,
    0xfe, 0x00, 0x01, 0xff, 0xff, 0xff, 0xff, 0xff, 0xff, 0xff, 0xfe, 0x00, 0x00, 0xff, 0xff, 0xff,
    0xff, 0xff, 0xff, 0xff, 0xfc, 0x00, 0x00, 0xff, 0xff, 0xff, 0xff, 0xff, 0xff, 0xff, 0xfc, 0x00,
    0x00, 0xff, 0xff, 0xff, 0xff, 0xff, 0xff, 0xff, 0xfc, 0x00, 0x00, 0x7f, 0xff, 0xff, 0xff, 0xff,
    0xff, 0xff, 0xf8, 0x00, 0x00, 0x7f, 0xff, 0xff, 0xff, 0xff, 0xff, 0xff, 0xf8, 0x00, 0x00, 0x7f,
    0xff, 0xff, 0xff, 0xff, 0xff, 0xff, 0xf8, 0x00, 0x00, 0x7f, 0xff, 0xff, 0xff, 0xff, 0xff, 0xff,
    0xf8, 0x00, 0x00, 0xff, 0xff, 0xff, 0xff, 0xff, 0xff, 0xff, 0xfc, 0x00, 0x00, 0xff, 0xff, 0xff,
    0xff, 0xff, 0xff, 0xff, 0xfc, 0x00, 0x00, 0xff, 0xff, 0xff, 0xff, 0xff, 0xff, 0xff, 0xfc, 0x00,
    0x01, 0xff, 0xff, 0xff, 0xff, 0xff, 0xff, 0xff, 0xfe, 0x00, 0x01, 0xff, 0xff, 0xff, 0xff, 0xff,
    0xff, 0xff, 0xfe, 0x00, 0x03, 0xff, 0xff, 0xff, 0xff, 0xff, 0xff, 0xff, 0xff, 0x00, 0x03, 0xff,
    0xff, 0xff, 0xff, 0xff, 0xff, 0xff, 0xff, 0x00, 0x03, 0xff, 0xff, 0xff, 0xff, 0xff, 0xff, 0xff,
    0xff, 0x00, 0x03, 0xff, 0xff, 0xff, 0xff, 0xff, 0xff, 0xff, 0xff, 0x00, 0x03, 0xff, 0xff, 0xff,
    0xff, 0xff, 0xff, 0xff, 0xff, 0x00, 0x01, 0xff, 0xff, 0xff, 0xff, 0xff, 0xff, 0xff, 0xfe, 0x00,
    0x01, 0xff, 0xff, 0xff, 0xff, 0xff, 0xff, 0xff, 0xfe, 0x00, 0x00, 0xff, 0xff, 0xff, 0xff, 0xff,
    0xff, 0xff, 0xfc, 0x00, 0x00, 0xff, 0xff, 0xff, 0xff, 0xff, 0xff, 0xff, 0xfc, 0x00, 0x00, 0xff,
    0xff, 0xff, 0xff, 0xff, 0xff, 0xff, 0xfc, 0x00, 0x00, 0x7f, 0xff, 0xff, 0xff, 0xff, 0xff, 0xff,
    0xf8, 0x00, 0x00, 0x7f, 0xff, 0xff, 0xff, 0xff, 0xff, 0xff, 0xf8, 0x00, 0x00, 0x7f, 0xff, 0xff,
    0xff, 0xff, 0xff, 0xff, 0xf8, 0x00, 0x00, 0x7f, 0xff, 0xff, 0xff, 0xff, 0xff, 0xff, 0xf8, 0x00,
    0x00, 0xff, 0xff, 0xff, 0xff, 0xff, 0xff, 0xff, 0xfc, 0x00, 0x00, 0xff, 0xff, 0xff, 0xff, 0xff,
    0xff, 0xff, 0xfc, 0x00, 0x00, 0xff, 0xff, 0xff, 0xff, 0xff, 0xff, 0xff, 0xfc, 0x00, 0x01, 0xff,
    0xff, 0xff, 0xff, 0xff, 0xff, 0xff, 0xfe, 0x00, 0x01, 0xff, 0xff, 0xff, 0xff, 0xff, 0xff, 0xff,
    0xfe, 0x00, 0x03, 0xff, 0xff, 0xff, 0xff, 0xff, 0xff, 0xff, 0xff, 0x00, 0x03, 0xff, 0xff, 0xff,
    0xff, 0xff, 0xff, 0xff, 0xff, 0x00, 0x03, 0xff, 0xff, 0xff, 0xff, 0xff, 0xff, 0xff, 0xff, 0x00,
    0x03, 0xff, 0xff, 0xff, 0xff, 0xff, 0xff, 0xff, 0xff, 0x00, 0x03, 0xff, 0xff, 0xff, 0xff, 0xff,
    0xff, 0xff, 0xff, 0x00, 0x01, 0xff, 0xff, 0xff, 0xff, 0xff, 0xff, 0xff, 0xfe, 0x00, 0x01, 0xff,
    0xff, 0xff, 0xff, 0xff, 0xff, 0xff, 0xfe, 0x00, 0x00, 0xff, 0xff, 0xff, 0xff, 0xff, 0xff, 0xff,
    0xfc, 0x00, 0x00, 0xff, 0xff, 0xff, 0xff, 0xff, 0xff, 0xff, 0xfc, 0x00, 0x00, 0xff, 0xff, 0xff,
    0xff, 0xff, 0xff, 0xff, 0xfc, 0x00, 0x00, 0x7f, 0xff, 0xff, 0xff, 0xff, 0xff, 0xff, 0xf8, 0x00,
    0x00, 0x7f, 0xff, 0xff, 0xff, 0xff, 0xff, 0xff, 0xf8, 0x00, 0x00, 0x7f, 0xff, 0xff, 0xff, 0xff,
    0xff, 0xff, 0xf8, 0x00, 0x00, 0x7f, 0xff, 0xff, 0xff, 0xff, 0xff, 0xff, 0xf8, 0x00, 0x00, 0xff,
    0xff, 0xff, 0xff, 0xff, 0xff, 0xff, 0xfc, 0x00, 0x00, 0xff, 0xff, 0xff, 0xff, 0xff, 0xff, 0xff,
    0xfc, 0x00, 0x00, 0xff, 0xff, 0xff, 0xff, 0xff, 0xff, 0xff, 0xfc, 0x00, 0x01, 0xff, 0xff, 0xff,
    0xff, 0xff, 0xff, 0xff, 0xfe, 0x00, 0x01, 0xff, 0xff, 0xff, 0xff, 0xff, 0xff, 0xff, 0xfe, 0x00,
    0x03, 0xff, 0xff, 0xff, 0xff, 0xff, 0xff, 0xff, 0xff, 0x00, 0x03, 0xff, 0xff, 0xff, 0xff, 0xff,
    0xff, 0xff, 0xff, 0x00, 0x03, 0xff, 0xff, 0xff, 0xff, 0xff, 0xff, 0xff, 0xff, 0x00, 0x03, 0xff,
    0xff, 0xff, 0xff, 0xff, 0xff, 0xff, 0xff, 0x00, 0x03, 0xff, 0xff, 0xff, 0xff, 0xff, 0xff, 0xff,
    0xff, 0x00, 0x01, 0xff, 0xff, 0xff, 0xff, 0xff, 0xff, 0xff, 0xfe, 0x00, 0x01, 0xff, 0xff, 0xff,
    0xff, 0xff, 0xff, 0xff, 0xfe, 0x00, 0x00, 0xff, 0xff, 0xff, 0xff, 0xff, 0xff, 0xff, 0xfc, 0x00,
    0x00, 0xff, 0xff, 0xff, 0xff, 0xff, 0xff, 0xff, 0xfc, 0x00, 0x00, 0xff, 0xff, 0xff, 0xff, 0xff,
    0xff, 0xff, 0xfc, 0x00, 0x00, 0x7f, 0xff, 0xff, 0xff, 0xff, 0xff, 0xff, 0xf8, 0x00, 0x00, 0x7f,
    0xff, 0xff, 0xff, 0xff, 0xff, 0xff, 0xf8, 0x00, 0x00, 0x7f, 0xff, 0xff, 0xff, 0xff, 0xff, 0xff,
    0xf8, 0x00, 0x00, 0x7f, 0xff, 0xff, 0xff, 0xff, 0xff, 0xff, 0xf8, 0x00, 0x00, 0xff, 0xff, 0xff,
    0xff, 0xff, 0xff, 0xff, 0xfc, 0x00, 0x00, 0xff, 0xff, 0xff, 0xff, 0xff, 0xff, 0xff, 0xfc, 0x00,
    0x00, 0xff, 0xff, 0xff, 0xff, 0xff, 0xff, 0xff, 0xfc, 0x00, 0x01, 0xff, 0xff, 0xff, 0xff, 0xff,
    0xff, 0xff, 0xfe, 0x00, 0x01, 0xff, 0xff, 0xff, 0xff, 0xff, 0xff, 0xff, 0xfe, 0x00, 0x03, 0xff,
    0xff, 0xff, 0xff, 0xff, 0xff, 0xff, 0xff, 0x00, 0x03, 0xff, 0xff, 0xff, 0xff, 0xff, 0xff, 0xff,
    0xff, 0x00, 0x03, 0xff, 0xff, 0xff, 0xff, 0xff, 0xff, 0xff, 0xff, 0x00, 0x03, 0xff, 0xff, 0xff,
    0xff, 0xff, 0xff, 0xff, 0xff, 0x00, 0x03, 0xff, 0xff, 0xff, 0xff, 0xff, 0xff, 0xff, 0xff, 0x00,
    0x01, 0xff, 0xff, 0xff, 0xff, 0xff, 0xff, 0xff, 0xfe, 0x00, 0x01, 0xff, 0xff, 0xff, 0xff, 0xff,
    0xff, 0xff, 0xfe, 0x00, 0x00, 0xff, 0xff, 0xff, 0xff, 0xff, 0xff, 0xff, 0xfc, 0x00, 0x00, 0xff,
    0xff, 0xff, 0xff, 0xff, 0xff, 0xff, 0xfc, 0x00, 0x00, 0xff, 0xff, 0xff, 0xff, 0xff, 0xff, 0xff,
    0xfc, 0x00, 0x00, 0x7f, 0xff, 0xff, 0xff, 0xff, 0xff, 0xff, 0xf8, 0x00, 0x00, 0x7f, 0xff, 0xff,
    0xff, 0xff, 0xff, 0xff, 0xf8, 0x00, 0x00, 0x7f, 0xff, 0xff, 0xff, 0xff, 0xff, 0xff, 0xf8, 0x00,
    0x00, 0x7f, 0xff, 0xff, 0xff, 0xff, 0xff, 0xff, 0xf8, 0x00, 0x00, 0xff, 0xff, 0xff, 0xff, 0xff,
    0xff, 0xff, 0xfc, 0x00, 0x00, 0xff, 0xff, 0xff, 0xff, 0xff, 0xff, 0xff, 0xfc, 0x00, 0x00, 0xff,
    0xff, 0xff, 0xff, 0xff, 0xff, 0xff, 0xfc, 0x00, 0x01, 0xff, 0xff, 0xff, 0xff, 0xff, 0xff, 0xff,
    0xfe, 0x00, 0x01, 0xff, 0xff, 0xff, 0xff, 0xff, 0xff, 0xff, 0xfe, 0x00, 0x03, 0xff, 0xff, 0xff,
    0xff, 0xff, 0xff, 0xff, 0xff, 0x00, 0x03, 0xff, 0xff, 0xff, 0xff, 0xff, 0xff, 0xff, 0xff, 0x00,
    0x01, 0x87, 0x8f, 0xe1, 0xfc, 0x3f, 0x07, 0xe1, 0xe0, 0x00, 0x67, 0xff, 0xff, 0xff, 0xff, 0xff,
    0xff, 0xff, 0xf9, 0xc0, 0xff, 0xff, 0xff, 0xff, 0xff, 0xff, 0xff, 0xff, 0xff, 0xe6, 0xff, 0xff,
    0xff, 0xff, 0xff, 0xff, 0xff, 0xff, 0xff, 0xff, 0xff, 0xff, 0xff, 0xff, 0xff, 0xff, 0xff, 0xff,
    0xff, 0xff, 0xff, 0xff, 0xff, 0xff, 0xff, 0xff, 0xff, 0xff, 0xff, 0xff, 0xff, 0xff, 0xff, 0xff,
    0xff, 0xff, 0xff, 0xff, 0xff, 0xff, 0xff, 0xff, 0xff, 0xff, 0xff, 0xff, 0xff, 0xff, 0xff, 0xff,
    0x3f, 0xff, 0xff, 0xff, 0xff, 0xff, 0xff, 0xff, 0xff, 0xfc, 0x00, 0xff, 0xff, 0xff, 0xff, 0xff,
    0xff, 0xff, 0xff, 0x80, 0x00, 0xff, 0xff, 0xff, 0xff, 0xff, 0xff, 0xff, 0xff, 0x80, 0x00, 0x7f,
    0xff, 0xff, 0xff, 0xff, 0xff, 0xff, 0xff, 0x00, 0x00, 0x7f, 0xff, 0xff, 0xff, 0xff, 0xff, 0xff,
    0xff, 0x00, 0x00, 0x7f, 0xff, 0xff, 0xff, 0xff, 0xff, 0xff, 0xfe, 0x00, 0x00, 0x3f, 0xff, 0xff,
    0xff, 0xff, 0xff, 0xff, 0xfe, 0x00, 0x00, 0x3f, 0xff, 0xff, 0xff, 0xff, 0xff, 0xff, 0xfe, 0x00,
    0x00, 0x3f, 0xff, 0xff, 0xff, 0xff, 0xff, 0xff, 0xfc, 0x00, 0x00, 0x7f, 0xff, 0xff, 0xff, 0xff,
    0xff, 0xff, 0xfe, 0x00, 0x00, 0x7f, 0xff, 0xff, 0xff, 0xff, 0xff, 0xff, 0xfe, 0x00, 0x00, 0xff,
    0xff, 0xff, 0xff, 0xff, 0xff, 0xff, 0xff, 0x00, 0x00, 0xff, 0xff, 0xff, 0xff, 0xff, 0xff, 0xff,
    0xff, 0x00, 0x01, 0xff, 0xff, 0xff, 0xff, 0xff, 0xff, 0xff, 0xff, 0x80, 0x01, 0xff, 0xff, 0xff,
    0xff, 0xff, 0xff, 0xff, 0xff, 0x80, 0x01, 0xff, 0xff, 0xff, 0xff, 0xff, 0xff, 0xff, 0xff, 0x80,
    0x01, 0xff, 0xff, 0xff, 0xff, 0xff, 0xff, 0xff, 0xff, 0x80, 0x01, 0xff, 0xff, 0xff, 0xff, 0xff,
    0xff, 0xff, 0xff, 0x80, 0x00, 0xff, 0xff, 0xff, 0xff, 0xff, 0xff, 0xff, 0xff, 0x00, 0x00, 0xff,
    0xff, 0xff, 0xff, 0xff, 0xff, 0xff, 0xff, 0x00, 0x00, 0x7f, 0xff, 0xff, 0xff, 0xff, 0xff, 0xff,
    0xfe, 0x00, 0x00, 0x7f, 0xff, 0xff, 0xff, 0xff, 0xff, 0xff, 0xfe, 0x00, 0x00, 0x7f, 0xff, 0xff,
    0xff, 0xff, 0xff, 0xff, 0xfe, 0x00, 0x00, 0x3f, 0xff, 0xff, 0xff, 0xff, 0xff, 0xff, 0xfc, 0x00,
    0x00, 0x3f, 0xff, 0xff, 0xff, 0xff, 0xff, 0xff, 0xfc, 0x00, 0x00, 0x3f, 0xff, 0xff, 0xff, 0xff,
    0xff, 0xff, 0xfc, 0x00, 0x00, 0x3f, 0xff, 0xff, 0xff, 0xff, 0xff, 0xff, 0xfc, 0x00, 0x00, 0x7f,
    0xff, 0xff, 0xff, 0xff, 0xff, 0xff, 0xfe, 0x00, 0x00, 0x7f, 0xff, 0xff, 0xff, 0xff, 0xff, 0xff,
    0xfe, 0x00, 0x00, 0x7f, 0xff, 0xff, 0xff, 0xff, 0xff, 0xff, 0xfe, 0x00, 0x00, 0xff, 0xff, 0xff,
    0xff, 0xff, 0xff, 0xff, 0xff, 0x00, 0x00, 0xff, 0xff, 0xff, 0xff, 0xff, 0xff, 0xff, 0xff, 0x00,
    0x01, 0xff, 0xff, 0xff, 0xff, 0xff, 0xff, 0xff, 0xff, 0x80, 0x01, 0xff, 0xff, 0xff, 0xff, 0xff,
    0xff, 0xff, 0xff, 0x80, 0x01, 0xff, 0xff, 0xff, 0xff, 0xff, 0xff, 0xff, 0xff, 0x80, 0x01, 0xff,
    0xff, 0xff, 0xff, 0xff, 0xff, 0xff, 0xff, 0x80, 0x01, 0xff, 0xff, 0xff, 0xff, 0xff, 0xff, 0xff,
    0xff, 0x80, 0x00, 0xff, 0xff, 0xff, 0xff, 0xff, 0xff, 0xff, 0xff, 0x00, 0x00, 0xff, 0xff, 0xff,
    0xff, 0xff, 0xff, 0xff, 0xff, 0x00, 0x00, 0x7f, 0xff, 0xff, 0xff, 0xff, 0xff, 0xff, 0xfe, 0x00,
    0x00, 0x7f, 0xff, 0xff, 0xff, 0xff, 0xff, 0xff, 0xfe, 0x00, 0x00, 0x7f, 0xff, 0xff, 0xff, 0xff,
    0xff, 0xff, 0xfe, 0x00, 0x00, 0x3f, 0xff, 0xff, 0xff, 0xff, 0xff, 0xff, 0xfc, 0x00, 0x00, 0x3f,
    0xff, 0xff, 0xff, 0xff, 0xff, 0xff, 0xfc, 0x00, 0x00, 0x3f, 0xff, 0xff, 0xff, 0xff, 0xff, 0xff,
    0xfc, 0x00, 0x00, 0x3f, 0xff, 0xff, 0xff, 0xff, 0xff, 0xff, 0xfc, 0x00, 0x00, 0x7f, 0xff, 0xff,
    0xff, 0xff, 0xff, 0xff, 0xfe, 0x00, 0x00, 0x7f, 0xff, 0xff, 0xff, 0xff, 0xff, 0xff, 0xfe, 0x00,
    0x00, 0x7f, 0xff, 0xff, 0xff, 0xff, 0xff, 0xff, 0xfe, 0x00, 0x00, 0xff, 0xff, 0xff, 0xff, 0xff,
    0xff, 0xff, 0xff, 0x00, 0x00, 0xff, 0xff, 0xff, 0xff, 0xff, 0xff, 0xff, 0xff, 0x00, 0x01, 0xff,
    0xff, 0xff, 0xff, 0xff, 0xff, 0xff, 0xff, 0x80, 0x01, 0xff, 0xff, 0xff, 0xff, 0xff, 0xff, 0xff,
    0xff, 0x80, 0x01, 0xff, 0xff, 0xff, 0xff, 0xff, 0xff, 0xff, 0xff, 0x80, 0x01, 0xff, 0xff, 0xff,
    0xff, 0xff, 0xff, 0xff, 0xff, 0x80, 0x01, 0xff, 0xff, 0xff, 0xff, 0xff, 0xff, 0xff, 0xff, 0x80,
    0x00, 0xff, 0xff, 0xff, 0xff, 0xff, 0xff, 0xff, 0xff, 0x00, 0x00, 0xff, 0xff, 0xff, 0xff, 0xff,
    0xff, 0xff, 0xff, 0x00, 0x00, 0x7f, 0xff, 0xff, 0xff, 0xff, 0xff, 0xff, 0xfe, 0x00, 0x00, 0x7f,
    0xff, 0xff, 0xff, 0xff, 0xff, 0xff, 0xfe, 0x00, 0x00, 0x7f, 0xff, 0xff, 0xff, 0xff, 0xff, 0xff,
    0xfe, 0x00, 0x00, 0x3f, 0xff, 0xff, 0xff, 0xff, 0xff, 0xff, 0xfc, 0x00, 0x00, 0x3f, 0xff, 0xff,
    0xff, 0xff, 0xff, 0xff, 0xfc, 0x00, 0x00, 0x3f, 0xff, 0xff, 0xff, 0xff, 0xff, 0xff, 0xfc, 0x00,
    0x00, 0x3f, 0xff, 0xff, 0xff, 0xff, 0xff, 0xff, 0xfc, 0x00, 0x00, 0x7f, 0xff, 0xff, 0xff, 0xff,
    0xff, 0xff, 0xfe, 0x00, 0x00, 0x7f, 0xff, 0xff, 0xff, 0xff, 0xff, 0xff, 0xfe, 0x00, 0x00, 0x7f,
    0xff, 0xff, 0xff, 0xff, 0xff, 0xff, 0xfe, 0x00, 0x00, 0xff, 0xff, 0xff, 0xff, 0xff, 0xff, 0xff,
    0xff, 0x00, 0x00, 0xff, 0xff, 0xff, 0xff, 0xff, 0xff, 0xff, 0xff, 0x00, 0x01, 0xff, 0xff, 0xff,
    0xff, 0xff, 0xff, 0xff, 0xff, 0x80, 0x01, 0xff, 0xff, 0xff, 0xff, 0xff, 0xff, 0xff, 0xff, 0x80,
    0x01, 0xff, 0xff, 0xff, 0xff, 0xff, 0xff, 0xff, 0xff, 0x80, 0x01, 0xff, 0xff, 0xff, 0xff, 0xff,
    0xff, 0xff, 0xff, 0x80, 0x01, 0xff, 0xff, 0xff, 0xff, 0xff, 0xff, 0xff, 0xff, 0x80, 0x00, 0xff,
    0xff, 0xff, 0xff, 0xff, 0xff, 0xff, 0xff, 0x00, 0x00, 0xff, 0xff, 0xff, 0xff, 0xff, 0xff, 0xff,
    0xff, 0x00, 0x00, 0x7f, 0xff, 0xff, 0xff, 0xff, 0xff, 0xff, 0xfe, 0x00, 0x00, 0x7f, 0xff, 0xff,
    0xff, 0xff, 0xff, 0xff, 0xfe, 0x00, 0x00, 0x7f, 0xff, 0xff, 0xff, 0xff, 0xff, 0xff, 0xfe, 0x00,
    0x00, 0x3f, 0xff, 0xff, 0xff, 0xff, 0xff, 0xff, 0xfc, 0x00, 0x00, 0x3f, 0xff, 0xff, 0xff, 0xff,
    0xff, 0xff, 0xfc, 0x00, 0x00, 0x3f, 0xff, 0xff, 0xff, 0xff, 0xff, 0xff, 0xfc, 0x00, 0x00, 0x3f,
    0xff, 0xff, 0xff, 0xff, 0xff, 0xff, 0xfc, 0x00, 0x00, 0x7f, 0xff, 0xff, 0xff, 0xff, 0xff, 0xff,
    0xfe, 0x00, 0x00, 0x7f, 0xff, 0xff, 0xff, 0xff, 0xff, 0xff, 0xfe, 0x00, 0x00, 0x7f, 0xff, 0xff,
    0xff, 0xff, 0xff, 0xff, 0xfe, 0x00, 0x00, 0xff, 0xff, 0xff, 0xff, 0xff, 0xff, 0xff, 0xff, 0x00,
    0x00, 0xff, 0xff, 0xff, 0xff, 0xff, 0xff, 0xff, 0xff, 0x00, 0x01, 0xff, 0xff, 0xff, 0xff, 0xff,
    0xff, 0xff, 0xff, 0x80, 0x01, 0xff, 0xff, 0xff, 0xff, 0xff, 0xff, 0xff, 0xff, 0x80, 0x01, 0xff,
    0xff, 0xff, 0xff, 0xff, 0xff, 0xff, 0xff, 0x80, 0x01, 0xff, 0xff, 0xff, 0xff, 0xff, 0xff, 0xff,
    0xff, 0x80, 0x01, 0xff, 0xff, 0xff, 0xff, 0xff, 0xff, 0xff, 0xff, 0x80, 0x00, 0xff, 0xff, 0xff,
    0xff, 0xff, 0xff, 0xff, 0xff, 0x00, 0x00, 0xff, 0xff, 0xff, 0xff, 0xff, 0xff, 0xff, 0xff, 0x00,
    0x00, 0x7f, 0xff, 0xff, 0xff, 0xff, 0xff, 0xff, 0xfe, 0x00, 0x00, 0x7f, 0xff, 0xff, 0xff, 0xff,
    0xff, 0xff, 0xfe, 0x00, 0x00, 0x7f, 0xff, 0xff, 0xff, 0xff, 0xff, 0xff, 0xfe, 0x00, 0x00, 0x3f,
    0xff, 0xff, 0xff, 0xff, 0xff, 0xff, 0xfc, 0x00, 0x00, 0x3f, 0xff, 0xff, 0xff, 0xff, 0xff, 0xff,
    0xfc, 0x00, 0x00, 0x3f, 0xff, 0xff, 0xff, 0xff, 0xff, 0xff, 0xfc, 0x00, 0x00, 0x3f, 0xff, 0xff,
    0xff, 0xff, 0xff, 0xff, 0xfc, 0x00, 0x00, 0x7f, 0xff, 0xff, 0xff, 0xff, 0xff, 0xff, 0xfe, 0x00,
    0x00, 0x7f, 0xff, 0xff, 0xff, 0xff, 0xff, 0xff, 0xf8, 0x00, 0x00, 0x7f, 0xff, 0xff, 0xff, 0xff,
    0xff, 0xff, 0xf8, 0x00, 0x00, 0xff, 0xff, 0xff, 0xff, 0xff, 0xff, 0xff, 0xfc, 0x00, 0x00, 0xff,
    0xff, 0xff, 0xff, 0xff, 0xff, 0xff, 0xfc, 0x00, 0x00, 0xff, 0xff, 0xff, 0xff, 0xff, 0xff, 0xff,
    0xfc, 0x00, 0x01, 0xff, 0xff, 0xff, 0xff, 0xff, 0xff, 0xff, 0xfe, 0x00, 0x01, 0xff, 0xff, 0xff,
    0xff, 0xff, 0xff, 0xff, 0xfe, 0x00, 0x03, 0xff, 0xff, 0xff, 0xff, 0xff, 0xff, 0xff, 0xff, 0x00,
    0x03, 0xff, 0xff, 0xff, 0xff, 0xff, 0xff, 0xff, 0xff, 0x00, 0x03, 0xff, 0xff, 0xff, 0xff, 0xff,
    0xff, 0xff, 0xff, 0x00, 0x03, 0xff, 0xff, 0xff, 0xff, 0xff, 0xff, 0xff, 0xff, 0x00, 0x03, 0xff,
    0xff, 0xff, 0xff, 0xff, 0xff, 0xff, 0xff, 0x00, 0x01, 0xff, 0xff, 0xff, 0xff, 0xff, 0xff, 0xff,
    0xfe, 0x00, 0x01, 0xff, 0xff, 0xff, 0xff, 0xff, 0xff, 0xff, 0xfe, 0x00, 0x00, 0xff, 0xff, 0xff,
    0xff, 0xff, 0xff, 0xff, 0xfc, 0x00, 0x00, 0xff, 0xff, 0xff, 0xff, 0xff, 0xff, 0xff, 0xfc, 0x00,
    0x00, 0xff, 0xff, 0xff, 0xff, 0xff, 0xff, 0xff, 0xfc, 0x00, 0x00, 0x7f, 0xff, 0xff, 0xff, 0xff,
    0xff, 0xff, 0xf8, 0x00, 0x00, 0x7f, 0xff, 0xff, 0xff, 0xff, 0xff, 0xff, 0xf8, 0x00, 0x00, 0x7f,
    0xff, 0xff, 0xff, 0xff, 0xff, 0xff, 0xf8, 0x00, 0x00, 0x7f, 0xff, 0xff, 0xff, 0xff, 0xff, 0xff,
    0xf8, 0x00, 0x00, 0xff, 0xff, 0xff, 0xff, 0xff, 0xff, 0xff, 0xfc, 0x00, 0x00, 0xff, 0xff, 0xff,
    0xff, 0xff, 0xff, 0xff, 0xfc, 0x00, 0x00, 0xff, 0xff, 0xff, 0xff, 0xff, 0xff, 0xff, 0xfc, 0x00,
    0x01, 0xff, 0xff, 0xff, 0xff, 0xff, 0xff, 0xff, 0xfe, 0x00, 0x01, 0xff, 0xff, 0xff, 0xff, 0xff,
    0xff, 0xff, 0xfe, 0x00, 0x03, 0xff, 0xff, 0xff, 0xff, 0xff, 0xff, 0xff, 0xff, 0x00, 0x03, 0xff,
    0xff, 0xff, 0xff, 0xff, 0xff, 0xff, 0xff, 0x00, 0x03, 0xff, 0xff, 0xff, 0xff, 0xff, 0xff, 0xff,
    0xff, 0x00, 0x03, 0xff, 0xff, 0xff, 0xff, 0xff, 0xff, 0xff, 0xff, 0x00, 0x03, 0xff, 0xff, 0xff,
    0xff, 0xff, 0xff, 0xff, 0xff, 0x00, 0x01, 0xff, 0xff, 0xff, 0xff, 0xff, 0xff, 0xff, 0xfe, 0x00,
    0x01, 0xff, 0xff, 0xff, 0xff, 0xff, 0xff, 0xff, 0xfe, 0x00, 0x00, 0xff, 0xff, 0xff, 0xff, 0xff,
    0xff, 0xff, 0xfc, 0x00, 0x00, 0xff, 0xff, 0xff, 0xff, 0xff, 0xff, 0xff, 0xfc, 0x00, 0x00, 0xff,
    0xff, 0xff, 0xff, 0xff, 0xff, 0xff, 0xfc, 0x00, 0x00, 0x7f, 0xff, 0xff, 0xff, 0xff, 0xff, 0xff,
    0xf8, 0x00, 0x00, 0x7f, 0xff, 0xff, 0xff, 0xff, 0xff, 0xff, 0xf8, 0x00, 0x00, 0x7f, 0xff, 0xff,
    0xff, 0xff, 0xff, 0xff, 0xf8, 0x00, 0x00, 0x7f, 0xff, 0xff, 0xff, 0xff, 0xff, 0xff, 0xf8, 0x00,
    0x00, 0xff, 0xff, 0xff, 0xff, 0xff, 0xff, 0xff, 0xfc, 0x00, 0x00, 0xff, 0xff, 0xff, 0xff, 0xff,
    0xff, 0xff, 0xfc, 0x00, 0x00, 0xff, 0xff, 0xff, 0xff, 0xff, 0xff, 0xff, 0xfc, 0x00, 0x01, 0xff,
    0xff, 0xff, 0xff, 0xff, 0xff, 0xff, 0xfe, 0x00, 0x01, 0xff, 0xff, 0xff, 0xff, 0xff, 0xff, 0xff,
    0xfe, 0x00, 0x03, 0xff, 0xff, 0xff, 0xff, 0xff, 0xff, 0xff, 0xff, 0x00, 0x03, 0xff, 0xff, 0xff,
    0xff, 0xff, 0xff, 0xff, 0xff, 0x00, 0x03, 0xff, 0xff, 0xff, 0xff, 0xff, 0xff, 0xff, 0xff, 0x00,
    0x03, 0xff, 0xff, 0xff, 0xff, 0xff, 0xff, 0xff, 0xff, 0x00, 0x03, 0xff, 0xff, 0xff, 0xff, 0xff,
    0xff, 0xff, 0xff, 0x00, 0x01, 0xff, 0xff, 0xff, 0xff, 0xff, 0xff, 0xff, 0xfe, 0x00, 0x01, 0xff,
    0xff, 0xff, 0xff, 0xff, 0xff, 0xff, 0xfe, 0x00, 0x00, 0xff, 0xff, 0xff, 0xff, 0xff, 0xff, 0xff,
    0xfc, 0x00, 0x00, 0xff, 0xff, 0xff, 0xff, 0xff, 0xff, 0xff, 0xfc, 0x00, 0x00, 0xff, 0xff, 0xff,
    0xff, 0xff, 0xff, 0xff, 0xfc, 0x00, 0x00, 0x7f, 0xff, 0xff, 0xff, 0xff, 0xff, 0xff, 0xf8, 0x00,
    0x00, 0x7f, 0xff, 0xff, 0xff, 0xff, 0xff, 0xff, 0xf8, 0x00, 0x00, 0x7f, 0xff, 0xff, 0xff, 0xff,
    0xff, 0xff, 0xf8, 0x00, 0x00, 0x7f, 0xff, 0xff, 0xff, 0xff, 0xff, 0xff, 0xf8, 0x00, 0x00, 0xff,
    0xff, 0xff, 0xff, 0xff, 0xff, 0xff, 0xfc, 0x00, 0x00, 0xff, 0xff, 0xff, 0xff, 0xff, 0xff, 0xff,
    0xfc, 0x00, 0x00, 0xff, 0xff, 0xff, 0xff, 0xff, 0xff, 0xff, 0xfc, 0x00, 0x01, 0xff, 0xff, 0xff,
    0xff, 0xff, 0xff, 0xff, 0xfe, 0x00, 0x01, 0xff, 0xff, 0xff, 0xff, 0xff, 0xff, 0xff, 0xfe, 0x00,
    0x03, 0xff, 0xff, 0xff, 0xff, 0xff, 0xff, 0xff, 0xff, 0x00, 0x03, 0xff, 0xff, 0xff, 0xff, 0xff,
    0xff, 0xff, 0xff, 0x00, 0x03, 0xff, 0xff, 0xff, 0xff, 0xff, 0xff, 0xff, 0xff, 0x00, 0x03, 0xff,
    0xff, 0xff, 0xff, 0xff, 0xff, 0xff, 0xff, 0x00, 0x03, 0xff, 0xff, 0xff, 0xff, 0xff, 0xff, 0xff,
    0xff, 0x00, 0x01, 0xff, 0xff, 0xff, 0xff, 0xff, 0xff, 0xff, 0xfe, 0x00, 0x01, 0xff, 0xff, 0xff,
    0xff, 0xff, 0xff, 0xff, 0xfe, 0x00, 0x00, 0xff, 0xff, 0xff, 0xff, 0xff, 0xff, 0xff, 0xfc, 0x00,
    0x00, 0xff, 0xff, 0xff, 0xff, 0xff, 0xff, 0xff, 0xfc, 0x00, 0x00, 0xff, 0xff, 0xff, 0xff, 0xff,
    0xff, 0xff, 0xfc, 0x00, 0x00, 0x7f, 0xff, 0xff, 0xff, 0xff, 0xff, 0xff, 0xf8, 0x00, 0x00, 0x7f,
    0xff, 0xff, 0xff, 0xff, 0xff, 0xff, 0xf8, 0x00, 0x00, 0x7f, 0xff, 0xff, 0xff, 0xff, 0xff, 0xff,
    0xf8, 0x00, 0x00, 0x7f, 0xff, 0xff, 0xff, 0xff, 0xff, 0xff, 0xf8, 0x00, 0x00, 0xff, 0xff, 0xff,
    0xff, 0xff, 0xff, 0xff, 0xfc, 0x00, 0x00, 0xff, 0xff, 0xff, 0xff, 0xff, 0xff, 0xff, 0xfc, 0x00,
    0x00, 0xff, 0xff, 0xff, 0xff, 0xff, 0xff, 0xff, 0xfc, 0x00, 0x01, 0xff, 0xff, 0xff, 0xff, 0xff,
    0xff, 0xff, 0xfe, 0x00, 0x01, 0xff, 0xff, 0xff, 0xff, 0xff, 0xff, 0xff, 0xfe, 0x00, 0x03, 0xff,
    0xff, 0xff, 0xff, 0xff, 0xff, 0xff, 0xff, 0x00, 0x03, 0xff, 0xff, 0xff, 0xff, 0xff, 0xff, 0xff,
    0xff, 0x00, 0x03, 0xff, 0xff, 0xff, 0xff, 0xff, 0xff, 0xff, 0xff, 0x00, 0x03, 0xff, 0xff, 0xff,
    0xff, 0xff, 0xff, 0xff, 0xff, 0x00, 0x03, 0xff, 0xff, 0xff, 0xff, 0xff, 0xff, 0xff, 0xff, 0x00,
    0x01, 0xff, 0xff, 0xff, 0xff, 0xff, 0xff, 0xff, 0xfe, 0x00, 0x01, 0xff, 0xff, 0xff, 0xff, 0xff,
    0xff, 0xff, 0xfe, 0x00, 0x00, 0xff, 0xff, 0xff, 0xff, 0xff, 0xff, 0xff, 0xfc, 0x00, 0x00, 0xff,
    0xff, 0xff, 0xff, 0xff, 0xff, 0xff, 0xfc, 0x00, 0x00, 0xff, 0xff, 0xff, 0xff, 0xff, 0xff, 0xff,
    0xfc, 0x00, 0x00, 0x7f, 0xff, 0xff, 0xff, 0xff, 0xff, 0xff, 0xf8, 0x00, 0x00, 0x7f, 0xff, 0xff,
    0xff, 0xff, 0xff, 0xff, 0xf8, 0x00, 0x00, 0x7f, 0xff, 0xff, 0xff, 0xff, 0xff, 0xff, 0xf8, 0x00,
    0x00, 0x7f, 0xff, 0xff, 0xff, 0xff, 0xff, 0xff, 0xf8, 0x00, 0x00, 0xff, 0xff, 0xff, 0xff, 0xff,
    0xff, 0xff, 0xfc, 0x00, 0x00, 0xff, 0xff, 0xff, 0xff, 0xff, 0xff, 0xff, 0xfc, 0x00, 0x00, 0xff,
    0xff, 0xff, 0xff, 0xff, 0xff, 0xff, 0xfc, 0x00, 0x01, 0xff, 0xff, 0xff, 0xff, 0xff, 0xff, 0xff,
    0xfe, 0x00, 0x01, 0xff, 0xff, 0xff, 0xff, 0xff, 0xff, 0xff, 0xfe, 0x00, 0x03, 0xff, 0xff, 0xff,
    0xff, 0xff, 0xff, 0xff, 0xff, 0x00, 0x03, 0xff, 0xff, 0xff, 0xff, 0xff, 0xff, 0xff, 0xff, 0x00,
    0x03, 0xff, 0xff, 0xff, 0xff, 0xff, 0xff, 0xff, 0xff, 0x00, 0x03, 0xff, 0xff, 0xff, 0xff, 0xff,
    0xff, 0xff, 0xff, 0x00, 0x03, 0xff, 0xff, 0xff, 0xff, 0xff, 0xff, 0xff, 0xff, 0x00, 0x01, 0xff,
    0xff, 0xff, 0xff, 0xff, 0xff, 0xff, 0xfe, 0x00, 0x01, 0xff, 0xff, 0xff, 0xff, 0xff, 0xff, 0xff,
    0xfe, 0x00, 0x00, 0xff, 0xff, 0xff, 0xff, 0xff, 0xff, 0xff, 0xfc, 0x00, 0x00, 0xff, 0xff, 0xff,
    0xff, 0xff, 0xff, 0xff, 0xfc, 0x00, 0x00, 0xff, 0xff, 0xff, 0xff, 0xff, 0xff, 0xff, 0xfc, 0x00,
    0x00, 0x7f, 0xff, 0xff, 0xff, 0xff, 0xff, 0xff, 0xf8, 0x00, 0x00, 0x7f, 0xff, 0xff, 0xff, 0xff,
    0xff, 0xff, 0xf8, 0x00, 0x00, 0x7f, 0xff, 0xff, 0xff, 0xff, 0xff, 0xff, 0xf8, 0x00, 0x00, 0x7f,
    0xff, 0xff, 0xff, 0xff, 0xff, 0xff, 0xf8, 0x00, 0x00, 0xff, 0xff, 0xff, 0xff, 0xff, 0xff, 0xff,
    0xfc, 0x00, 0x00, 0xff, 0xff, 0xff, 0xff, 0xff, 0xff, 0xff, 0xfc, 0x00, 0x00, 0xff, 0xff, 0xff,
    0xff, 0xff, 0xff, 0xff, 0xfc, 0x00, 0x01, 0xff, 0xff, 0xff, 0xff, 0xff, 0xff, 0xff, 0xfe, 0x00,
    0x01, 0xff, 0xff, 0xff, 0xff, 0xff, 0xff, 0xff, 0xfe, 0x00, 0x03, 0xff, 0xff, 0xff, 0xff, 0xff,
    0xff, 0xff, 0xff, 0x00, 0x03, 0xff, 0xff, 0xff, 0xff, 0xff, 0xff, 0xff, 0xff, 0x00, 0x03, 0xff,
    0xff, 0xff, 0xff, 0xff, 0xff, 0xff, 0xff, 0x00, 0x03, 0xff, 0xff, 0xff, 0xff, 0xff, 0xff, 0xff,
    0xff, 0x00, 0x03, 0xff, 0xff, 0xff, 0xff, 0xff, 0xff, 0xff, 0xff, 0x00, 0x01, 0xff, 0xff, 0xff,
    0xff, 0xff, 0xff, 0xff, 0xfe, 0x00, 0x01, 0xff, 0xff, 0xff, 0xff, 0xff, 0xff, 0xff, 0xfe, 0x00,
    0x00, 0xff, 0xff, 0xff, 0xff, 0xff, 0xff, 0xff, 0xfc, 0x00, 0x00, 0xff, 0xff, 0xff, 0xff, 0xff,
    0xff, 0xff, 0xfc, 0x00, 0x00, 0xff, 0xff, 0xff, 0xff, 0xff, 0xff, 0xff, 0xfc, 0x00, 0x00, 0x7f,
    0xff, 0xff, 0xff, 0xff, 0xff, 0xff, 0xf8, 0x00, 0x00, 0x7f, 0xff, 0xff, 0xff, 0xff, 0xff, 0xff,
    0xf8, 0x00, 0x00, 0x7f, 0xff, 0xff, 0xff, 0xff, 0xff, 0xff, 0xf8, 0x00, 0x00, 0x7f, 0xff, 0xff,
    0xff, 0xff, 0xff, 0xff, 0xf8, 0x00, 0x00, 0xff, 0xff, 0xff, 0xff, 0xff, 0xff, 0xff, 0xfc, 0x00,
    0x00, 0xff, 0xff, 0xff, 0xff, 0xff, 0xff, 0xff, 0xfc, 0x00, 0x00, 0xff, 0xff, 0xff, 0xff, 0xff,
    0xff, 0xff, 0xfc, 0x00, 0x01, 0xff, 0xff, 0xff, 0xff, 0xff, 0xff, 0xff, 0xfe, 0x00, 0x01, 0xff,
    0xff, 0xff, 0xff, 0xff, 0xff, 0xff, 0xfe, 0x00, 0x03, 0xff, 0xff, 0xff, 0xff, 0xff, 0xff, 0xff,
    0xff, 0x00, 0x03, 0xff, 0xff, 0xff, 0xff, 0xff, 0xff, 0xff, 0xff, 0x00, 0x00, 0x00, 0x00, 0x00,
    0x00, 0x00, 0x00, 0x00, 0x00, 0x00, 0x00, 0x00, 0x00, 0x00, 0x00, 0x00, 0x00, 0x00, 0x00, 0x00,
    0x01, 0x87, 0x8f, 0xe1, 0xfc, 0x3f, 0x07, 0xe1, 0xe0, 0x00, 0x67, 0xff, 0xff, 0xff, 0xff, 0xff,
    0xff, 0xff, 0xf9, 0xc0, 0xff, 0xff, 0xff, 0xff, 0xff, 0xff, 0xff, 0xff, 0xff, 0xe6, 0xff, 0xff,
    0xff, 0xff, 0xff, 0xff, 0xff, 0xff, 0xff, 0xff, 0xff, 0xff, 0xff, 0xff, 0xff, 0xff, 0xff, 0xff,
    0xff, 0xff, 0xff, 0xff, 0xff, 0xff, 0xff, 0xff, 0xff, 0xff, 0xff, 0xff, 0xff, 0xff, 0xff, 0xff,
    0xff, 0xff, 0xff, 0xff, 0xff, 0xff, 0xff, 0xff, 0xff, 0xff, 0xff, 0xff, 0xff, 0xff, 0xff, 0xff,
    0x3f, 0xff, 0xff, 0xff, 0xff, 0xff, 0xff, 0xff, 0xff, 0xfc, 0x00, 0xff, 0xff, 0xff, 0xff, 0xff,
    0xff, 0xff, 0xff, 0x80, 0x00, 0xff, 0xff, 0xff, 0xff, 0xff, 0xff, 0xff, 0xff, 0x80, 0x00, 0x7f,
    0xff, 0xff, 0xff, 0xff, 0xff, 0xff, 0xff, 0x00, 0x00, 0x7f, 0xff, 0xff, 0xff, 0xff, 0xff, 0xff,
    0xff, 0x00, 0x00, 0x7f, 0xff, 0xff, 0xff, 0xff, 0xff, 0xff, 0xfe, 0x00, 0x00, 0x3f, 0xff, 0xff,
    0xff, 0xff, 0xff, 0xff, 0xfe, 0x00, 0x00, 0x7f, 0xff, 0xff, 0xff, 0xff, 0xff, 0xff, 0xfe, 0x00,
    0x00, 0xff, 0xff, 0xff, 0xff, 0xff, 0xff, 0xff, 0xff, 0x00, 0x00, 0xff, 0xff, 0xff, 0xff, 0xff,
    0xff, 0xff, 0xff, 0x00, 0x01, 0xff, 0xff, 0xff, 0xff, 0xff, 0xff, 0xff, 0xff, 0x80, 0x01, 0xff,
    0xff, 0xff, 0xff, 0xff, 0xff, 0xff, 0xff, 0x80, 0x01, 0xff, 0xff, 0xff, 0xff, 0xff, 0xff, 0xff,
    0xff, 0x80, 0x01, 0xff, 0xff, 0xff, 0xff, 0xff, 0xff, 0xff, 0xff, 0x80, 0x01, 0xff, 0xff, 0xff,
    0xff, 0xff, 0xff, 0xff, 0xff, 0x80, 0x00, 0xff, 0xff, 0xff, 0xff, 0xff, 0xff, 0xff, 0xff, 0x00,
    0x00, 0xff, 0xff, 0xff, 0xff, 0xff, 0xff, 0xff, 0xff, 0x00, 0x00, 0x7f, 0xff, 0xff, 0xff, 0xff,
    0xff, 0xff, 0xfe, 0x00, 0x00, 0x7f, 0xff, 0xff, 0xff, 0xff, 0xff, 0xff, 0xfe, 0x00, 0x00, 0x7f,
    0xff, 0xff, 0xff, 0xff, 0xff, 0xff, 0xfe, 0x00, 0x00, 0x3f, 0xff, 0xff, 0xff, 0xff, 0xff, 0xff,
    0xfc, 0x00, 0x00, 0x3f, 0xff, 0xff, 0xff, 0xff, 0xff, 0xff, 0xfc, 0x00, 0x00, 0x3f, 0xff, 0xff,
    0xff, 0xff, 0xff, 0xff, 0xfc, 0x00, 0x00, 0x3f, 0xff, 0xff, 0xff, 0xff, 0xff, 0xff, 0xfc, 0x00,
    0x00, 0x7f, 0xff, 0xff, 0xff, 0xff, 0xff, 0xff, 0xfe, 0x00, 0x00, 0x7f, 0xff, 0xff, 0xff, 0xff,
    0xff, 0xff, 0xfe, 0x00, 0x00, 0x7f, 0xff, 0xff, 0xff, 0xff, 0xff, 0xff, 0xfe, 0x00, 0x00, 0xff,
    0xff, 0xff, 0xff, 0xff, 0xff, 0xff, 0xff, 0x00, 0x00, 0xff, 0xff, 0xff, 0xff, 0xff, 0xff, 0xff,
    0xff, 0x00, 0x01, 0xff, 0xff, 0xff, 0xff, 0xff, 0xff, 0xff, 0xff, 0x80, 0x01, 0xff, 0xff, 0xff,
    0xff, 0xff, 0xff, 0xff, 0xff, 0x80, 0x01, 0xff, 0xff, 0xff, 0xff, 0xff, 0xff, 0xff, 0xff, 0x80,
    0x01, 0xff, 0xff, 0xff, 0xff, 0xff, 0xff, 0xff, 0xff, 0x80, 0x01, 0xff, 0xff, 0xff, 0xff, 0xff,
    0xff, 0xff, 0xff, 0x80, 0x00, 0xff, 0xff, 0xff, 0xff, 0xff, 0xff, 0xff, 0xff, 0x00, 0x00, 0xff,
    0xff, 0xff, 0xff, 0xff, 0xff, 0xff, 0xff, 0x00, 0x00, 0x7f, 0xff, 0xff, 0xff, 0xff, 0xff, 0xff,
    0xfe, 0x00, 0x00, 0x7f, 0xff, 0xff, 0xff, 0xff, 0xff, 0xff, 0xfe, 0x00, 0x00, 0x7f, 0xff, 0xff,
    0xff, 0xff, 0xff, 0xff, 0xfe, 0x00, 0x00, 0x3f, 0xff, 0xff, 0xff, 0xff, 0xff, 0xff, 0xfc, 0x00,
    0x00, 0x3f, 0xff, 0xff, 0xff, 0xff, 0xff, 0xff, 0xfc, 0x00, 0x00, 0x3f, 0xff, 0xff, 0xff, 0xff,
    0xff, 0xff, 0xfc, 0x00, 0x00, 0x3f, 0xff, 0xff, 0xff, 0xff, 0xff, 0xff, 0xfc, 0x00, 0x00, 0x7f,
    0xff, 0xff, 0xff, 0xff, 0xff, 0xff, 0xfe, 0x00, 0x00, 0x7f, 0xff, 0xff, 0xff, 0xff, 0xff, 0xff,
    0xfe, 0x00, 0x00, 0x7f, 0xff, 0xff, 0xff, 0xff, 0xff, 0xff, 0xfe, 0x00, 0x00, 0xff, 0xff, 0xff,
    0xff, 0xff, 0xff, 0xff, 0xff, 0x00, 0x00, 0xff, 0xff, 0xff, 0xff, 0xff, 0xff, 0xff, 0xff, 0x00,
    0x01, 0xff, 0xff, 0xff, 0xff, 0xff, 0xff, 0xff, 0xff, 0x80, 0x01, 0xff, 0xff, 0xff, 0xff, 0xff,
    0xff, 0xff, 0xff, 0x80, 0x01, 0xff, 0xff, 0xff, 0xff, 0xff, 0xff, 0xff, 0xff, 0x80, 0x01, 0xff,
    0xff, 0xff, 0xff, 0xff, 0xff, 0xff, 0xff, 0x80, 0x01, 0xff, 0xff, 0xff, 0xff, 0xff, 0xff, 0xff,
    0xff, 0x80, 0x00, 0xff, 0xff, 0xff, 0xff, 0xff, 0xff, 0xff, 0xff, 0x00, 0x00, 0xff, 0xff, 0xff,
    0xff, 0xff, 0xff, 0xff, 0xff, 0x00, 0x00, 0x7f, 0xff, 0xff, 0xff, 0xff, 0xff, 0xff, 0xfe, 0x00,
    0x00, 0x7f, 0xff, 0xff, 0xff, 0xff, 0xff, 0xff, 0xfe, 0x00, 0x00, 0x7f, 0xff, 0xff, 0xff, 0xff,
    0xff, 0xff, 0xfe, 0x00, 0x00, 0x3f, 0xff, 0xff, 0xff, 0xff, 0xff, 0xff, 0xfc, 0x00, 0x00, 0x3f,
    0xff, 0xff, 0xff, 0xff, 0xff, 0xff, 0xfc, 0x00, 0x00, 0x3f, 0xff, 0xff, 0xff, 0xff, 0xff, 0xff,
    0xfc, 0x00, 0x00, 0x3f, 0xff, 0xff, 0xff, 0xff, 0xff, 0xff, 0xfc, 0x00, 0x00, 0x7f, 0xff, 0xff,
    0xff, 0xff, 0xff, 0xff, 0xfe, 0x00, 0x00, 0x7f, 0xff, 0xff, 0xff, 0xff, 0xff, 0xff, 0xfe, 0x00,
    0x00, 0x7f, 0xff, 0xff, 0xff, 0xff, 0xff, 0xff, 0xfe, 0x00, 0x00, 0xff, 0xff, 0xff, 0xff, 0xff,
    0xff, 0xff, 0xff, 0x00, 0x00, 0xff, 0xff, 0xff, 0xff, 0xff, 0xff, 0xff, 0xff, 0x00, 0x01, 0xff,
    0xff, 0xff, 0xff, 0xff, 0xff, 0xff, 0xff, 0x80, 0x01, 0xff, 0xff, 0xff, 0xff, 0xff, 0xff, 0xff,
    0xff, 0x80, 0x01, 0xff, 0xff, 0xff, 0xff, 0xff, 0xff, 0xff, 0xff, 0x80, 0x01, 0xff, 0xff, 0xff,
    0xff, 0xff, 0xff, 0xff, 0xff, 0x80, 0x01, 0xff, 0xff, 0xff, 0xff, 0xff, 0xff, 0xff, 0xff, 0x80,
    0x00, 0xff, 0xff, 0xff, 0xff, 0xff, 0xff, 0xff, 0xff, 0x00, 0x00, 0xff, 0xff, 0xff, 0xff, 0xff,
    0xff, 0xff, 0xff, 0x00, 0x00, 0x7f, 0xff, 0xff, 0xff, 0xff, 0xff, 0xff, 0xfe, 0x00, 0x00, 0x7f,
    0xff, 0xff, 0xff, 0xff, 0xff, 0xff, 0xfe, 0x00, 0x00, 0x7f, 0xff, 0xff, 0xff, 0xff, 0xff, 0xff,
    0xfe, 0x00, 0x00, 0x3f, 0xff, 0xff, 0xff, 0xff, 0xff, 0xff, 0xfc, 0x00, 0x00, 0x3f, 0xff, 0xff,
    0xff, 0xff, 0xff, 0xff, 0xfc, 0x00, 0x00, 0x3f, 0xff, 0xff, 0xff, 0xff, 0xff, 0xff, 0xfc, 0x00,
    0x00, 0x3f, 0xff, 0xff, 0xff, 0xff, 0xff, 0xff, 0xfc, 0x00, 0x00, 0x7f, 0xff, 0xff, 0xff, 0xff,
    0xff, 0xff, 0xfe, 0x00, 0x00, 0x7f, 0xff, 0xff, 0xff, 0xff, 0xff, 0xff, 0xfe, 0x00, 0x00, 0x7f,
    0xff, 0xff, 0xff, 0xff, 0xff, 0xff, 0xfe, 0x00, 0x00, 0xff, 0xff, 0xff, 0xff, 0xff, 0xff, 0xff,
    0xff, 0x00, 0x00, 0xff, 0xff, 0xff, 0xff, 0xff, 0xff, 0xff, 0xff, 0x00, 0x01, 0xff, 0xff, 0xff,
    0xff, 0xff, 0xff, 0xff, 0xff, 0x80, 0x01, 0xff, 0xff, 0xff, 0xff, 0xff, 0xff, 0xff, 0xff, 0x80,
    0x01, 0xff, 0xff, 0xff, 0xff, 0xff, 0xff, 0xff, 0xff, 0x80, 0x01, 0xff, 0xff, 0xff, 0xff, 0xff,
    0xff, 0xff, 0xff, 0x80, 0x01, 0xff, 0xff, 0xff, 0xff, 0xff, 0xff, 0xff, 0xff, 0x80, 0x00, 0xff,
    0xff, 0xff, 0xff, 0xff, 0xff, 0xff, 0xff, 0x00, 0x00, 0xff, 0xff, 0xff, 0xff, 0xff, 0xff, 0xff,
    0xff, 0x00, 0x00, 0x7f, 0xff, 0xff, 0xff, 0xff, 0xff, 0xff, 0xfe, 0x00, 0x00, 0x7f, 0xff, 0xff,
    0xff, 0xff, 0xff, 0xff, 0xfe, 0x00, 0x00, 0x7f, 0xff, 0xff, 0xff, 0xff, 0xff, 0xff, 0xfe, 0x00,
    0x00, 0x3f, 0xff, 0xff, 0xff, 0xff, 0xff, 0xff, 0xfc, 0x00, 0x00, 0x3f, 0xff, 0xff, 0xff, 0xff,
    0xff, 0xff, 0xfc, 0x00, 0x00, 0x3f, 0xff, 0xff, 0xff, 0xff, 0xff, 0xff, 0xfc, 0x00, 0x00, 0x3f,
    0xff, 0xff, 0xff, 0xff, 0xff, 0xff, 0xfc, 0x00, 0x00, 0x7f, 0xff, 0xff, 0xff, 0xff, 0xff, 0xff,
    0xfe, 0x00, 0x00, 0x7f, 0xff, 0xff, 0xff, 0xff, 0xff, 0xff, 0xf8, 0x00, 0x00, 0x7f, 0xff, 0xff,
    0xff, 0xff, 0xff, 0xff, 0xf8, 0x00, 0x00, 0xff, 0xff, 0xff, 0xff, 0xff, 0xff, 0xff, 0xfc, 0x00,
    0x00, 0xff, 0xff, 0xff, 0xff, 0xff, 0xff, 0xff, 0xfc, 0x00, 0x00, 0xff, 0xff, 0xff, 0xff, 0xff,
    0xff, 0xff, 0xfc, 0x00, 0x01, 0xff, 0xff, 0xff, 0xff, 0xff, 0xff, 0xff, 0xfe, 0x00, 0x01, 0xff,
    0xff, 0xff, 0xff, 0xff, 0xff, 0xff, 0xfe, 0x00, 0x03, 0xff, 0xff, 0xff, 0xff, 0xff, 0xff, 0xff,
    0xff, 0x00, 0x03, 0xff, 0xff, 0xff, 0xff, 0xff, 0xff, 0xff, 0xff, 0x00, 0x03, 0xff, 0xff, 0xff,
    0xff, 0xff, 0xff, 0xff, 0xff, 0x00, 0x03, 0xff, 0xff, 0xff, 0xff, 0xff, 0xff, 0xff, 0xff, 0x00,
    0x03, 0xff, 0xff, 0xff, 0xff, 0xff, 0xff, 0xff, 0xff, 0x00, 0x01, 0xff, 0xff, 0xff, 0xff, 0xff,
    0xff, 0xff, 0xfe, 0x00, 0x01, 0xff, 0xff, 0xff, 0xff, 0xff, 0xff, 0xff, 0xfe, 0x00, 0x00, 0xff,
    0xff, 0xff, 0xff, 0xff, 0xff, 0xff, 0xfc, 0x00, 0x00, 0xff, 0xff, 0xff, 0xff, 0xff, 0xff, 0xff,
    0xfc, 0x00, 0x00, 0xff, 0xff, 0xff, 0xff, 0xff, 0xff, 0xff, 0xfc, 0x00, 0x00, 0x7f, 0xff, 0xff,
    0xff, 0xff, 0xff, 0xff, 0xf8, 0x00, 0x00, 0x7f, 0xff, 0xff, 0xff, 0xff, 0xff, 0xff, 0xf8, 0x00,
    0x00, 0x7f, 0xff, 0xff, 0xff, 0xff, 0xff, 0xff, 0xf8, 0x00, 0x00, 0x7f, 0xff, 0xff, 0xff, 0xff,
    0xff, 0xff, 0xf8, 0x00, 0x00, 0xff, 0xff, 0xff, 0xff, 0xff, 0xff, 0xff, 0xfc, 0x00, 0x00, 0xff,
    0xff, 0xff, 0xff, 0xff, 0xff, 0xff, 0xfc, 0x00, 0x00, 0xff, 0xff, 0xff, 0xff, 0xff, 0xff, 0xff,
    0xfc, 0x00, 0x01, 0xff, 0xff, 0xff, 0xff, 0xff, 0xff, 0xff, 0xfe, 0x00, 0x01, 0xff, 0xff, 0xff,
    0xff, 0xff, 0xff, 0xff, 0xfe, 0x00, 0x03, 0xff, 0xff, 0xff, 0xff, 0xff, 0xff, 0xff, 0xff, 0x00,
    0x03, 0xff, 0xff, 0xff, 0xff, 0xff, 0xff, 0xff, 0xff, 0x00, 0x03, 0xff, 0xff, 0xff, 0xff, 0xff,
    0xff, 0xff, 0xff, 0x00, 0x03, 0xff, 0xff, 0xff, 0xff, 0xff, 0xff, 0xff, 0xff, 0x00, 0x03, 0xff,
    0xff, 0xff, 0xff, 0xff, 0xff, 0xff, 0xff, 0x00, 0x01, 0xff, 0xff, 0xff, 0xff, 0xff, 0xff, 0xff,
    0xfe, 0x00, 0x01, 0xff, 0xff, 0xff, 0xff, 0xff, 0xff, 0xff, 0xfe, 0x00, 0x00, 0xff, 0xff, 0xff,
    0xff, 0xff, 0xff, 0xff, 0xfc, 0x00, 0x00, 0xff, 0xff, 0xff, 0xff, 0xff, 0xff, 0xff, 0xfc, 0x00,
    0x00, 0xff, 0xff, 0xff, 0xff, 0xff, 0xff, 0xff, 0xfc, 0x00, 0x00, 0x7f, 0xff, 0xff, 0xff, 0xff,
    0xff, 0xff, 0xf8, 0x00, 0x00, 0x7f, 0xff, 0xff, 0xff, 0xff, 0xff, 0xff, 0xf8, 0x00, 0x00, 0x7f,
    0xff, 0xff, 0xff, 0xff, 0xff, 0xff, 0xf8, 0x00, 0x00, 0x7f, 0xff, 0xff, 0xff, 0xff, 0xff, 0xff,
    0xf8, 0x00, 0x00, 0xff, 0xff, 0xff, 0xff, 0xff, 0xff, 0xff, 0xfc, 0x00, 0x00, 0xff, 0xff, 0xff,
    0xff, 0xff, 0xff, 0xff, 0xfc, 0x00, 0x00, 0xff, 0xff, 0xff, 0xff, 0xff, 0xff, 0xff, 0xfc, 0x00,
    0x01, 0xff, 0xff, 0xff, 0xff, 0xff, 0xff, 0xff, 0xfe, 0x00, 0x01, 0xff, 0xff, 0xff, 0xff, 0xff,
    0xff, 0xff, 0xfe, 0x00, 0x03, 0xff, 0xff, 0xff, 0xff, 0xff, 0xff, 0xff, 0xff, 0x00, 0x03, 0xff,
    0xff, 0xff, 0xff, 0xff, 0xff, 0xff, 0xff, 0x00, 0x03, 0xff, 0xff, 0xff, 0xff, 0xff, 0xff, 0xff,
    0xff, 0x00, 0x03, 0xff, 0xff, 0xff, 0xff, 0xff, 0xff, 0xff, 0xff, 0x00, 0x03, 0xff, 0xff, 0xff,
    0xff, 0xff, 0xff, 0xff, 0xff, 0x00, 0x01, 0xff, 0xff, 0xff, 0xff, 0xff, 0xff, 0xff, 0xfe, 0x00,
    0x01, 0xff, 0xff, 0xff, 0xff, 0xff, 0xff, 0xff, 0xfe, 0x00, 0x00, 0xff, 0xff, 0xff, 0xff, 0xff,
    0xff, 0xff, 0xfc, 0x00, 0x00, 0xff, 0xff, 0xff, 0xff, 0xff, 0xff, 0xff, 0xfc, 0x00, 0x00, 0xff,
    0xff, 0xff, 0xff, 0xff, 0xff, 0xff, 0xfc, 0x00, 0x00, 0x7f, 0xff, 0xff, 0xff, 0xff, 0xff, 0xff,
    0xf8, 0x00, 0x00, 0x7f, 0xff, 0xff, 0xff, 0xff, 0xff, 0xff, 0xf8, 0x00, 0x00, 0x7f, 0xff, 0xff,
    0xff, 0xff, 0xff, 0xff, 0xf8, 0x00, 0x00, 0x7f, 0xff, 0xff, 0xff, 0xff, 0xff, 0xff, 0xf8, 0x00,
    0x00, 0xff, 0xff, 0xff, 0xff, 0xff, 0xff, 0xff, 0xfc, 0x00, 0x00, 0xff, 0xff, 0xff, 0xff, 0xff,
    0xff, 0xff, 0xfc, 0x00, 0x00, 0xff, 0xff, 0xff, 0xff, 0xff, 0xff, 0xff, 0xfc, 0x00, 0x01, 0xff,
    0xff, 0xff, 0xff, 0xff, 0xff, 0xff, 0xfe, 0x00, 0x01, 0xff, 0xff, 0xff, 0xff, 0xff, 0xff, 0xff,
    0xfe, 0x00, 0x03, 0xff, 0xff, 0xff, 0xff, 0xff, 0xff, 0xff, 0xff, 0x00, 0x03, 0xff, 0xff, 0xff,
    0xff, 0xff, 0xff, 0xff, 0xff, 0x00, 0x03, 0xff, 0xff, 0xff, 0xff, 0xff, 0xff, 0xff, 0xff, 0x00,
    0x03, 0xff, 0xff, 0xff, 0xff, 0xff, 0xff, 0xff, 0xff, 0x00, 0x03, 0xff, 0xff, 0xff, 0xff, 0xff,
    0xff, 0xff, 0xff, 0x00, 0x01, 0xff, 0xff, 0xff, 0xff, 0xff, 0xff, 0xff, 0xfe, 0x00, 0x01, 0xff,
    0xff, 0xff, 0xff, 0xff, 0xff, 0xff, 0xfe, 0x00, 0x00, 0xff, 0xff, 0xff, 0xff, 0xff, 0xff, 0xff,
    0xfc, 0x00, 0x00, 0xff, 0xff, 0xff, 0xff, 0xff, 0xff, 0xff, 0xfc, 0x00, 0x00, 0xff, 0xff, 0xff,
    0xff, 0xff, 0xff, 0xff, 0xfc, 0x00, 0x00, 0x7f, 0xff, 0xff, 0xff, 0xff, 0xff, 0xff, 0xf8, 0x00,
    0x00, 0x7f, 0xff, 0xff, 0xff, 0xff, 0xff, 0xff, 0xf8, 0x00, 0x00, 0x7f, 0xff, 0xff, 0xff, 0xff,
    0xff, 0xff, 0xf8, 0x00, 0x00, 0x7f, 0xff, 0xff, 0xff, 0xff, 0xff, 0xff, 0xf8, 0x00, 0x00, 0xff,
    0xff, 0xff, 0xff, 0xff, 0xff, 0xff, 0xfc, 0x00, 0x00, 0xff, 0xff, 0xff, 0xff, 0xff, 0xff, 0xff,
    0xfc, 0x00, 0x00, 0xff, 0xff, 0xff, 0xff, 0xff, 0xff, 0xff, 0xfc, 0x00, 0x01, 0xff, 0xff, 0xff,
    0xff, 0xff, 0xff, 0xff, 0xfe, 0x00, 0x01, 0xff, 0xff, 0xff, 0xff, 0xff, 0xff, 0xff, 0xfe, 0x00,
    0x03, 0xff, 0xff, 0xff, 0xff, 0xff, 0xff, 0xff, 0xff, 0x00, 0x03, 0xff, 0xff, 0xff, 0xff, 0xff,
    0xff, 0xff, 0xff, 0x00, 0x03, 0xff, 0xff, 0xff, 0xff, 0xff, 0xff, 0xff, 0xff, 0x00, 0x03, 0xff,
    0xff, 0xff, 0xff, 0xff, 0xff, 0xff, 0xff, 0x00, 0x03, 0xff, 0xff, 0xff, 0xff, 0xff, 0xff, 0xff,
    0xff, 0x00, 0x01, 0xff, 0xff, 0xff, 0xff, 0xff, 0xff, 0xff, 0xfe, 0x00, 0x01, 0xff, 0xff, 0xff,
    0xff, 0xff, 0xff, 0xff, 0xfe, 0x00, 0x00, 0xff, 0xff, 0xff, 0xff, 0xff, 0xff, 0xff, 0xfc, 0x00,
    0x00, 0xff, 0xff, 0xff, 0xff, 0xff, 0xff, 0xff, 0xfc, 0x00, 0x00, 0xff, 0xff, 0xff, 0xff, 0xff,
    0xff, 0xff, 0xfc, 0x00, 0x00, 0x7f, 0xff, 0xff, 0xff, 0xff, 0xff, 0xff, 0xf8, 0x00, 0x00, 0x7f,
    0xff, 0xff, 0xff, 0xff, 0xff, 0xff, 0xf8, 0x00, 0x00, 0x7f, 0xff, 0xff, 0xff, 0xff, 0xff, 0xff,
    0xf8, 0x00, 0x00, 0x7f, 0xff, 0xff, 0xff, 0xff, 0xff, 0xff, 0xf8, 0x00, 0x00, 0xff, 0xff, 0xff,
    0xff, 0xff, 0xff, 0xff, 0xfc, 0x00, 0x00, 0xff, 0xff, 0xff, 0xff, 0xff, 0xff, 0xff, 0xfc, 0x00,
    0x00, 0xff, 0xff, 0xff, 0xff, 0xff, 0xff, 0xff, 0xfc, 0x00, 0x01, 0xff, 0xff, 0xff, 0xff, 0xff,
    0xff, 0xff, 0xfe, 0x00, 0x01, 0xff, 0xff, 0xff, 0xff, 0xff, 0xff, 0xff, 0xfe, 0x00, 0x03, 0xff,
    0xff, 0xff, 0xff, 0xff, 0xff, 0xff, 0xff, 0x00, 0x03, 0xff, 0xff, 0xff, 0xff, 0xff, 0xff, 0xff,
    0xff, 0x00, 0x03, 0xff, 0xff, 0xff, 0xff, 0xff, 0xff, 0xff, 0xff, 0x00, 0x03, 0xff, 0xff, 0xff,
    0xff, 0xff, 0xff, 0xff, 0xff, 0x00, 0x03, 0xff, 0xff, 0xff, 0xff, 0xff, 0xff, 0xff, 0xff, 0x00,
    0x01, 0xff, 0xff, 0xff, 0xff, 0xff, 0xff, 0xff, 0xfe, 0x00, 0x01, 0xff, 0xff, 0xff, 0xff, 0xff,
    0xff, 0xff, 0xfe, 0x00, 0x00, 0xff, 0xff, 0xff, 0xff, 0xff, 0xff, 0xff, 0xfc, 0x00, 0x00, 0xff,
    0xff, 0xff, 0xff, 0xff, 0xff, 0xff, 0xfc, 0x00, 0x00, 0xff, 0xff, 0xff, 0xff, 0xff, 0xff, 0xff,
    0xfc, 0x00, 0x00, 0x7f, 0xff, 0xff, 0xff, 0xff, 0xff, 0xff, 0xf8, 0x00, 0x00, 0x7f, 0xff, 0xff,
    0xff, 0xff, 0xff, 0xff, 0xf8, 0x00, 0x00, 0x7f, 0xff, 0xff, 0xff, 0xff, 0xff, 0xff, 0xf8, 0x00,
    0x00, 0x7f, 0xff, 0xff, 0xff, 0xff, 0xff, 0xff, 0xf8, 0x00, 0x00, 0xff, 0xff, 0xff, 0xff, 0xff,
    0xff, 0xff, 0xfc, 0x00, 0x00, 0xff, 0xff, 0xff, 0xff, 0xff, 0xff, 0xff, 0xfc, 0x00, 0x00, 0xff,
    0xff, 0xff, 0xff, 0xff, 0xff, 0xff, 0xfc, 0x00, 0x01, 0xff, 0xff, 0xff, 0xff, 0xff, 0xff, 0xff,
    0xfe, 0x00, 0x01, 0xff, 0xff, 0xff, 0xff, 0xff, 0xff, 0xff, 0xfe, 0x00, 0x03, 0xff, 0xff, 0xff,
    0xff, 0xff, 0xff, 0xff, 0xff, 0x00, 0x03, 0xff, 0xff, 0xff, 0xff, 0xff, 0xff, 0xff, 0xff, 0x00,
    0x03, 0xff, 0xff, 0xff, 0xff, 0xff, 0xff, 0xff, 0xff, 0x00, 0x03, 0xff, 0xff, 0xff, 0xff, 0xff,
    0xff, 0xff, 0xff, 0x00, 0x03, 0xff, 0xff, 0xff, 0xff, 0xff, 0xff, 0xff, 0xff, 0x00, 0x01, 0xff,
    0xff, 0xff, 0xff, 0xff, 0xff, 0xff, 0xfe, 0x00, 0x01, 0xff, 0xff, 0xff, 0xff, 0xff, 0xff, 0xff,
    0xfe, 0x00, 0x00, 0xff, 0xff, 0xff, 0xff, 0xff, 0xff, 0xff, 0xfc, 0x00, 0x00, 0xff, 0xff, 0xff,
    0xff, 0xff, 0xff, 0xff, 0xfc, 0x00, 0x00, 0xff, 0xff, 0xff, 0xff, 0xff, 0xff, 0xff, 0xfc, 0x00,
    0x00, 0x7f, 0xff, 0xff, 0xff, 0xff, 0xff, 0xff, 0xf8, 0x00, 0x00, 0x7f, 0xff, 0xff, 0xff, 0xff,
    0xff, 0xff, 0xf8, 0x00, 0x00, 0x7f, 0xff, 0xff, 0xff, 0xff, 0xff, 0xff, 0xf8, 0x00, 0x00, 0x7f,
    0xff, 0xff, 0xff, 0xff, 0xff, 0xff, 0xf8, 0x00, 0x00, 0xff, 0xff, 0xff, 0xff, 0xff, 0xff, 0xff,
    0xfc, 0x00, 0x00, 0xff, 0xff, 0xff, 0xff, 0xff, 0xff, 0xff, 0xfc, 0x00, 0x00, 0xff, 0xff, 0xff,
    0xff, 0xff, 0xff, 0xff, 0xfc, 0x00, 0x01, 0xff, 0xff, 0xff, 0xff, 0xff, 0xff, 0xff, 0xfe, 0x00,
    0x01, 0xff, 0xff, 0xff, 0xff, 0xff, 0xff, 0xff, 0xfe, 0x00, 0x03, 0xff, 0xff, 0xff, 0xff, 0xff,
    0xff, 0xff, 0xff, 0x00, 0x03, 0xff, 0xff, 0xff, 0xff, 0xff, 0xff, 0xff, 0xff, 0x00, 0x00, 0x00,
    0x00, 0x00, 0x00, 0x00, 0x00, 0x00, 0x00, 0x00, 0x00, 0x00, 0x00, 0x00, 0x00, 0x00, 0x00, 0x00,
    0x00, 0x00, 0x00, 0x00, 0x00, 0x00, 0x00, 0x00, 0x00, 0x00, 0x00, 0x00, 0x00, 0x00, 0x00, 0x00,
    0x00, 0x00, 0x00, 0x00, 0x00, 0x00, 0x00, 0x00, 0x00, 0x00, 0x00, 0x00, 0x00, 0x00, 0x00, 0x00,
};

/* sLeaf: 10 masks of 16 bytes */
static const uint8_t s_mask_sLeaf[160] = {
    0x00, 0x00, 0x00, 0x60, 0x01, 0xe0, 0x03, 0xe0, 0x07, 0xc0, 0x03, 0x80, 0x00, 0x00, 0x00, 0x00,
    0x00, 0x00, 0x00, 0x00, 0x00, 0x00, 0x07, 0x00, 0x1f, 0x80, 0x3f, 0x00, 0x1c, 0x00, 0x00, 0x00,
    0x00, 0x00, 0x00, 0x00, 0x60, 0x00, 0xf0, 0x00, 0x78, 0x00, 0x38, 0x00, 0x10, 0x00, 0x00, 0x00,
    0x00, 0x00, 0x40, 0x00, 0xe0, 0x00, 0xf0, 0x00, 0x70, 0x00, 0x38, 0x00, 0x10, 0x00, 0x00, 0x00,
    0x00, 0x00, 0x00, 0x00, 0x00, 0x00, 0x00, 0x00, 0x0e, 0x00, 0x1f, 0x80, 0x0f, 0xc0, 0x07, 0x80,
    0x00, 0x00, 0x00, 0x00, 0x00, 0x00, 0x00, 0x00, 0x00, 0x18, 0x00, 0x7c, 0x00, 0xf8, 0x00, 0x70,
    0x00, 0x04, 0x00, 0x0e, 0x00, 0x1e, 0x00, 0x1e, 0x00, 0x1c, 0x00, 0x08, 0x00, 0x00, 0x00, 0x00,
    0x00, 0x00, 0x00, 0x1c, 0x00, 0x3c, 0x00, 0x78, 0x00, 0x70, 0x00, 0x00, 0x00, 0x00, 0x00, 0x00,
    0x00, 0x78, 0x00, 0xf8, 0x01, 0xf0, 0x00, 0xe0, 0x00, 0x00, 0x00, 0x00, 0x00, 0x00, 0x00, 0x00,
    0x00, 0x00, 0x00, 0xe0, 0x01, 0xf0, 0x03, 0xe0, 0x01, 0xc0, 0x00, 0x00, 0x00, 0x00, 0x00, 0x00,
};

/* sLeafStill: 1 masks of 4 bytes */
static const uint8_t s_mask_sLeafStill[4] = {
    0x70, 0xfc, 0x7e, 0x3c,
};

/* sLeaves: 1 masks of 32 bytes */
static const uint8_t s_mask_sLeaves[32] = {
    0xff, 0xff, 0xff, 0xff, 0xff, 0xff, 0xff, 0xff, 0xff, 0xff, 0xff, 0xff, 0xff, 0xff, 0xff, 0xff,
    0xff, 0xff, 0xff, 0xff, 0xff, 0xff, 0xff, 0xff, 0xff, 0xff, 0xff, 0xff, 0x6f, 0x6f, 0x06, 0x06,
};

/* sLeavesDead: 1 masks of 32 bytes */
static const uint8_t s_mask_sLeavesDead[32] = {
    0xff, 0xff, 0xff, 0xff, 0xff, 0xff, 0xff, 0xff, 0xff, 0xff, 0xff, 0xff, 0xff, 0xff, 0xff, 0xff,
    0xff, 0xff, 0xff, 0xff, 0xff, 0xff, 0xfc, 0xf8, 0xfd, 0xf0, 0xff, 0xf0, 0xdf, 0xb0, 0x49, 0xa0,
};

/* sLeavesDeadR: 1 masks of 32 bytes */
static const uint8_t s_mask_sLeavesDeadR[32] = {
    0xff, 0xff, 0xff, 0xff, 0xff, 0xff, 0xff, 0xff, 0xff, 0xff, 0xff, 0xff, 0xff, 0xff, 0xff, 0xff,
    0xff, 0xff, 0xff, 0xff, 0xff, 0xff, 0x1f, 0x3f, 0x0f, 0xbf, 0x0f, 0xff, 0x0d, 0xfb, 0x05, 0x92,
};

/* sLeavesRight: 1 masks of 32 bytes */
static const uint8_t s_mask_sLeavesRight[32] = {
    0xff, 0xff, 0xff, 0xff, 0xff, 0xff, 0xff, 0xff, 0xff, 0xff, 0xff, 0xff, 0xff, 0xff, 0xff, 0xff,
    0xff, 0xff, 0xff, 0xff, 0xff, 0xff, 0xff, 0xff, 0xff, 0xff, 0xff, 0xff, 0xf6, 0xf6, 0x60, 0x60,
};

/* sLeavesTop: 1 masks of 32 bytes */
static const uint8_t s_mask_sLeavesTop[32] = {
    0xff, 0xff, 0xff, 0xff, 0xff, 0xff, 0xff, 0xff, 0xff, 0xff, 0xff, 0xff, 0xff, 0xff, 0xff, 0xff,
    0xff, 0xff, 0xff, 0xff, 0xff, 0xff, 0xff, 0xff, 0xff, 0xff, 0xff, 0xff, 0x6f, 0x66, 0x06, 0x00,
};

/* sLevel13Sign: 1 masks of 192 bytes */
static const uint8_t s_mask_sLevel13Sign[192] = {
    0x03, 0xff, 0xf7, 0xff, 0xfc, 0x00, 0x07, 0xff, 0xff, 0xff, 0xff, 0xc0, 0x1f, 0xff, 0xff, 0xff,
    0xff, 0xf8, 0x3f, 0xff, 0xff, 0xff, 0xff, 0xfc, 0x7f, 0xff, 0xff, 0xff, 0xff, 0xfc, 0xff, 0xff,
    0xff, 0xff, 0xff, 0xfc, 0xff, 0xff, 0xff, 0xff, 0xff, 0xfc, 0xff, 0xff, 0xff, 0xff, 0xff, 0xfc,
    0xff, 0xff, 0xff, 0xff, 0xff, 0xfc, 0xff, 0xff, 0xff, 0xff, 0xff, 0xfc, 0xff, 0xff, 0xff, 0xff,
    0xff, 0xfc, 0xff, 0xff, 0xff, 0xff, 0xff, 0xfc, 0xff, 0xff, 0xff, 0xff, 0xff, 0xfc, 0x7f, 0xff,
    0xff, 0xff, 0xff, 0xf8, 0x3f, 0xff, 0xff, 0xff, 0xff, 0xf0, 0x0f, 0xff, 0xff, 0x8f, 0xff, 0xe0,
    0x01, 0xfe, 0x00, 0x01, 0xfe, 0x00, 0x00, 0xfc, 0x00, 0x00, 0xfc, 0x00, 0x00, 0xfc, 0x00, 0x00,
    0xfc, 0x00, 0x00, 0xfc, 0x00, 0x00, 0xfc, 0x00, 0x00, 0xfc, 0x00, 0x00, 0xfc, 0x00, 0x00, 0xfc,
    0x00, 0x00, 0xfc, 0x00, 0x00, 0xfc, 0x00, 0x00, 0xfc, 0x00, 0x00, 0xfc, 0x00, 0x00, 0xfc, 0x00,
    0x00, 0xfc, 0x00, 0x00, 0xfc, 0x00, 0x00, 0xfc, 0x00, 0x00, 0xfc, 0x00, 0x00, 0xfc, 0x00, 0x00,
    0xfc, 0x00, 0x00, 0xfc, 0x00, 0x00, 0xfc, 0x00, 0x00, 0xfc, 0x00, 0x00, 0xfc, 0x00, 0x00, 0xfc,
    0x00, 0x00, 0xfc, 0x00, 0x01, 0xfe, 0x00, 0x01, 0xfe, 0x00, 0x01, 0xfe, 0x00, 0x03, 0xff, 0x00,
};

/* sLevel5Sign: 1 masks of 192 bytes */
static const uint8_t s_mask_sLevel5Sign[192] = {
    0x03, 0xff, 0xf7, 0xff, 0xfc, 0x00, 0x07, 0xff, 0xff, 0xff, 0xff, 0xc0, 0x1f, 0xff, 0xff, 0xff,
    0xff, 0xf8, 0x3f, 0xff, 0xff, 0xff, 0xff, 0xfc, 0x7f, 0xff, 0xff, 0xff, 0xff, 0xfc, 0xff, 0xff,
    0xff, 0xff, 0xff, 0xfc, 0xff, 0xff, 0xff, 0xff, 0xff, 0xfc, 0xff, 0xff, 0xff, 0xff, 0xff, 0xfc,
    0xff, 0xff, 0xff, 0xff, 0xff, 0xfc, 0xff, 0xff, 0xff, 0xff, 0xff, 0xfc, 0xff, 0xff, 0xff, 0xff,
    0xff, 0xfc, 0xff, 0xff, 0xff, 0xff, 0xff, 0xfc, 0xff, 0xff, 0xff, 0xff, 0xff, 0xfc, 0x7f, 0xff,
    0xff, 0xff, 0xff, 0xf8, 0x3f, 0xff, 0xff, 0xff, 0xff, 0xf0, 0x0f, 0xff, 0xff, 0x8f, 0xff, 0xe0,
    0x01, 0xfe, 0x00, 0x01, 0xfe, 0x00, 0x00, 0xfc, 0x00, 0x00, 0xfc, 0x00, 0x00, 0xfc, 0x00, 0x00,
    0xfc, 0x00, 0x00, 0xfc, 0x00, 0x00, 0xfc, 0x00, 0x00, 0xfc, 0x00, 0x00, 0xfc, 0x00, 0x00, 0xfc,
    0x00, 0x00, 0xfc, 0x00, 0x00, 0xfc, 0x00, 0x00, 0xfc, 0x00, 0x00, 0xfc, 0x00, 0x00, 0xfc, 0x00,
    0x00, 0xfc, 0x00, 0x00, 0xfc, 0x00, 0x00, 0xfc, 0x00, 0x00, 0xfc, 0x00, 0x00, 0xfc, 0x00, 0x00,
    0xfc, 0x00, 0x00, 0xfc, 0x00, 0x00, 0xfc, 0x00, 0x00, 0xfc, 0x00, 0x00, 0xfc, 0x00, 0x00, 0xfc,
    0x00, 0x00, 0xfc, 0x00, 0x01, 0xfe, 0x00, 0x01, 0xfe, 0x00, 0x01, 0xfe, 0x00, 0x03, 0xff, 0x00,
};

/* sLevel9Sign: 1 masks of 192 bytes */
static const uint8_t s_mask_sLevel9Sign[192] = {
    0x03, 0xff, 0xf7, 0xff, 0xfc, 0x00, 0x07, 0xff, 0xff, 0xff, 0xff, 0xc0, 0x1f, 0xff, 0xff, 0xff,
    0xff, 0xf8, 0x3f, 0xff, 0xff, 0xff, 0xff, 0xfc, 0x7f, 0xff, 0xff, 0xff, 0xff, 0xfc, 0xff, 0xff,
    0xff, 0xff, 0xff, 0xfc, 0xff, 0xff, 0xff, 0xff, 0xff, 0xfc, 0xff, 0xff, 0xff, 0xff, 0xff, 0xfc,
    0xff, 0xff, 0xff, 0xff, 0xff, 0xfc, 0xff, 0xff, 0xff, 0xff, 0xff, 0xfc, 0xff, 0xff, 0xff, 0xff,
    0xff, 0xfc, 0xff, 0xff, 0xff, 0xff, 0xff, 0xfc, 0xff, 0xff, 0xff, 0xff, 0xff, 0xfc, 0x7f, 0xff,
    0xff, 0xff, 0xff, 0xf8, 0x3f, 0xff, 0xff, 0xff, 0xff, 0xf0, 0x0f, 0xff, 0xff, 0x8f, 0xff, 0xe0,
    0x01, 0xfe, 0x00, 0x01, 0xfe, 0x00, 0x00, 0xfc, 0x00, 0x00, 0xfc, 0x00, 0x00, 0xfc, 0x00, 0x00,
    0xfc, 0x00, 0x00, 0xfc, 0x00, 0x00, 0xfc, 0x00, 0x00, 0xfc, 0x00, 0x00, 0xfc, 0x00, 0x00, 0xfc,
    0x00, 0x00, 0xfc, 0x00, 0x00, 0xfc, 0x00, 0x00, 0xfc, 0x00, 0x00, 0xfc, 0x00, 0x00, 0xfc, 0x00,
    0x00, 0xfc, 0x00, 0x00, 0xfc, 0x00, 0x00, 0xfc, 0x00, 0x00, 0xfc, 0x00, 0x00, 0xfc, 0x00, 0x00,
    0xfc, 0x00, 0x00, 0xfc, 0x00, 0x00, 0xfc, 0x00, 0x00, 0xfc, 0x00, 0x00, 0xfc, 0x00, 0x00, 0xfc,
    0x00, 0x00, 0xfc, 0x00, 0x01, 0xfe, 0x00, 0x01, 0xfe, 0x00, 0x01, 0xfe, 0x00, 0x03, 0xff, 0x00,
};

/* sLoadButton: 1 masks of 64 bytes */
static const uint8_t s_mask_sLoadButton[64] = {
    0xff, 0xff, 0xff, 0xff, 0xff, 0xff, 0xff, 0xff, 0xff, 0xff, 0xff, 0xff, 0xff, 0xff, 0xff, 0xff,
    0xff, 0xff, 0xff, 0xff, 0xff, 0xff, 0xff, 0xff, 0xff, 0xff, 0xff, 0xff, 0xff, 0xff, 0xff, 0xff,
    0xff, 0xff, 0xff, 0xff, 0xff, 0xff, 0xff, 0xff, 0xff, 0xff, 0xff, 0xff, 0xff, 0xff, 0xff, 0xff,
    0xff, 0xff, 0xff, 0xff, 0xff, 0xff, 0xff, 0xff, 0xff, 0xff, 0xff, 0xff, 0xff, 0xff, 0xff, 0xff,
};

/* sLoadButtonPressed: 1 masks of 64 bytes */
static const uint8_t s_mask_sLoadButtonPressed[64] = {
    0xff, 0xff, 0xff, 0xff, 0xff, 0xff, 0xff, 0xff, 0xff, 0xff, 0xff, 0xff, 0xff, 0xff, 0xff, 0xff,
    0xff, 0xff, 0xff, 0xff, 0xff, 0xff, 0xff, 0xff, 0xff, 0xff, 0xff, 0xff, 0xff, 0xff, 0xff, 0xff,
    0xff, 0xff, 0xff, 0xff, 0xff, 0xff, 0xff, 0xff, 0xff, 0xff, 0xff, 0xff, 0xff, 0xff, 0xff, 0xff,
    0xff, 0xff, 0xff, 0xff, 0xff, 0xff, 0xff, 0xff, 0xff, 0xff, 0xff, 0xff, 0xff, 0xff, 0xff, 0xff,
};

/* sLockedChest: 1 masks of 20 bytes */
static const uint8_t s_mask_sLockedChest[20] = {
    0x7f, 0xf8, 0xff, 0xfc, 0xff, 0xfc, 0xff, 0xfc, 0xff, 0xfc, 0xff, 0xfc, 0xff, 0xfc, 0xff, 0xfc,
    0xff, 0xfc, 0xff, 0xfc,
};

/* sLockedChestOpen: 1 masks of 22 bytes */
static const uint8_t s_mask_sLockedChestOpen[22] = {
    0x1f, 0xfc, 0x1f, 0xfe, 0x1f, 0xfe, 0x1f, 0xfe, 0x1f, 0xfe, 0x1f, 0xfe, 0xff, 0xfc, 0xff, 0xfc,
    0xff, 0xfc, 0xff, 0xfc, 0xff, 0xfc,
};

/* sLvl: 1 masks of 32 bytes */
static const uint8_t s_mask_sLvl[32] = {
    0xfc, 0x00, 0xfc, 0x00, 0xfc, 0x00, 0xfc, 0x00, 0xff, 0xbe, 0xff, 0xfe, 0xff, 0xfe, 0xff, 0xfe,
    0xff, 0xfe, 0xff, 0xfc, 0xff, 0xff, 0xff, 0xff, 0xff, 0xff, 0xff, 0xff, 0xff, 0xff, 0x7f, 0x78,
};

/* sMacheteLeft: 1 masks of 10 bytes */
static const uint8_t s_mask_sMacheteLeft[10] = {
    0xff, 0xfe, 0xff, 0xff, 0x7f, 0xff, 0x3f, 0xfe, 0x1f, 0xc0,
};

/* sMachetePreL: 1 masks of 9 bytes */
static const uint8_t s_mask_sMachetePreL[9] = {
    0x02, 0x06, 0x0e, 0x1c, 0x3c, 0xf8, 0xf0, 0xc0, 0x80,
};

/* sMachetePreR: 1 masks of 9 bytes */
static const uint8_t s_mask_sMachetePreR[9] = {
    0x80, 0xc0, 0xe0, 0x70, 0x78, 0x3e, 0x1e, 0x06, 0x02,
};

/* sMacheteRight: 1 masks of 10 bytes */
static const uint8_t s_mask_sMacheteRight[10] = {
    0x7f, 0xff, 0xff, 0xff, 0xff, 0xfe, 0x7f, 0xfc, 0x03, 0xf8,
};

/* sMacheteTile: 1 masks of 10 bytes */
static const uint8_t s_mask_sMacheteTile[10] = {
    0x7f, 0xff, 0xff, 0xff, 0xff, 0xfe, 0x7f, 0xfc, 0x03, 0xf8,
};

/* sMagma: 4 masks of 22 bytes */
static const uint8_t s_mask_sMagma[88] = {
    0x04, 0x00, 0x2e, 0x00, 0x3f, 0x80, 0x7f, 0xc0, 0xff, 0xc0, 0xff, 0xe0, 0xff, 0xe0, 0xff, 0xc0,
    0x7f, 0xc0, 0x3f, 0x80, 0x07, 0x00,
    0x0e, 0x00, 0x1f, 0x80, 0x3f, 0xc0, 0x7f, 0xc0, 0x7f, 0xe0, 0x7f, 0xe0, 0xff, 0xe0, 0x7f, 0xe0,
    0x3f, 0xc0, 0x1f, 0x80, 0x00, 0x00,
    0x00, 0x00, 0x3f, 0x80, 0xff, 0xc0, 0xff, 0xc0, 0xff, 0xe0, 0x7f, 0xe0, 0x7f, 0xe0, 0x7f, 0xe0,
    0x3f, 0xc0, 0x1f, 0x80, 0x00, 0x80,
    0x10, 0x00, 0x3f, 0x80, 0x7f, 0xc0, 0x7f, 0xc0, 0x7f, 0xe0, 0xff, 0xe0, 0xff, 0xe0, 0x7f, 0xc0,
    0x7f, 0x80, 0x3f, 0x00, 0x00, 0x00,
};

/* sMagmaManCreate: 7 masks of 32 bytes */
static const uint8_t s_mask_sMagmaManCreate[224] = {
    0x00, 0x00, 0x00, 0x00, 0x03, 0xc0, 0x07, 0xe0, 0x0f, 0xe0, 0x0f, 0xf0, 0x1f, 0xf0, 0x3f, 0xf8,
    0x3f, 0xfc, 0x3f, 0xfc, 0x3f, 0xfc, 0x3f, 0xfc, 0x1f, 0xf8, 0x0f, 0xf0, 0x07, 0xe0, 0x00, 0x00,
    0x00, 0x00, 0x00, 0x00, 0x00, 0x00, 0x00, 0x00, 0x01, 0x80, 0x03, 0xc0, 0x07, 0xe0, 0x0f, 0xe0,
    0x0f, 0xf0, 0x5f, 0xf0, 0x7f, 0xf8, 0x7f, 0xfc, 0xff, 0xfe, 0xff, 0xff, 0x7f, 0xff, 0x3f, 0xfc,
    0x00, 0x00, 0x00, 0x00, 0x00, 0x00, 0x00, 0x00, 0x00, 0x00, 0x00, 0x00, 0x00, 0x00, 0x20, 0x00,
    0x21, 0x82, 0x63, 0xc2, 0x77, 0xe6, 0x7f, 0xee, 0xff, 0xfe, 0xff, 0xff, 0xff, 0xff, 0x7f, 0xfe,
    0x00, 0x00, 0x00, 0x00, 0x00, 0x00, 0x00, 0x00, 0x06, 0x00, 0x0c, 0x20, 0x18, 0x30, 0x38, 0x38,
    0x38, 0x3a, 0x78, 0x1e, 0x79, 0x9e, 0x7f, 0xde, 0xff, 0xfe, 0xff, 0xff, 0xff, 0xff, 0x7f, 0xfe,
    0x00, 0x00, 0x07, 0x00, 0x0f, 0x80, 0x0f, 0x80, 0x0f, 0xc0, 0x07, 0xc0, 0x07, 0xe0, 0x0f, 0xf0,
    0x0f, 0xf4, 0x1f, 0xfc, 0x1f, 0xfc, 0x1f, 0xfc, 0x3f, 0xfc, 0x3f, 0xfe, 0x3f, 0xfe, 0x1f, 0xfc,
    0x06, 0x00, 0x0f, 0x00, 0x0f, 0x80, 0x0f, 0x80, 0x0f, 0xc0, 0x07, 0xc0, 0x07, 0xe0, 0x07, 0xf0,
    0x07, 0xf0, 0x0f, 0xf0, 0x0f, 0xf0, 0x0f, 0xf8, 0x0f, 0xf8, 0x07, 0xf8, 0x07, 0xf8, 0x07, 0xf0,
    0x06, 0x00, 0x0f, 0x80, 0x0f, 0x80, 0x0f, 0xc0, 0x0f, 0xd0, 0x0f, 0xf0, 0x0f, 0xf0, 0x1f, 0xf8,
    0x1f, 0xf8, 0x3f, 0xfc, 0x3f, 0xfc, 0x3f, 0xfc, 0x1f, 0xf8, 0x07, 0xf8, 0x07, 0xf8, 0x07, 0xf0,
};

/* sMagmaTrail: 5 masks of 8 bytes */
static const uint8_t s_mask_sMagmaTrail[40] = {
    0x3c, 0x7e, 0x7f, 0xff, 0xff, 0x7e, 0x3e, 0x1c,
    0x00, 0x38, 0x7e, 0x7e, 0x7e, 0x3c, 0x38, 0x00,
    0x00, 0x00, 0x3c, 0x7c, 0x7c, 0x38, 0x00, 0x00,
    0x00, 0x00, 0x18, 0x3c, 0x3c, 0x18, 0x00, 0x00,
    0x00, 0x00, 0x00, 0x18, 0x18, 0x00, 0x00, 0x00,
};

/* sManTrapEatShopkeeperL: 14 masks of 120 bytes */
static const uint8_t s_mask_sManTrapEatShopkeeperL[1680] = {
    0x00, 0x00, 0x00, 0x00, 0x00, 0x00, 0x00, 0x00, 0x00, 0x00, 0x00, 0x00, 0x00, 0x00, 0x00, 0x00,
    0x00, 0x00, 0x00, 0x00, 0x00, 0x00, 0x00, 0x00, 0x00, 0x00, 0x00, 0x00, 0x00, 0x00, 0x00, 0x00,
    0x00, 0x00, 0x00, 0x00, 0x00, 0x00, 0x00, 0x00, 0x00, 0x00, 0x00, 0x00, 0x00, 0x00, 0x00, 0x00,
    0x00, 0x00, 0x00, 0x00, 0x00, 0x00, 0x00, 0x00, 0x00, 0x00, 0xf8, 0x00, 0x00, 0x03, 0xfc, 0x00,
    0x00, 0x0f, 0xfc, 0x00, 0x00, 0x7f, 0xfe, 0x00, 0x00, 0xff, 0xfe, 0x00, 0x00, 0xff, 0xfe, 0x00,
    0x00, 0xff, 0xfc, 0x00, 0x00, 0x7f, 0x0c, 0x00, 0x00, 0x00, 0x1c, 0x00, 0x00, 0x73, 0xf8, 0x00,
    0x00, 0xfb, 0xff, 0x00, 0x00, 0x7f, 0xff, 0x00, 0x00, 0x3f, 0xfe, 0x00, 0x00, 0x1f, 0xfc, 0x00,
    0x00, 0xff, 0xfe, 0x00, 0x00, 0x7f, 0xf3, 0x00,
    0x00, 0x00, 0x00, 0x00, 0x00, 0x00, 0x00, 0x00, 0x00, 0x00, 0x00, 0x00, 0x00, 0x00, 0x00, 0x00,
    0x00, 0x00, 0x00, 0x00, 0x00, 0x00, 0x00, 0x00, 0x00, 0x00, 0x00, 0x00, 0x00, 0x00, 0x00, 0x00,
    0x00, 0x00, 0x00, 0x00, 0x00, 0x00, 0x00, 0x00, 0x00, 0x00, 0x00, 0x00, 0x00, 0x00, 0x00, 0x00,
    0x00, 0x00, 0x00, 0x00, 0x00, 0x00, 0x00, 0x00, 0x00, 0x00, 0x00, 0x00, 0x00, 0x00, 0x00, 0x00,
    0x00, 0x0f, 0x80, 0x00, 0x00, 0x3f, 0xc0, 0x00, 0x00, 0xff, 0xc0, 0x00, 0x07, 0xff, 0xe0, 0x00,
    0x0f, 0xff, 0xf0, 0x00, 0x0f, 0xff, 0xf8, 0x00, 0x0f, 0xff, 0xfc, 0x00, 0x07, 0xf1, 0xf8, 0x00,
    0x00, 0xfb, 0xff, 0x00, 0x00, 0x7f, 0xff, 0x00, 0x00, 0x3f, 0xfe, 0x00, 0x00, 0x1f, 0xfc, 0x00,
    0x00, 0xff, 0xfe, 0x00, 0x00, 0x7f, 0xf3, 0x00,
    0x00, 0x00, 0x00, 0x00, 0x00, 0x00, 0x00, 0x00, 0x00, 0x00, 0x00, 0x00, 0x00, 0x00, 0x00, 0x00,
    0x00, 0x00, 0x00, 0x00, 0x00, 0x00, 0x00, 0x00, 0x00, 0x00, 0x00, 0x00, 0x00, 0x00, 0x00, 0x00,
    0x07, 0xc0, 0x00, 0x00, 0x0f, 0xe0, 0x00, 0x00, 0x1f, 0xf0, 0x00, 0x00, 0x1f, 0xf0, 0x00, 0x00,
    0x1f, 0xf0, 0x00, 0x00, 0x3f, 0xf0, 0x00, 0x00, 0x3f, 0xf0, 0x00, 0x00, 0x3f, 0xf0, 0x00, 0x00,
    0x1f, 0xf8, 0x00, 0x00, 0xff, 0xfc, 0x00, 0x00, 0xff, 0xfc, 0x00, 0x00, 0x7f, 0xff, 0x80, 0x00,
    0x1f, 0xff, 0xf0, 0x00, 0x1f, 0xff, 0xf8, 0x00, 0x3f, 0xff, 0xfc, 0x00, 0x3f, 0xff, 0xfe, 0x00,
    0x0f, 0xff, 0xff, 0x00, 0x0f, 0xff, 0xff, 0x00, 0x07, 0xf1, 0xfe, 0x00, 0x00, 0x1f, 0xfc, 0x00,
    0x00, 0xff, 0xfe, 0x00, 0x00, 0x7f, 0xf3, 0x00,
    0x07, 0xc0, 0x00, 0x00, 0x0f, 0xe0, 0x00, 0x00, 0x1f, 0xf0, 0x00, 0x00, 0x1f, 0xf0, 0x00, 0x00,
    0x1f, 0xf0, 0x00, 0x00, 0x3f, 0xf0, 0x00, 0x00, 0x3f, 0xf0, 0x00, 0x00, 0x3f, 0xf0, 0x00, 0x00,
    0x1f, 0xf8, 0x00, 0x00, 0xff, 0xfc, 0x00, 0x00, 0xff, 0xfc, 0x00, 0x00, 0x7f, 0xf0, 0x00, 0x00,
    0x1f, 0xf0, 0x00, 0x00, 0x1f, 0xe0, 0x00, 0x00, 0x3f, 0xc0, 0x7c, 0x00, 0x38, 0x01, 0xfe, 0x00,
    0x00, 0x3f, 0xfe, 0x00, 0x00, 0x7f, 0xff, 0x00, 0x00, 0x7f, 0xff, 0x00, 0x00, 0x7f, 0xff, 0x00,
    0x00, 0x3f, 0xfe, 0x00, 0x00, 0x00, 0x0e, 0x00, 0x00, 0x01, 0x1c, 0x00, 0x00, 0x39, 0xff, 0x00,
    0x00, 0x7f, 0xfe, 0x00, 0x00, 0x7f, 0xfc, 0x00, 0x00, 0xff, 0xf8, 0x00, 0x00, 0xe3, 0xf8, 0x00,
    0x00, 0x87, 0xfc, 0x00, 0x00, 0x07, 0xf6, 0x00,
    0x00, 0x01, 0xf0, 0x00, 0x00, 0x03, 0xf8, 0x00, 0x00, 0x07, 0xfc, 0x00, 0x00, 0x7f, 0xfc, 0x00,
    0x00, 0xff, 0xfc, 0x00, 0x01, 0xff, 0xfc, 0x00, 0x01, 0xff, 0xfc, 0x00, 0x03, 0xff, 0xfc, 0x00,
    0x03, 0xff, 0xfc, 0x00, 0x03, 0xff, 0xfc, 0x00, 0x03, 0xff, 0x3c, 0x00, 0x01, 0x8f, 0x3c, 0x00,
    0x00, 0x06, 0x18, 0x00, 0x00, 0x1f, 0x80, 0x00, 0x00, 0x3f, 0xf0, 0x00, 0x00, 0x3f, 0xfe, 0x00,
    0x00, 0x3f, 0xff, 0x00, 0x00, 0x1f, 0xff, 0x00, 0x00, 0x47, 0xff, 0x80, 0x00, 0xe3, 0xff, 0x80,
    0x00, 0xe1, 0xff, 0x80, 0x00, 0x70, 0x0e, 0x00, 0x00, 0x71, 0x9c, 0x00, 0x00, 0x3f, 0xff, 0x00,
    0x00, 0x1f, 0xfe, 0x00, 0x00, 0x0f, 0xfc, 0x00, 0x00, 0x07, 0xf8, 0x00, 0x00, 0x03, 0xf8, 0x00,
    0x00, 0x07, 0xfc, 0x00, 0x00, 0x07, 0xf6, 0x00,
    0x00, 0x00, 0x00, 0x00, 0x00, 0x00, 0x00, 0x00, 0x01, 0x00, 0x00, 0x00, 0x03, 0x87, 0xc0, 0x00,
    0x07, 0xcf, 0xe0, 0x00, 0x0f, 0xff, 0xf0, 0x00, 0x0f, 0xff, 0xf0, 0x00, 0x0f, 0xff, 0xf0, 0x00,
    0x0f, 0xff, 0xf0, 0x00, 0x07, 0xff, 0xf0, 0x00, 0x03, 0xff, 0xf0, 0x00, 0x01, 0xff, 0xf0, 0x00,
    0x00, 0x1f, 0xf0, 0x00, 0x00, 0x1f, 0xf8, 0x00, 0x00, 0x1f, 0xfe, 0x00, 0x00, 0x3f, 0xff, 0x00,
    0x00, 0x1f, 0xff, 0x00, 0x00, 0x07, 0xff, 0x80, 0x00, 0x03, 0xff, 0x80, 0x00, 0x01, 0xff, 0x80,
    0x00, 0x00, 0x7f, 0x00, 0x00, 0x00, 0x0e, 0x00, 0x00, 0x39, 0x9c, 0x00, 0x00, 0x7f, 0xff, 0x00,
    0x00, 0xff, 0xfe, 0x00, 0x00, 0xcf, 0xfc, 0x00, 0x00, 0x07, 0xf8, 0x00, 0x00, 0x03, 0xf8, 0x00,
    0x00, 0x07, 0xfc, 0x00, 0x00, 0x07, 0xf6, 0x00,
    0x00, 0x00, 0x00, 0x00, 0x00, 0x00, 0x00, 0x00, 0x00, 0x00, 0x00, 0x00, 0x00, 0x00, 0x00, 0x00,
    0x00, 0x00, 0x00, 0x00, 0x00, 0x00, 0x00, 0x00, 0x00, 0x00, 0x00, 0x00, 0x00, 0x00, 0x00, 0x00,
    0x00, 0x38, 0x00, 0x00, 0x00, 0x7f, 0xf8, 0x00, 0x00, 0x7f, 0xfc, 0x00, 0x00, 0x7f, 0xfe, 0x00,
    0x00, 0x7f, 0xfe, 0x00, 0x00, 0x7f, 0xfe, 0x00, 0x00, 0x3f, 0xfe, 0x00, 0x00, 0x1f, 0xff, 0x00,
    0x00, 0x1f, 0xff, 0x00, 0x00, 0x3f, 0xff, 0x80, 0x00, 0x1f, 0xff, 0x80, 0x00, 0x01, 0xff, 0x80,
    0x00, 0x00, 0x7f, 0x00, 0x00, 0x00, 0x0e, 0x00, 0x00, 0x39, 0x9c, 0x00, 0x00, 0x7f, 0xff, 0x00,
    0x00, 0xff, 0xfe, 0x00, 0x00, 0xcf, 0xfc, 0x00, 0x00, 0x07, 0xf8, 0x00, 0x00, 0x03, 0xf8, 0x00,
    0x00, 0x07, 0xfc, 0x00, 0x00, 0x07, 0xf6, 0x00,
    0x00, 0x00, 0x00, 0x00, 0x00, 0x00, 0x00, 0x00, 0x00, 0x00, 0x00, 0x00, 0x00, 0x00, 0x00, 0x00,
    0x00, 0x00, 0x00, 0x00, 0x00, 0x00, 0x00, 0x00, 0x00, 0x00, 0x00, 0x00, 0x00, 0x00, 0x00, 0x00,
    0x00, 0x00, 0x00, 0x00, 0x00, 0x07, 0x80, 0x00, 0x00, 0x0f, 0xc0, 0x00, 0x00, 0x3f, 0xe0, 0x00,
    0x00, 0x7f, 0xf0, 0x00, 0x00, 0x7f, 0xf8, 0x00, 0x00, 0x7f, 0xfe, 0x00, 0x00, 0x7f, 0xff, 0x00,
    0x00, 0x0f, 0xff, 0x00, 0x00, 0x07, 0xff, 0x80, 0x00, 0x01, 0xff, 0x80, 0x00, 0x00, 0xff, 0x80,
    0x00, 0x00, 0x7f, 0x80, 0x00, 0x00, 0x0f, 0x00, 0x00, 0x01, 0x1e, 0x00, 0x00, 0x39, 0xff, 0x00,
    0x00, 0x7f, 0xfe, 0x00, 0x00, 0x7f, 0xfc, 0x00, 0x00, 0xff, 0xf8, 0x00, 0x00, 0xe3, 0xf8, 0x00,
    0x00, 0x87, 0xfc, 0x00, 0x00, 0x07, 0xf6, 0x00,
    0x00, 0x00, 0x00, 0x00, 0x00, 0x00, 0x00, 0x00, 0x00, 0x00, 0x00, 0x00, 0x00, 0x00, 0x00, 0x00,
    0x00, 0x00, 0x00, 0x00, 0x00, 0x00, 0x00, 0x00, 0x00, 0x00, 0x00, 0x00, 0x00, 0x00, 0x00, 0x00,
    0x00, 0x00, 0x00, 0x00, 0x00, 0x1f, 0x80, 0x00, 0x00, 0x3f, 0xc0, 0x00, 0x00, 0x7f, 0xe0, 0x00,
    0x00, 0x7f, 0xf0, 0x00, 0x00, 0x3f, 0xf8, 0x00, 0x00, 0x1f, 0xfe, 0x00, 0x00, 0x1f, 0xff, 0x00,
    0x00, 0x0f, 0xff, 0x00, 0x00, 0x07, 0xff, 0x80, 0x00, 0x01, 0xff, 0x80, 0x00, 0x00, 0xff, 0x80,
    0x00, 0x00, 0x7f, 0x80, 0x00, 0x00, 0x0f, 0x00, 0x00, 0x01, 0x1e, 0x00, 0x00, 0x39, 0xff, 0x00,
    0x00, 0x7f, 0xfe, 0x00, 0x00, 0x7f, 0xfc, 0x00, 0x00, 0xff, 0xf8, 0x00, 0x00, 0xe3, 0xf8, 0x00,
    0x00, 0x87, 0xfc, 0x00, 0x00, 0x07, 0xf6, 0x00,
    0x00, 0x00, 0x00, 0x00, 0x00, 0x00, 0x00, 0x00, 0x00, 0x00, 0x00, 0x00, 0x00, 0x00, 0x00, 0x00,
    0x00, 0x00, 0x00, 0x00, 0x00, 0x00, 0x00, 0x00, 0x00, 0x00, 0x00, 0x00, 0x00, 0x00, 0x00, 0x00,
    0x00, 0x03, 0x80, 0x00, 0x00, 0x07, 0x80, 0x00, 0x00, 0x0f, 0xc0, 0x00, 0x00, 0x1f, 0xe0, 0x00,
    0x00, 0x3f, 0xf0, 0x00, 0x00, 0x7f, 0xf8, 0x00, 0x00, 0x7f, 0xfe, 0x00, 0x00, 0x7f, 0xff, 0x00,
    0x00, 0x3f, 0xff, 0x00, 0x00, 0x1f, 0xff, 0x80, 0x00, 0x01, 0xff, 0x80, 0x00, 0x00, 0xff, 0x80,
    0x00, 0x00, 0x7f, 0x80, 0x00, 0x00, 0x0f, 0x00, 0x00, 0x01, 0x1e, 0x00, 0x00, 0x39, 0xff, 0x00,
    0x00, 0x7f, 0xfe, 0x00, 0x00, 0x7f, 0xfc, 0x00, 0x00, 0xff, 0xf8, 0x00, 0x00, 0xe3, 0xf8, 0x00,
    0x00, 0x87, 0xfc, 0x00, 0x00, 0x07, 0xf6, 0x00,
    0x00, 0x00, 0x00, 0x00, 0x00, 0x00, 0x00, 0x00, 0x00, 0x00, 0x00, 0x00, 0x00, 0x00, 0x00, 0x00,
    0x00, 0x00, 0x00, 0x00, 0x00, 0x00, 0x00, 0x00, 0x00, 0x00, 0x00, 0x00, 0x00, 0x00, 0x00, 0x00,
    0x00, 0x00, 0x00, 0x00, 0x00, 0x00, 0x00, 0x00, 0x00, 0x00, 0x00, 0x00, 0x00, 0x00, 0x00, 0x00,
    0x00, 0x73, 0x00, 0x00, 0x00, 0x7f, 0xc0, 0x00, 0x00, 0x7f, 0xf8, 0x00, 0x00, 0x7f, 0xfc, 0x00,
    0x00, 0x7f, 0xfe, 0x00, 0x00, 0x3f, 0xff, 0x00, 0x00, 0x0f, 0xff, 0x80, 0x00, 0x07, 0xff, 0x80,
    0x00, 0x01, 0xff, 0x80, 0x00, 0x00, 0x7f, 0x80, 0x00, 0x00, 0x3f, 0x00, 0x00, 0x73, 0xfe, 0x00,
    0x00, 0xfb, 0xff, 0x00, 0x00, 0x7f, 0xff, 0x00, 0x00, 0x3f, 0xfe, 0x00, 0x00, 0x1f, 0xfc, 0x00,
    0x00, 0xff, 0xfe, 0x00, 0x00, 0x7f, 0xf3, 0x00,
    0x00, 0x00, 0x00, 0x00, 0x00, 0x00, 0x00, 0x00, 0x00, 0x00, 0x00, 0x00, 0x00, 0x00, 0x00, 0x00,
    0x00, 0x00, 0x00, 0x00, 0x00, 0x00, 0x00, 0x00, 0x00, 0x00, 0x00, 0x00, 0x00, 0x00, 0x00, 0x00,
    0x00, 0x00, 0x00, 0x00, 0x00, 0x00, 0x00, 0x00, 0x00, 0x00, 0x00, 0x00, 0x00, 0x00, 0x00, 0x00,
    0x00, 0x00, 0x00, 0x00, 0x00, 0x00, 0x00, 0x00, 0x00, 0x3f, 0xf8, 0x00, 0x00, 0x7f, 0xfc, 0x00,
    0x00, 0x7f, 0xfe, 0x00, 0x00, 0x3f, 0xff, 0x00, 0x00, 0x0f, 0xff, 0x80, 0x00, 0x07, 0xff, 0x80,
    0x00, 0x01, 0xff, 0x80, 0x00, 0x00, 0x7f, 0x80, 0x00, 0x00, 0x3f, 0x00, 0x00, 0x73, 0xfe, 0x00,
    0x00, 0xfb, 0xff, 0x00, 0x00, 0x7f, 0xff, 0x00, 0x00, 0x3f, 0xfe, 0x00, 0x00, 0x1f, 0xfc, 0x00,
    0x00, 0xff, 0xfe, 0x00, 0x00, 0x7f, 0xf3, 0x00,
    0x00, 0x00, 0x00, 0x00, 0x00, 0x00, 0x00, 0x00, 0x00, 0x00, 0x00, 0x00, 0x00, 0x00, 0x00, 0x00,
    0x00, 0x00, 0x00, 0x00, 0x00, 0x00, 0x00, 0x00, 0x00, 0x00, 0x00, 0x00, 0x00, 0x00, 0x00, 0x00,
    0x00, 0x00, 0x00, 0x00, 0x00, 0x00, 0x00, 0x00, 0x00, 0x00, 0x00, 0x00, 0x00, 0x00, 0x00, 0x00,
    0x00, 0x00, 0x00, 0x00, 0x00, 0x00, 0x00, 0x00, 0x00, 0x00, 0xf8, 0x00, 0x00, 0x03, 0xfc, 0x00,
    0x00, 0x0f, 0xfc, 0x00, 0x00, 0x1f, 0xfe, 0x00, 0x00, 0x0f, 0xfe, 0x00, 0x00, 0x03, 0xfe, 0x00,
    0x00, 0x00, 0xfe, 0x00, 0x00, 0x00, 0x7e, 0x00, 0x00, 0x00, 0x7e, 0x00, 0x00, 0x73, 0xfc, 0x00,
    0x00, 0xfb, 0xff, 0x00, 0x00, 0x7f, 0xff, 0x00, 0x00, 0x3f, 0xfe, 0x00, 0x00, 0x1f, 0xfc, 0x00,
    0x00, 0xff, 0xfe, 0x00, 0x00, 0x7f, 0xf3, 0x00,
    0x00, 0x00, 0x00, 0x00, 0x00, 0x00, 0x00, 0x00, 0x00, 0x00, 0x00, 0x00, 0x00, 0x00, 0x00, 0x00,
    0x00, 0x00, 0x00, 0x00, 0x00, 0x00, 0x00, 0x00, 0x00, 0x00, 0x00, 0x00, 0x00, 0x00, 0x00, 0x00,
    0x00, 0x00, 0x00, 0x00, 0x00, 0x00, 0x00, 0x00, 0x00, 0x00, 0x00, 0x00, 0x00, 0x00, 0x00, 0x00,
    0x00, 0x00, 0x00, 0x00, 0x00, 0x00, 0x00, 0x00, 0x00, 0x00, 0x00, 0x00, 0x00, 0x00, 0xf8, 0x00,
    0x00, 0x03, 0xfc, 0x00, 0x00, 0x0f, 0xfc, 0x00, 0x00, 0x1f, 0xfe, 0x00, 0x00, 0x0f, 0xfe, 0x00,
    0x00, 0x03, 0xfe, 0x00, 0x00, 0x00, 0xfe, 0x00, 0x00, 0x00, 0x7e, 0x00, 0x00, 0x73, 0xfc, 0x00,
    0x00, 0xfb, 0xff, 0x00, 0x00, 0x7f, 0xff, 0x00, 0x00, 0x3f, 0xfe, 0x00, 0x00, 0x1f, 0xfc, 0x00,
    0x00, 0xff, 0xfe, 0x00, 0x00, 0x7f, 0xf3, 0x00,
};

/* sManTrapEatTunnelL: 14 masks of 120 bytes */
static const uint8_t s_mask_sManTrapEatTunnelL[1680] = {
    0x00, 0x00, 0x00, 0x00, 0x00, 0x00, 0x00, 0x00, 0x00, 0x00, 0x00, 0x00, 0x00, 0x00, 0x00, 0x00,
    0x00, 0x00, 0x00, 0x00, 0x00, 0x00, 0x00, 0x00, 0x00, 0x00, 0x00, 0x00, 0x00, 0x00, 0x00, 0x00,
    0x00, 0x00, 0x00, 0x00, 0x00, 0x00, 0x00, 0x00, 0x00, 0x00, 0x00, 0x00, 0x00, 0x00, 0x00, 0x00,
    0x00, 0x00, 0x00, 0x00, 0x00, 0x00, 0x00, 0x00, 0x00, 0x00, 0xf8, 0x00, 0x00, 0x03, 0xfc, 0x00,
    0x00, 0x0f, 0xfc, 0x00, 0x00, 0x7f, 0xfe, 0x00, 0x00, 0xff, 0xfe, 0x00, 0x00, 0xff, 0xfe, 0x00,
    0x00, 0xff, 0xfc, 0x00, 0x00, 0x7f, 0x0c, 0x00, 0x00, 0x00, 0x1c, 0x00, 0x00, 0x73, 0xf8, 0x00,
    0x00, 0xfb, 0xff, 0x00, 0x00, 0x7f, 0xff, 0x00, 0x00, 0x3f, 0xfe, 0x00, 0x00, 0x1f, 0xfc, 0x00,
    0x00, 0xff, 0xfe, 0x00, 0x00, 0x7f, 0xf3, 0x00,
    0x00, 0x00, 0x00, 0x00, 0x00, 0x00, 0x00, 0x00, 0x00, 0x00, 0x00, 0x00, 0x00, 0x00, 0x00, 0x00,
    0x00, 0x00, 0x00, 0x00, 0x00, 0x00, 0x00, 0x00, 0x00, 0x00, 0x00, 0x00, 0x00, 0x00, 0x00, 0x00,
    0x00, 0x00, 0x00, 0x00, 0x00, 0x00, 0x00, 0x00, 0x00, 0x00, 0x00, 0x00, 0x00, 0x00, 0x00, 0x00,
    0x00, 0x00, 0x00, 0x00, 0x00, 0x00, 0x00, 0x00, 0x00, 0x00, 0x00, 0x00, 0x00, 0x00, 0x00, 0x00,
    0x00, 0x0f, 0x80, 0x00, 0x00, 0x3f, 0xc0, 0x00, 0x00, 0xff, 0xc0, 0x00, 0x07, 0xff, 0xe0, 0x00,
    0x0f, 0xff, 0xf0, 0x00, 0x0f, 0xff, 0xf8, 0x00, 0x0f, 0xff, 0xfc, 0x00, 0x07, 0xf1, 0xf8, 0x00,
    0x00, 0xfb, 0xff, 0x00, 0x00, 0x7f, 0xff, 0x00, 0x00, 0x3f, 0xfe, 0x00, 0x00, 0x1f, 0xfc, 0x00,
    0x00, 0xff, 0xfe, 0x00, 0x00, 0x7f, 0xf3, 0x00,
    0x00, 0x00, 0x00, 0x00, 0x00, 0x00, 0x00, 0x00, 0x00, 0x00, 0x00, 0x00, 0x00, 0x00, 0x00, 0x00,
    0x00, 0x00, 0x00, 0x00, 0x00, 0x00, 0x00, 0x00, 0x00, 0x00, 0x00, 0x00, 0x00, 0x00, 0x00, 0x00,
    0x00, 0x00, 0x00, 0x00, 0x1f, 0xe0, 0x00, 0x00, 0x3f, 0xf0, 0x00, 0x00, 0x7f, 0xf0, 0x00, 0x00,
    0x7f, 0xf0, 0x00, 0x00, 0x7f, 0xf0, 0x00, 0x00, 0x7f, 0xf0, 0x00, 0x00, 0x7f, 0xf0, 0x00, 0x00,
    0x7f, 0xe0, 0x00, 0x00, 0xff, 0xe0, 0x00, 0x00, 0xff, 0xc0, 0x00, 0x00, 0x7f, 0xcf, 0x80, 0x00,
    0x3f, 0xbf, 0xf0, 0x00, 0xff, 0xff, 0xf8, 0x00, 0xff, 0xff, 0xfc, 0x00, 0x7f, 0xff, 0xfe, 0x00,
    0x3f, 0xff, 0xff, 0x00, 0x0f, 0xff, 0xff, 0x00, 0x07, 0xf1, 0xfe, 0x00, 0x00, 0x1f, 0xfc, 0x00,
    0x00, 0xff, 0xfe, 0x00, 0x00, 0x7f, 0xf3, 0x00,
    0x00, 0x00, 0x00, 0x00, 0x00, 0x00, 0x00, 0x00, 0x0f, 0xf0, 0x00, 0x00, 0x1f, 0xf8, 0x00, 0x00,
    0x3f, 0xf8, 0x00, 0x00, 0x3f, 0xf8, 0x00, 0x00, 0x3f, 0xf8, 0x00, 0x00, 0x3f, 0xf8, 0x00, 0x00,
    0x3f, 0xf8, 0x00, 0x00, 0x3f, 0xf0, 0x00, 0x00, 0x7f, 0xf0, 0x00, 0x00, 0x7f, 0xe0, 0x00, 0x00,
    0x3f, 0xe0, 0x00, 0x00, 0x1f, 0xc0, 0x00, 0x00, 0x7f, 0xc0, 0x7c, 0x00, 0x7f, 0x81, 0xfe, 0x00,
    0x3f, 0x3f, 0xfe, 0x00, 0x1f, 0x7f, 0xff, 0x00, 0x00, 0x7f, 0xff, 0x00, 0x00, 0x7f, 0xff, 0x00,
    0x00, 0x3f, 0xfe, 0x00, 0x00, 0x00, 0x0e, 0x00, 0x00, 0x01, 0x1c, 0x00, 0x00, 0x39, 0xff, 0x00,
    0x00, 0x7f, 0xfe, 0x00, 0x00, 0x7f, 0xfc, 0x00, 0x00, 0xff, 0xf8, 0x00, 0x00, 0xe3, 0xf8, 0x00,
    0x00, 0x87, 0xfc, 0x00, 0x00, 0x07, 0xf6, 0x00,
    0x00, 0x07, 0xf8, 0x00, 0x00, 0x0f, 0xfc, 0x00, 0x00, 0x1f, 0xfc, 0x00, 0x00, 0x1f, 0xfc, 0x00,
    0x00, 0x1f, 0xfc, 0x00, 0x00, 0x3f, 0xfc, 0x00, 0x00, 0x7f, 0xfc, 0x00, 0x00, 0xff, 0xf8, 0x00,
    0x01, 0xff, 0xf8, 0x00, 0x01, 0xff, 0xf8, 0x00, 0x01, 0xff, 0x7c, 0x00, 0x00, 0xff, 0x3c, 0x00,
    0x00, 0x66, 0x18, 0x00, 0x00, 0x1f, 0x80, 0x00, 0x00, 0x3f, 0xf0, 0x00, 0x00, 0x3f, 0xfe, 0x00,
    0x00, 0x3f, 0xff, 0x00, 0x00, 0x1f, 0xff, 0x00, 0x00, 0x47, 0xff, 0x80, 0x00, 0xe3, 0xff, 0x80,
    0x00, 0xe1, 0xff, 0x80, 0x00, 0x70, 0x0e, 0x00, 0x00, 0x71, 0x9c, 0x00, 0x00, 0x3f, 0xff, 0x00,
    0x00, 0x1f, 0xfe, 0x00, 0x00, 0x0f, 0xfc, 0x00, 0x00, 0x07, 0xf8, 0x00, 0x00, 0x03, 0xf8, 0x00,
    0x00, 0x07, 0xfc, 0x00, 0x00, 0x07, 0xf6, 0x00,
    0x00, 0x00, 0x00, 0x00, 0x00, 0x00, 0x00, 0x00, 0x00, 0x00, 0x00, 0x00, 0x00, 0x00, 0x00, 0x00,
    0x00, 0x1f, 0xe0, 0x00, 0x00, 0xff, 0xf0, 0x00, 0x03, 0xff, 0xf0, 0x00, 0x07, 0xff, 0xf0, 0x00,
    0x0f, 0xff, 0xf0, 0x00, 0x0f, 0xff, 0xf0, 0x00, 0x07, 0xff, 0xf0, 0x00, 0x01, 0xff, 0xe0, 0x00,
    0x00, 0xff, 0xe0, 0x00, 0x00, 0x3f, 0xf8, 0x00, 0x00, 0x1f, 0xfe, 0x00, 0x00, 0x3f, 0xff, 0x00,
    0x00, 0x1f, 0xff, 0x00, 0x00, 0x07, 0xff, 0x80, 0x00, 0x03, 0xff, 0x80, 0x00, 0x01, 0xff, 0x80,
    0x00, 0x00, 0x7f, 0x00, 0x00, 0x00, 0x0e, 0x00, 0x00, 0x39, 0x9c, 0x00, 0x00, 0x7f, 0xff, 0x00,
    0x00, 0xff, 0xfe, 0x00, 0x00, 0xcf, 0xfc, 0x00, 0x00, 0x07, 0xf8, 0x00, 0x00, 0x03, 0xf8, 0x00,
    0x00, 0x07, 0xfc, 0x00, 0x00, 0x07, 0xf6, 0x00,
    0x00, 0x00, 0x00, 0x00, 0x00, 0x00, 0x00, 0x00, 0x00, 0x00, 0x00, 0x00, 0x00, 0x00, 0x00, 0x00,
    0x00, 0x00, 0x00, 0x00, 0x00, 0x00, 0x00, 0x00, 0x00, 0x00, 0x00, 0x00, 0x00, 0x00, 0x00, 0x00,
    0x00, 0x38, 0x00, 0x00, 0x00, 0x7f, 0xf8, 0x00, 0x00, 0x7f, 0xfc, 0x00, 0x00, 0x7f, 0xfe, 0x00,
    0x00, 0x7f, 0xfe, 0x00, 0x00, 0x7f, 0xfe, 0x00, 0x00, 0x3f, 0xfe, 0x00, 0x00, 0x1f, 0xff, 0x00,
    0x00, 0x1f, 0xff, 0x00, 0x00, 0x3f, 0xff, 0x80, 0x00, 0x1f, 0xff, 0x80, 0x00, 0x01, 0xff, 0x80,
    0x00, 0x00, 0x7f, 0x00, 0x00, 0x00, 0x0e, 0x00, 0x00, 0x39, 0x9c, 0x00, 0x00, 0x7f, 0xff, 0x00,
    0x00, 0xff, 0xfe, 0x00, 0x00, 0xcf, 0xfc, 0x00, 0x00, 0x07, 0xf8, 0x00, 0x00, 0x03, 0xf8, 0x00,
    0x00, 0x07, 0xfc, 0x00, 0x00, 0x07, 0xf6, 0x00,
    0x00, 0x00, 0x00, 0x00, 0x00, 0x00, 0x00, 0x00, 0x00, 0x00, 0x00, 0x00, 0x00, 0x00, 0x00, 0x00,
    0x00, 0x00, 0x00, 0x00, 0x00, 0x00, 0x00, 0x00, 0x00, 0x00, 0x00, 0x00, 0x00, 0x00, 0x00, 0x00,
    0x00, 0x00, 0x00, 0x00, 0x00, 0x07, 0x80, 0x00, 0x00, 0x0f, 0xc0, 0x00, 0x00, 0x3f, 0xe0, 0x00,
    0x00, 0x7f, 0xf0, 0x00, 0x00, 0x7f, 0xf8, 0x00, 0x00, 0x7f, 0xfe, 0x00, 0x00, 0x7f, 0xff, 0x00,
    0x00, 0x0f, 0xff, 0x00, 0x00, 0x07, 0xff, 0x80, 0x00, 0x01, 0xff, 0x80, 0x00, 0x00, 0xff, 0x80,
    0x00, 0x00, 0x7f, 0x80, 0x00, 0x00, 0x0f, 0x00, 0x00, 0x01, 0x1e, 0x00, 0x00, 0x39, 0xff, 0x00,
    0x00, 0x7f, 0xfe, 0x00, 0x00, 0x7f, 0xfc, 0x00, 0x00, 0xff, 0xf8, 0x00, 0x00, 0xe3, 0xf8, 0x00,
    0x00, 0x87, 0xfc, 0x00, 0x00, 0x07, 0xf6, 0x00,
    0x00, 0x00, 0x00, 0x00, 0x00, 0x00, 0x00, 0x00, 0x00, 0x00, 0x00, 0x00, 0x00, 0x00, 0x00, 0x00,
    0x00, 0x00, 0x00, 0x00, 0x00, 0x00, 0x00, 0x00, 0x00, 0x00, 0x00, 0x00, 0x00, 0x00, 0x00, 0x00,
    0x00, 0x00, 0x00, 0x00, 0x00, 0x1f, 0x80, 0x00, 0x00, 0x3f, 0xc0, 0x00, 0x00, 0x7f, 0xe0, 0x00,
    0x00, 0x7f, 0xf0, 0x00, 0x00, 0x3f, 0xf8, 0x00, 0x00, 0x3f, 0xfe, 0x00, 0x00, 0x7f, 0xff, 0x00,
    0x00, 0x7f, 0xff, 0x00, 0x00, 0x3f, 0xff, 0x00, 0x00, 0x0f, 0xff, 0x80, 0x00, 0x07, 0xff, 0x80,
    0x00, 0x01, 0xff, 0x80, 0x00, 0x00, 0x7f, 0x00, 0x00, 0x01, 0x1e, 0x00, 0x00, 0x39, 0xff, 0x00,
    0x00, 0x7f, 0xfe, 0x00, 0x00, 0x7f, 0xfc, 0x00, 0x00, 0xff, 0xf8, 0x00, 0x00, 0xe3, 0xf8, 0x00,
    0x00, 0x87, 0xfc, 0x00, 0x00, 0x07, 0xf6, 0x00,
    0x00, 0x00, 0x00, 0x00, 0x00, 0x00, 0x00, 0x00, 0x00, 0x00, 0x00, 0x00, 0x00, 0x00, 0x00, 0x00,
    0x00, 0x00, 0x00, 0x00, 0x00, 0x00, 0x00, 0x00, 0x00, 0x00, 0x00, 0x00, 0x00, 0x00, 0x00, 0x00,
    0x00, 0x03, 0x80, 0x00, 0x00, 0x07, 0x80, 0x00, 0x00, 0x0f, 0xc0, 0x00, 0x00, 0x1f, 0xe0, 0x00,
    0x00, 0x3f, 0xf0, 0x00, 0x00, 0x7f, 0xf8, 0x00, 0x00, 0x7f, 0xfe, 0x00, 0x00, 0x7f, 0xff, 0x00,
    0x00, 0x3f, 0xff, 0x00, 0x00, 0x1f, 0xff, 0x80, 0x00, 0x01, 0xff, 0x80, 0x00, 0x00, 0xff, 0x80,
    0x00, 0x00, 0x7f, 0x80, 0x00, 0x00, 0x0f, 0x00, 0x00, 0x01, 0x1e, 0x00, 0x00, 0x39, 0xff, 0x00,
    0x00, 0x7f, 0xfe, 0x00, 0x00, 0x7f, 0xfc, 0x00, 0x00, 0xff, 0xf8, 0x00, 0x00, 0xe3, 0xf8, 0x00,
    0x00, 0x87, 0xfc, 0x00, 0x00, 0x07, 0xf6, 0x00,
    0x00, 0x00, 0x00, 0x00, 0x00, 0x00, 0x00, 0x00, 0x00, 0x00, 0x00, 0x00, 0x00, 0x00, 0x00, 0x00,
    0x00, 0x00, 0x00, 0x00, 0x00, 0x00, 0x00, 0x00, 0x00, 0x00, 0x00, 0x00, 0x00, 0x00, 0x00, 0x00,
    0x00, 0x00, 0x00, 0x00, 0x00, 0x00, 0x00, 0x00, 0x00, 0x00, 0x00, 0x00, 0x00, 0x00, 0x00, 0x00,
    0x00, 0x73, 0x00, 0x00, 0x00, 0x7f, 0xc0, 0x00, 0x00, 0x7f, 0xf8, 0x00, 0x00, 0x7f, 0xfc, 0x00,
    0x00, 0x7f, 0xfe, 0x00, 0x00, 0x3f, 0xff, 0x00, 0x00, 0x0f, 0xff, 0x80, 0x00, 0x07, 0xff, 0x80,
    0x00, 0x01, 0xff, 0x80, 0x00, 0x00, 0x7f, 0x80, 0x00, 0x00, 0x3f, 0x00, 0x00, 0x73, 0xfe, 0x00,
    0x00, 0xfb, 0xff, 0x00, 0x00, 0x7f, 0xff, 0x00, 0x00, 0x3f, 0xfe, 0x00, 0x00, 0x1f, 0xfc, 0x00,
    0x00, 0xff, 0xfe, 0x00, 0x00, 0x7f, 0xf3, 0x00,
    0x00, 0x00, 0x00, 0x00, 0x00, 0x00, 0x00, 0x00, 0x00, 0x00, 0x00, 0x00, 0x00, 0x00, 0x00, 0x00,
    0x00, 0x00, 0x00, 0x00, 0x00, 0x00, 0x00, 0x00, 0x00, 0x00, 0x00, 0x00, 0x00, 0x00, 0x00, 0x00,
    0x00, 0x00, 0x00, 0x00, 0x00, 0x00, 0x00, 0x00, 0x00, 0x00, 0x00, 0x00, 0x00, 0x00, 0x00, 0x00,
    0x00, 0x00, 0x00, 0x00, 0x00, 0x00, 0x00, 0x00, 0x00, 0x3f, 0xf8, 0x00, 0x00, 0x7f, 0xfc, 0x00,
    0x00, 0x7f, 0xfe, 0x00, 0x00, 0x3f, 0xff, 0x00, 0x00, 0x0f, 0xff, 0x80, 0x00, 0x07, 0xff, 0x80,
    0x00, 0x01, 0xff, 0x80, 0x00, 0x00, 0x7f, 0x80, 0x00, 0x00, 0x3f, 0x00, 0x00, 0x73, 0xfe, 0x00,
    0x00, 0xfb, 0xff, 0x00, 0x00, 0x7f, 0xff, 0x00, 0x00, 0x3f, 0xfe, 0x00, 0x00, 0x1f, 0xfc, 0x00,
    0x00, 0xff, 0xfe, 0x00, 0x00, 0x7f, 0xf3, 0x00,
    0x00, 0x00, 0x00, 0x00, 0x00, 0x00, 0x00, 0x00, 0x00, 0x00, 0x00, 0x00, 0x00, 0x00, 0x00, 0x00,
    0x00, 0x00, 0x00, 0x00, 0x00, 0x00, 0x00, 0x00, 0x00, 0x00, 0x00, 0x00, 0x00, 0x00, 0x00, 0x00,
    0x00, 0x00, 0x00, 0x00, 0x00, 0x00, 0x00, 0x00, 0x00, 0x00, 0x00, 0x00, 0x00, 0x00, 0x00, 0x00,
    0x00, 0x00, 0x00, 0x00, 0x00, 0x00, 0x00, 0x00, 0x00, 0x00, 0xf8, 0x00, 0x00, 0x03, 0xfc, 0x00,
    0x00, 0x0f, 0xfc, 0x00, 0x00, 0x1f, 0xfe, 0x00, 0x00, 0x0f, 0xfe, 0x00, 0x00, 0x03, 0xfe, 0x00,
    0x00, 0x00, 0xfe, 0x00, 0x00, 0x00, 0x7e, 0x00, 0x00, 0x00, 0x7e, 0x00, 0x00, 0x73, 0xfc, 0x00,
    0x00, 0xfb, 0xff, 0x00, 0x00, 0x7f, 0xff, 0x00, 0x00, 0x3f, 0xfe, 0x00, 0x00, 0x1f, 0xfc, 0x00,
    0x00, 0xff, 0xfe, 0x00, 0x00, 0x7f, 0xf3, 0x00,
    0x00, 0x00, 0x00, 0x00, 0x00, 0x00, 0x00, 0x00, 0x00, 0x00, 0x00, 0x00, 0x00, 0x00, 0x00, 0x00,
    0x00, 0x00, 0x00, 0x00, 0x00, 0x00, 0x00, 0x00, 0x00, 0x00, 0x00, 0x00, 0x00, 0x00, 0x00, 0x00,
    0x00, 0x00, 0x00, 0x00, 0x00, 0x00, 0x00, 0x00, 0x00, 0x00, 0x00, 0x00, 0x00, 0x00, 0x00, 0x00,
    0x00, 0x00, 0x00, 0x00, 0x00, 0x00, 0x00, 0x00, 0x00, 0x00, 0x00, 0x00, 0x00, 0x00, 0xf8, 0x00,
    0x00, 0x03, 0xfc, 0x00, 0x00, 0x0f, 0xfc, 0x00, 0x00, 0x1f, 0xfe, 0x00, 0x00, 0x0f, 0xfe, 0x00,
    0x00, 0x03, 0xfe, 0x00, 0x00, 0x00, 0xfe, 0x00, 0x00, 0x00, 0x7e, 0x00, 0x00, 0x73, 0xfc, 0x00,
    0x00, 0xfb, 0xff, 0x00, 0x00, 0x7f, 0xff, 0x00, 0x00, 0x3f, 0xfe, 0x00, 0x00, 0x1f, 0xfc, 0x00,
    0x00, 0xff, 0xfe, 0x00, 0x00, 0x7f, 0xf3, 0x00,
};

/* sManTrapTemp: 11 masks of 63 bytes */
static const uint8_t s_mask_sManTrapTemp[693] = {
    0x00, 0x00, 0x00, 0x00, 0x00, 0x00, 0x00, 0x00, 0x00, 0x00, 0x00, 0x00, 0x00, 0x00, 0x00, 0x00,
    0x0f, 0x80, 0x00, 0x3f, 0xc0, 0x00, 0xff, 0xc0, 0x07, 0xff, 0xe0, 0x0f, 0xff, 0xe0, 0x0f, 0xff,
    0xe0, 0x0f, 0xff, 0xc0, 0x07, 0xf0, 0xc0, 0x00, 0x01, 0xc0, 0x07, 0x3f, 0x80, 0x0f, 0xbf, 0xf0,
    0x07, 0xff, 0xf0, 0x03, 0xff, 0xe0, 0x01, 0xff, 0xc0, 0x0f, 0xff, 0xe0, 0x07, 0xff, 0x30,
    0x00, 0x00, 0x00, 0x00, 0x00, 0x00, 0x00, 0x00, 0x00, 0x00, 0x00, 0x00, 0x00, 0x00, 0x00, 0x00,
    0x00, 0x00, 0x00, 0x00, 0x00, 0x00, 0xf8, 0x00, 0x03, 0xfc, 0x00, 0x0f, 0xfc, 0x00, 0x7f, 0xfe,
    0x00, 0xff, 0xff, 0x00, 0xff, 0xff, 0x80, 0xff, 0xff, 0xc0, 0x7f, 0x1f, 0x80, 0x0f, 0xbf, 0xf0,
    0x07, 0xff, 0xf0, 0x03, 0xff, 0xe0, 0x01, 0xff, 0xc0, 0x0f, 0xff, 0xe0, 0x07, 0xff, 0x30,
    0x00, 0x00, 0x00, 0x00, 0x00, 0x00, 0x00, 0x00, 0x00, 0x00, 0x00, 0x00, 0x00, 0x00, 0x00, 0x00,
    0x00, 0x00, 0x00, 0x00, 0x00, 0x00, 0x00, 0x00, 0x00, 0x00, 0x00, 0x00, 0x00, 0x00, 0x00, 0xf8,
    0x00, 0x03, 0xff, 0x00, 0x0f, 0xff, 0x80, 0x3f, 0xff, 0xc0, 0x7f, 0xff, 0xe0, 0xff, 0xff, 0xf0,
    0xff, 0xff, 0xf0, 0x7f, 0x1f, 0xe0, 0x01, 0xff, 0xc0, 0x0f, 0xff, 0xe0, 0x07, 0xff, 0x30,
    0x00, 0x00, 0x00, 0x00, 0x00, 0x00, 0x00, 0x00, 0x00, 0x00, 0x00, 0x00, 0x00, 0x00, 0x00, 0x00,
    0x07, 0xc0, 0x00, 0x1f, 0xe0, 0x03, 0xff, 0xe0, 0x07, 0xff, 0xf0, 0x07, 0xff, 0xf0, 0x07, 0xff,
    0xf0, 0x03, 0xff, 0xe0, 0x00, 0x00, 0xe0, 0x00, 0x11, 0xc0, 0x03, 0x9f, 0xf0, 0x07, 0xff, 0xe0,
    0x07, 0xff, 0xc0, 0x0f, 0xff, 0x80, 0x0e, 0x3f, 0x80, 0x08, 0x7f, 0xc0, 0x00, 0x7f, 0x60,
    0x00, 0x00, 0x00, 0x00, 0x00, 0x00, 0x00, 0x00, 0x00, 0x00, 0x00, 0x00, 0x01, 0xf8, 0x00, 0x03,
    0xff, 0x00, 0x03, 0xff, 0xe0, 0x03, 0xff, 0xf0, 0x01, 0xff, 0xf0, 0x04, 0x7f, 0xf8, 0x0e, 0x3f,
    0xf8, 0x0e, 0x1f, 0xf8, 0x07, 0x00, 0xe0, 0x07, 0x19, 0xc0, 0x03, 0xff, 0xf0, 0x01, 0xff, 0xe0,
    0x00, 0xff, 0xc0, 0x00, 0x7f, 0x80, 0x00, 0x3f, 0x80, 0x00, 0x7f, 0xc0, 0x00, 0x7f, 0x60,
    0x01, 0xf8, 0x00, 0x03, 0xfc, 0x00, 0x03, 0xfe, 0x00, 0x01, 0xfe, 0x00, 0x01, 0xff, 0x80, 0x01,
    0xff, 0xe0, 0x03, 0xff, 0xf0, 0x01, 0xff, 0xf0, 0x00, 0x7f, 0xf8, 0x00, 0x3f, 0xf8, 0x00, 0x1f,
    0xf8, 0x00, 0x07, 0xf0, 0x00, 0x00, 0xe0, 0x03, 0x99, 0xc0, 0x07, 0xff, 0xf0, 0x0f, 0xff, 0xe0,
    0x0c, 0xff, 0xc0, 0x00, 0x7f, 0x80, 0x00, 0x3f, 0x80, 0x00, 0x7f, 0xc0, 0x00, 0x7f, 0x60,
    0x00, 0x1f, 0x80, 0x00, 0x3f, 0xc0, 0x00, 0x3f, 0xe0, 0x00, 0x3f, 0xe0, 0x00, 0x7f, 0xe0, 0x00,
    0x7f, 0xe0, 0x00, 0xff, 0xf0, 0x01, 0xff, 0xf0, 0x03, 0xff, 0xf8, 0x01, 0xff, 0xf8, 0x00, 0x1f,
    0xf8, 0x00, 0x07, 0xf0, 0x00, 0x00, 0xe0, 0x03, 0x99, 0xc0, 0x07, 0xff, 0xf0, 0x0f, 0xff, 0xe0,
    0x0c, 0xff, 0xc0, 0x00, 0x7f, 0x80, 0x00, 0x3f, 0x80, 0x00, 0x7f, 0xc0, 0x00, 0x7f, 0x60,
    0x00, 0x00, 0x00, 0x00, 0x00, 0x00, 0x00, 0xfc, 0x00, 0x01, 0xfe, 0x00, 0x01, 0xff, 0x80, 0x00,
    0xff, 0xe0, 0x01, 0xff, 0xf0, 0x00, 0xff, 0xf0, 0x00, 0x7f, 0xf8, 0x00, 0x1f, 0xf8, 0x00, 0x0f,
    0xf8, 0x00, 0x07, 0xf8, 0x00, 0x00, 0xf0, 0x00, 0x11, 0xe0, 0x03, 0x9f, 0xf0, 0x07, 0xff, 0xe0,
    0x07, 0xff, 0xc0, 0x0f, 0xff, 0x80, 0x0e, 0x3f, 0x80, 0x08, 0x7f, 0xc0, 0x00, 0x7f, 0x60,
    0x00, 0x00, 0x00, 0x00, 0x00, 0x00, 0x00, 0x00, 0x00, 0x00, 0x00, 0x00, 0x00, 0x00, 0x00, 0x03,
    0xff, 0x80, 0x07, 0xff, 0xc0, 0x07, 0xff, 0xe0, 0x03, 0xff, 0xf0, 0x00, 0xff, 0xf8, 0x00, 0x7f,
    0xf8, 0x00, 0x1f, 0xf8, 0x00, 0x07, 0xf8, 0x00, 0x03, 0xf0, 0x07, 0x3f, 0xe0, 0x0f, 0xbf, 0xf0,
    0x07, 0xff, 0xf0, 0x03, 0xff, 0xe0, 0x01, 0xff, 0xc0, 0x0f, 0xff, 0xe0, 0x07, 0xff, 0x30,
    0x00, 0x00, 0x00, 0x00, 0x00, 0x00, 0x00, 0x00, 0x00, 0x00, 0x00, 0x00, 0x00, 0x00, 0x00, 0x00,
    0x0f, 0x80, 0x00, 0x3f, 0xc0, 0x00, 0xff, 0xc0, 0x01, 0xff, 0xe0, 0x00, 0xff, 0xe0, 0x00, 0x3f,
    0xe0, 0x00, 0x0f, 0xe0, 0x00, 0x07, 0xe0, 0x00, 0x07, 0xe0, 0x07, 0x3f, 0xc0, 0x0f, 0xbf, 0xf0,
    0x07, 0xff, 0xf0, 0x03, 0xff, 0xe0, 0x01, 0xff, 0xc0, 0x0f, 0xff, 0xe0, 0x07, 0xff, 0x30,
    0x00, 0x00, 0x00, 0x00, 0x00, 0x00, 0x00, 0x00, 0x00, 0x00, 0x00, 0x00, 0x00, 0x00, 0x00, 0x00,
    0x00, 0x00, 0x00, 0x0f, 0x80, 0x00, 0x3f, 0xc0, 0x00, 0xff, 0xc0, 0x01, 0xff, 0xe0, 0x00, 0xff,
    0xe0, 0x00, 0x3f, 0xe0, 0x00, 0x0f, 0xe0, 0x00, 0x07, 0xe0, 0x07, 0x3f, 0xc0, 0x0f, 0xbf, 0xf0,
    0x07, 0xff, 0xf0, 0x03, 0xff, 0xe0, 0x01, 0xff, 0xc0, 0x0f, 0xff, 0xe0, 0x07, 0xff, 0x30,
};

/* sMattockHead: 1 masks of 12 bytes */
static const uint8_t s_mask_sMattockHead[12] = {
    0x06, 0x00, 0x3f, 0xc0, 0x7f, 0xe0, 0xff, 0xf0, 0xff, 0xf0, 0xcf, 0x30,
};

/* sMattockHitL: 3 masks of 28 bytes */
static const uint8_t s_mask_sMattockHitL[84] = {
    0x1c, 0x00, 0x3c, 0x00, 0x78, 0x00, 0x78, 0x00, 0x7f, 0xe0, 0xff, 0xe0, 0xff, 0xe0, 0x7f, 0xe0,
    0x78, 0x00, 0x78, 0x00, 0x3c, 0x00, 0x1c, 0x00, 0x00, 0x00, 0x00, 0x00,
    0x00, 0x00, 0x1c, 0x00, 0x38, 0x00, 0x78, 0x00, 0x78, 0xe0, 0x7f, 0xe0, 0xff, 0xe0, 0xff, 0xe0,
    0x7f, 0x00, 0x3c, 0x00, 0x3c, 0x00, 0x1e, 0x00, 0x0e, 0x00, 0x00, 0x00,
    0x00, 0x00, 0x00, 0x00, 0x1c, 0x00, 0x38, 0x00, 0x78, 0x00, 0x78, 0xe0, 0x7f, 0xe0, 0xff, 0xe0,
    0xff, 0xe0, 0x7f, 0x00, 0x3c, 0x00, 0x3c, 0x00, 0x1e, 0x00, 0x0e, 0x00,
};

/* sMattockHitR: 3 masks of 28 bytes */
static const uint8_t s_mask_sMattockHitR[84] = {
    0x07, 0x00, 0x07, 0x80, 0x03, 0xc0, 0x03, 0xc0, 0xff, 0xc0, 0xff, 0xe0, 0xff, 0xe0, 0xff, 0xc0,
    0x03, 0xc0, 0x03, 0xc0, 0x07, 0x80, 0x07, 0x00, 0x00, 0x00, 0x00, 0x00,
    0x00, 0x00, 0x07, 0x00, 0x03, 0x80, 0x03, 0xc0, 0xe3, 0xc0, 0xff, 0xc0, 0xff, 0xe0, 0xff, 0xe0,
    0x1f, 0xc0, 0x07, 0x80, 0x07, 0x80, 0x0f, 0x00, 0x0e, 0x00, 0x00, 0x00,
    0x00, 0x00, 0x00, 0x00, 0x07, 0x00, 0x03, 0x80, 0x03, 0xc0, 0xe3, 0xc0, 0xff, 0xc0, 0xff, 0xe0,
    0xff, 0xe0, 0x1f, 0xc0, 0x07, 0x80, 0x07, 0x80, 0x0f, 0x00, 0x0e, 0x00,
};

/* sMattockLeft: 1 masks of 24 bytes */
static const uint8_t s_mask_sMattockLeft[24] = {
    0x1c, 0x00, 0x3c, 0x00, 0x78, 0x00, 0x78, 0x00, 0x7f, 0xf8, 0xff, 0xfc, 0xff, 0xfc, 0x7f, 0xf8,
    0x78, 0x00, 0x78, 0x00, 0x3c, 0x00, 0x1c, 0x00,
};

/* sMattockPreL: 1 masks of 24 bytes */
static const uint8_t s_mask_sMattockPreL[24] = {
    0x0e, 0x00, 0x07, 0x00, 0x07, 0x80, 0x07, 0x80, 0x1f, 0xc0, 0xff, 0xe0, 0xff, 0xe0, 0xff, 0xc0,
    0xe3, 0xc0, 0x03, 0xc0, 0x07, 0x80, 0x07, 0x00,
};

/* sMattockPreR: 1 masks of 24 bytes */
static const uint8_t s_mask_sMattockPreR[24] = {
    0x0e, 0x00, 0x1c, 0x00, 0x3c, 0x00, 0x3c, 0x00, 0x7f, 0x00, 0xff, 0xe0, 0xff, 0xe0, 0x7f, 0xe0,
    0x78, 0xe0, 0x78, 0x00, 0x3c, 0x00, 0x1c, 0x00,
};

/* sMattockRight: 1 masks of 24 bytes */
static const uint8_t s_mask_sMattockRight[24] = {
    0x00, 0xe0, 0x00, 0xf0, 0x00, 0x78, 0x00, 0x78, 0x7f, 0xf8, 0xff, 0xfc, 0xff, 0xfc, 0x7f, 0xf8,
    0x00, 0x78, 0x00, 0x78, 0x00, 0xf0, 0x00, 0xe0,
};

/* sMattockTile: 1 masks of 24 bytes */
static const uint8_t s_mask_sMattockTile[24] = {
    0x00, 0xe0, 0x00, 0xf0, 0x00, 0x78, 0x00, 0x78, 0x7f, 0xf8, 0xff, 0xfc, 0xff, 0xfc, 0x7f, 0xf8,
    0x00, 0x78, 0x00, 0x78, 0x00, 0xf0, 0x00, 0xe0,
};

/* sMegaMouth: 1 masks of 210 bytes */
static const uint8_t s_mask_sMegaMouth[210] = {
    0x00, 0x00, 0x01, 0xff, 0xe0, 0x00, 0x00, 0x00, 0x00, 0x0f, 0xff, 0xf0, 0x00, 0x00, 0x00, 0x00,
    0x7f, 0xff, 0xf0, 0x00, 0x00, 0x00, 0x0f, 0xff, 0xff, 0xf0, 0x00, 0x00, 0x01, 0xff, 0xff, 0xff,
    0xf0, 0x00, 0x00, 0x07, 0xff, 0xff, 0xff, 0xf8, 0x00, 0x00, 0x0f, 0xff, 0xff, 0xff, 0xfe, 0x00,
    0x00, 0x1f, 0xff, 0xff, 0xff, 0xff, 0x80, 0x00, 0x1f, 0xff, 0xff, 0xff, 0xff, 0xc0, 0x03, 0x3f,
    0xff, 0xff, 0xff, 0xff, 0xe0, 0x07, 0x3f, 0xff, 0xff, 0xff, 0xff, 0xf0, 0x0f, 0x7f, 0xff, 0xff,
    0xff, 0xff, 0xf8, 0x1f, 0x7f, 0xff, 0xff, 0xff, 0xff, 0xfc, 0x7e, 0xff, 0xff, 0xff, 0xff, 0xff,
    0xff, 0xfe, 0xff, 0xff, 0xff, 0xff, 0xff, 0xff, 0xfe, 0xff, 0xff, 0xff, 0xff, 0xff, 0xff, 0xfe,
    0xff, 0xff, 0xff, 0xff, 0xff, 0xff, 0xfe, 0xff, 0xff, 0xff, 0xff, 0xff, 0xff, 0xfe, 0xff, 0xff,
    0xff, 0xff, 0xff, 0xff, 0xfe, 0x7f, 0xff, 0xff, 0xff, 0xff, 0xff, 0xfe, 0x1f, 0xff, 0xff, 0xff,
    0xff, 0xfe, 0xfe, 0x07, 0xff, 0xff, 0xff, 0xff, 0xf8, 0x3e, 0x5f, 0xff, 0xff, 0xff, 0xff, 0xe0,
    0x0f, 0xff, 0xff, 0xff, 0xff, 0xff, 0xc0, 0x07, 0xff, 0xff, 0xff, 0xff, 0xff, 0x80, 0x03, 0xff,
    0xff, 0xff, 0xff, 0xfe, 0x00, 0x00, 0xff, 0xff, 0xff, 0xfe, 0xfe, 0x00, 0x00, 0x7f, 0xff, 0xff,
    0x80, 0x7c, 0x00, 0x00, 0x3f, 0xf0, 0x7f, 0x80, 0x00, 0x00, 0x00, 0x00, 0x00, 0x1f, 0x00, 0x00,
    0x00, 0x00,
};

/* sMegaMouthTile: 1 masks of 256 bytes */
static const uint8_t s_mask_sMegaMouthTile[256] = {
    0xff, 0xff, 0xff, 0xff, 0xff, 0xff, 0xff, 0xff, 0xff, 0xff, 0xff, 0xff, 0xff, 0xff, 0xff, 0xff,
    0xff, 0xff, 0xff, 0xff, 0xff, 0xff, 0xff, 0xff, 0xff, 0xff, 0xff, 0xff, 0xff, 0xff, 0xff, 0xff,
    0xff, 0xff, 0xff, 0xff, 0xff, 0xff, 0xff, 0xff, 0xff, 0xff, 0xff, 0xff, 0xff, 0xff, 0xff, 0xff,
    0xff, 0xff, 0xff, 0xff, 0xff, 0xff, 0xff, 0xff, 0xff, 0xff, 0xff, 0xff, 0xff, 0xff, 0xff, 0xff,
    0xff, 0xff, 0xff, 0xff, 0xff, 0xff, 0xff, 0xff, 0xff, 0xff, 0xff, 0xff, 0xff, 0xff, 0xff, 0xff,
    0xff, 0xff, 0xff, 0xff, 0xff, 0xff, 0xff, 0xff, 0xff, 0xff, 0xff, 0xff, 0xff, 0xff, 0xff, 0xff,
    0xff, 0xff, 0xff, 0xff, 0xff, 0xff, 0xff, 0xff, 0xff, 0xff, 0xff, 0xff, 0xff, 0xff, 0xff, 0xff,
    0xff, 0xff, 0xff, 0xff, 0xff, 0xff, 0xff, 0xff, 0xff, 0xff, 0xff, 0xff, 0xff, 0xff, 0xff, 0xff,
    0xff, 0xff, 0xff, 0xff, 0xff, 0xff, 0xff, 0xff, 0xff, 0xff, 0xff, 0xff, 0xff, 0xff, 0xff, 0xff,
    0xff, 0xff, 0xff, 0xff, 0xff, 0xff, 0xff, 0xff, 0xff, 0xff, 0xff, 0xff, 0xff, 0xff, 0xff, 0xff,
    0xff, 0xff, 0xff, 0xff, 0xff, 0xff, 0xff, 0xff, 0xff, 0xff, 0xff, 0xff, 0xff, 0xff, 0xff, 0xff,
    0xff, 0xff, 0xff, 0xff, 0xff, 0xff, 0xff, 0xff, 0xff, 0xff, 0xff, 0xff, 0xff, 0xff, 0xff, 0xff,
    0xff, 0xff, 0xff, 0xff, 0xff, 0xff, 0xff, 0xff, 0xff, 0xff, 0xff, 0xff, 0xff, 0xff, 0xff, 0xff,
    0xff, 0xff, 0xff, 0xff, 0xff, 0xff, 0xff, 0xff, 0xff, 0xff, 0xff, 0xff, 0xff, 0xff, 0xff, 0xff,
    0xff, 0xff, 0xff, 0xff, 0xff, 0xff, 0xff, 0xff, 0xff, 0xff, 0xff, 0xff, 0xff, 0xff, 0xff, 0xff,
    0xff, 0xff, 0xff, 0xff, 0xff, 0xff, 0xff, 0xff, 0xff, 0xff, 0xff, 0xff, 0xff, 0xff, 0xff, 0xff,
};

/* sMenuBottom: 1 masks of 8 bytes */
static const uint8_t s_mask_sMenuBottom[8] = {
    0xff, 0xff, 0xff, 0xff, 0xff, 0xff, 0xff, 0xff,
};

/* sMenuLeft: 1 masks of 32 bytes */
static const uint8_t s_mask_sMenuLeft[32] = {
    0xff, 0xff, 0xff, 0xff, 0xff, 0xff, 0xff, 0xff, 0xff, 0xff, 0xff, 0xff, 0xff, 0xff, 0xff, 0xff,
    0xff, 0xff, 0xff, 0xff, 0xff, 0xff, 0xff, 0xff, 0xff, 0xff, 0xff, 0xff, 0xff, 0xff, 0xff, 0xff,
};

/* sMenuLL: 1 masks of 8 bytes */
static const uint8_t s_mask_sMenuLL[8] = {
    0xff, 0xff, 0xff, 0xff, 0xff, 0xff, 0x7f, 0xff,
};

/* sMenuLR: 1 masks of 8 bytes */
static const uint8_t s_mask_sMenuLR[8] = {
    0xff, 0xff, 0xff, 0xff, 0xff, 0xff, 0xff, 0xfe,
};

/* sMenuRight: 1 masks of 32 bytes */
static const uint8_t s_mask_sMenuRight[32] = {
    0xff, 0xff, 0xff, 0xff, 0xff, 0xff, 0xff, 0xff, 0xff, 0xff, 0xff, 0xff, 0xff, 0xff, 0xff, 0xff,
    0xff, 0xff, 0xff, 0xff, 0xff, 0xff, 0xff, 0xff, 0xff, 0xff, 0xff, 0xff, 0xff, 0xff, 0xff, 0xff,
};

/* sMenuSelOff: 1 masks of 208 bytes */
static const uint8_t s_mask_sMenuSelOff[208] = {
    0xff, 0xff, 0xff, 0xff, 0xff, 0xff, 0xff, 0xff, 0xff, 0xff, 0xff, 0xff, 0xff, 0xff, 0xff, 0xff,
    0xff, 0xff, 0xff, 0xff, 0xff, 0xff, 0xff, 0xff, 0xff, 0xff, 0xff, 0xff, 0xff, 0xff, 0xff, 0xff,
    0xff, 0xff, 0xff, 0xff, 0xff, 0xff, 0xff, 0xff, 0xff, 0xff, 0xff, 0xff, 0xff, 0xff, 0xff, 0xff,
    0xff, 0xff, 0xff, 0xff, 0xff, 0xff, 0xff, 0xff, 0xff, 0xff, 0xff, 0xff, 0xff, 0xff, 0xff, 0xff,
    0xff, 0xff, 0xff, 0xff, 0xff, 0xff, 0xff, 0xff, 0xff, 0xff, 0xff, 0xff, 0xff, 0xff, 0xff, 0xff,
    0xff, 0xff, 0xff, 0xff, 0xff, 0xff, 0xff, 0xff, 0xff, 0xff, 0xff, 0xff, 0xff, 0xff, 0xff, 0xff,
    0xff, 0xff, 0xff, 0xff, 0xff, 0xff, 0xff, 0xff, 0xff, 0xff, 0xff, 0xff, 0xff, 0xff, 0xff, 0xff,
    0xff, 0xff, 0xff, 0xff, 0xff, 0xff, 0xff, 0xff, 0xff, 0xff, 0xff, 0xff, 0xff, 0xff, 0xff, 0xff,
    0xff, 0xff, 0xff, 0xff, 0xff, 0xff, 0xff, 0xff, 0xff, 0xff, 0xff, 0xff, 0xff, 0xff, 0xff, 0xff,
    0xff, 0xff, 0xff, 0xff, 0xff, 0xff, 0xff, 0xff, 0xff, 0xff, 0xff, 0xff, 0xff, 0xff, 0xff, 0xff,
    0xff, 0xff, 0xff, 0xff, 0xff, 0xff, 0xff, 0xff, 0xff, 0xff, 0xff, 0xff, 0xff, 0xff, 0xff, 0xff,
    0xff, 0xff, 0xff, 0xff, 0xff, 0xff, 0xff, 0xff, 0xff, 0xff, 0xff, 0xff, 0xff, 0xff, 0xff, 0xff,
    0xff, 0xff, 0xff, 0xff, 0xff, 0xff, 0xff, 0xff, 0xff, 0xff, 0xff, 0xff, 0xff, 0xff, 0xff, 0xff,
};

/* sMenuSelOn: 1 masks of 208 bytes */
static const uint8_t s_mask_sMenuSelOn[208] = {
    0xff, 0xff, 0xff, 0xff, 0xff, 0xff, 0xff, 0xff, 0xff, 0xff, 0xff, 0xff, 0xff, 0xff, 0xff, 0xff,
    0xff, 0xff, 0xff, 0xff, 0xff, 0xff, 0xff, 0xff, 0xff, 0xff, 0xff, 0xff, 0xff, 0xff, 0xff, 0xff,
    0xff, 0xff, 0xff, 0xff, 0xff, 0xff, 0xff, 0xff, 0xff, 0xff, 0xff, 0xff, 0xff, 0xff, 0xff, 0xff,
    0xff, 0xff, 0xff, 0xff, 0xff, 0xff, 0xff, 0xff, 0xff, 0xff, 0xff, 0xff, 0xff, 0xff, 0xff, 0xff,
    0xff, 0xff, 0xff, 0xff, 0xff, 0xff, 0xff, 0xff, 0xff, 0xff, 0xff, 0xff, 0xff, 0xff, 0xff, 0xff,
    0xff, 0xff, 0xff, 0xff, 0xff, 0xff, 0xff, 0xff, 0xff, 0xff, 0xff, 0xff, 0xff, 0xff, 0xff, 0xff,
    0xff, 0xff, 0xff, 0xff, 0xff, 0xff, 0xff, 0xff, 0xff, 0xff, 0xff, 0xff, 0xff, 0xff, 0xff, 0xff,
    0xff, 0xff, 0xff, 0xff, 0xff, 0xff, 0xff, 0xff, 0xff, 0xff, 0xff, 0xff, 0xff, 0xff, 0xff, 0xff,
    0xff, 0xff, 0xff, 0xff, 0xff, 0xff, 0xff, 0xff, 0xff, 0xff, 0xff, 0xff, 0xff, 0xff, 0xff, 0xff,
    0xff, 0xff, 0xff, 0xff, 0xff, 0xff, 0xff, 0xff, 0xff, 0xff, 0xff, 0xff, 0xff, 0xff, 0xff, 0xff,
    0xff, 0xff, 0xff, 0xff, 0xff, 0xff, 0xff, 0xff, 0xff, 0xff, 0xff, 0xff, 0xff, 0xff, 0xff, 0xff,
    0xff, 0xff, 0xff, 0xff, 0xff, 0xff, 0xff, 0xff, 0xff, 0xff, 0xff, 0xff, 0xff, 0xff, 0xff, 0xff,
    0xff, 0xff, 0xff, 0xff, 0xff, 0xff, 0xff, 0xff, 0xff, 0xff, 0xff, 0xff, 0xff, 0xff, 0xff, 0xff,
};

/* sMenuTop: 1 masks of 22 bytes */
static const uint8_t s_mask_sMenuTop[22] = {
    0xff, 0xff, 0xff, 0xff, 0xff, 0xff, 0xff, 0xff, 0xff, 0xff, 0xff, 0xff, 0xff, 0xff, 0xff, 0xff,
    0xff, 0xff, 0xff, 0xff, 0xff, 0xff,
};

/* sMenuUL: 1 masks of 22 bytes */
static const uint8_t s_mask_sMenuUL[22] = {
    0x7f, 0xff, 0xff, 0xff, 0xff, 0xff, 0xff, 0xff, 0xff, 0xff, 0xff, 0xff, 0xff, 0xff, 0xff, 0xff,
    0xff, 0xff, 0xff, 0xff, 0xff, 0xff,
};

/* sMenuUR: 1 masks of 22 bytes */
static const uint8_t s_mask_sMenuUR[22] = {
    0xff, 0xfe, 0xff, 0xff, 0xff, 0xff, 0xff, 0xff, 0xff, 0xff, 0xff, 0xff, 0xff, 0xff, 0xff, 0xff,
    0xff, 0xff, 0xff, 0xff, 0xff, 0xff,
};

/* sMitt: 1 masks of 28 bytes */
static const uint8_t s_mask_sMitt[28] = {
    0x0f, 0x80, 0x1f, 0xe0, 0x1f, 0xf0, 0x1f, 0xf8, 0x7f, 0xf8, 0xff, 0xfc, 0xff, 0xfc, 0xff, 0xfc,
    0xff, 0xfc, 0x7f, 0xfc, 0x3f, 0xf8, 0x1f, 0xf8, 0x0f, 0xf8, 0x07, 0xf0,
};

/* sMittIcon: 1 masks of 32 bytes */
static const uint8_t s_mask_sMittIcon[32] = {
    0x07, 0xf8, 0x1f, 0xfc, 0x3f, 0xfe, 0x3f, 0xfe, 0x7f, 0xff, 0x7f, 0xff, 0x7f, 0xff, 0x7f, 0xff,
    0x7f, 0xff, 0xff, 0xff, 0xff, 0xff, 0xff, 0xff, 0xff, 0xff, 0x7f, 0xff, 0x3f, 0xff, 0x0f, 0xfe,
};

/* sMittTile: 1 masks of 30 bytes */
static const uint8_t s_mask_sMittTile[30] = {
    0x0f, 0x80, 0x1f, 0xe0, 0x1f, 0xf0, 0x1f, 0xf8, 0x7f, 0xf8, 0xff, 0xfc, 0xff, 0xfc, 0xff, 0xfc,
    0xff, 0xfc, 0x7f, 0xfc, 0x7f, 0xfc, 0x3f, 0xf8, 0x1f, 0xf8, 0x0f, 0xf8, 0x07, 0xf0,
};

/* sMonkeyClimbL: 3 masks of 30 bytes */
static const uint8_t s_mask_sMonkeyClimbL[90] = {
    0x3e, 0x00, 0x7f, 0x00, 0x7f, 0x00, 0x7f, 0x00, 0x7f, 0x80, 0xff, 0x00, 0xff, 0x00, 0xff, 0x00,
    0x7f, 0x80, 0x7f, 0xa0, 0x7f, 0x90, 0x7f, 0x10, 0x7f, 0xf0, 0x0f, 0xe0, 0x00, 0x00,
    0x1f, 0x00, 0x3f, 0x80, 0x3f, 0x80, 0x3f, 0x80, 0x3f, 0xc0, 0x7f, 0x80, 0x7f, 0x00, 0x7f, 0x00,
    0x3f, 0x00, 0x3f, 0x00, 0x7f, 0x40, 0x7e, 0x60, 0x7f, 0xe0, 0x77, 0xc0, 0x00, 0x00,
    0x0f, 0x80, 0x1f, 0xc0, 0x1f, 0xc0, 0x1f, 0xc0, 0x1f, 0xe0, 0x3f, 0xc0, 0x3f, 0xc0, 0x3f, 0x80,
    0x7f, 0x80, 0x7f, 0x80, 0x3f, 0x80, 0x3f, 0x00, 0x0f, 0x20, 0x07, 0xe0, 0x01, 0xc0,
};

/* sMonkeyHangL: 1 masks of 28 bytes */
static const uint8_t s_mask_sMonkeyHangL[28] = {
    0x3e, 0x00, 0x7f, 0x00, 0x7f, 0x00, 0x7f, 0x00, 0x7f, 0x80, 0xff, 0x00, 0xff, 0x00, 0xff, 0x00,
    0x7f, 0x80, 0x7f, 0xa0, 0x7f, 0x90, 0x7f, 0x10, 0x7f, 0xf0, 0x0f, 0xe0,
};

/* sMonkeyJumpL: 1 masks of 28 bytes */
static const uint8_t s_mask_sMonkeyJumpL[28] = {
    0x3e, 0x00, 0x7f, 0x00, 0x7f, 0x00, 0x7f, 0x00, 0x7f, 0x80, 0xff, 0x00, 0xff, 0x00, 0x7f, 0x80,
    0x7f, 0x80, 0xff, 0xa0, 0xdf, 0xb0, 0x3f, 0xf0, 0x37, 0xe0, 0x03, 0xc0,
};

/* sMonkeyLeft: 1 masks of 24 bytes */
static const uint8_t s_mask_sMonkeyLeft[24] = {
    0x3e, 0x00, 0x7f, 0x00, 0x7f, 0x00, 0x7f, 0x00, 0x7f, 0x80, 0xff, 0x00, 0xff, 0x80, 0x7f, 0xc0,
    0x1f, 0xd0, 0x1f, 0xd8, 0x17, 0xf8, 0x15, 0xf0,
};

/* sMonkeyWalkL: 6 masks of 28 bytes */
static const uint8_t s_mask_sMonkeyWalkL[168] = {
    0x00, 0x00, 0x00, 0x00, 0x3e, 0x00, 0x7f, 0x00, 0x7f, 0x00, 0x7f, 0x00, 0x7f, 0x80, 0xff, 0x00,
    0xff, 0x80, 0x7f, 0xc0, 0x1f, 0xd0, 0x1f, 0xd8, 0x17, 0xf8, 0x15, 0xf0,
    0x1f, 0x00, 0x3f, 0x80, 0x3f, 0x80, 0x3f, 0x80, 0x3f, 0xc0, 0x7f, 0x80, 0x7f, 0x80, 0x3f, 0xc0,
    0x3f, 0xc0, 0x7f, 0xd0, 0x6f, 0xd8, 0x1f, 0xf8, 0x1b, 0xf0, 0x01, 0xe0,
    0x3e, 0x00, 0x7f, 0x00, 0x7f, 0x00, 0x7f, 0x00, 0x7f, 0x80, 0xff, 0x00, 0xff, 0x80, 0x7f, 0xd0,
    0x7f, 0xd8, 0x7f, 0xf8, 0x7f, 0xf0, 0x79, 0xe0, 0x18, 0x00, 0x00, 0x00,
    0x00, 0x00, 0x3e, 0x00, 0x7f, 0x00, 0x7f, 0x00, 0x7f, 0x20, 0x7f, 0xf0, 0xff, 0xf0, 0xff, 0xe0,
    0x7f, 0xe0, 0x3f, 0xc0, 0x1f, 0x80, 0x1f, 0x00, 0x1e, 0x00, 0x06, 0x00,
    0x00, 0x00, 0x3e, 0x00, 0x7f, 0x00, 0x7f, 0x00, 0x7f, 0x20, 0x7f, 0xf0, 0xff, 0xf0, 0xff, 0xe0,
    0x7f, 0xc0, 0x3f, 0xc0, 0x1f, 0x80, 0x0f, 0x80, 0x07, 0x80, 0x03, 0x80,
    0x00, 0x00, 0x00, 0x00, 0x3e, 0x00, 0x7f, 0x00, 0x7f, 0x00, 0x7f, 0x00, 0x7f, 0xa0, 0xff, 0xf0,
    0xff, 0xf0, 0x7f, 0xe0, 0x7f, 0x80, 0x3f, 0xc0, 0x1f, 0xc0, 0x0f, 0x80,
};

/* sMoon: 1 masks of 1104 bytes */
static const uint8_t s_mask_sMoon[1104] = {
    0x00, 0x00, 0x00, 0x00, 0x00, 0x1f, 0xfc, 0x00, 0x00, 0x00, 0x00, 0x00, 0x00, 0x00, 0x00, 0x00,
    0x07, 0xff, 0xff, 0xf0, 0x00, 0x00, 0x00, 0x00, 0x00, 0x00, 0x00, 0x00, 0x7f, 0xff, 0xff, 0xff,
    0x00, 0x00, 0x00, 0x00, 0x00, 0x00, 0x00, 0x03, 0xff, 0xff, 0xff, 0xff, 0xe0, 0x00, 0x00, 0x00,
    0x00, 0x00, 0x00, 0x0f, 0xff, 0xff, 0xff, 0xff, 0xf8, 0x00, 0x00, 0x00, 0x00, 0x00, 0x00, 0x3f,
    0xff, 0xff, 0xff, 0xff, 0xfe, 0x00, 0x00, 0x00, 0x00, 0x00, 0x00, 0xff, 0xff, 0xff, 0xff, 0xff,
    0xff, 0x80, 0x00, 0x00, 0x00, 0x00, 0x03, 0xff, 0xff, 0xff, 0xff, 0xff, 0xff, 0xe0, 0x00, 0x00,
    0x00, 0x00, 0x07, 0xff, 0xff, 0xff, 0xff, 0xff, 0xff, 0xf0, 0x00, 0x00, 0x00, 0x00, 0x1f, 0xff,
    0xff, 0xff, 0xff, 0xff, 0xff, 0xfc, 0x00, 0x00, 0x00, 0x00, 0x3f, 0xff, 0xff, 0xff, 0xff, 0xff,
    0xff, 0xfe, 0x00, 0x00, 0x00, 0x00, 0x7f, 0xff, 0xff, 0xff, 0xff, 0xff, 0xff, 0xff, 0x00, 0x00,
    0x00, 0x00, 0xff, 0xff, 0xff, 0xff, 0xff, 0xff, 0xff, 0xff, 0x80, 0x00, 0x00, 0x01, 0xff, 0xff,
    0xff, 0xff, 0xff, 0xff, 0xff, 0xff, 0xe0, 0x00, 0x00, 0x03, 0xff, 0xff, 0xff, 0xff, 0xff, 0xff,
    0xff, 0xff, 0xf0, 0x00, 0x00, 0x07, 0xff, 0xff, 0xff, 0xff, 0xff, 0xff, 0xff, 0xff, 0xf8, 0x00,
    0x00, 0x0f, 0xff, 0xff, 0xff, 0xff, 0xff, 0xff, 0xff, 0xff, 0xf8, 0x00, 0x00, 0x1f, 0xff, 0xff,
    0xff, 0xff, 0xff, 0xff, 0xff, 0xff, 0xfe, 0x00, 0x00, 0x3f, 0xff, 0xff, 0xff, 0xff, 0xff, 0xff,
    0xff, 0xff, 0xfe, 0x00, 0x00, 0x7f, 0xff, 0xff, 0xff, 0xff, 0xff, 0xff, 0xff, 0xff, 0xff, 0x00,
    0x00, 0xff, 0xff, 0xff, 0xff, 0xff, 0xff, 0xff, 0xff, 0xff, 0xff, 0x80, 0x00, 0xff, 0xff, 0xff,
    0xff, 0xff, 0xff, 0xff, 0xff, 0xff, 0xff, 0x80, 0x01, 0xff, 0xff, 0xff, 0xff, 0xff, 0xff, 0xff,
    0xff, 0xff, 0xff, 0xc0, 0x01, 0xff, 0xff, 0xff, 0xff, 0xff, 0xff, 0xff, 0xff, 0xff, 0xff, 0xc0,
    0x03, 0xff, 0xff, 0xff, 0xff, 0xff, 0xff, 0xff, 0xff, 0xff, 0xff, 0xe0, 0x07, 0xff, 0xff, 0xff,
    0xff, 0xff, 0xff, 0xff, 0xff, 0xff, 0xff, 0xf0, 0x07, 0xff, 0xff, 0xff, 0xff, 0xff, 0xff, 0xff,
    0xff, 0xff, 0xff, 0xf0, 0x0f, 0xff, 0xff, 0xff, 0xff, 0xff, 0xff, 0xff, 0xff, 0xff, 0xff, 0xf8,
    0x0f, 0xff, 0xff, 0xff, 0xff, 0xff, 0xff, 0xff, 0xff, 0xff, 0xff, 0xf8, 0x1f, 0xff, 0xff, 0xff,
    0xff, 0xff, 0xff, 0xff, 0xff, 0xff, 0xff, 0xfc, 0x1f, 0xff, 0xff, 0xff, 0xff, 0xff, 0xff, 0xff,
    0xff, 0xff, 0xff, 0xfc, 0x1f, 0xff, 0xff, 0xff, 0xff, 0xff, 0xff, 0xff, 0xff, 0xff, 0xff, 0xfc,
    0x3f, 0xff, 0xff, 0xff, 0xff, 0xff, 0xff, 0xff, 0xff, 0xff, 0xff, 0xfe, 0x3f, 0xff, 0xff, 0xff,
    0xff, 0xff, 0xff, 0xff, 0xff, 0xff, 0xff, 0xfe, 0x3f, 0xff, 0xff, 0xff, 0xff, 0xff, 0xff, 0xff,
    0xff, 0xff, 0xff, 0xfe, 0x7f, 0xff, 0xff, 0xff, 0xff, 0xff, 0xff, 0xff, 0xff, 0xff, 0xff, 0xfe,
    0x7f, 0xff, 0xff, 0xff, 0xff, 0xff, 0xff, 0xff, 0xff, 0xff, 0xff, 0xff, 0x7f, 0xff, 0xff, 0xff,
    0xff, 0xff, 0xff, 0xff, 0xff, 0xff, 0xff, 0xff, 0x7f, 0xff, 0xff, 0xff, 0xff, 0xff, 0xff, 0xff,
    0xff, 0xff, 0xff, 0xff, 0xff, 0xff, 0xff, 0xff, 0xff, 0xff, 0xff, 0xff, 0xff, 0xff, 0xff, 0xff,
    0xff, 0xff, 0xff, 0xff, 0xff, 0xff, 0xff, 0xff, 0xff, 0xff, 0xff, 0xff, 0xff, 0xff, 0xff, 0xff,
    0xff, 0xff, 0xff, 0xff, 0xff, 0xff, 0xff, 0xff, 0xff, 0xff, 0xff, 0xff, 0xff, 0xff, 0xff, 0xff,
    0xff, 0xff, 0xff, 0xff, 0xff, 0xff, 0xff, 0xff, 0xff, 0xff, 0xff, 0xff, 0xff, 0xff, 0xff, 0xff,
    0xff, 0xff, 0xff, 0xff, 0xff, 0xff, 0xff, 0xff, 0xff, 0xff, 0xff, 0xff, 0xff, 0xff, 0xff, 0xff,
    0xff, 0xff, 0xff, 0xff, 0xff, 0xff, 0xff, 0xff, 0xff, 0xff, 0xff, 0xff, 0xff, 0xff, 0xff, 0xff,
    0xff, 0xff, 0xff, 0xff, 0xff, 0xff, 0xff, 0xff, 0xff, 0xff, 0xff, 0xff, 0xff, 0xff, 0xff, 0xff,
    0xff, 0xff, 0xff, 0xff, 0xff, 0xff, 0xff, 0xff, 0xff, 0xff, 0xff, 0xff, 0xff, 0xff, 0xff, 0xff,
    0xff, 0xff, 0xff, 0xff, 0xff, 0xff, 0xff, 0xff, 0xff, 0xff, 0xff, 0xff, 0xff, 0xff, 0xff, 0xff,
    0xff, 0xff, 0xff, 0xff, 0xff, 0xff, 0xff, 0xff, 0xff, 0xff, 0xff, 0xff, 0xff, 0xff, 0xff, 0xff,
    0x7f, 0xff, 0xff, 0xff, 0xff, 0xff, 0xff, 0xff, 0xff, 0xff, 0xff, 0xff, 0x7f, 0xff, 0xff, 0xff,
    0xff, 0xff, 0xff, 0xff, 0xff, 0xff, 0xff, 0xff, 0x7f, 0xff, 0xff, 0xff, 0xff, 0xff, 0xff, 0xff,
    0xff, 0xff, 0xff, 0xff, 0x7f, 0xff, 0xff, 0xff, 0xff, 0xff, 0xff, 0xff, 0xff, 0xff, 0xff, 0xff,
    0x7f, 0xff, 0xff, 0xff, 0xff, 0xff, 0xff, 0xff, 0xff, 0xff, 0xff, 0xfe, 0x3f, 0xff, 0xff, 0xff,
    0xff, 0xff, 0xff, 0xff, 0xff, 0xff, 0xff, 0xfe, 0x3f, 0xff, 0xff, 0xff, 0xff, 0xff, 0xff, 0xff,
    0xff, 0xff, 0xff, 0xfe, 0x3f, 0xff, 0xff, 0xff, 0xff, 0xff, 0xff, 0xff, 0xff, 0xff, 0xff, 0xfe,
    0x1f, 0xff, 0xff, 0xff, 0xff, 0xff, 0xff, 0xff, 0xff, 0xff, 0xff, 0xfc, 0x1f, 0xff, 0xff, 0xff,
    0xff, 0xff, 0xff, 0xff, 0xff, 0xff, 0xff, 0xfc, 0x1f, 0xff, 0xff, 0xff, 0xff, 0xff, 0xff, 0xff,
    0xff, 0xff, 0xff, 0xfc, 0x0f, 0xff, 0xff, 0xff, 0xff, 0xff, 0xff, 0xff, 0xff, 0xff, 0xff, 0xf8,
    0x0f, 0xff, 0xff, 0xff, 0xff, 0xff, 0xff, 0xff, 0xff, 0xff, 0xff, 0xf8, 0x07, 0xff, 0xff, 0xff,
    0xff, 0xff, 0xff, 0xff, 0xff, 0xff, 0xff, 0xf0, 0x07, 0xff, 0xff, 0xff, 0xff, 0xff, 0xff, 0xff,
    0xff, 0xff, 0xff, 0xf0, 0x03, 0xff, 0xff, 0xff, 0xff, 0xff, 0xff, 0xff, 0xff, 0xff, 0xff, 0xe0,
    0x01, 0xff, 0xff, 0xff, 0xff, 0xff, 0xff, 0xff, 0xff, 0xff, 0xff, 0xc0, 0x01, 0xff, 0xff, 0xff,
    0xff, 0xff, 0xff, 0xff, 0xff, 0xff, 0xff, 0xc0, 0x00, 0xff, 0xff, 0xff, 0xff, 0xff, 0xff, 0xff,
    0xff, 0xff, 0xff, 0x80, 0x00, 0xff, 0xff, 0xff, 0xff, 0xff, 0xff, 0xff, 0xff, 0xff, 0xff, 0x80,
    0x00, 0x7f, 0xff, 0xff, 0xff, 0xff, 0xff, 0xff, 0xff, 0xff, 0xff, 0x00, 0x00, 0x3f, 0xff, 0xff,
    0xff, 0xff, 0xff, 0xff, 0xff, 0xff, 0xfe, 0x00, 0x00, 0x1f, 0xff, 0xff, 0xff, 0xff, 0xff, 0xff,
    0xff, 0xff, 0xfc, 0x00, 0x00, 0x0f, 0xff, 0xff, 0xff, 0xff, 0xff, 0xff, 0xff, 0xff, 0xf8, 0x00,
    0x00, 0x07, 0xff, 0xff, 0xff, 0xff, 0xff, 0xff, 0xff, 0xff, 0xf0, 0x00, 0x00, 0x07, 0xff, 0xff,
    0xff, 0xff, 0xff, 0xff, 0xff, 0xff, 0xe0, 0x00, 0x00, 0x03, 0xff, 0xff, 0xff, 0xff, 0xff, 0xff,
    0xff, 0xff, 0xc0, 0x00, 0x00, 0x01, 0xff, 0xff, 0xff, 0xff, 0xff, 0xff, 0xff, 0xff, 0x80, 0x00,
    0x00, 0x00, 0xff, 0xff, 0xff, 0xff, 0xff, 0xff, 0xff, 0xff, 0x00, 0x00, 0x00, 0x00, 0x7f, 0xff,
    0xff, 0xff, 0xff, 0xff, 0xff, 0xfe, 0x00, 0x00, 0x00, 0x00, 0x1f, 0xff, 0xff, 0xff, 0xff, 0xff,
    0xff, 0xfc, 0x00, 0x00, 0x00, 0x00, 0x07, 0xff, 0xff, 0xff, 0xff, 0xff, 0xff, 0xf0, 0x00, 0x00,
    0x00, 0x00, 0x03, 0xff, 0xff, 0xff, 0xff, 0xff, 0xff, 0xe0, 0x00, 0x00, 0x00, 0x00, 0x00, 0xff,
    0xff, 0xff, 0xff, 0xff, 0xff, 0x80, 0x00, 0x00, 0x00, 0x00, 0x00, 0x3f, 0xff, 0xff, 0xff, 0xff,
    0xfe, 0x00, 0x00, 0x00, 0x00, 0x00, 0x00, 0x0f, 0xff, 0xff, 0xff, 0xff, 0xf8, 0x00, 0x00, 0x00,
    0x00, 0x00, 0x00, 0x03, 0xff, 0xff, 0xff, 0xff, 0xe0, 0x00, 0x00, 0x00, 0x00, 0x00, 0x00, 0x00,
    0x7f, 0xff, 0xff, 0xff, 0x00, 0x00, 0x00, 0x00, 0x00, 0x00, 0x00, 0x00, 0x07, 0xff, 0xff, 0xf0,
    0x00, 0x00, 0x00, 0x00, 0x00, 0x00, 0x00, 0x00, 0x00, 0x1f, 0xfc, 0x00, 0x00, 0x00, 0x00, 0x00,
};

/* sMoonDoor: 1 masks of 32 bytes */
static const uint8_t s_mask_sMoonDoor[32] = {
    0xff, 0xff, 0xff, 0xff, 0xff, 0xff, 0xff, 0xff, 0xff, 0xff, 0xff, 0xff, 0xff, 0xff, 0xff, 0xff,
    0xff, 0xff, 0xff, 0xff, 0xff, 0xff, 0xff, 0xff, 0xff, 0xff, 0xff, 0xff, 0xff, 0xff, 0xff, 0xff,
};

/* sMsgSign: 1 masks of 32 bytes */
static const uint8_t s_mask_sMsgSign[32] = {
    0xff, 0xff, 0xff, 0xff, 0xff, 0xff, 0xff, 0xff, 0xff, 0xff, 0xff, 0xff, 0xff, 0xff, 0xff, 0xff,
    0xff, 0xff, 0xff, 0xff, 0xff, 0xff, 0xff, 0xff, 0xff, 0xff, 0xff, 0xff, 0xff, 0xff, 0x03, 0xc0,
};

/* sMultiGold: 1 masks of 30 bytes */
static const uint8_t s_mask_sMultiGold[30] = {
    0xfc, 0xfc, 0xfc, 0xfc, 0xfc, 0xfc, 0xfc, 0xfc, 0xfc, 0xfc, 0x78, 0x78, 0xfc, 0xfc, 0x00, 0x00,
    0xfc, 0xfc, 0xfc, 0xfc, 0xfc, 0xfc, 0xfc, 0xfc, 0xfc, 0xfc, 0x78, 0x78, 0xfc, 0xfc,
};

/* sMushroom1: 1 masks of 24 bytes */
static const uint8_t s_mask_sMushroom1[24] = {
    0x0c, 0x00, 0x1e, 0x00, 0x3f, 0x00, 0x3f, 0x00, 0x7f, 0x80, 0xff, 0xc0, 0x7f, 0x80, 0x1e, 0x00,
    0x1e, 0x00, 0x3f, 0x00, 0x3f, 0x00, 0x1e, 0x00,
};

/* sMushroom2: 1 masks of 26 bytes */
static const uint8_t s_mask_sMushroom2[26] = {
    0x1f, 0x80, 0x3f, 0xc0, 0x7f, 0xe0, 0x7f, 0xe0, 0xff, 0xf0, 0xff, 0xf0, 0xff, 0xf0, 0x7f, 0xe0,
    0x1f, 0x80, 0x1f, 0x80, 0x3f, 0xc0, 0x3f, 0xc0, 0x1f, 0x80,
};

/* sMushroom3: 1 masks of 26 bytes */
static const uint8_t s_mask_sMushroom3[26] = {
    0x1e, 0x00, 0x3f, 0x00, 0x3f, 0x00, 0x7f, 0x80, 0xff, 0xc0, 0xff, 0xc0, 0x7f, 0x80, 0x1e, 0x00,
    0x1e, 0x00, 0x1e, 0x00, 0x3f, 0x00, 0x3f, 0x00, 0x1e, 0x00,
};

/* sMushroom4: 1 masks of 28 bytes */
static const uint8_t s_mask_sMushroom4[28] = {
    0x1e, 0x00, 0x3f, 0x00, 0x7f, 0x80, 0xff, 0xc0, 0xff, 0xc0, 0xff, 0xc0, 0xff, 0xc0, 0x7f, 0x80,
    0x1e, 0x00, 0x1e, 0x00, 0x1e, 0x00, 0x3f, 0x00, 0x3f, 0x00, 0x1e, 0x00,
};

/* sMushroom5: 1 masks of 26 bytes */
static const uint8_t s_mask_sMushroom5[26] = {
    0x3f, 0x00, 0x7f, 0x80, 0xff, 0xc0, 0xff, 0xc0, 0xff, 0xc0, 0xff, 0xc0, 0x7f, 0x80, 0x1e, 0x00,
    0x1e, 0x00, 0x1e, 0x00, 0x3f, 0x00, 0x3f, 0x00, 0x1e, 0x00,
};

/* sMushroom6: 1 masks of 24 bytes */
static const uint8_t s_mask_sMushroom6[24] = {
    0x0f, 0x00, 0x3f, 0xc0, 0x7f, 0xe0, 0xff, 0xf0, 0xff, 0xf0, 0xff, 0xf0, 0xff, 0xf0, 0x7f, 0xe0,
    0x0f, 0x00, 0x1f, 0x80, 0x1f, 0x80, 0x0f, 0x00,
};

/* sMushroom7: 1 masks of 30 bytes */
static const uint8_t s_mask_sMushroom7[30] = {
    0x1e, 0x00, 0x3f, 0x00, 0x7f, 0x80, 0x7f, 0x80, 0x7f, 0x80, 0xff, 0xc0, 0xff, 0xc0, 0x1e, 0x00,
    0x1e, 0x00, 0x1e, 0x00, 0x1e, 0x00, 0x1e, 0x00, 0x3f, 0x00, 0x3f, 0x00, 0x1e, 0x00,
};

/* sMushroom8: 1 masks of 26 bytes */
static const uint8_t s_mask_sMushroom8[26] = {
    0x1e, 0x00, 0x3f, 0x00, 0x7f, 0x80, 0xff, 0xc0, 0xff, 0xc0, 0x7f, 0x80, 0x1e, 0x00, 0x1e, 0x00,
    0x1e, 0x00, 0x1e, 0x00, 0x3f, 0x00, 0x3f, 0x00, 0x1e, 0x00,
};

/* sNew: 1 masks of 14 bytes */
static const uint8_t s_mask_sNew[14] = {
    0xff, 0xff, 0xff, 0xff, 0xff, 0xff, 0xff, 0xff, 0xff, 0xff, 0xff, 0xff, 0xff, 0xff,
};

/* sNewButton: 1 masks of 64 bytes */
static const uint8_t s_mask_sNewButton[64] = {
    0xff, 0xff, 0xff, 0xff, 0xff, 0xff, 0xff, 0xff, 0xff, 0xff, 0xff, 0xff, 0xff, 0xff, 0xff, 0xff,
    0xff, 0xff, 0xff, 0xff, 0xff, 0xff, 0xff, 0xff, 0xff, 0xff, 0xff, 0xff, 0xff, 0xff, 0xff, 0xff,
    0xff, 0xff, 0xff, 0xff, 0xff, 0xff, 0xff, 0xff, 0xff, 0xff, 0xff, 0xff, 0xff, 0xff, 0xff, 0xff,
    0xff, 0xff, 0xff, 0xff, 0xff, 0xff, 0xff, 0xff, 0xff, 0xff, 0xff, 0xff, 0xff, 0xff, 0xff, 0xff,
};

/* sNewButtonPressed: 1 masks of 64 bytes */
static const uint8_t s_mask_sNewButtonPressed[64] = {
    0xff, 0xff, 0xff, 0xff, 0xff, 0xff, 0xff, 0xff, 0xff, 0xff, 0xff, 0xff, 0xff, 0xff, 0xff, 0xff,
    0xff, 0xff, 0xff, 0xff, 0xff, 0xff, 0xff, 0xff, 0xff, 0xff, 0xff, 0xff, 0xff, 0xff, 0xff, 0xff,
    0xff, 0xff, 0xff, 0xff, 0xff, 0xff, 0xff, 0xff, 0xff, 0xff, 0xff, 0xff, 0xff, 0xff, 0xff, 0xff,
    0xff, 0xff, 0xff, 0xff, 0xff, 0xff, 0xff, 0xff, 0xff, 0xff, 0xff, 0xff, 0xff, 0xff, 0xff, 0xff,
};

/* sNinjaSuit: 1 masks of 32 bytes */
static const uint8_t s_mask_sNinjaSuit[32] = {
    0x0f, 0xc0, 0x1f, 0xe0, 0x1f, 0xe0, 0x1f, 0xe0, 0x3f, 0xf0, 0x7f, 0xf8, 0xff, 0xfc, 0xff, 0xfc,
    0xff, 0xfc, 0xff, 0xfc, 0xff, 0xfc, 0x3f, 0xf0, 0x3f, 0xf0, 0x3f, 0xf0, 0x3f, 0xf0, 0x3f, 0xf0,
};

/* sOKButton: 1 masks of 48 bytes */
static const uint8_t s_mask_sOKButton[48] = {
    0xff, 0xff, 0xff, 0xff, 0xff, 0xff, 0xff, 0xff, 0xff, 0xff, 0xff, 0xff, 0xff, 0xff, 0xff, 0xff,
    0xff, 0xff, 0xff, 0xff, 0xff, 0xff, 0xff, 0xff, 0xff, 0xff, 0xff, 0xff, 0xff, 0xff, 0xff, 0xff,
    0xff, 0xff, 0xff, 0xff, 0xff, 0xff, 0xff, 0xff, 0xff, 0xff, 0xff, 0xff, 0xff, 0xff, 0xff, 0xff,
};

/* sOKButtonPressed: 1 masks of 48 bytes */
static const uint8_t s_mask_sOKButtonPressed[48] = {
    0xff, 0xff, 0xff, 0xff, 0xff, 0xff, 0xff, 0xff, 0xff, 0xff, 0xff, 0xff, 0xff, 0xff, 0xff, 0xff,
    0xff, 0xff, 0xff, 0xff, 0xff, 0xff, 0xff, 0xff, 0xff, 0xff, 0xff, 0xff, 0xff, 0xff, 0xff, 0xff,
    0xff, 0xff, 0xff, 0xff, 0xff, 0xff, 0xff, 0xff, 0xff, 0xff, 0xff, 0xff, 0xff, 0xff, 0xff, 0xff,
};

/* sOlmec: 1 masks of 512 bytes */
static const uint8_t s_mask_sOlmec[512] = {
    0x00, 0x07, 0xff, 0xff, 0xff, 0xff, 0xe0, 0x00, 0x00, 0x1f, 0xff, 0xff, 0xff, 0xff, 0xf8, 0x00,
    0x00, 0x7f, 0xff, 0xff, 0xff, 0xff, 0xfe, 0x00, 0x00, 0xff, 0xff, 0xff, 0xff, 0xff, 0xff, 0x00,
    0x01, 0xff, 0xff, 0xff, 0xff, 0xff, 0xff, 0x80, 0x03, 0xff, 0xff, 0xff, 0xff, 0xff, 0xff, 0xc0,
    0x07, 0xff, 0xff, 0xff, 0xff, 0xff, 0xff, 0xe0, 0x0f, 0xff, 0xff, 0xff, 0xff, 0xff, 0xff, 0xf0,
    0x0f, 0xff, 0xff, 0xff, 0xff, 0xff, 0xff, 0xf0, 0x1f, 0xff, 0xff, 0xff, 0xff, 0xff, 0xff, 0xf8,
    0x1f, 0xff, 0xff, 0xff, 0xff, 0xff, 0xff, 0xf8, 0x1f, 0xff, 0xff, 0xff, 0xff, 0xff, 0xff, 0xf8,
    0x3f, 0xff, 0xff, 0xff, 0xff, 0xff, 0xff, 0xfc, 0x3f, 0xff, 0xff, 0xff, 0xff, 0xff, 0xff, 0xfc,
    0x3f, 0xff, 0xff, 0xff, 0xff, 0xff, 0xff, 0xfc, 0x7f, 0xff, 0xff, 0xff, 0xff, 0xff, 0xff, 0xfe,
    0x7f, 0xff, 0xff, 0xff, 0xff, 0xff, 0xff, 0xfe, 0xff, 0xff, 0xff, 0xff, 0xff, 0xff, 0xff, 0xff,
    0xff, 0xff, 0xff, 0xff, 0xff, 0xff, 0xff, 0xff, 0xff, 0xff, 0xff, 0xff, 0xff, 0xff, 0xff, 0xff,
    0xff, 0xff, 0xff, 0xff, 0xff, 0xff, 0xff, 0xff, 0xff, 0xff, 0xff, 0xff, 0xff, 0xff, 0xff, 0xff,
    0xff, 0xff, 0xff, 0xff, 0xff, 0xff, 0xff, 0xff, 0xff, 0xff, 0xff, 0xff, 0xff, 0xff, 0xff, 0xff,
    0xff, 0xff, 0xff, 0xff, 0xff, 0xff, 0xff, 0xff, 0xff, 0xff, 0xff, 0xff, 0xff, 0xff, 0xff, 0xff,
    0xff, 0xff, 0xff, 0xff, 0xff, 0xff, 0xff, 0xff, 0xff, 0xff, 0xff, 0xff, 0xff, 0xff, 0xff, 0xff,
    0xff, 0xff, 0xff, 0xff, 0xff, 0xff, 0xff, 0xff, 0xff, 0xff, 0xff, 0xff, 0xff, 0xff, 0xff, 0xff,
    0xff, 0xff, 0xff, 0xff, 0xff, 0xff, 0xff, 0xff, 0xff, 0xff, 0xff, 0xff, 0xff, 0xff, 0xff, 0xff,
    0xff, 0xff, 0xff, 0xff, 0xff, 0xff, 0xff, 0xff, 0xff, 0xff, 0xff, 0xff, 0xff, 0xff, 0xff, 0xff,
    0xff, 0xff, 0xff, 0xff, 0xff, 0xff, 0xff, 0xff, 0xff, 0xff, 0xff, 0xff, 0xff, 0xff, 0xff, 0xff,
    0xff, 0xff, 0xff, 0xff, 0xff, 0xff, 0xff, 0xff, 0xff, 0xff, 0xff, 0xff, 0xff, 0xff, 0xff, 0xff,
    0xff, 0xff, 0xff, 0xff, 0xff, 0xff, 0xff, 0xff, 0xff, 0xff, 0xff, 0xff, 0xff, 0xff, 0xff, 0xff,
    0xff, 0xff, 0xff, 0xff, 0xff, 0xff, 0xff, 0xff, 0xff, 0xff, 0xff, 0xff, 0xff, 0xff, 0xff, 0xff,
    0xff, 0xff, 0xff, 0xff, 0xff, 0xff, 0xff, 0xff, 0xff, 0xff, 0xff, 0xff, 0xff, 0xff, 0xff, 0xff,
    0xff, 0xff, 0xff, 0xff, 0xff, 0xff, 0xff, 0xff, 0xff, 0xff, 0xff, 0xff, 0xff, 0xff, 0xff, 0xff,
    0xff, 0xff, 0xff, 0xff, 0xff, 0xff, 0xff, 0xff, 0xff, 0xff, 0xff, 0xff, 0xff, 0xff, 0xff, 0xff,
    0xff, 0xff, 0xff, 0xff, 0xff, 0xff, 0xff, 0xff, 0xff, 0xff, 0xff, 0xff, 0xff, 0xff, 0xff, 0xff,
    0xff, 0xff, 0xff, 0xff, 0xff, 0xff, 0xff, 0xff, 0xff, 0xff, 0xff, 0xff, 0xff, 0xff, 0xff, 0xff,
    0xff, 0xff, 0xff, 0xff, 0xff, 0xff, 0xff, 0xff, 0xff, 0xff, 0xff, 0xff, 0xff, 0xff, 0xff, 0xff,
    0xff, 0xff, 0xff, 0xff, 0xff, 0xff, 0xff, 0xff, 0xff, 0xff, 0xff, 0xff, 0xff, 0xff, 0xff, 0xff,
    0xff, 0xff, 0xff, 0xff, 0xff, 0xff, 0xff, 0xff, 0xff, 0xff, 0xff, 0xff, 0xff, 0xff, 0xff, 0xff,
    0xff, 0xff, 0xff, 0xff, 0xff, 0xff, 0xff, 0xff, 0xff, 0xff, 0xff, 0xff, 0xff, 0xff, 0xff, 0xff,
    0xff, 0xff, 0xff, 0xff, 0xff, 0xff, 0xff, 0xff, 0xff, 0xff, 0xff, 0xff, 0xff, 0xff, 0xff, 0xff,
    0xff, 0xff, 0xff, 0xff, 0xff, 0xff, 0xff, 0xff, 0x7f, 0xff, 0xff, 0xff, 0xff, 0xff, 0xff, 0xfe,
};

/* sOlmecDebris: 4 masks of 8 bytes */
static const uint8_t s_mask_sOlmecDebris[32] = {
    0x3c, 0x7e, 0xff, 0xff, 0xfe, 0xfc, 0x7c, 0x38,
    0x3c, 0x7e, 0xff, 0xff, 0xff, 0x7f, 0x1e, 0x0c,
    0x1c, 0x3e, 0x3f, 0x7f, 0xff, 0xff, 0x7e, 0x3c,
    0x30, 0x78, 0xfe, 0xff, 0xff, 0xff, 0x7e, 0x3c,
};

/* sOlmecDebris2: 4 masks of 8 bytes */
static const uint8_t s_mask_sOlmecDebris2[32] = {
    0x70, 0xf8, 0xfc, 0xfe, 0x7e, 0x3c, 0x3c, 0x18,
    0x0e, 0x1f, 0x7f, 0xff, 0xfe, 0x7c, 0x18, 0x00,
    0x18, 0x3c, 0x3c, 0x7e, 0x7f, 0x3f, 0x1f, 0x0e,
    0x00, 0x18, 0x3e, 0x7f, 0xff, 0xfe, 0xf8, 0x70,
};

/* sOlmecDebris3: 4 masks of 8 bytes */
static const uint8_t s_mask_sOlmecDebris3[32] = {
    0x00, 0x78, 0xfc, 0xfe, 0xfe, 0x7c, 0x38, 0x00,
    0x1c, 0x3e, 0x7e, 0x7e, 0x7e, 0x3c, 0x18, 0x00,
    0x00, 0x1c, 0x3e, 0x7f, 0x7f, 0x3f, 0x1e, 0x00,
    0x00, 0x18, 0x3c, 0x7e, 0x7e, 0x7e, 0x7c, 0x38,
};

/* sOlmecStart1: 1 masks of 512 bytes */
static const uint8_t s_mask_sOlmecStart1[512] = {
    0x00, 0x07, 0xff, 0xff, 0xff, 0xff, 0xe0, 0x00, 0x00, 0x1f, 0xff, 0xff, 0xff, 0xff, 0xf8, 0x00,
    0x00, 0x7f, 0xff, 0xff, 0xff, 0xff, 0xfe, 0x00, 0x00, 0xff, 0xff, 0xff, 0xff, 0xff, 0xff, 0x00,
    0x01, 0xff, 0xff, 0xff, 0xff, 0xff, 0xff, 0x80, 0x03, 0xff, 0xff, 0xff, 0xff, 0xff, 0xff, 0xc0,
    0x07, 0xff, 0xff, 0xff, 0xff, 0xff, 0xff, 0xe0, 0x0f, 0xff, 0xff, 0xff, 0xff, 0xff, 0xff, 0xf0,
    0x0f, 0xff, 0xff, 0xff, 0xff, 0xff, 0xff, 0xf0, 0x1f, 0xff, 0xff, 0xff, 0xff, 0xff, 0xff, 0xf8,
    0x1f, 0xff, 0xff, 0xff, 0xff, 0xff, 0xff, 0xf8, 0x1f, 0xff, 0xff, 0xff, 0xff, 0xff, 0xff, 0xf8,
    0x3f, 0xff, 0xff, 0xff, 0xff, 0xff, 0xff, 0xfc, 0x3f, 0xff, 0xff, 0xff, 0xff, 0xff, 0xff, 0xfc,
    0x3f, 0xff, 0xff, 0xff, 0xff, 0xff, 0xff, 0xfc, 0x7f, 0xff, 0xff, 0xff, 0xff, 0xff, 0xff, 0xfe,
    0x7f, 0xff, 0xff, 0xff, 0xff, 0xff, 0xff, 0xfe, 0xff, 0xff, 0xff, 0xff, 0xff, 0xff, 0xff, 0xff,
    0xff, 0xff, 0xff, 0xff, 0xff, 0xff, 0xff, 0xff, 0xff, 0xff, 0xff, 0xff, 0xff, 0xff, 0xff, 0xff,
    0xff, 0xff, 0xff, 0xff, 0xff, 0xff, 0xff, 0xff, 0xff, 0xff, 0xff, 0xff, 0xff, 0xff, 0xff, 0xff,
    0xff, 0xff, 0xff, 0xff, 0xff, 0xff, 0xff, 0xff, 0xff, 0xff, 0xff, 0xff, 0xff, 0xff, 0xff, 0xff,
    0xff, 0xff, 0xff, 0xff, 0xff, 0xff, 0xff, 0xff, 0xff, 0xff, 0xff, 0xff, 0xff, 0xff, 0xff, 0xff,
    0xff, 0xff, 0xff, 0xff, 0xff, 0xff, 0xff, 0xff, 0xff, 0xff, 0xff, 0xff, 0xff, 0xff, 0xff, 0xff,
    0xff, 0xff, 0xff, 0xff, 0xff, 0xff, 0xff, 0xff, 0xff, 0xff, 0xff, 0xff, 0xff, 0xff, 0xff, 0xff,
    0xff, 0xff, 0xff, 0xff, 0xff, 0xff, 0xff, 0xff, 0xff, 0xff, 0xff, 0xff, 0xff, 0xff, 0xff, 0xff,
    0xff, 0xff, 0xff, 0xff, 0xff, 0xff, 0xff, 0xff, 0xff, 0xff, 0xff, 0xff, 0xff, 0xff, 0xff, 0xff,
    0xff, 0xff, 0xff, 0xff, 0xff, 0xff, 0xff, 0xff, 0xff, 0xff, 0xff, 0xff, 0xff, 0xff, 0xff, 0xff,
    0xff, 0xff, 0xff, 0xff, 0xff, 0xff, 0xff, 0xff, 0xff, 0xff, 0xff, 0xff, 0xff, 0xff, 0xff, 0xff,
    0xff, 0xff, 0xff, 0xff, 0xff, 0xff, 0xff, 0xff, 0xff, 0xff, 0xff, 0xff, 0xff, 0xff, 0xff, 0xff,
    0x7f, 0xff, 0xff, 0xff, 0xff, 0xff, 0xff, 0xfe, 0x7f, 0xff, 0xff, 0xff, 0xff, 0xff, 0xff, 0xfe,
    0x3f, 0xff, 0xff, 0xff, 0xff, 0xff, 0xff, 0xfc, 0x3f, 0xff, 0xff, 0xff, 0xff, 0xff, 0xff, 0xfc,
    0x3f, 0xff, 0xff, 0xff, 0xff, 0xff, 0xff, 0xfc, 0x7f, 0xff, 0xff, 0xff, 0xff, 0xff, 0xff, 0xfc,
    0x3f, 0xff, 0xff, 0xff, 0xff, 0xff, 0xff, 0xfc, 0x3f, 0xff, 0xff, 0xff, 0xff, 0xff, 0xff, 0xfc,
    0x3f, 0xff, 0xff, 0xff, 0xff, 0xff, 0xff, 0xfc, 0x3f, 0xff, 0xff, 0xff, 0xff, 0xff, 0xff, 0xfc,
    0x7f, 0xff, 0xff, 0xff, 0xff, 0xff, 0xff, 0xfe, 0x7f, 0xff, 0xff, 0xff, 0xff, 0xff, 0xff, 0xfe,
    0x7f, 0xff, 0xff, 0xff, 0xff, 0xff, 0xff, 0xfe, 0xff, 0xff, 0xff, 0xff, 0xff, 0xff, 0xff, 0xff,
    0xff, 0xff, 0xff, 0xff, 0xff, 0xff, 0xff, 0xff, 0xff, 0xff, 0xff, 0xff, 0xff, 0xff, 0xff, 0xff,
    0xff, 0xff, 0xff, 0xff, 0xff, 0xff, 0xff, 0xff, 0xff, 0xff, 0xff, 0xff, 0xff, 0xff, 0xff, 0xff,
    0xff, 0xff, 0xff, 0xff, 0xff, 0xff, 0xff, 0xff, 0x7f, 0xff, 0xff, 0xff, 0xff, 0xff, 0xff, 0xfe,
    0x7f, 0xff, 0xff, 0xff, 0xff, 0xff, 0xff, 0xfe, 0x3f, 0xff, 0xff, 0xff, 0xff, 0xff, 0xff, 0xfc,
    0x1f, 0xff, 0xff, 0xff, 0xff, 0xff, 0xff, 0xf8, 0x07, 0xff, 0xff, 0xff, 0xff, 0xff, 0xff, 0xe0,
};

/* sOlmecStart2: 1 masks of 512 bytes */
static const uint8_t s_mask_sOlmecStart2[512] = {
    0x00, 0x07, 0xff, 0xff, 0xff, 0xff, 0xe0, 0x00, 0x00, 0x1f, 0xff, 0xff, 0xff, 0xff, 0xf8, 0x00,
    0x00, 0x7f, 0xff, 0xff, 0xff, 0xff, 0xfe, 0x00, 0x00, 0xff, 0xff, 0xff, 0xff, 0xff, 0xff, 0x00,
    0x01, 0xff, 0xff, 0xff, 0xff, 0xff, 0xff, 0x80, 0x03, 0xff, 0xff, 0xff, 0xff, 0xff, 0xff, 0xc0,
    0x07, 0xff, 0xff, 0xff, 0xff, 0xff, 0xff, 0xe0, 0x0f, 0xff, 0xff, 0xff, 0xff, 0xff, 0xff, 0xf0,
    0x0f, 0xff, 0xff, 0xff, 0xff, 0xff, 0xff, 0xf0, 0x1f, 0xff, 0xff, 0xff, 0xff, 0xff, 0xff, 0xf8,
    0x1f, 0xff, 0xff, 0xff, 0xff, 0xff, 0xff, 0xf8, 0x1f, 0xff, 0xff, 0xff, 0xff, 0xff, 0xff, 0xf8,
    0x3f, 0xff, 0xff, 0xff, 0xff, 0xff, 0xff, 0xfc, 0x3f, 0xff, 0xff, 0xff, 0xff, 0xff, 0xff, 0xfc,
    0x3f, 0xff, 0xff, 0xff, 0xff, 0xff, 0xff, 0xfc, 0x7f, 0xff, 0xff, 0xff, 0xff, 0xff, 0xff, 0xfe,
    0x7f, 0xff, 0xff, 0xff, 0xff, 0xff, 0xff, 0xfe, 0xff, 0xff, 0xff, 0xff, 0xff, 0xff, 0xff, 0xff,
    0xff, 0xff, 0xff, 0xff, 0xff, 0xff, 0xff, 0xff, 0xff, 0xff, 0xff, 0xff, 0xff, 0xff, 0xff, 0xff,
    0xff, 0xff, 0xff, 0xff, 0xff, 0xff, 0xff, 0xff, 0xff, 0xff, 0xff, 0xff, 0xff, 0xff, 0xff, 0xff,
    0xff, 0xff, 0xff, 0xff, 0xff, 0xff, 0xff, 0xff, 0xff, 0xff, 0xff, 0xff, 0xff, 0xff, 0xff, 0xff,
    0xff, 0xff, 0xff, 0xff, 0xff, 0xff, 0xff, 0xff, 0xff, 0xff, 0xff, 0xff, 0xff, 0xff, 0xff, 0xff,
    0xff, 0xff, 0xff, 0xff, 0xff, 0xff, 0xff, 0xff, 0xff, 0xff, 0xff, 0xff, 0xff, 0xff, 0xff, 0xff,
    0xff, 0xff, 0xff, 0xff, 0xff, 0xff, 0xff, 0xff, 0xff, 0xff, 0xff, 0xff, 0xff, 0xff, 0xff, 0xff,
    0xff, 0xff, 0xff, 0xff, 0xff, 0xff, 0xff, 0xff, 0xff, 0xff, 0xff, 0xff, 0xff, 0xff, 0xff, 0xff,
    0xff, 0xff, 0xff, 0xff, 0xff, 0xff, 0xff, 0xff, 0xff, 0xff, 0xff, 0xff, 0xff, 0xff, 0xff, 0xff,
    0xff, 0xff, 0xff, 0xff, 0xff, 0xff, 0xff, 0xff, 0xff, 0xff, 0xff, 0xff, 0xff, 0xff, 0xff, 0xff,
    0xff, 0xff, 0xff, 0xff, 0xff, 0xff, 0xff, 0xff, 0xff, 0xff, 0xff, 0xff, 0xff, 0xff, 0xff, 0xff,
    0xff, 0xff, 0xff, 0xff, 0xff, 0xff, 0xff, 0xff, 0xff, 0xff, 0xff, 0xff, 0xff, 0xff, 0xff, 0xff,
    0x7f, 0xff, 0xff, 0xff, 0xff, 0xff, 0xff, 0xfe, 0x7f, 0xff, 0xff, 0xff, 0xff, 0xff, 0xff, 0xfe,
    0x3f, 0xff, 0xff, 0xff, 0xff, 0xff, 0xff, 0xfc, 0x3f, 0xff, 0xff, 0xff, 0xff, 0xff, 0xff, 0xfc,
    0x3f, 0xff, 0xff, 0xff, 0xff, 0xff, 0xff, 0xfc, 0x7f, 0xff, 0xff, 0xff, 0xff, 0xff, 0xff, 0xfc,
    0x3f, 0xff, 0xff, 0xff, 0xff, 0xff, 0xff, 0xfc, 0x3f, 0xff, 0xff, 0xff, 0xff, 0xff, 0xff, 0xfc,
    0x3f, 0xff, 0xff, 0xff, 0xff, 0xff, 0xff, 0xfc, 0x3f, 0xff, 0xff, 0xff, 0xff, 0xff, 0xff, 0xfc,
    0x7f, 0xff, 0xff, 0xff, 0xff, 0xff, 0xff, 0xfe, 0x7f, 0xff, 0xff, 0xff, 0xff, 0xff, 0xff, 0xfe,
    0x7f, 0xff, 0xff, 0xff, 0xff, 0xff, 0xff, 0xfe, 0xff, 0xff, 0xff, 0xff, 0xff, 0xff, 0xff, 0xff,
    0xff, 0xff, 0xff, 0xff, 0xff, 0xff, 0xff, 0xff, 0xff, 0xff, 0xff, 0xff, 0xff, 0xff, 0xff, 0xff,
    0xff, 0xff, 0xff, 0xff, 0xff, 0xff, 0xff, 0xff, 0xff, 0xff, 0xff, 0xff, 0xff, 0xff, 0xff, 0xff,
    0xff, 0xff, 0xff, 0xff, 0xff, 0xff, 0xff, 0xff, 0x7f, 0xff, 0xff, 0xff, 0xff, 0xff, 0xff, 0xfe,
    0x7f, 0xff, 0xff, 0xff, 0xff, 0xff, 0xff, 0xfe, 0x3f, 0xff, 0xff, 0xff, 0xff, 0xff, 0xff, 0xfc,
    0x1f, 0xff, 0xff, 0xff, 0xff, 0xff, 0xff, 0xf8, 0x07, 0xff, 0xff, 0xff, 0xff, 0xff, 0xff, 0xe0,
};

/* sOlmecStart3: 1 masks of 512 bytes */
static const uint8_t s_mask_sOlmecStart3[512] = {
    0x00, 0x07, 0xff, 0xff, 0xff, 0xff, 0xe0, 0x00, 0x00, 0x1f, 0xff, 0xff, 0xff, 0xff, 0xf8, 0x00,
    0x00, 0x7f, 0xff, 0xff, 0xff, 0xff, 0xfe, 0x00, 0x00, 0xff, 0xff, 0xff, 0xff, 0xff, 0xff, 0x00,
    0x01, 0xff, 0xff, 0xff, 0xff, 0xff, 0xff, 0x80, 0x03, 0xff, 0xff, 0xff, 0xff, 0xff, 0xff, 0xc0,
    0x07, 0xff, 0xff, 0xff, 0xff, 0xff, 0xff, 0xe0, 0x0f, 0xff, 0xff, 0xff, 0xff, 0xff, 0xff, 0xf0,
    0x0f, 0xff, 0xff, 0xff, 0xff, 0xff, 0xff, 0xf0, 0x1f, 0xff, 0xff, 0xff, 0xff, 0xff, 0xff, 0xf8,
    0x1f, 0xff, 0xff, 0xff, 0xff, 0xff, 0xff, 0xf8, 0x1f, 0xff, 0xff, 0xff, 0xff, 0xff, 0xff, 0xf8,
    0x3f, 0xff, 0xff, 0xff, 0xff, 0xff, 0xff, 0xfc, 0x3f, 0xff, 0xff, 0xff, 0xff, 0xff, 0xff, 0xfc,
    0x3f, 0xff, 0xff, 0xff, 0xff, 0xff, 0xff, 0xfc, 0x7f, 0xff, 0xff, 0xff, 0xff, 0xff, 0xff, 0xfe,
    0x7f, 0xff, 0xff, 0xff, 0xff, 0xff, 0xff, 0xfe, 0xff, 0xff, 0xff, 0xff, 0xff, 0xff, 0xff, 0xff,
    0xff, 0xff, 0xff, 0xff, 0xff, 0xff, 0xff, 0xff, 0xff, 0xff, 0xff, 0xff, 0xff, 0xff, 0xff, 0xff,
    0xff, 0xff, 0xff, 0xff, 0xff, 0xff, 0xff, 0xff, 0xff, 0xff, 0xff, 0xff, 0xff, 0xff, 0xff, 0xff,
    0xff, 0xff, 0xff, 0xff, 0xff, 0xff, 0xff, 0xff, 0xff, 0xff, 0xff, 0xff, 0xff, 0xff, 0xff, 0xff,
    0xff, 0xff, 0xff, 0xff, 0xff, 0xff, 0xff, 0xff, 0xff, 0xff, 0xff, 0xff, 0xff, 0xff, 0xff, 0xff,
    0xff, 0xff, 0xff, 0xff, 0xff, 0xff, 0xff, 0xff, 0xff, 0xff, 0xff, 0xff, 0xff, 0xff, 0xff, 0xff,
    0xff, 0xff, 0xff, 0xff, 0xff, 0xff, 0xff, 0xff, 0xff, 0xff, 0xff, 0xff, 0xff, 0xff, 0xff, 0xff,
    0xff, 0xff, 0xff, 0xff, 0xff, 0xff, 0xff, 0xff, 0xff, 0xff, 0xff, 0xff, 0xff, 0xff, 0xff, 0xff,
    0xff, 0xff, 0xff, 0xff, 0xff, 0xff, 0xff, 0xff, 0xff, 0xff, 0xff, 0xff, 0xff, 0xff, 0xff, 0xff,
    0xff, 0xff, 0xff, 0xff, 0xff, 0xff, 0xff, 0xff, 0xff, 0xff, 0xff, 0xff, 0xff, 0xff, 0xff, 0xff,
    0xff, 0xff, 0xff, 0xff, 0xff, 0xff, 0xff, 0xff, 0xff, 0xff, 0xff, 0xff, 0xff, 0xff, 0xff, 0xff,
    0xff, 0xff, 0xff, 0xff, 0xff, 0xff, 0xff, 0xff, 0xff, 0xff, 0xff, 0xff, 0xff, 0xff, 0xff, 0xff,
    0x7f, 0xff, 0xff, 0xff, 0xff, 0xff, 0xff, 0xfe, 0x7f, 0xff, 0xff, 0xff, 0xff, 0xff, 0xff, 0xfe,
    0x7f, 0xff, 0xff, 0xff, 0xff, 0xff, 0xff, 0xfc, 0x3f, 0xff, 0xff, 0xff, 0xff, 0xff, 0xff, 0xfc,
    0x3f, 0xff, 0xff, 0xff, 0xff, 0xff, 0xff, 0xfc, 0x3f, 0xff, 0xff, 0xff, 0xff, 0xff, 0xff, 0xfc,
    0x3f, 0xff, 0xff, 0xff, 0xff, 0xff, 0xff, 0xfc, 0x3f, 0xff, 0xff, 0xff, 0xff, 0xff, 0xff, 0xfc,
    0x3f, 0xff, 0xff, 0xff, 0xff, 0xff, 0xff, 0xfc, 0x3f, 0xff, 0xff, 0xff, 0xff, 0xff, 0xff, 0xfc,
    0x7f, 0xff, 0xff, 0xff, 0xff, 0xff, 0xff, 0xfe, 0x7f, 0xff, 0xff, 0xff, 0xff, 0xff, 0xff, 0xfe,
    0x7f, 0xff, 0xff, 0xff, 0xff, 0xff, 0xff, 0xfe, 0xff, 0xff, 0xff, 0xff, 0xff, 0xff, 0xff, 0xff,
    0xff, 0xff, 0xff, 0xff, 0xff, 0xff, 0xff, 0xff, 0xff, 0xff, 0xff, 0xff, 0xff, 0xff, 0xff, 0xff,
    0xff, 0xff, 0xff, 0xff, 0xff, 0xff, 0xff, 0xff, 0xff, 0xff, 0xff, 0xff, 0xff, 0xff, 0xff, 0xff,
    0xff, 0xff, 0xff, 0xff, 0xff, 0xff, 0xff, 0xff, 0x7f, 0xff, 0xff, 0xff, 0xff, 0xff, 0xff, 0xfe,
    0x7f, 0xff, 0xff, 0xff, 0xff, 0xff, 0xff, 0xfe, 0x3f, 0xff, 0xff, 0xff, 0xff, 0xff, 0xff, 0xfc,
    0x1f, 0xff, 0xff, 0xff, 0xff, 0xff, 0xff, 0xf8, 0x07, 0xff, 0xff, 0xff, 0xff, 0xff, 0xff, 0xe0,
};

/* sPageDown: 1 masks of 7 bytes */
static const uint8_t s_mask_sPageDown[7] = {
    0xfe, 0xfe, 0x7c, 0x7c, 0x38, 0x38, 0x10,
};

/* sPageUp: 1 masks of 7 bytes */
static const uint8_t s_mask_sPageUp[7] = {
    0x10, 0x38, 0x38, 0x7c, 0x7c, 0xfe, 0xfe,
};

/* sPalmTree: 1 masks of 500 bytes */
static const uint8_t s_mask_sPalmTree[500] = {
    0x00, 0xfe, 0x00, 0x00, 0x01, 0xff, 0x80, 0x00, 0x01, 0xf8, 0x00, 0x00, 0x01, 0xff, 0xc0, 0x00,
    0x01, 0xff, 0xf8, 0x00, 0x1e, 0xff, 0xff, 0x00, 0x3f, 0xff, 0xff, 0xc0, 0x7f, 0xff, 0xe0, 0xe0,
    0x7f, 0xff, 0x80, 0x00, 0xf9, 0xff, 0xe0, 0x00, 0xf1, 0xff, 0xf8, 0x00, 0xe3, 0xff, 0xfc, 0x00,
    0xe7, 0xff, 0xfe, 0x00, 0xcf, 0xff, 0xff, 0x00, 0xdf, 0xff, 0xff, 0x80, 0x9f, 0xbf, 0xdf, 0xc0,
    0x3f, 0x9f, 0xc3, 0xe0, 0x3f, 0x1f, 0xc0, 0x60, 0x3e, 0x1f, 0xe0, 0x00, 0x3c, 0x1f, 0xe0, 0x00,
    0x3c, 0x0f, 0xe0, 0x00, 0x3c, 0x0f, 0xf0, 0x00, 0x18, 0x0f, 0xf0, 0x00, 0x18, 0x07, 0x70, 0x00,
    0x08, 0x07, 0x78, 0x00, 0x08, 0x03, 0x38, 0x00, 0x00, 0x03, 0x3c, 0x00, 0x00, 0x01, 0x3c, 0x00,
    0x00, 0x01, 0x3c, 0x00, 0x00, 0x00, 0x3c, 0x00, 0x00, 0x00, 0x1e, 0x00, 0x00, 0x00, 0x1f, 0x00,
    0x00, 0x00, 0x1f, 0x00, 0x00, 0x00, 0x1f, 0x00, 0x00, 0x00, 0x1f, 0x00, 0x00, 0x00, 0x1f, 0x00,
    0x00, 0x00, 0x1f, 0x80, 0x00, 0x00, 0x0f, 0x80, 0x00, 0x00, 0x0f, 0x80, 0x00, 0x00, 0x0f, 0x80,
    0x00, 0x00, 0x0f, 0xc0, 0x00, 0x00, 0x0f, 0xc0, 0x00, 0x00, 0x0f, 0xc0, 0x00, 0x00, 0x07, 0xc0,
    0x00, 0x00, 0x07, 0xe0, 0x00, 0x00, 0x07, 0xe0, 0x00, 0x00, 0x07, 0xe0, 0x00, 0x00, 0x07, 0xe0,
    0x00, 0x00, 0x07, 0xe0, 0x00, 0x00, 0x07, 0xe0, 0x00, 0x00, 0x03, 0xe0, 0x00, 0x00, 0x03, 0xe0,
    0x00, 0x00, 0x03, 0xf0, 0x00, 0x00, 0x03, 0xf0, 0x00, 0x00, 0x03, 0xf0, 0x00, 0x00, 0x03, 0xf0,
    0x00, 0x00, 0x03, 0xf0, 0x00, 0x00, 0x03, 0xf0, 0x00, 0x00, 0x03, 0xf0, 0x00, 0x00, 0x03, 0xf0,
    0x00, 0x00, 0x03, 0xf0, 0x00, 0x00, 0x01, 0xf8, 0x00, 0x00, 0x01, 0xf8, 0x00, 0x00, 0x01, 0xf8,
    0x00, 0x00, 0x01, 0xf8, 0x00, 0x00, 0x01, 0xf8, 0x00, 0x00, 0x01, 0xf8, 0x00, 0x00, 0x01, 0xf8,
    0x00, 0x00, 0x01, 0xf8, 0x00, 0x00, 0x01, 0xfc, 0x00, 0x00, 0x01, 0xfc, 0x00, 0x00, 0x01, 0xfc,
    0x00, 0x00, 0x01, 0xfc, 0x00, 0x00, 0x01, 0xfc, 0x00, 0x00, 0x01, 0xfc, 0x00, 0x00, 0x01, 0xfc,
    0x00, 0x00, 0x01, 0xfc, 0x00, 0x00, 0x01, 0xfc, 0x00, 0x00, 0x01, 0xfc, 0x00, 0x00, 0x01, 0xfc,
    0x00, 0x00, 0x01, 0xfc, 0x00, 0x00, 0x01, 0xfe, 0x00, 0x00, 0x01, 0xfe, 0x00, 0x00, 0x01, 0xfe,
    0x00, 0x00, 0x01, 0xfe, 0x00, 0x00, 0x01, 0xfe, 0x00, 0x00, 0x01, 0xfe, 0x00, 0x00, 0x01, 0xfe,
    0x00, 0x00, 0x01, 0xfe, 0x00, 0x00, 0x03, 0xfe, 0x00, 0x00, 0x03, 0xfe, 0x00, 0x00, 0x03, 0xfe,
    0x00, 0x00, 0x03, 0xfe, 0x00, 0x00, 0x03, 0xff, 0x00, 0x00, 0x03, 0xff, 0x00, 0x00, 0x03, 0xff,
    0x00, 0x00, 0x03, 0xff, 0x00, 0x00, 0x03, 0xff, 0x00, 0x00, 0x03, 0xff, 0x00, 0x00, 0x03, 0xff,
    0x00, 0x00, 0x03, 0xff, 0x00, 0x00, 0x03, 0xff, 0x00, 0x00, 0x03, 0xff, 0x00, 0x00, 0x03, 0xff,
    0x00, 0x00, 0x03, 0xff, 0x00, 0x00, 0x03, 0xff, 0x00, 0x00, 0x03, 0xff, 0x00, 0x00, 0x03, 0xff,
    0x00, 0x00, 0x03, 0xff, 0x00, 0x00, 0x03, 0xff, 0x00, 0x00, 0x03, 0xff, 0x00, 0x00, 0x03, 0xff,
    0x00, 0x00, 0x03, 0xff, 0x00, 0x00, 0x03, 0xff, 0x00, 0x00, 0x03, 0xff, 0x00, 0x00, 0x03, 0xff,
    0x00, 0x00, 0x03, 0xff, 0x00, 0x00, 0x03, 0xff, 0x00, 0x00, 0x03, 0xff, 0x00, 0x00, 0x03, 0xff,
    0x00, 0x00, 0x07, 0xff, 0x00, 0x00, 0x07, 0xff, 0x00, 0x00, 0x07, 0xff, 0x00, 0x00, 0x07, 0xff,
    0x00, 0x00, 0x07, 0xff,
};

/* sPalmTreeDark: 1 masks of 500 bytes */
static const uint8_t s_mask_sPalmTreeDark[500] = {
    0x00, 0xfe, 0x00, 0x00, 0x00, 0xff, 0x80, 0x00, 0x01, 0xf0, 0x00, 0x00, 0x01, 0xff, 0xc0, 0x00,
    0x00, 0xff, 0xf8, 0x00, 0x1e, 0xff, 0xff, 0x00, 0x3f, 0xff, 0xff, 0xc0, 0x7f, 0xff, 0xe0, 0x60,
    0x7f, 0xff, 0x80, 0x00, 0xf9, 0xff, 0xe0, 0x00, 0xf1, 0xff, 0xf8, 0x00, 0xe3, 0xff, 0xfc, 0x00,
    0xc7, 0xff, 0xfe, 0x00, 0x8f, 0xff, 0xff, 0x00, 0x9f, 0xbf, 0xff, 0x80, 0x9f, 0x3f, 0xdf, 0xc0,
    0x3f, 0x1f, 0xc1, 0xc0, 0x3e, 0x1f, 0xc0, 0x40, 0x3c, 0x1f, 0xe0, 0x00, 0x3c, 0x1f, 0xe0, 0x00,
    0x38, 0x0f, 0xe0, 0x00, 0x38, 0x0f, 0xf0, 0x00, 0x18, 0x0f, 0xf0, 0x00, 0x18, 0x07, 0x70, 0x00,
    0x08, 0x07, 0x78, 0x00, 0x08, 0x03, 0x38, 0x00, 0x00, 0x03, 0x38, 0x00, 0x00, 0x01, 0x3c, 0x00,
    0x00, 0x01, 0x3c, 0x00, 0x00, 0x00, 0x3c, 0x00, 0x00, 0x00, 0x1e, 0x00, 0x00, 0x00, 0x1e, 0x00,
    0x00, 0x00, 0x1e, 0x00, 0x00, 0x00, 0x1f, 0x00, 0x00, 0x00, 0x1f, 0x00, 0x00, 0x00, 0x1f, 0x00,
    0x00, 0x00, 0x1f, 0x00, 0x00, 0x00, 0x0f, 0x00, 0x00, 0x00, 0x0f, 0x00, 0x00, 0x00, 0x0f, 0x80,
    0x00, 0x00, 0x0f, 0x80, 0x00, 0x00, 0x0f, 0x80, 0x00, 0x00, 0x0f, 0xc0, 0x00, 0x00, 0x07, 0xc0,
    0x00, 0x00, 0x07, 0xc0, 0x00, 0x00, 0x07, 0xc0, 0x00, 0x00, 0x07, 0xc0, 0x00, 0x00, 0x07, 0xc0,
    0x00, 0x00, 0x07, 0xc0, 0x00, 0x00, 0x07, 0xe0, 0x00, 0x00, 0x03, 0xe0, 0x00, 0x00, 0x03, 0xe0,
    0x00, 0x00, 0x03, 0xe0, 0x00, 0x00, 0x03, 0xe0, 0x00, 0x00, 0x03, 0xe0, 0x00, 0x00, 0x03, 0xe0,
    0x00, 0x00, 0x03, 0xf0, 0x00, 0x00, 0x01, 0xf0, 0x00, 0x00, 0x01, 0xf0, 0x00, 0x00, 0x01, 0xf0,
    0x00, 0x00, 0x01, 0xf0, 0x00, 0x00, 0x01, 0xf0, 0x00, 0x00, 0x01, 0xf0, 0x00, 0x00, 0x01, 0xf0,
    0x00, 0x00, 0x01, 0xf8, 0x00, 0x00, 0x01, 0xf8, 0x00, 0x00, 0x01, 0xf8, 0x00, 0x00, 0x01, 0xf8,
    0x00, 0x00, 0x01, 0xf8, 0x00, 0x00, 0x00, 0xf8, 0x00, 0x00, 0x00, 0xf8, 0x00, 0x00, 0x00, 0xfc,
    0x00, 0x00, 0x00, 0xfc, 0x00, 0x00, 0x00, 0xfc, 0x00, 0x00, 0x00, 0xfc, 0x00, 0x00, 0x00, 0xfc,
    0x00, 0x00, 0x00, 0xfc, 0x00, 0x00, 0x00, 0xfc, 0x00, 0x00, 0x00, 0xfc, 0x00, 0x00, 0x00, 0xfc,
    0x00, 0x00, 0x00, 0xfc, 0x00, 0x00, 0x00, 0xfc, 0x00, 0x00, 0x00, 0xfe, 0x00, 0x00, 0x00, 0xfe,
    0x00, 0x00, 0x00, 0xfe, 0x00, 0x00, 0x00, 0xfe, 0x00, 0x00, 0x00, 0xfe, 0x00, 0x00, 0x00, 0xfe,
    0x00, 0x00, 0x01, 0xfe, 0x00, 0x00, 0x01, 0xfe, 0x00, 0x00, 0x01, 0xfe, 0x00, 0x00, 0x01, 0xfe,
    0x00, 0x00, 0x01, 0xfe, 0x00, 0x00, 0x01, 0xfe, 0x00, 0x00, 0x01, 0xfe, 0x00, 0x00, 0x01, 0xfe,
    0x00, 0x00, 0x01, 0xfe, 0x00, 0x00, 0x01, 0xfe, 0x00, 0x00, 0x01, 0xfe, 0x00, 0x00, 0x01, 0xfe,
    0x00, 0x00, 0x01, 0xfe, 0x00, 0x00, 0x01, 0xfe, 0x00, 0x00, 0x01, 0xfe, 0x00, 0x00, 0x01, 0xfe,
    0x00, 0x00, 0x01, 0xff, 0x00, 0x00, 0x01, 0xff, 0x00, 0x00, 0x01, 0xff, 0x00, 0x00, 0x01, 0xff,
    0x00, 0x00, 0x01, 0xff, 0x00, 0x00, 0x01, 0xff, 0x00, 0x00, 0x01, 0xff, 0x00, 0x00, 0x01, 0xff,
    0x00, 0x00, 0x01, 0xff, 0x00, 0x00, 0x01, 0xff, 0x00, 0x00, 0x01, 0xff, 0x00, 0x00, 0x01, 0xff,
    0x00, 0x00, 0x01, 0xff, 0x00, 0x00, 0x01, 0xff, 0x00, 0x00, 0x01, 0xff, 0x00, 0x00, 0x01, 0xff,
    0x00, 0x00, 0x03, 0xff, 0x00, 0x00, 0x03, 0xff, 0x00, 0x00, 0x03, 0xff, 0x00, 0x00, 0x03, 0xff,
    0x00, 0x00, 0x03, 0xfe,
};

/* sParachute: 1 masks of 32 bytes */
static const uint8_t s_mask_sParachute[32] = {
    0x1f, 0xe0, 0x3f, 0xf0, 0x7f, 0xf8, 0x7f, 0xf8, 0xff, 0xfc, 0xff, 0xfc, 0xe7, 0x9c, 0xc7, 0x8c,
    0x43, 0x08, 0x43, 0x08, 0x21, 0x10, 0x21, 0x10, 0x11, 0x20, 0x11, 0x20, 0x09, 0x40, 0x09, 0x40,
};

/* sParachuteIcon: 1 masks of 32 bytes */
static const uint8_t s_mask_sParachuteIcon[32] = {
    0x07, 0x80, 0x1f, 0xe0, 0x3f, 0xf0, 0x7f, 0xf8, 0xff, 0xfc, 0xff, 0xfe, 0xff, 0xff, 0xff, 0xff,
    0xff, 0xff, 0xff, 0xff, 0xff, 0xff, 0xff, 0xff, 0x7f, 0xff, 0x3f, 0xfe, 0x1f, 0xfc, 0x0f, 0xf8,
};

/* sParachuteTile: 1 masks of 24 bytes */
static const uint8_t s_mask_sParachuteTile[24] = {
    0x3f, 0xe0, 0x7f, 0xf0, 0xff, 0xf8, 0xff, 0xf8, 0xff, 0xf8, 0xff, 0xf8, 0xff, 0xf8, 0xff, 0xf8,
    0xff, 0xf8, 0xff, 0xf8, 0xff, 0xf8, 0x7f, 0xf0,
};

/* sParaOpen: 5 masks of 32 bytes */
static const uint8_t s_mask_sParaOpen[160] = {
    0x00, 0x00, 0x00, 0x00, 0x00, 0x00, 0x00, 0x00, 0x00, 0x00, 0x00, 0x00, 0x00, 0x00, 0x00, 0x00,
    0x00, 0x00, 0x00, 0x00, 0x00, 0x00, 0x02, 0x00, 0x07, 0x00, 0x07, 0x00, 0x07, 0x00, 0x02, 0x00,
    0x00, 0x00, 0x00, 0x00, 0x00, 0x00, 0x00, 0x00, 0x00, 0x00, 0x00, 0x00, 0x00, 0x00, 0x00, 0x00,
    0x00, 0x00, 0x00, 0x00, 0x07, 0x00, 0x0f, 0x80, 0x0f, 0x80, 0x02, 0x00, 0x02, 0x00, 0x00, 0x00,
    0x00, 0x00, 0x00, 0x00, 0x00, 0x00, 0x00, 0x00, 0x00, 0x00, 0x07, 0x00, 0x0f, 0x80, 0x1f, 0xc0,
    0x3f, 0xe0, 0x37, 0x60, 0x17, 0x40, 0x0a, 0x80, 0x07, 0x00, 0x02, 0x00, 0x02, 0x00, 0x02, 0x00,
    0x07, 0x80, 0x1f, 0xe0, 0x3f, 0xf0, 0x7f, 0xf8, 0x7f, 0xf8, 0x63, 0x18, 0x41, 0x08, 0x61, 0x18,
    0x21, 0x10, 0x11, 0x20, 0x11, 0x20, 0x09, 0x40, 0x09, 0x40, 0x05, 0x80, 0x05, 0x80, 0x03, 0x00,
    0x1f, 0xe0, 0x3f, 0xf0, 0x7f, 0xf8, 0x7f, 0xf8, 0xff, 0xfc, 0xff, 0xfc, 0xe7, 0x9c, 0xc7, 0x8c,
    0x43, 0x08, 0x43, 0x08, 0x21, 0x10, 0x21, 0x10, 0x11, 0x20, 0x11, 0x20, 0x09, 0x40, 0x09, 0x40,
};

/* sParaPickup: 1 masks of 24 bytes */
static const uint8_t s_mask_sParaPickup[24] = {
    0x3f, 0xe0, 0x7f, 0xf0, 0xff, 0xf8, 0xff, 0xf8, 0xff, 0xf8, 0xff, 0xf8, 0xff, 0xf8, 0xff, 0xf8,
    0xff, 0xf8, 0xff, 0xf8, 0xff, 0xf8, 0x7f, 0xf0,
};

/* sParaUsed: 1 masks of 12 bytes */
static const uint8_t s_mask_sParaUsed[12] = {
    0x1f, 0x80, 0x7f, 0xfe, 0xff, 0xff, 0xff, 0xff, 0xff, 0xff, 0x7f, 0xfe,
};

/* sPaste: 1 masks of 24 bytes */
static const uint8_t s_mask_sPaste[24] = {
    0x7f, 0xe0, 0x58, 0x20, 0x68, 0x60, 0x30, 0xc0, 0x58, 0x20, 0xff, 0xf0, 0xff, 0xf0, 0xff, 0xf0,
    0xff, 0xf0, 0xff, 0xf0, 0xff, 0xf0, 0x7f, 0xe0,
};

/* sPistolLeft: 1 masks of 12 bytes */
static const uint8_t s_mask_sPistolLeft[12] = {
    0xff, 0x80, 0xff, 0x80, 0xff, 0x00, 0xff, 0x80, 0x07, 0x80, 0x03, 0x80,
};

/* sPistolRight: 1 masks of 12 bytes */
static const uint8_t s_mask_sPistolRight[12] = {
    0xff, 0x80, 0xff, 0x80, 0x7f, 0x80, 0xff, 0x80, 0xf0, 0x00, 0xe0, 0x00,
};

/* sPistolTile: 1 masks of 12 bytes */
static const uint8_t s_mask_sPistolTile[12] = {
    0xff, 0x80, 0xff, 0x80, 0x7f, 0x80, 0xff, 0x80, 0xf0, 0x00, 0xe0, 0x00,
};

/* sPlayerSil: 8 masks of 8 bytes */
static const uint8_t s_mask_sPlayerSil[64] = {
    0x3c, 0xff, 0x3c, 0x3c, 0x7e, 0x3c, 0x3c, 0x42,
    0x68, 0xfa, 0xfc, 0x7e, 0xfe, 0x3f, 0x5c, 0x08,
    0x40, 0x49, 0xfe, 0xfe, 0xfe, 0xfe, 0x49, 0x40,
    0x04, 0x5c, 0x3e, 0xff, 0x7e, 0xfc, 0xfa, 0x68,
    0x42, 0x3c, 0x3c, 0x7e, 0x3c, 0x3c, 0xff, 0x3c,
    0x10, 0x3a, 0xfc, 0x7f, 0x7e, 0x3f, 0x5f, 0x16,
    0x02, 0x92, 0x7f, 0x7f, 0x7f, 0x7f, 0x92, 0x02,
    0x16, 0x5f, 0x3f, 0x7e, 0xff, 0x7c, 0x3a, 0x20,
};

/* sPoof: 6 masks of 7 bytes */
static const uint8_t s_mask_sPoof[42] = {
    0x00, 0x00, 0x00, 0x18, 0x18, 0x00, 0x00,
    0x00, 0x00, 0x18, 0x3c, 0x3c, 0x18, 0x00,
    0x00, 0x3c, 0x7e, 0x7e, 0x7e, 0x3e, 0x1c,
    0x0c, 0x1e, 0x1e, 0x6c, 0xf3, 0xf3, 0x60,
    0x08, 0x1c, 0x08, 0x00, 0x00, 0xd1, 0xc2,
    0x08, 0x00, 0x00, 0x00, 0x00, 0x81, 0x00,
};

/* sprite1112: 1 masks of 14400 bytes */
static const uint8_t s_mask_sprite1112[14400] = {
    0xff, 0xff, 0xff, 0xff, 0xff, 0xff, 0xff, 0xff, 0xff, 0xff, 0xff, 0xff, 0xff, 0xff, 0xff, 0xff,
    0xff, 0xff, 0xff, 0xff, 0xff, 0xff, 0xff, 0xff, 0xff, 0xff, 0xff, 0xff, 0xff, 0xff, 0xff, 0xff,
    0xff, 0xff, 0xff, 0xff, 0xff, 0xff, 0xff, 0xff, 0xff, 0xff, 0xff, 0xff, 0xff, 0xff, 0xff, 0xff,
    0xff, 0xff, 0xff, 0xff, 0xff, 0xff, 0xff, 0xff, 0xff, 0xff, 0xff, 0xff, 0xff, 0xff, 0xff, 0xff,
    0xff, 0xff, 0xff, 0xff, 0xff, 0xff, 0xff, 0xff, 0xff, 0xff, 0xff, 0xff, 0xff, 0xff, 0xff, 0xff,
    0xff, 0xff, 0xff, 0xff, 0xff, 0xff, 0xff, 0xff, 0xff, 0xff, 0xff, 0xff, 0xff, 0xff, 0xff, 0xff,
    0xff, 0xff, 0xff, 0xff, 0xff, 0xff, 0xff, 0xff, 0xff, 0xff, 0xff, 0xff, 0xff, 0xff, 0xff, 0xff,
    0xff, 0xff, 0xff, 0xff, 0xff, 0xff, 0xff, 0xff, 0xff, 0xff, 0xff, 0xff, 0xff, 0xff, 0xff, 0xff,
    0xff, 0xff, 0xff, 0xff, 0xff, 0xff, 0xff, 0xff, 0xff, 0xff, 0xff, 0xff, 0xff, 0xff, 0xff, 0xff,
    0xff, 0xff, 0xff, 0xff, 0xff, 0xff, 0xff, 0xff, 0xff, 0xff, 0xff, 0xff, 0xff, 0xff, 0xff, 0xff,
    0xff, 0xff, 0xff, 0xff, 0xff, 0xff, 0xff, 0xff, 0xff, 0xff, 0xff, 0xff, 0xff, 0xff, 0xff, 0xff,
    0xff, 0xff, 0xff, 0xff, 0xff, 0xff, 0xff, 0xff, 0xff, 0xff, 0xff, 0xff, 0xff, 0xff, 0xff, 0xff,
    0xff, 0xff, 0xff, 0xff, 0xff, 0xff, 0xff, 0xff, 0xff, 0xff, 0xff, 0xff, 0xff, 0xff, 0xff, 0xff,
    0xff, 0xff, 0xff, 0xff, 0xff, 0xff, 0xff, 0xff, 0xff, 0xff, 0xff, 0xff, 0xff, 0xff, 0xff, 0xff,
    0xff, 0xff, 0xff, 0xff, 0xff, 0xff, 0xff, 0xff, 0xff, 0xff, 0xff, 0xff, 0xff, 0xff, 0xff, 0xff,
    0xff, 0xff, 0xff, 0xff, 0xff, 0xff, 0xff, 0xff, 0xff, 0xff, 0xff, 0xff, 0xff, 0xff, 0xff, 0xff,
    0xff, 0xff, 0xff, 0xff, 0xff, 0xff, 0xff, 0xff, 0xff, 0xff, 0xff, 0xff, 0xff, 0xff, 0xff, 0xff,
    0xff, 0xff, 0xff, 0xff, 0xff, 0xff, 0xff, 0xff, 0xff, 0xff, 0xff, 0xff, 0xff, 0xff, 0xff, 0xff,
    0xff, 0xff, 0xff, 0xff, 0xff, 0xff, 0xff, 0xff, 0xff, 0xff, 0xff, 0xff, 0xff, 0xff, 0xff, 0xff,
    0xff, 0xff, 0xff, 0xff, 0xff, 0xff, 0xff, 0xff, 0xff, 0xff, 0xff, 0xff, 0xff, 0xff, 0xff, 0xff,
    0xff, 0xff, 0xff, 0xff, 0xff, 0xff, 0xff, 0xff, 0xff, 0xff, 0xff, 0xff, 0xff, 0xff, 0xff, 0xff,
    0xff, 0xff, 0xff, 0xff, 0xff, 0xff, 0xff, 0xff, 0xff, 0xff, 0xff, 0xff, 0xff, 0xff, 0xff, 0xff,
    0xff, 0xff, 0xff, 0xff, 0xff, 0xff, 0xff, 0xff, 0xff, 0xff, 0xff, 0xff, 0xff, 0xff, 0xff, 0xff,
    0xff, 0xff, 0xff, 0xff, 0xff, 0xff, 0xff, 0xff, 0xff, 0xff, 0xff, 0xff, 0xff, 0xff, 0xff, 0xff,
    0xff, 0xff, 0xff, 0xff, 0xff, 0xff, 0xff, 0xff, 0xff, 0xff, 0xff, 0xff, 0xff, 0xff, 0xff, 0xff,
    0xff, 0xff, 0xff, 0xff, 0xff, 0xff, 0xff, 0xff, 0xff, 0xff, 0xff, 0xff, 0xff, 0xff, 0xff, 0xff,
    0xff, 0xff, 0xff, 0xff, 0xff, 0xff, 0xff, 0xff, 0xff, 0xff, 0xff, 0xff, 0xff, 0xff, 0xff, 0xff,
    0xff, 0xff, 0xff, 0xff, 0xff, 0xff, 0xff, 0xff, 0xff, 0xff, 0xff, 0xff, 0xff, 0xff, 0xff, 0xff,
    0xff, 0xff, 0xff, 0xff, 0xff, 0xff, 0xff, 0xff, 0xff, 0xff, 0xff, 0xff, 0xff, 0xff, 0xff, 0xff,
    0xff, 0xff, 0xff, 0xff, 0xff, 0xff, 0xff, 0xff, 0xff, 0xff, 0xff, 0xff, 0xff, 0xff, 0xff, 0xff,
    0xff, 0xff, 0xff, 0xff, 0xff, 0xff, 0xff, 0xff, 0xff, 0xff, 0xff, 0xff, 0xff, 0xff, 0xff, 0xff,
    0xff, 0xff, 0xff, 0xff, 0xff, 0xff, 0xff, 0xff, 0xff, 0xff, 0xff, 0xff, 0xff, 0xff, 0xff, 0xff,
    0xff, 0xff, 0xff, 0xff, 0xff, 0xff, 0xff, 0xff, 0xff, 0xff, 0xff, 0xff, 0xff, 0xff, 0xff, 0xff,
    0xff, 0xff, 0xff, 0xff, 0xff, 0xff, 0xff, 0xff, 0xff, 0xff, 0xff, 0xff, 0xff, 0xff, 0xff, 0xff,
    0xff, 0xff, 0xff, 0xff, 0xff, 0xff, 0xff, 0xff, 0xff, 0xff, 0xff, 0xff, 0xff, 0xff, 0xff, 0xff,
    0xff, 0xff, 0xff, 0xff, 0xff, 0xff, 0xff, 0xff, 0xff, 0xff, 0xff, 0xff, 0xff, 0xff, 0xff, 0xff,
    0xff, 0xff, 0xff, 0xff, 0xff, 0xff, 0xff, 0xff, 0xff, 0xff, 0xff, 0xff, 0xff, 0xff, 0xff, 0xff,
    0xff, 0xff, 0xff, 0xff, 0xff, 0xff, 0xff, 0xff, 0xff, 0xff, 0xff, 0xff, 0xff, 0xff, 0xff, 0xff,
    0xff, 0xff, 0xff, 0xff, 0xff, 0xff, 0xff, 0xff, 0xff, 0xff, 0xff, 0xff, 0xff, 0xff, 0xff, 0xff,
    0xff, 0xff, 0xff, 0xff, 0xff, 0xff, 0xff, 0xff, 0xff, 0xff, 0xff, 0xff, 0xff, 0xff, 0xff, 0xff,
    0xff, 0xff, 0xff, 0xff, 0xff, 0xff, 0xff, 0xff, 0xff, 0xff, 0xff, 0xff, 0xff, 0xff, 0xff, 0xff,
    0xff, 0xff, 0xff, 0xff, 0xff, 0xff, 0xff, 0xff, 0xff, 0xff, 0xff, 0xff, 0xff, 0xff, 0xff, 0xff,
    0xff, 0xff, 0xff, 0xff, 0xff, 0xff, 0xff, 0xff, 0xff, 0xff, 0xff, 0xff, 0xff, 0xff, 0xff, 0xff,
    0xff, 0xff, 0xff, 0xff, 0xff, 0xff, 0xff, 0xff, 0xff, 0xff, 0xff, 0xff, 0xff, 0xff, 0xff, 0xff,
    0xff, 0xff, 0xff, 0xff, 0xff, 0xff, 0xff, 0xff, 0xff, 0xff, 0xff, 0xff, 0xff, 0xff, 0xff, 0xff,
    0xff, 0xff, 0xff, 0xff, 0xff, 0xff, 0xff, 0xff, 0xff, 0xff, 0xff, 0xff, 0xff, 0xff, 0xff, 0xff,
    0xff, 0xff, 0xff, 0xff, 0xff, 0xff, 0xff, 0xff, 0xff, 0xff, 0xff, 0xff, 0xff, 0xff, 0xff, 0xff,
    0xff, 0xff, 0xff, 0xff, 0xff, 0xff, 0xff, 0xff, 0xff, 0xff, 0xff, 0xff, 0xff, 0xff, 0xff, 0xff,
    0xff, 0xff, 0xff, 0xff, 0xff, 0xff, 0xff, 0xff, 0xff, 0xff, 0xff, 0xff, 0xff, 0xff, 0xff, 0xff,
    0xff, 0xff, 0xff, 0xff, 0xff, 0xff, 0xff, 0xff, 0xff, 0xff, 0xff, 0xff, 0xff, 0xff, 0xff, 0xff,
    0xff, 0xff, 0xff, 0xff, 0xff, 0xff, 0xff, 0xff, 0xff, 0xff, 0xff, 0xff, 0xff, 0xff, 0xff, 0xff,
    0xff, 0xff, 0xff, 0xff, 0xff, 0xff, 0xff, 0xff, 0xff, 0xff, 0xff, 0xff, 0xff, 0xff, 0xff, 0xff,
    0xff, 0xff, 0xff, 0xff, 0xff, 0xff, 0xff, 0xff, 0xff, 0xff, 0xff, 0xff, 0xff, 0xff, 0xff, 0xff,
    0xff, 0xff, 0xff, 0xff, 0xff, 0xff, 0xff, 0xff, 0xff, 0xff, 0xff, 0xff, 0xff, 0xff, 0xff, 0xff,
    0xff, 0xff, 0xff, 0xff, 0xff, 0xff, 0xff, 0xff, 0xff, 0xff, 0xff, 0xff, 0xff, 0xff, 0xff, 0xff,
    0xff, 0xff, 0xff, 0xff, 0xff, 0xff, 0xff, 0xff, 0xff, 0xff, 0xff, 0xff, 0xff, 0xff, 0xff, 0xff,
    0xff, 0xff, 0xff, 0xff, 0xff, 0xff, 0xff, 0xff, 0xff, 0xff, 0xff, 0xff, 0xff, 0xff, 0xff, 0xff,
    0xff, 0xff, 0xff, 0xff, 0xff, 0xff, 0xff, 0xff, 0xff, 0xff, 0xff, 0xff, 0xff, 0xff, 0xff, 0xff,
    0xff, 0xff, 0xff, 0xff, 0xff, 0xff, 0xff, 0xff, 0xff, 0xff, 0xff, 0xff, 0xff, 0xff, 0xff, 0xff,
    0xff, 0xff, 0xff, 0xff, 0xff, 0xff, 0xff, 0xff, 0xff, 0xff, 0xff, 0xff, 0xff, 0xff, 0xff, 0xff,
    0xff, 0xff, 0xff, 0xff, 0xff, 0xff, 0xff, 0xff, 0xff, 0xff, 0xff, 0xff, 0xff, 0xff, 0xff, 0xff,
    0xff, 0xff, 0xff, 0xff, 0xff, 0xff, 0xff, 0xff, 0xff, 0xff, 0xff, 0xff, 0xff, 0xff, 0xff, 0xff,
    0xff, 0xff, 0xff, 0xff, 0xff, 0xff, 0xff, 0xff, 0xff, 0xff, 0xff, 0xff, 0xff, 0xff, 0xff, 0xff,
    0xff, 0xff, 0xff, 0xff, 0xff, 0xff, 0xff, 0xff, 0xff, 0xff, 0xff, 0xff, 0xff, 0xff, 0xff, 0xff,
    0xff, 0xff, 0xff, 0xff, 0xff, 0xff, 0xff, 0xff, 0xff, 0xff, 0xff, 0xff, 0xff, 0xff, 0xff, 0xff,
    0xff, 0xff, 0xff, 0xff, 0xff, 0xff, 0xff, 0xff, 0xff, 0xff, 0xff, 0xff, 0xff, 0xff, 0xff, 0xff,
    0xff, 0xff, 0xff, 0xff, 0xff, 0xff, 0xff, 0xff, 0xff, 0xff, 0xff, 0xff, 0xff, 0xff, 0xff, 0xff,
    0xff, 0xff, 0xff, 0xff, 0xff, 0xff, 0xff, 0xff, 0xff, 0xff, 0xff, 0xff, 0xff, 0xff, 0xff, 0xff,
    0xff, 0xff, 0xff, 0xff, 0xff, 0xff, 0xff, 0xff, 0xff, 0xff, 0xff, 0xff, 0xff, 0xff, 0xff, 0xff,
    0xff, 0xff, 0xff, 0xff, 0xff, 0xff, 0xff, 0xff, 0xff, 0xff, 0xff, 0xff, 0xff, 0xff, 0xff, 0xff,
    0xff, 0xff, 0xff, 0xff, 0xff, 0xff, 0xff, 0xff, 0xff, 0xff, 0xff, 0xff, 0xff, 0xff, 0xff, 0xff,
    0xff, 0xff, 0xff, 0xff, 0xff, 0xff, 0xff, 0xff, 0xff, 0xff, 0xff, 0xff, 0xff, 0xff, 0xff, 0xff,
    0xff, 0xff, 0xff, 0xff, 0xff, 0xff, 0xff, 0xff, 0xff, 0xff, 0xff, 0xff, 0xff, 0xff, 0xff, 0xff,
    0xff, 0xff, 0xff, 0xff, 0xff, 0xff, 0xff, 0xff, 0xff, 0xff, 0xff, 0xff, 0xff, 0xff, 0xff, 0xff,
    0xff, 0xff, 0xff, 0xff, 0xff, 0xff, 0xff, 0xff, 0xff, 0xff, 0xff, 0xff, 0xff, 0xff, 0xff, 0xff,
    0xff, 0xff, 0xff, 0xff, 0xff, 0xff, 0xff, 0xff, 0xff, 0xff, 0xff, 0xff, 0xff, 0xff, 0xff, 0xff,
    0xff, 0xff, 0xff, 0xff, 0xff, 0xff, 0xff, 0xff, 0xff, 0xff, 0xff, 0xff, 0xff, 0xff, 0xff, 0xff,
    0xff, 0xff, 0xff, 0xff, 0xff, 0xff, 0xff, 0xff, 0xff, 0xff, 0xff, 0xff, 0xff, 0xff, 0xff, 0xff,
    0xff, 0xff, 0xff, 0xff, 0xff, 0xff, 0xff, 0xff, 0xff, 0xff, 0xff, 0xff, 0xff, 0xff, 0xff, 0xff,
    0xff, 0xff, 0xff, 0xff, 0xff, 0xff, 0xff, 0xff, 0xff, 0xff, 0xff, 0xff, 0xff, 0xff, 0xff, 0xff,
    0xff, 0xff, 0xff, 0xff, 0xff, 0xff, 0xff, 0xff, 0xff, 0xff, 0xff, 0xff, 0xff, 0xff, 0xff, 0xff,
    0xff, 0xff, 0xff, 0xff, 0xff, 0xff, 0xff, 0xff, 0xff, 0xff, 0xff, 0xff, 0xff, 0xff, 0xff, 0xff,
    0xff, 0xff, 0xff, 0xff, 0xff, 0xff, 0xff, 0xff, 0xff, 0xff, 0xff, 0xff, 0xff, 0xff, 0xff, 0xff,
    0xff, 0xff, 0xff, 0xff, 0xff, 0xff, 0xff, 0xff, 0xff, 0xff, 0xff, 0xff, 0xff, 0xff, 0xff, 0xff,
    0xff, 0xff, 0xff, 0xff, 0xff, 0xff, 0xff, 0xff, 0xff, 0xff, 0xff, 0xff, 0xff, 0xff, 0xff, 0xff,
    0xff, 0xff, 0xff, 0xff, 0xff, 0xff, 0xff, 0xff, 0xff, 0xff, 0xff, 0xff, 0xff, 0xff, 0xff, 0xff,
    0xff, 0xff, 0xff, 0xff, 0xff, 0xff, 0xff, 0xff, 0xff, 0xff, 0xff, 0xff, 0xff, 0xff, 0xff, 0xff,
    0xff, 0xff, 0xff, 0xff, 0xff, 0xff, 0xff, 0xff, 0xff, 0xff, 0xff, 0xff, 0xff, 0xff, 0xff, 0xff,
    0xff, 0xff, 0xff, 0xff, 0xff, 0xff, 0xff, 0xff, 0xff, 0xff, 0xff, 0xff, 0xff, 0xff, 0xff, 0xff,
    0xff, 0xff, 0xff, 0xff, 0xff, 0xff, 0xff, 0xff, 0xff, 0xff, 0xff, 0xff, 0xff, 0xff, 0xff, 0xff,
    0xff, 0xff, 0xff, 0xff, 0xff, 0xff, 0xff, 0xff, 0xff, 0xff, 0xff, 0xff, 0xff, 0xff, 0xff, 0xff,
    0xff, 0xff, 0xff, 0xff, 0xff, 0xff, 0xff, 0xff, 0xff, 0xff, 0xff, 0xff, 0xff, 0xff, 0xff, 0xff,
    0xff, 0xff, 0xff, 0xff, 0xff, 0xff, 0xff, 0xff, 0xff, 0xff, 0xff, 0xff, 0xff, 0xff, 0xff, 0xff,
    0xff, 0xff, 0xff, 0xff, 0xff, 0xff, 0xff, 0xff, 0xff, 0xff, 0xff, 0xff, 0xff, 0xff, 0xff, 0xff,
    0xff, 0xff, 0xff, 0xff, 0xff, 0xff, 0xff, 0xff, 0xff, 0xff, 0xff, 0xff, 0xff, 0xff, 0xff, 0xff,
    0xff, 0xff, 0xff, 0xff, 0xff, 0xff, 0xff, 0xff, 0xff, 0xff, 0xff, 0xff, 0xff, 0xff, 0xff, 0xff,
    0xff, 0xff, 0xff, 0xff, 0xff, 0xff, 0xff, 0xff, 0xff, 0xff, 0xff, 0xff, 0xff, 0xff, 0xff, 0xff,
    0xff, 0xff, 0xff, 0xff, 0xff, 0xff, 0xff, 0xff, 0xff, 0xff, 0xff, 0xff, 0xff, 0xff, 0xff, 0xff,
    0xff, 0xff, 0xff, 0xff, 0xff, 0xff, 0xff, 0xff, 0xff, 0xff, 0xff, 0xff, 0xff, 0xff, 0xff, 0xff,
    0xff, 0xff, 0xff, 0xff, 0xff, 0xff, 0xff, 0xff, 0xff, 0xff, 0xff, 0xff, 0xff, 0xff, 0xff, 0xff,
    0xff, 0xff, 0xff, 0xff, 0xff, 0xff, 0xff, 0xff, 0xff, 0xff, 0xff, 0xff, 0xff, 0xff, 0xff, 0xff,
    0xff, 0xff, 0xff, 0xff, 0xff, 0xff, 0xff, 0xff, 0xff, 0xff, 0xff, 0xff, 0xff, 0xff, 0xff, 0xff,
    0xff, 0xff, 0xff, 0xff, 0xff, 0xff, 0xff, 0xff, 0xff, 0xff, 0xff, 0xff, 0xff, 0xff, 0xff, 0xff,
    0xff, 0xff, 0xff, 0xff, 0xff, 0xff, 0xff, 0xff, 0xff, 0xff, 0xff, 0xff, 0xff, 0xff, 0xff, 0xff,
    0xff, 0xff, 0xff, 0xff, 0xff, 0xff, 0xff, 0xff, 0xff, 0xff, 0xff, 0xff, 0xff, 0xff, 0xff, 0xff,
    0xff, 0xff, 0xff, 0xff, 0xff, 0xff, 0xff, 0xff, 0xff, 0xff, 0xff, 0xff, 0xff, 0xff, 0xff, 0xff,
    0xff, 0xff, 0xff, 0xff, 0xff, 0xff, 0xff, 0xff, 0xff, 0xff, 0xff, 0xff, 0xff, 0xff, 0xff, 0xff,
    0xff, 0xff, 0xff, 0xff, 0xff, 0xff, 0xff, 0xff, 0xff, 0xff, 0xff, 0xff, 0xff, 0xff, 0xff, 0xff,
    0xff, 0xff, 0xff, 0xff, 0xff, 0xff, 0xff, 0xff, 0xff, 0xff, 0xff, 0xff, 0xff, 0xff, 0xff, 0xff,
    0xff, 0xff, 0xff, 0xff, 0xff, 0xff, 0xff, 0xff, 0xff, 0xff, 0xff, 0xff, 0xff, 0xff, 0xff, 0xff,
    0xff, 0xff, 0xff, 0xff, 0xff, 0xff, 0xff, 0xff, 0xff, 0xff, 0xff, 0xff, 0xff, 0xff, 0xff, 0xff,
    0xff, 0xff, 0xff, 0xff, 0xff, 0xff, 0xff, 0xff, 0xff, 0xff, 0xff, 0xff, 0xff, 0xff, 0xff, 0xff,
    0xff, 0xff, 0xff, 0xff, 0xff, 0xff, 0xff, 0xff, 0xff, 0xff, 0xff, 0xff, 0xff, 0xff, 0xff, 0xff,
    0xff, 0xff, 0xff, 0xff, 0xff, 0xff, 0xff, 0xff, 0xff, 0xff, 0xff, 0xff, 0xff, 0xff, 0xff, 0xff,
    0xff, 0xff, 0xff, 0xff, 0xff, 0xff, 0xff, 0xff, 0xff, 0xff, 0xff, 0xff, 0xff, 0xff, 0xff, 0xff,
    0xff, 0xff, 0xff, 0xff, 0xff, 0xff, 0xff, 0xff, 0xff, 0xff, 0xff, 0xff, 0xff, 0xff, 0xff, 0xff,
    0xff, 0xff, 0xff, 0xff, 0xff, 0xff, 0xff, 0xff, 0xff, 0xff, 0xff, 0xff, 0xff, 0xff, 0xff, 0xff,
    0xff, 0xff, 0xff, 0xff, 0xff, 0xff, 0xff, 0xff, 0xff, 0xff, 0xff, 0xff, 0xff, 0xff, 0xff, 0xff,
    0xff, 0xff, 0xff, 0xff, 0xff, 0xff, 0xff, 0xff, 0xff, 0xff, 0xff, 0xff, 0xff, 0xff, 0xff, 0xff,
    0xff, 0xff, 0xff, 0xff, 0xff, 0xff, 0xff, 0xff, 0xff, 0xff, 0xff, 0xff, 0xff, 0xff, 0xff, 0xff,
    0xff, 0xff, 0xff, 0xff, 0xff, 0xff, 0xff, 0xff, 0xff, 0xff, 0xff, 0xff, 0xff, 0xff, 0xff, 0xff,
    0xff, 0xff, 0xff, 0xff, 0xff, 0xff, 0xff, 0xff, 0xff, 0xff, 0xff, 0xff, 0xff, 0xff, 0xff, 0xff,
    0xff, 0xff, 0xff, 0xff, 0xff, 0xff, 0xff, 0xff, 0xff, 0xff, 0xff, 0xff, 0xff, 0xff, 0xff, 0xff,
    0xff, 0xff, 0xff, 0xff, 0xff, 0xff, 0xff, 0xff, 0xff, 0xff, 0xff, 0xff, 0xff, 0xff, 0xff, 0xff,
    0xff, 0xff, 0xff, 0xff, 0xff, 0xff, 0xff, 0xff, 0xff, 0xff, 0xff, 0xff, 0xff, 0xff, 0xff, 0xff,
    0xff, 0xff, 0xff, 0xff, 0xff, 0xff, 0xff, 0xff, 0xff, 0xff, 0xff, 0xff, 0xff, 0xff, 0xff, 0xff,
    0xff, 0xff, 0xff, 0xff, 0xff, 0xff, 0xff, 0xff, 0xff, 0xff, 0xff, 0xff, 0xff, 0xff, 0xff, 0xff,
    0xff, 0xff, 0xff, 0xff, 0xff, 0xff, 0xff, 0xff, 0xff, 0xff, 0xff, 0xff, 0xff, 0xff, 0xff, 0xff,
    0xff, 0xff, 0xff, 0xff, 0xff, 0xff, 0xff, 0xff, 0xff, 0xff, 0xff, 0xff, 0xff, 0xff, 0xff, 0xff,
    0xff, 0xff, 0xff, 0xff, 0xff, 0xff, 0xff, 0xff, 0xff, 0xff, 0xff, 0xff, 0xff, 0xff, 0xff, 0xff,
    0xff, 0xff, 0xff, 0xff, 0xff, 0xff, 0xff, 0xff, 0xff, 0xff, 0xff, 0xff, 0xff, 0xff, 0xff, 0xff,
    0xff, 0xff, 0xff, 0xff, 0xff, 0xff, 0xff, 0xff, 0xff, 0xff, 0xff, 0xff, 0xff, 0xff, 0xff, 0xff,
    0xff, 0xff, 0xff, 0xff, 0xff, 0xff, 0xff, 0xff, 0xff, 0xff, 0xff, 0xff, 0xff, 0xff, 0xff, 0xff,
    0xff, 0xff, 0xff, 0xff, 0xff, 0xff, 0xff, 0xff, 0xff, 0xff, 0xff, 0xff, 0xff, 0xff, 0xff, 0xff,
    0xff, 0xff, 0xff, 0xff, 0xff, 0xff, 0xff, 0xff, 0xff, 0xff, 0xff, 0xff, 0xff, 0xff, 0xff, 0xff,
    0xff, 0xff, 0xff, 0xff, 0xff, 0xff, 0xff, 0xff, 0xff, 0xff, 0xff, 0xff, 0xff, 0xff, 0xff, 0xff,
    0xff, 0xff, 0xff, 0xff, 0xff, 0xff, 0xff, 0xff, 0xff, 0xff, 0xff, 0xff, 0xff, 0xff, 0xff, 0xff,
    0xff, 0xff, 0xff, 0xff, 0xff, 0xff, 0xff, 0xff, 0xff, 0xff, 0xff, 0xff, 0xff, 0xff, 0xff, 0xff,
    0xff, 0xff, 0xff, 0xff, 0xff, 0xff, 0xff, 0xff, 0xff, 0xff, 0xff, 0xff, 0xff, 0xff, 0xff, 0xff,
    0xff, 0xff, 0xff, 0xff, 0xff, 0xff, 0xff, 0xff, 0xff, 0xff, 0xff, 0xff, 0xff, 0xff, 0xff, 0xff,
    0xff, 0xff, 0xff, 0xff, 0xff, 0xff, 0xff, 0xff, 0xff, 0xff, 0xff, 0xff, 0xff, 0xff, 0xff, 0xff,
    0xff, 0xff, 0xff, 0xff, 0xff, 0xff, 0xff, 0xff, 0xff, 0xff, 0xff, 0xff, 0xff, 0xff, 0xff, 0xff,
    0xff, 0xff, 0xff, 0xff, 0xff, 0xff, 0xff, 0xff, 0xff, 0xff, 0xff, 0xff, 0xff, 0xff, 0xff, 0xff,
    0xff, 0xff, 0xff, 0xff, 0xff, 0xff, 0xff, 0xff, 0xff, 0xff, 0xff, 0xff, 0xff, 0xff, 0xff, 0xff,
    0xff, 0xff, 0xff, 0xff, 0xff, 0xff, 0xff, 0xff, 0xff, 0xff, 0xff, 0xff, 0xff, 0xff, 0xff, 0xff,
    0xff, 0xff, 0xff, 0xff, 0xff, 0xff, 0xff, 0xff, 0xff, 0xff, 0xff, 0xff, 0xff, 0xff, 0xff, 0xff,
    0xff, 0xff, 0xff, 0xff, 0xff, 0xff, 0xff, 0xff, 0xff, 0xff, 0xff, 0xff, 0xff, 0xff, 0xff, 0xff,
    0xff, 0xff, 0xff, 0xff, 0xff, 0xff, 0xff, 0xff, 0xff, 0xff, 0xff, 0xff, 0xff, 0xff, 0xff, 0xff,
    0xff, 0xff, 0xff, 0xff, 0xff, 0xff, 0xff, 0xff, 0xff, 0xff, 0xff, 0xff, 0xff, 0xff, 0xff, 0xff,
    0xff, 0xff, 0xff, 0xff, 0xff, 0xff, 0xff, 0xff, 0xff, 0xff, 0xff, 0xff, 0xff, 0xff, 0xff, 0xff,
    0xff, 0xff, 0xff, 0xff, 0xff, 0xff, 0xff, 0xff, 0xff, 0xff, 0xff, 0xff, 0xff, 0xff, 0xff, 0xff,
    0xff, 0xff, 0xff, 0xff, 0xff, 0xff, 0xff, 0xff, 0xff, 0xff, 0xff, 0xff, 0xff, 0xff, 0xff, 0xff,
    0xff, 0xff, 0xff, 0xff, 0xff, 0xff, 0xff, 0xff, 0xff, 0xff, 0xff, 0xff, 0xff, 0xff, 0xff, 0xff,
    0xff, 0xff, 0xff, 0xff, 0xff, 0xff, 0xff, 0xff, 0xff, 0xff, 0xff, 0xff, 0xff, 0xff, 0xff, 0xff,
    0xff, 0xff, 0xff, 0xff, 0xff, 0xff, 0xff, 0xff, 0xff, 0xff, 0xff, 0xff, 0xff, 0xff, 0xff, 0xff,
    0xff, 0xff, 0xff, 0xff, 0xff, 0xff, 0xff, 0xff, 0xff, 0xff, 0xff, 0xff, 0xff, 0xff, 0xff, 0xff,
    0xff, 0xff, 0xff, 0xff, 0xff, 0xff, 0xff, 0xff, 0xff, 0xff, 0xff, 0xff, 0xff, 0xff, 0xff, 0xff,
    0xff, 0xff, 0xff, 0xff, 0xff, 0xff, 0xff, 0xff, 0xff, 0xff, 0xff, 0xff, 0xff, 0xff, 0xff, 0xff,
    0xff, 0xff, 0xff, 0xff, 0xff, 0xff, 0xff, 0xff, 0xff, 0xff, 0xff, 0xff, 0xff, 0xff, 0xff, 0xff,
    0xff, 0xff, 0xff, 0xff, 0xff, 0xff, 0xff, 0xff, 0xff, 0xff, 0xff, 0xff, 0xff, 0xff, 0xff, 0xff,
    0xff, 0xff, 0xff, 0xff, 0xff, 0xff, 0xff, 0xff, 0xff, 0xff, 0xff, 0xff, 0xff, 0xff, 0xff, 0xff,
    0xff, 0xff, 0xff, 0xff, 0xff, 0xff, 0xff, 0xff, 0xff, 0xff, 0xff, 0xff, 0xff, 0xff, 0xff, 0xff,
    0xff, 0xff, 0xff, 0xff, 0xff, 0xff, 0xff, 0xff, 0xff, 0xff, 0xff, 0xff, 0xff, 0xff, 0xff, 0xff,
    0xff, 0xff, 0xff, 0xff, 0xff, 0xff, 0xff, 0xff, 0xff, 0xff, 0xff, 0xff, 0xff, 0xff, 0xff, 0xff,
    0xff, 0xff, 0xff, 0xff, 0xff, 0xff, 0xff, 0xff, 0xff, 0xff, 0xff, 0xff, 0xff, 0xff, 0xff, 0xff,
    0xff, 0xff, 0xff, 0xff, 0xff, 0xff, 0xff, 0xff, 0xff, 0xff, 0xff, 0xff, 0xff, 0xff, 0xff, 0xff,
    0xff, 0xff, 0xff, 0xff, 0xff, 0xff, 0xff, 0xff, 0xff, 0xff, 0xff, 0xff, 0xff, 0xff, 0xff, 0xff,
    0xff, 0xff, 0xff, 0xff, 0xff, 0xff, 0xff, 0xff, 0xff, 0xff, 0xff, 0xff, 0xff, 0xff, 0xff, 0xff,
    0xff, 0xff, 0xff, 0xff, 0xff, 0xff, 0xff, 0xff, 0xff, 0xff, 0xff, 0xff, 0xff, 0xff, 0xff, 0xff,
    0xff, 0xff, 0xff, 0xff, 0xff, 0xff, 0xff, 0xff, 0xff, 0xff, 0xff, 0xff, 0xff, 0xff, 0xff, 0xff,
    0xff, 0xff, 0xff, 0xff, 0xff, 0xff, 0xff, 0xff, 0xff, 0xff, 0xff, 0xff, 0xff, 0xff, 0xff, 0xff,
    0xff, 0xff, 0xff, 0xff, 0xff, 0xff, 0xff, 0xff, 0xff, 0xff, 0xff, 0xff, 0xff, 0xff, 0xff, 0xff,
    0xff, 0xff, 0xff, 0xff, 0xff, 0xff, 0xff, 0xff, 0xff, 0xff, 0xff, 0xff, 0xff, 0xff, 0xff, 0xff,
    0xff, 0xff, 0xff, 0xff, 0xff, 0xff, 0xff, 0xff, 0xff, 0xff, 0xff, 0xff, 0xff, 0xff, 0xff, 0xff,
    0xff, 0xff, 0xff, 0xff, 0xff, 0xff, 0xff, 0xff, 0xff, 0xff, 0xff, 0xff, 0xff, 0xff, 0xff, 0xff,
    0xff, 0xff, 0xff, 0xff, 0xff, 0xff, 0xff, 0xff, 0xff, 0xff, 0xff, 0xff, 0xff, 0xff, 0xff, 0xff,
    0xff, 0xff, 0xff, 0xff, 0xff, 0xff, 0xff, 0xff, 0xff, 0xff, 0xff, 0xff, 0xff, 0xff, 0xff, 0xff,
    0xff, 0xff, 0xff, 0xff, 0xff, 0xff, 0xff, 0xff, 0xff, 0xff, 0xff, 0xff, 0xff, 0xff, 0xff, 0xff,
    0xff, 0xff, 0xff, 0xff, 0xff, 0xff, 0xff, 0xff, 0xff, 0xff, 0xff, 0xff, 0xff, 0xff, 0xff, 0xff,
    0xff, 0xff, 0xff, 0xff, 0xff, 0xff, 0xff, 0xff, 0xff, 0xff, 0xff, 0xff, 0xff, 0xff, 0xff, 0xff,
    0xff, 0xff, 0xff, 0xff, 0xff, 0xff, 0xff, 0xff, 0xff, 0xff, 0xff, 0xff, 0xff, 0xff, 0xff, 0xff,
    0xff, 0xff, 0xff, 0xff, 0xff, 0xff, 0xff, 0xff, 0xff, 0xff, 0xff, 0xff, 0xff, 0xff, 0xff, 0xff,
    0xff, 0xff, 0xff, 0xff, 0xff, 0xff, 0xff, 0xff, 0xff, 0xff, 0xff, 0xff, 0xff, 0xff, 0xff, 0xff,
    0xff, 0xff, 0xff, 0xff, 0xff, 0xff, 0xff, 0xff, 0xff, 0xff, 0xff, 0xff, 0xff, 0xff, 0xff, 0xff,
    0xff, 0xff, 0xff, 0xff, 0xff, 0xff, 0xff, 0xff, 0xff, 0xff, 0xff, 0xff, 0xff, 0xff, 0xff, 0xff,
    0xff, 0xff, 0xff, 0xff, 0xff, 0xff, 0xff, 0xff, 0xff, 0xff, 0xff, 0xff, 0xff, 0xff, 0xff, 0xff,
    0xff, 0xff, 0xff, 0xff, 0xff, 0xff, 0xff, 0xff, 0xff, 0xff, 0xff, 0xff, 0xff, 0xff, 0xff, 0xff,
    0xff, 0xff, 0xff, 0xff, 0xff, 0xff, 0xff, 0xff, 0xff, 0xff, 0xff, 0xff, 0xff, 0xff, 0xff, 0xff,
    0xff, 0xff, 0xff, 0xff, 0xff, 0xff, 0xff, 0xff, 0xff, 0xff, 0xff, 0xff, 0xff, 0xff, 0xff, 0xff,
    0xff, 0xff, 0xff, 0xff, 0xff, 0xff, 0xff, 0xff, 0xff, 0xff, 0xff, 0xff, 0xff, 0xff, 0xff, 0xff,
    0xff, 0xff, 0xff, 0xff, 0xff, 0xff, 0xff, 0xff, 0xff, 0xff, 0xff, 0xff, 0xff, 0xff, 0xff, 0xff,
    0xff, 0xff, 0xff, 0xff, 0xff, 0xff, 0xff, 0xff, 0xff, 0xff, 0xff, 0xff, 0xff, 0xff, 0xff, 0xff,
    0xff, 0xff, 0xff, 0xff, 0xff, 0xff, 0xff, 0xff, 0xff, 0xff, 0xff, 0xff, 0xff, 0xff, 0xff, 0xff,
    0xff, 0xff, 0xff, 0xff, 0xff, 0xff, 0xff, 0xff, 0xff, 0xff, 0xff, 0xff, 0xff, 0xff, 0xff, 0xff,
    0xff, 0xff, 0xff, 0xff, 0xff, 0xff, 0xff, 0xff, 0xff, 0xff, 0xff, 0xff, 0xff, 0xff, 0xff, 0xff,
    0xff, 0xff, 0xff, 0xff, 0xff, 0xff, 0xff, 0xff, 0xff, 0xff, 0xff, 0xff, 0xff, 0xff, 0xff, 0xff,
    0xff, 0xff, 0xff, 0xff, 0xff, 0xff, 0xff, 0xff, 0xff, 0xff, 0xff, 0xff, 0xff, 0xff, 0xff, 0xff,
    0xff, 0xff, 0xff, 0xff, 0xff, 0xff, 0xff, 0xff, 0xff, 0xff, 0xff, 0xff, 0xff, 0xff, 0xff, 0xff,
    0xff, 0xff, 0xff, 0xff, 0xff, 0xff, 0xff, 0xff, 0xff, 0xff, 0xff, 0xff, 0xff, 0xff, 0xff, 0xff,
    0xff, 0xff, 0xff, 0xff, 0xff, 0xff, 0xff, 0xff, 0xff, 0xff, 0xff, 0xff, 0xff, 0xff, 0xff, 0xff,
    0xff, 0xff, 0xff, 0xff, 0xff, 0xff, 0xff, 0xff, 0xff, 0xff, 0xff, 0xff, 0xff, 0xff, 0xff, 0xff,
    0xff, 0xff, 0xff, 0xff, 0xff, 0xff, 0xff, 0xff, 0xff, 0xff, 0xff, 0xff, 0xff, 0xff, 0xff, 0xff,
    0xff, 0xff, 0xff, 0xff, 0xff, 0xff, 0xff, 0xff, 0xff, 0xff, 0xff, 0xff, 0xff, 0xff, 0xff, 0xff,
    0xff, 0xff, 0xff, 0xff, 0xff, 0xff, 0xff, 0xff, 0xff, 0xff, 0xff, 0xff, 0xff, 0xff, 0xff, 0xff,
    0xff, 0xff, 0xff, 0xff, 0xff, 0xff, 0xff, 0xff, 0xff, 0xff, 0xff, 0xff, 0xff, 0xff, 0xff, 0xff,
    0xff, 0xff, 0xff, 0xff, 0xff, 0xff, 0xff, 0xff, 0xff, 0xff, 0xff, 0xff, 0xff, 0xff, 0xff, 0xff,
    0xff, 0xff, 0xff, 0xff, 0xff, 0xff, 0xff, 0xff, 0xff, 0xff, 0xff, 0xff, 0xff, 0xff, 0xff, 0xff,
    0xff, 0xff, 0xff, 0xff, 0xff, 0xff, 0xff, 0xff, 0xff, 0xff, 0xff, 0xff, 0xff, 0xff, 0xff, 0xff,
    0xff, 0xff, 0xff, 0xff, 0xff, 0xff, 0xff, 0xff, 0xff, 0xff, 0xff, 0xff, 0xff, 0xff, 0xff, 0xff,
    0xff, 0xff, 0xff, 0xff, 0xff, 0xff, 0xff, 0xff, 0xff, 0xff, 0xff, 0xff, 0xff, 0xff, 0xff, 0xff,
    0xff, 0xff, 0xff, 0xff, 0xff, 0xff, 0xff, 0xff, 0xff, 0xff, 0xff, 0xff, 0xff, 0xff, 0xff, 0xff,
    0xff, 0xff, 0xff, 0xff, 0xff, 0xff, 0xff, 0xff, 0xff, 0xff, 0xff, 0xff, 0xff, 0xff, 0xff, 0xff,
    0xff, 0xff, 0xff, 0xff, 0xff, 0xff, 0xff, 0xff, 0xff, 0xff, 0xff, 0xff, 0xff, 0xff, 0xff, 0xff,
    0xff, 0xff, 0xff, 0xff, 0xff, 0xff, 0xff, 0xff, 0xff, 0xff, 0xff, 0xff, 0xff, 0xff, 0xff, 0xff,
    0xff, 0xff, 0xff, 0xff, 0xff, 0xff, 0xff, 0xff, 0xff, 0xff, 0xff, 0xff, 0xff, 0xff, 0xff, 0xff,
    0xff, 0xff, 0xff, 0xff, 0xff, 0xff, 0xff, 0xff, 0xff, 0xff, 0xff, 0xff, 0xff, 0xff, 0xff, 0xff,
    0xff, 0xff, 0xff, 0xff, 0xff, 0xff, 0xff, 0xff, 0xff, 0xff, 0xff, 0xff, 0xff, 0xff, 0xff, 0xff,
    0xff, 0xff, 0xff, 0xff, 0xff, 0xff, 0xff, 0xff, 0xff, 0xff, 0xff, 0xff, 0xff, 0xff, 0xff, 0xff,
    0xff, 0xff, 0xff, 0xff, 0xff, 0xff, 0xff, 0xff, 0xff, 0xff, 0xff, 0xff, 0xff, 0xff, 0xff, 0xff,
    0xff, 0xff, 0xff, 0xff, 0xff, 0xff, 0xff, 0xff, 0xff, 0xff, 0xff, 0xff, 0xff, 0xff, 0xff, 0xff,
    0xff, 0xff, 0xff, 0xff, 0xff, 0xff, 0xff, 0xff, 0xff, 0xff, 0xff, 0xff, 0xff, 0xff, 0xff, 0xff,
    0xff, 0xff, 0xff, 0xff, 0xff, 0xff, 0xff, 0xff, 0xff, 0xff, 0xff, 0xff, 0xff, 0xff, 0xff, 0xff,
    0xff, 0xff, 0xff, 0xff, 0xff, 0xff, 0xff, 0xff, 0xff, 0xff, 0xff, 0xff, 0xff, 0xff, 0xff, 0xff,
    0xff, 0xff, 0xff, 0xff, 0xff, 0xff, 0xff, 0xff, 0xff, 0xff, 0xff, 0xff, 0xff, 0xff, 0xff, 0xff,
    0xff, 0xff, 0xff, 0xff, 0xff, 0xff, 0xff, 0xff, 0xff, 0xff, 0xff, 0xff, 0xff, 0xff, 0xff, 0xff,
    0xff, 0xff, 0xff, 0xff, 0xff, 0xff, 0xff, 0xff, 0xff, 0xff, 0xff, 0xff, 0xff, 0xff, 0xff, 0xff,
    0xff, 0xff, 0xff, 0xff, 0xff, 0xff, 0xff, 0xff, 0xff, 0xff, 0xff, 0xff, 0xff, 0xff, 0xff, 0xff,
    0xff, 0xff, 0xff, 0xff, 0xff, 0xff, 0xff, 0xff, 0xff, 0xff, 0xff, 0xff, 0xff, 0xff, 0xff, 0xff,
    0xff, 0xff, 0xff, 0xff, 0xff, 0xff, 0xff, 0xff, 0xff, 0xff, 0xff, 0xff, 0xff, 0xff, 0xff, 0xff,
    0xff, 0xff, 0xff, 0xff, 0xff, 0xff, 0xff, 0xff, 0xff, 0xff, 0xff, 0xff, 0xff, 0xff, 0xff, 0xff,
    0xff, 0xff, 0xff, 0xff, 0xff, 0xff, 0xff, 0xff, 0xff, 0xff, 0xff, 0xff, 0xff, 0xff, 0xff, 0xff,
    0xff, 0xff, 0xff, 0xff, 0xff, 0xff, 0xff, 0xff, 0xff, 0xff, 0xff, 0xff, 0xff, 0xff, 0xff, 0xff,
    0xff, 0xff, 0xff, 0xff, 0xff, 0xff, 0xff, 0xff, 0xff, 0xff, 0xff, 0xff, 0xff, 0xff, 0xff, 0xff,
    0xff, 0xff, 0xff, 0xff, 0xff, 0xff, 0xff, 0xff, 0xff, 0xff, 0xff, 0xff, 0xff, 0xff, 0xff, 0xff,
    0xff, 0xff, 0xff, 0xff, 0xff, 0xff, 0xff, 0xff, 0xff, 0xff, 0xff, 0xff, 0xff, 0xff, 0xff, 0xff,
    0xff, 0xff, 0xff, 0xff, 0xff, 0xff, 0xff, 0xff, 0xff, 0xff, 0xff, 0xff, 0xff, 0xff, 0xff, 0xff,
    0xff, 0xff, 0xff, 0xff, 0xff, 0xff, 0xff, 0xff, 0xff, 0xff, 0xff, 0xff, 0xff, 0xff, 0xff, 0xff,
    0xff, 0xff, 0xff, 0xff, 0xff, 0xff, 0xff, 0xff, 0xff, 0xff, 0xff, 0xff, 0xff, 0xff, 0xff, 0xff,
    0xff, 0xff, 0xff, 0xff, 0xff, 0xff, 0xff, 0xff, 0xff, 0xff, 0xff, 0xff, 0xff, 0xff, 0xff, 0xff,
    0xff, 0xff, 0xff, 0xff, 0xff, 0xff, 0xff, 0xff, 0xff, 0xff, 0xff, 0xff, 0xff, 0xff, 0xff, 0xff,
    0xff, 0xff, 0xff, 0xff, 0xff, 0xff, 0xff, 0xff, 0xff, 0xff, 0xff, 0xff, 0xff, 0xff, 0xff, 0xff,
    0xff, 0xff, 0xff, 0xff, 0xff, 0xff, 0xff, 0xff, 0xff, 0xff, 0xff, 0xff, 0xff, 0xff, 0xff, 0xff,
    0xff, 0xff, 0xff, 0xff, 0xff, 0xff, 0xff, 0xff, 0xff, 0xff, 0xff, 0xff, 0xff, 0xff, 0xff, 0xff,
    0xff, 0xff, 0xff, 0xff, 0xff, 0xff, 0xff, 0xff, 0xff, 0xff, 0xff, 0xff, 0xff, 0xff, 0xff, 0xff,
    0xff, 0xff, 0xff, 0xff, 0xff, 0xff, 0xff, 0xff, 0xff, 0xff, 0xff, 0xff, 0xff, 0xff, 0xff, 0xff,
    0xff, 0xff, 0xff, 0xff, 0xff, 0xff, 0xff, 0xff, 0xff, 0xff, 0xff, 0xff, 0xff, 0xff, 0xff, 0xff,
    0xff, 0xff, 0xff, 0xff, 0xff, 0xff, 0xff, 0xff, 0xff, 0xff, 0xff, 0xff, 0xff, 0xff, 0xff, 0xff,
    0xff, 0xff, 0xff, 0xff, 0xff, 0xff, 0xff, 0xff, 0xff, 0xff, 0xff, 0xff, 0xff, 0xff, 0xff, 0xff,
    0xff, 0xff, 0xff, 0xff, 0xff, 0xff, 0xff, 0xff, 0xff, 0xff, 0xff, 0xff, 0xff, 0xff, 0xff, 0xff,
    0xff, 0xff, 0xff, 0xff, 0xff, 0xff, 0xff, 0xff, 0xff, 0xff, 0xff, 0xff, 0xff, 0xff, 0xff, 0xff,
    0xff, 0xff, 0xff, 0xff, 0xff, 0xff, 0xff, 0xff, 0xff, 0xff, 0xff, 0xff, 0xff, 0xff, 0xff, 0xff,
    0xff, 0xff, 0xff, 0xff, 0xff, 0xff, 0xff, 0xff, 0xff, 0xff, 0xff, 0xff, 0xff, 0xff, 0xff, 0xff,
    0xff, 0xff, 0xff, 0xff, 0xff, 0xff, 0xff, 0xff, 0xff, 0xff, 0xff, 0xff, 0xff, 0xff, 0xff, 0xff,
    0xff, 0xff, 0xff, 0xff, 0xff, 0xff, 0xff, 0xff, 0xff, 0xff, 0xff, 0xff, 0xff, 0xff, 0xff, 0xff,
    0xff, 0xff, 0xff, 0xff, 0xff, 0xff, 0xff, 0xff, 0xff, 0xff, 0xff, 0xff, 0xff, 0xff, 0xff, 0xff,
    0xff, 0xff, 0xff, 0xff, 0xff, 0xff, 0xff, 0xff, 0xff, 0xff, 0xff, 0xff, 0xff, 0xff, 0xff, 0xff,
    0xff, 0xff, 0xff, 0xff, 0xff, 0xff, 0xff, 0xff, 0xff, 0xff, 0xff, 0xff, 0xff, 0xff, 0xff, 0xff,
    0xff, 0xff, 0xff, 0xff, 0xff, 0xff, 0xff, 0xff, 0xff, 0xff, 0xff, 0xff, 0xff, 0xff, 0xff, 0xff,
    0xff, 0xff, 0xff, 0xff, 0xff, 0xff, 0xff, 0xff, 0xff, 0xff, 0xff, 0xff, 0xff, 0xff, 0xff, 0xff,
    0xff, 0xff, 0xff, 0xff, 0xff, 0xff, 0xff, 0xff, 0xff, 0xff, 0xff, 0xff, 0xff, 0xff, 0xff, 0xff,
    0xff, 0xff, 0xff, 0xff, 0xff, 0xff, 0xff, 0xff, 0xff, 0xff, 0xff, 0xff, 0xff, 0xff, 0xff, 0xff,
    0xff, 0xff, 0xff, 0xff, 0xff, 0xff, 0xff, 0xff, 0xff, 0xff, 0xff, 0xff, 0xff, 0xff, 0xff, 0xff,
    0xff, 0xff, 0xff, 0xff, 0xff, 0xff, 0xff, 0xff, 0xff, 0xff, 0xff, 0xff, 0xff, 0xff, 0xff, 0xff,
    0xff, 0xff, 0xff, 0xff, 0xff, 0xff, 0xff, 0xff, 0xff, 0xff, 0xff, 0xff, 0xff, 0xff, 0xff, 0xff,
    0xff, 0xff, 0xff, 0xff, 0xff, 0xff, 0xff, 0xff, 0xff, 0xff, 0xff, 0xff, 0xff, 0xff, 0xff, 0xff,
    0xff, 0xff, 0xff, 0xff, 0xff, 0xff, 0xff, 0xff, 0xff, 0xff, 0xff, 0xff, 0xff, 0xff, 0xff, 0xff,
    0xff, 0xff, 0xff, 0xff, 0xff, 0xff, 0xff, 0xff, 0xff, 0xff, 0xff, 0xff, 0xff, 0xff, 0xff, 0xff,
    0xff, 0xff, 0xff, 0xff, 0xff, 0xff, 0xff, 0xff, 0xff, 0xff, 0xff, 0xff, 0xff, 0xff, 0xff, 0xff,
    0xff, 0xff, 0xff, 0xff, 0xff, 0xff, 0xff, 0xff, 0xff, 0xff, 0xff, 0xff, 0xff, 0xff, 0xff, 0xff,
    0xff, 0xff, 0xff, 0xff, 0xff, 0xff, 0xff, 0xff, 0xff, 0xff, 0xff, 0xff, 0xff, 0xff, 0xff, 0xff,
    0xff, 0xff, 0xff, 0xff, 0xff, 0xff, 0xff, 0xff, 0xff, 0xff, 0xff, 0xff, 0xff, 0xff, 0xff, 0xff,
    0xff, 0xff, 0xff, 0xff, 0xff, 0xff, 0xff, 0xff, 0xff, 0xff, 0xff, 0xff, 0xff, 0xff, 0xff, 0xff,
    0xff, 0xff, 0xff, 0xff, 0xff, 0xff, 0xff, 0xff, 0xff, 0xff, 0xff, 0xff, 0xff, 0xff, 0xff, 0xff,
    0xff, 0xff, 0xff, 0xff, 0xff, 0xff, 0xff, 0xff, 0xff, 0xff, 0xff, 0xff, 0xff, 0xff, 0xff, 0xff,
    0xff, 0xff, 0xff, 0xff, 0xff, 0xff, 0xff, 0xff, 0xff, 0xff, 0xff, 0xff, 0xff, 0xff, 0xff, 0xff,
    0xff, 0xff, 0xff, 0xff, 0xff, 0xff, 0xff, 0xff, 0xff, 0xff, 0xff, 0xff, 0xff, 0xff, 0xff, 0xff,
    0xff, 0xff, 0xff, 0xff, 0xff, 0xff, 0xff, 0xff, 0xff, 0xff, 0xff, 0xff, 0xff, 0xff, 0xff, 0xff,
    0xff, 0xff, 0xff, 0xff, 0xff, 0xff, 0xff, 0xff, 0xff, 0xff, 0xff, 0xff, 0xff, 0xff, 0xff, 0xff,
    0xff, 0xff, 0xff, 0xff, 0xff, 0xff, 0xff, 0xff, 0xff, 0xff, 0xff, 0xff, 0xff, 0xff, 0xff, 0xff,
    0xff, 0xff, 0xff, 0xff, 0xff, 0xff, 0xff, 0xff, 0xff, 0xff, 0xff, 0xff, 0xff, 0xff, 0xff, 0xff,
    0xff, 0xff, 0xff, 0xff, 0xff, 0xff, 0xff, 0xff, 0xff, 0xff, 0xff, 0xff, 0xff, 0xff, 0xff, 0xff,
    0xff, 0xff, 0xff, 0xff, 0xff, 0xff, 0xff, 0xff, 0xff, 0xff, 0xff, 0xff, 0xff, 0xff, 0xff, 0xff,
    0xff, 0xff, 0xff, 0xff, 0xff, 0xff, 0xff, 0xff, 0xff, 0xff, 0xff, 0xff, 0xff, 0xff, 0xff, 0xff,
    0xff, 0xff, 0xff, 0xff, 0xff, 0xff, 0xff, 0xff, 0xff, 0xff, 0xff, 0xff, 0xff, 0xff, 0xff, 0xff,
    0xff, 0xff, 0xff, 0xff, 0xff, 0xff, 0xff, 0xff, 0xff, 0xff, 0xff, 0xff, 0xff, 0xff, 0xff, 0xff,
    0xff, 0xff, 0xff, 0xff, 0xff, 0xff, 0xff, 0xff, 0xff, 0xff, 0xff, 0xff, 0xff, 0xff, 0xff, 0xff,
    0xff, 0xff, 0xff, 0xff, 0xff, 0xff, 0xff, 0xff, 0xff, 0xff, 0xff, 0xff, 0xff, 0xff, 0xff, 0xff,
    0xff, 0xff, 0xff, 0xff, 0xff, 0xff, 0xff, 0xff, 0xff, 0xff, 0xff, 0xff, 0xff, 0xff, 0xff, 0xff,
    0xff, 0xff, 0xff, 0xff, 0xff, 0xff, 0xff, 0xff, 0xff, 0xff, 0xff, 0xff, 0xff, 0xff, 0xff, 0xff,
    0xff, 0xff, 0xff, 0xff, 0xff, 0xff, 0xff, 0xff, 0xff, 0xff, 0xff, 0xff, 0xff, 0xff, 0xff, 0xff,
    0xff, 0xff, 0xff, 0xff, 0xff, 0xff, 0xff, 0xff, 0xff, 0xff, 0xff, 0xff, 0xff, 0xff, 0xff, 0xff,
    0xff, 0xff, 0xff, 0xff, 0xff, 0xff, 0xff, 0xff, 0xff, 0xff, 0xff, 0xff, 0xff, 0xff, 0xff, 0xff,
    0xff, 0xff, 0xff, 0xff, 0xff, 0xff, 0xff, 0xff, 0xff, 0xff, 0xff, 0xff, 0xff, 0xff, 0xff, 0xff,
    0xff, 0xff, 0xff, 0xff, 0xff, 0xff, 0xff, 0xff, 0xff, 0xff, 0xff, 0xff, 0xff, 0xff, 0xff, 0xff,
    0xff, 0xff, 0xff, 0xff, 0xff, 0xff, 0xff, 0xff, 0xff, 0xff, 0xff, 0xff, 0xff, 0xff, 0xff, 0xff,
    0xff, 0xff, 0xff, 0xff, 0xff, 0xff, 0xff, 0xff, 0xff, 0xff, 0xff, 0xff, 0xff, 0xff, 0xff, 0xff,
    0xff, 0xff, 0xff, 0xff, 0xff, 0xff, 0xff, 0xff, 0xff, 0xff, 0xff, 0xff, 0xff, 0xff, 0xff, 0xff,
    0xff, 0xff, 0xff, 0xff, 0xff, 0xff, 0xff, 0xff, 0xff, 0xff, 0xff, 0xff, 0xff, 0xff, 0xff, 0xff,
    0xff, 0xff, 0xff, 0xff, 0xff, 0xff, 0xff, 0xff, 0xff, 0xff, 0xff, 0xff, 0xff, 0xff, 0xff, 0xff,
    0xff, 0xff, 0xff, 0xff, 0xff, 0xff, 0xff, 0xff, 0xff, 0xff, 0xff, 0xff, 0xff, 0xff, 0xff, 0xff,
    0xff, 0xff, 0xff, 0xff, 0xff, 0xff, 0xff, 0xff, 0xff, 0xff, 0xff, 0xff, 0xff, 0xff, 0xff, 0xff,
    0xff, 0xff, 0xff, 0xff, 0xff, 0xff, 0xff, 0xff, 0xff, 0xff, 0xff, 0xff, 0xff, 0xff, 0xff, 0xff,
    0xff, 0xff, 0xff, 0xff, 0xff, 0xff, 0xff, 0xff, 0xff, 0xff, 0xff, 0xff, 0xff, 0xff, 0xff, 0xff,
    0xff, 0xff, 0xff, 0xff, 0xff, 0xff, 0xff, 0xff, 0xff, 0xff, 0xff, 0xff, 0xff, 0xff, 0xff, 0xff,
    0xff, 0xff, 0xff, 0xff, 0xff, 0xff, 0xff, 0xff, 0xff, 0xff, 0xff, 0xff, 0xff, 0xff, 0xff, 0xff,
    0xff, 0xff, 0xff, 0xff, 0xff, 0xff, 0xff, 0xff, 0xff, 0xff, 0xff, 0xff, 0xff, 0xff, 0xff, 0xff,
    0xff, 0xff, 0xff, 0xff, 0xff, 0xff, 0xff, 0xff, 0xff, 0xff, 0xff, 0xff, 0xff, 0xff, 0xff, 0xff,
    0xff, 0xff, 0xff, 0xff, 0xff, 0xff, 0xff, 0xff, 0xff, 0xff, 0xff, 0xff, 0xff, 0xff, 0xff, 0xff,
    0xff, 0xff, 0xff, 0xff, 0xff, 0xff, 0xff, 0xff, 0xff, 0xff, 0xff, 0xff, 0xff, 0xff, 0xff, 0xff,
    0xff, 0xff, 0xff, 0xff, 0xff, 0xff, 0xff, 0xff, 0xff, 0xff, 0xff, 0xff, 0xff, 0xff, 0xff, 0xff,
    0xff, 0xff, 0xff, 0xff, 0xff, 0xff, 0xff, 0xff, 0xff, 0xff, 0xff, 0xff, 0xff, 0xff, 0xff, 0xff,
    0xff, 0xff, 0xff, 0xff, 0xff, 0xff, 0xff, 0xff, 0xff, 0xff, 0xff, 0xff, 0xff, 0xff, 0xff, 0xff,
    0xff, 0xff, 0xff, 0xff, 0xff, 0xff, 0xff, 0xff, 0xff, 0xff, 0xff, 0xff, 0xff, 0xff, 0xff, 0xff,
    0xff, 0xff, 0xff, 0xff, 0xff, 0xff, 0xff, 0xff, 0xff, 0xff, 0xff, 0xff, 0xff, 0xff, 0xff, 0xff,
    0xff, 0xff, 0xff, 0xff, 0xff, 0xff, 0xff, 0xff, 0xff, 0xff, 0xff, 0xff, 0xff, 0xff, 0xff, 0xff,
    0xff, 0xff, 0xff, 0xff, 0xff, 0xff, 0xff, 0xff, 0xff, 0xff, 0xff, 0xff, 0xff, 0xff, 0xff, 0xff,
    0xff, 0xff, 0xff, 0xff, 0xff, 0xff, 0xff, 0xff, 0xff, 0xff, 0xff, 0xff, 0xff, 0xff, 0xff, 0xff,
    0xff, 0xff, 0xff, 0xff, 0xff, 0xff, 0xff, 0xff, 0xff, 0xff, 0xff, 0xff, 0xff, 0xff, 0xff, 0xff,
    0xff, 0xff, 0xff, 0xff, 0xff, 0xff, 0xff, 0xff, 0xff, 0xff, 0xff, 0xff, 0xff, 0xff, 0xff, 0xff,
    0xff, 0xff, 0xff, 0xff, 0xff, 0xff, 0xff, 0xff, 0xff, 0xff, 0xff, 0xff, 0xff, 0xff, 0xff, 0xff,
    0xff, 0xff, 0xff, 0xff, 0xff, 0xff, 0xff, 0xff, 0xff, 0xff, 0xff, 0xff, 0xff, 0xff, 0xff, 0xff,
    0xff, 0xff, 0xff, 0xff, 0xff, 0xff, 0xff, 0xff, 0xff, 0xff, 0xff, 0xff, 0xff, 0xff, 0xff, 0xff,
    0xff, 0xff, 0xff, 0xff, 0xff, 0xff, 0xff, 0xff, 0xff, 0xff, 0xff, 0xff, 0xff, 0xff, 0xff, 0xff,
    0xff, 0xff, 0xff, 0xff, 0xff, 0xff, 0xff, 0xff, 0xff, 0xff, 0xff, 0xff, 0xff, 0xff, 0xff, 0xff,
    0xff, 0xff, 0xff, 0xff, 0xff, 0xff, 0xff, 0xff, 0xff, 0xff, 0xff, 0xff, 0xff, 0xff, 0xff, 0xff,
    0xff, 0xff, 0xff, 0xff, 0xff, 0xff, 0xff, 0xff, 0xff, 0xff, 0xff, 0xff, 0xff, 0xff, 0xff, 0xff,
    0xff, 0xff, 0xff, 0xff, 0xff, 0xff, 0xff, 0xff, 0xff, 0xff, 0xff, 0xff, 0xff, 0xff, 0xff, 0xff,
    0xff, 0xff, 0xff, 0xff, 0xff, 0xff, 0xff, 0xff, 0xff, 0xff, 0xff, 0xff, 0xff, 0xff, 0xff, 0xff,
    0xff, 0xff, 0xff, 0xff, 0xff, 0xff, 0xff, 0xff, 0xff, 0xff, 0xff, 0xff, 0xff, 0xff, 0xff, 0xff,
    0xff, 0xff, 0xff, 0xff, 0xff, 0xff, 0xff, 0xff, 0xff, 0xff, 0xff, 0xff, 0xff, 0xff, 0xff, 0xff,
    0xff, 0xff, 0xff, 0xff, 0xff, 0xff, 0xff, 0xff, 0xff, 0xff, 0xff, 0xff, 0xff, 0xff, 0xff, 0xff,
    0xff, 0xff, 0xff, 0xff, 0xff, 0xff, 0xff, 0xff, 0xff, 0xff, 0xff, 0xff, 0xff, 0xff, 0xff, 0xff,
    0xff, 0xff, 0xff, 0xff, 0xff, 0xff, 0xff, 0xff, 0xff, 0xff, 0xff, 0xff, 0xff, 0xff, 0xff, 0xff,
    0xff, 0xff, 0xff, 0xff, 0xff, 0xff, 0xff, 0xff, 0xff, 0xff, 0xff, 0xff, 0xff, 0xff, 0xff, 0xff,
    0xff, 0xff, 0xff, 0xff, 0xff, 0xff, 0xff, 0xff, 0xff, 0xff, 0xff, 0xff, 0xff, 0xff, 0xff, 0xff,
    0xff, 0xff, 0xff, 0xff, 0xff, 0xff, 0xff, 0xff, 0xff, 0xff, 0xff, 0xff, 0xff, 0xff, 0xff, 0xff,
    0xff, 0xff, 0xff, 0xff, 0xff, 0xff, 0xff, 0xff, 0xff, 0xff, 0xff, 0xff, 0xff, 0xff, 0xff, 0xff,
    0xff, 0xff, 0xff, 0xff, 0xff, 0xff, 0xff, 0xff, 0xff, 0xff, 0xff, 0xff, 0xff, 0xff, 0xff, 0xff,
    0xff, 0xff, 0xff, 0xff, 0xff, 0xff, 0xff, 0xff, 0xff, 0xff, 0xff, 0xff, 0xff, 0xff, 0xff, 0xff,
    0xff, 0xff, 0xff, 0xff, 0xff, 0xff, 0xff, 0xff, 0xff, 0xff, 0xff, 0xff, 0xff, 0xff, 0xff, 0xff,
    0xff, 0xff, 0xff, 0xff, 0xff, 0xff, 0xff, 0xff, 0xff, 0xff, 0xff, 0xff, 0xff, 0xff, 0xff, 0xff,
    0xff, 0xff, 0xff, 0xff, 0xff, 0xff, 0xff, 0xff, 0xff, 0xff, 0xff, 0xff, 0xff, 0xff, 0xff, 0xff,
    0xff, 0xff, 0xff, 0xff, 0xff, 0xff, 0xff, 0xff, 0xff, 0xff, 0xff, 0xff, 0xff, 0xff, 0xff, 0xff,
    0xff, 0xff, 0xff, 0xff, 0xff, 0xff, 0xff, 0xff, 0xff, 0xff, 0xff, 0xff, 0xff, 0xff, 0xff, 0xff,
    0xff, 0xff, 0xff, 0xff, 0xff, 0xff, 0xff, 0xff, 0xff, 0xff, 0xff, 0xff, 0xff, 0xff, 0xff, 0xff,
    0xff, 0xff, 0xff, 0xff, 0xff, 0xff, 0xff, 0xff, 0xff, 0xff, 0xff, 0xff, 0xff, 0xff, 0xff, 0xff,
    0xff, 0xff, 0xff, 0xff, 0xff, 0xff, 0xff, 0xff, 0xff, 0xff, 0xff, 0xff, 0xff, 0xff, 0xff, 0xff,
    0xff, 0xff, 0xff, 0xff, 0xff, 0xff, 0xff, 0xff, 0xff, 0xff, 0xff, 0xff, 0xff, 0xff, 0xff, 0xff,
    0xff, 0xff, 0xff, 0xff, 0xff, 0xff, 0xff, 0xff, 0xff, 0xff, 0xff, 0xff, 0xff, 0xff, 0xff, 0xff,
    0xff, 0xff, 0xff, 0xff, 0xff, 0xff, 0xff, 0xff, 0xff, 0xff, 0xff, 0xff, 0xff, 0xff, 0xff, 0xff,
    0xff, 0xff, 0xff, 0xff, 0xff, 0xff, 0xff, 0xff, 0xff, 0xff, 0xff, 0xff, 0xff, 0xff, 0xff, 0xff,
    0xff, 0xff, 0xff, 0xff, 0xff, 0xff, 0xff, 0xff, 0xff, 0xff, 0xff, 0xff, 0xff, 0xff, 0xff, 0xff,
    0xff, 0xff, 0xff, 0xff, 0xff, 0xff, 0xff, 0xff, 0xff, 0xff, 0xff, 0xff, 0xff, 0xff, 0xff, 0xff,
    0xff, 0xff, 0xff, 0xff, 0xff, 0xff, 0xff, 0xff, 0xff, 0xff, 0xff, 0xff, 0xff, 0xff, 0xff, 0xff,
    0xff, 0xff, 0xff, 0xff, 0xff, 0xff, 0xff, 0xff, 0xff, 0xff, 0xff, 0xff, 0xff, 0xff, 0xff, 0xff,
    0xff, 0xff, 0xff, 0xff, 0xff, 0xff, 0xff, 0xff, 0xff, 0xff, 0xff, 0xff, 0xff, 0xff, 0xff, 0xff,
    0xff, 0xff, 0xff, 0xff, 0xff, 0xff, 0xff, 0xff, 0xff, 0xff, 0xff, 0xff, 0xff, 0xff, 0xff, 0xff,
    0xff, 0xff, 0xff, 0xff, 0xff, 0xff, 0xff, 0xff, 0xff, 0xff, 0xff, 0xff, 0xff, 0xff, 0xff, 0xff,
    0xff, 0xff, 0xff, 0xff, 0xff, 0xff, 0xff, 0xff, 0xff, 0xff, 0xff, 0xff, 0xff, 0xff, 0xff, 0xff,
    0xff, 0xff, 0xff, 0xff, 0xff, 0xff, 0xff, 0xff, 0xff, 0xff, 0xff, 0xff, 0xff, 0xff, 0xff, 0xff,
    0xff, 0xff, 0xff, 0xff, 0xff, 0xff, 0xff, 0xff, 0xff, 0xff, 0xff, 0xff, 0xff, 0xff, 0xff, 0xff,
    0xff, 0xff, 0xff, 0xff, 0xff, 0xff, 0xff, 0xff, 0xff, 0xff, 0xff, 0xff, 0xff, 0xff, 0xff, 0xff,
    0xff, 0xff, 0xff, 0xff, 0xff, 0xff, 0xff, 0xff, 0xff, 0xff, 0xff, 0xff, 0xff, 0xff, 0xff, 0xff,
    0xff, 0xff, 0xff, 0xff, 0xff, 0xff, 0xff, 0xff, 0xff, 0xff, 0xff, 0xff, 0xff, 0xff, 0xff, 0xff,
    0xff, 0xff, 0xff, 0xff, 0xff, 0xff, 0xff, 0xff, 0xff, 0xff, 0xff, 0xff, 0xff, 0xff, 0xff, 0xff,
    0xff, 0xff, 0xff, 0xff, 0xff, 0xff, 0xff, 0xff, 0xff, 0xff, 0xff, 0xff, 0xff, 0xff, 0xff, 0xff,
    0xff, 0xff, 0xff, 0xff, 0xff, 0xff, 0xff, 0xff, 0xff, 0xff, 0xff, 0xff, 0xff, 0xff, 0xff, 0xff,
    0xff, 0xff, 0xff, 0xff, 0xff, 0xff, 0xff, 0xff, 0xff, 0xff, 0xff, 0xff, 0xff, 0xff, 0xff, 0xff,
    0xff, 0xff, 0xff, 0xff, 0xff, 0xff, 0xff, 0xff, 0xff, 0xff, 0xff, 0xff, 0xff, 0xff, 0xff, 0xff,
    0xff, 0xff, 0xff, 0xff, 0xff, 0xff, 0xff, 0xff, 0xff, 0xff, 0xff, 0xff, 0xff, 0xff, 0xff, 0xff,
    0xff, 0xff, 0xff, 0xff, 0xff, 0xff, 0xff, 0xff, 0xff, 0xff, 0xff, 0xff, 0xff, 0xff, 0xff, 0xff,
    0xff, 0xff, 0xff, 0xff, 0xff, 0xff, 0xff, 0xff, 0xff, 0xff, 0xff, 0xff, 0xff, 0xff, 0xff, 0xff,
    0xff, 0xff, 0xff, 0xff, 0xff, 0xff, 0xff, 0xff, 0xff, 0xff, 0xff, 0xff, 0xff, 0xff, 0xff, 0xff,
    0xff, 0xff, 0xff, 0xff, 0xff, 0xff, 0xff, 0xff, 0xff, 0xff, 0xff, 0xff, 0xff, 0xff, 0xff, 0xff,
    0xff, 0xff, 0xff, 0xff, 0xff, 0xff, 0xff, 0xff, 0xff, 0xff, 0xff, 0xff, 0xff, 0xff, 0xff, 0xff,
    0xff, 0xff, 0xff, 0xff, 0xff, 0xff, 0xff, 0xff, 0xff, 0xff, 0xff, 0xff, 0xff, 0xff, 0xff, 0xff,
    0xff, 0xff, 0xff, 0xff, 0xff, 0xff, 0xff, 0xff, 0xff, 0xff, 0xff, 0xff, 0xff, 0xff, 0xff, 0xff,
    0xff, 0xff, 0xff, 0xff, 0xff, 0xff, 0xff, 0xff, 0xff, 0xff, 0xff, 0xff, 0xff, 0xff, 0xff, 0xff,
    0xff, 0xff, 0xff, 0xff, 0xff, 0xff, 0xff, 0xff, 0xff, 0xff, 0xff, 0xff, 0xff, 0xff, 0xff, 0xff,
    0xff, 0xff, 0xff, 0xff, 0xff, 0xff, 0xff, 0xff, 0xff, 0xff, 0xff, 0xff, 0xff, 0xff, 0xff, 0xff,
    0xff, 0xff, 0xff, 0xff, 0xff, 0xff, 0xff, 0xff, 0xff, 0xff, 0xff, 0xff, 0xff, 0xff, 0xff, 0xff,
    0xff, 0xff, 0xff, 0xff, 0xff, 0xff, 0xff, 0xff, 0xff, 0xff, 0xff, 0xff, 0xff, 0xff, 0xff, 0xff,
    0xff, 0xff, 0xff, 0xff, 0xff, 0xff, 0xff, 0xff, 0xff, 0xff, 0xff, 0xff, 0xff, 0xff, 0xff, 0xff,
    0xff, 0xff, 0xff, 0xff, 0xff, 0xff, 0xff, 0xff, 0xff, 0xff, 0xff, 0xff, 0xff, 0xff, 0xff, 0xff,
    0xff, 0xff, 0xff, 0xff, 0xff, 0xff, 0xff, 0xff, 0xff, 0xff, 0xff, 0xff, 0xff, 0xff, 0xff, 0xff,
    0xff, 0xff, 0xff, 0xff, 0xff, 0xff, 0xff, 0xff, 0xff, 0xff, 0xff, 0xff, 0xff, 0xff, 0xff, 0xff,
    0xff, 0xff, 0xff, 0xff, 0xff, 0xff, 0xff, 0xff, 0xff, 0xff, 0xff, 0xff, 0xff, 0xff, 0xff, 0xff,
    0xff, 0xff, 0xff, 0xff, 0xff, 0xff, 0xff, 0xff, 0xff, 0xff, 0xff, 0xff, 0xff, 0xff, 0xff, 0xff,
    0xff, 0xff, 0xff, 0xff, 0xff, 0xff, 0xff, 0xff, 0xff, 0xff, 0xff, 0xff, 0xff, 0xff, 0xff, 0xff,
    0xff, 0xff, 0xff, 0xff, 0xff, 0xff, 0xff, 0xff, 0xff, 0xff, 0xff, 0xff, 0xff, 0xff, 0xff, 0xff,
    0xff, 0xff, 0xff, 0xff, 0xff, 0xff, 0xff, 0xff, 0xff, 0xff, 0xff, 0xff, 0xff, 0xff, 0xff, 0xff,
    0xff, 0xff, 0xff, 0xff, 0xff, 0xff, 0xff, 0xff, 0xff, 0xff, 0xff, 0xff, 0xff, 0xff, 0xff, 0xff,
    0xff, 0xff, 0xff, 0xff, 0xff, 0xff, 0xff, 0xff, 0xff, 0xff, 0xff, 0xff, 0xff, 0xff, 0xff, 0xff,
    0xff, 0xff, 0xff, 0xff, 0xff, 0xff, 0xff, 0xff, 0xff, 0xff, 0xff, 0xff, 0xff, 0xff, 0xff, 0xff,
    0xff, 0xff, 0xff, 0xff, 0xff, 0xff, 0xff, 0xff, 0xff, 0xff, 0xff, 0xff, 0xff, 0xff, 0xff, 0xff,
    0xff, 0xff, 0xff, 0xff, 0xff, 0xff, 0xff, 0xff, 0xff, 0xff, 0xff, 0xff, 0xff, 0xff, 0xff, 0xff,
    0xff, 0xff, 0xff, 0xff, 0xff, 0xff, 0xff, 0xff, 0xff, 0xff, 0xff, 0xff, 0xff, 0xff, 0xff, 0xff,
    0xff, 0xff, 0xff, 0xff, 0xff, 0xff, 0xff, 0xff, 0xff, 0xff, 0xff, 0xff, 0xff, 0xff, 0xff, 0xff,
    0xff, 0xff, 0xff, 0xff, 0xff, 0xff, 0xff, 0xff, 0xff, 0xff, 0xff, 0xff, 0xff, 0xff, 0xff, 0xff,
    0xff, 0xff, 0xff, 0xff, 0xff, 0xff, 0xff, 0xff, 0xff, 0xff, 0xff, 0xff, 0xff, 0xff, 0xff, 0xff,
    0xff, 0xff, 0xff, 0xff, 0xff, 0xff, 0xff, 0xff, 0xff, 0xff, 0xff, 0xff, 0xff, 0xff, 0xff, 0xff,
    0xff, 0xff, 0xff, 0xff, 0xff, 0xff, 0xff, 0xff, 0xff, 0xff, 0xff, 0xff, 0xff, 0xff, 0xff, 0xff,
    0xff, 0xff, 0xff, 0xff, 0xff, 0xff, 0xff, 0xff, 0xff, 0xff, 0xff, 0xff, 0xff, 0xff, 0xff, 0xff,
    0xff, 0xff, 0xff, 0xff, 0xff, 0xff, 0xff, 0xff, 0xff, 0xff, 0xff, 0xff, 0xff, 0xff, 0xff, 0xff,
    0xff, 0xff, 0xff, 0xff, 0xff, 0xff, 0xff, 0xff, 0xff, 0xff, 0xff, 0xff, 0xff, 0xff, 0xff, 0xff,
    0xff, 0xff, 0xff, 0xff, 0xff, 0xff, 0xff, 0xff, 0xff, 0xff, 0xff, 0xff, 0xff, 0xff, 0xff, 0xff,
    0xff, 0xff, 0xff, 0xff, 0xff, 0xff, 0xff, 0xff, 0xff, 0xff, 0xff, 0xff, 0xff, 0xff, 0xff, 0xff,
    0xff, 0xff, 0xff, 0xff, 0xff, 0xff, 0xff, 0xff, 0xff, 0xff, 0xff, 0xff, 0xff, 0xff, 0xff, 0xff,
    0xff, 0xff, 0xff, 0xff, 0xff, 0xff, 0xff, 0xff, 0xff, 0xff, 0xff, 0xff, 0xff, 0xff, 0xff, 0xff,
    0xff, 0xff, 0xff, 0xff, 0xff, 0xff, 0xff, 0xff, 0xff, 0xff, 0xff, 0xff, 0xff, 0xff, 0xff, 0xff,
    0xff, 0xff, 0xff, 0xff, 0xff, 0xff, 0xff, 0xff, 0xff, 0xff, 0xff, 0xff, 0xff, 0xff, 0xff, 0xff,
    0xff, 0xff, 0xff, 0xff, 0xff, 0xff, 0xff, 0xff, 0xff, 0xff, 0xff, 0xff, 0xff, 0xff, 0xff, 0xff,
    0xff, 0xff, 0xff, 0xff, 0xff, 0xff, 0xff, 0xff, 0xff, 0xff, 0xff, 0xff, 0xff, 0xff, 0xff, 0xff,
    0xff, 0xff, 0xff, 0xff, 0xff, 0xff, 0xff, 0xff, 0xff, 0xff, 0xff, 0xff, 0xff, 0xff, 0xff, 0xff,
    0xff, 0xff, 0xff, 0xff, 0xff, 0xff, 0xff, 0xff, 0xff, 0xff, 0xff, 0xff, 0xff, 0xff, 0xff, 0xff,
    0xff, 0xff, 0xff, 0xff, 0xff, 0xff, 0xff, 0xff, 0xff, 0xff, 0xff, 0xff, 0xff, 0xff, 0xff, 0xff,
    0xff, 0xff, 0xff, 0xff, 0xff, 0xff, 0xff, 0xff, 0xff, 0xff, 0xff, 0xff, 0xff, 0xff, 0xff, 0xff,
    0xff, 0xff, 0xff, 0xff, 0xff, 0xff, 0xff, 0xff, 0xff, 0xff, 0xff, 0xff, 0xff, 0xff, 0xff, 0xff,
    0xff, 0xff, 0xff, 0xff, 0xff, 0xff, 0xff, 0xff, 0xff, 0xff, 0xff, 0xff, 0xff, 0xff, 0xff, 0xff,
    0xff, 0xff, 0xff, 0xff, 0xff, 0xff, 0xff, 0xff, 0xff, 0xff, 0xff, 0xff, 0xff, 0xff, 0xff, 0xff,
    0xff, 0xff, 0xff, 0xff, 0xff, 0xff, 0xff, 0xff, 0xff, 0xff, 0xff, 0xff, 0xff, 0xff, 0xff, 0xff,
    0xff, 0xff, 0xff, 0xff, 0xff, 0xff, 0xff, 0xff, 0xff, 0xff, 0xff, 0xff, 0xff, 0xff, 0xff, 0xff,
    0xff, 0xff, 0xff, 0xff, 0xff, 0xff, 0xff, 0xff, 0xff, 0xff, 0xff, 0xff, 0xff, 0xff, 0xff, 0xff,
    0xff, 0xff, 0xff, 0xff, 0xff, 0xff, 0xff, 0xff, 0xff, 0xff, 0xff, 0xff, 0xff, 0xff, 0xff, 0xff,
    0xff, 0xff, 0xff, 0xff, 0xff, 0xff, 0xff, 0xff, 0xff, 0xff, 0xff, 0xff, 0xff, 0xff, 0xff, 0xff,
    0xff, 0xff, 0xff, 0xff, 0xff, 0xff, 0xff, 0xff, 0xff, 0xff, 0xff, 0xff, 0xff, 0xff, 0xff, 0xff,
    0xff, 0xff, 0xff, 0xff, 0xff, 0xff, 0xff, 0xff, 0xff, 0xff, 0xff, 0xff, 0xff, 0xff, 0xff, 0xff,
    0xff, 0xff, 0xff, 0xff, 0xff, 0xff, 0xff, 0xff, 0xff, 0xff, 0xff, 0xff, 0xff, 0xff, 0xff, 0xff,
    0xff, 0xff, 0xff, 0xff, 0xff, 0xff, 0xff, 0xff, 0xff, 0xff, 0xff, 0xff, 0xff, 0xff, 0xff, 0xff,
    0xff, 0xff, 0xff, 0xff, 0xff, 0xff, 0xff, 0xff, 0xff, 0xff, 0xff, 0xff, 0xff, 0xff, 0xff, 0xff,
    0xff, 0xff, 0xff, 0xff, 0xff, 0xff, 0xff, 0xff, 0xff, 0xff, 0xff, 0xff, 0xff, 0xff, 0xff, 0xff,
    0xff, 0xff, 0xff, 0xff, 0xff, 0xff, 0xff, 0xff, 0xff, 0xff, 0xff, 0xff, 0xff, 0xff, 0xff, 0xff,
    0xff, 0xff, 0xff, 0xff, 0xff, 0xff, 0xff, 0xff, 0xff, 0xff, 0xff, 0xff, 0xff, 0xff, 0xff, 0xff,
    0xff, 0xff, 0xff, 0xff, 0xff, 0xff, 0xff, 0xff, 0xff, 0xff, 0xff, 0xff, 0xff, 0xff, 0xff, 0xff,
    0xff, 0xff, 0xff, 0xff, 0xff, 0xff, 0xff, 0xff, 0xff, 0xff, 0xff, 0xff, 0xff, 0xff, 0xff, 0xff,
    0xff, 0xff, 0xff, 0xff, 0xff, 0xff, 0xff, 0xff, 0xff, 0xff, 0xff, 0xff, 0xff, 0xff, 0xff, 0xff,
    0xff, 0xff, 0xff, 0xff, 0xff, 0xff, 0xff, 0xff, 0xff, 0xff, 0xff, 0xff, 0xff, 0xff, 0xff, 0xff,
    0xff, 0xff, 0xff, 0xff, 0xff, 0xff, 0xff, 0xff, 0xff, 0xff, 0xff, 0xff, 0xff, 0xff, 0xff, 0xff,
    0xff, 0xff, 0xff, 0xff, 0xff, 0xff, 0xff, 0xff, 0xff, 0xff, 0xff, 0xff, 0xff, 0xff, 0xff, 0xff,
    0xff, 0xff, 0xff, 0xff, 0xff, 0xff, 0xff, 0xff, 0xff, 0xff, 0xff, 0xff, 0xff, 0xff, 0xff, 0xff,
    0xff, 0xff, 0xff, 0xff, 0xff, 0xff, 0xff, 0xff, 0xff, 0xff, 0xff, 0xff, 0xff, 0xff, 0xff, 0xff,
    0xff, 0xff, 0xff, 0xff, 0xff, 0xff, 0xff, 0xff, 0xff, 0xff, 0xff, 0xff, 0xff, 0xff, 0xff, 0xff,
    0xff, 0xff, 0xff, 0xff, 0xff, 0xff, 0xff, 0xff, 0xff, 0xff, 0xff, 0xff, 0xff, 0xff, 0xff, 0xff,
    0xff, 0xff, 0xff, 0xff, 0xff, 0xff, 0xff, 0xff, 0xff, 0xff, 0xff, 0xff, 0xff, 0xff, 0xff, 0xff,
    0xff, 0xff, 0xff, 0xff, 0xff, 0xff, 0xff, 0xff, 0xff, 0xff, 0xff, 0xff, 0xff, 0xff, 0xff, 0xff,
    0xff, 0xff, 0xff, 0xff, 0xff, 0xff, 0xff, 0xff, 0xff, 0xff, 0xff, 0xff, 0xff, 0xff, 0xff, 0xff,
    0xff, 0xff, 0xff, 0xff, 0xff, 0xff, 0xff, 0xff, 0xff, 0xff, 0xff, 0xff, 0xff, 0xff, 0xff, 0xff,
    0xff, 0xff, 0xff, 0xff, 0xff, 0xff, 0xff, 0xff, 0xff, 0xff, 0xff, 0xff, 0xff, 0xff, 0xff, 0xff,
    0xff, 0xff, 0xff, 0xff, 0xff, 0xff, 0xff, 0xff, 0xff, 0xff, 0xff, 0xff, 0xff, 0xff, 0xff, 0xff,
    0xff, 0xff, 0xff, 0xff, 0xff, 0xff, 0xff, 0xff, 0xff, 0xff, 0xff, 0xff, 0xff, 0xff, 0xff, 0xff,
    0xff, 0xff, 0xff, 0xff, 0xff, 0xff, 0xff, 0xff, 0xff, 0xff, 0xff, 0xff, 0xff, 0xff, 0xff, 0xff,
    0xff, 0xff, 0xff, 0xff, 0xff, 0xff, 0xff, 0xff, 0xff, 0xff, 0xff, 0xff, 0xff, 0xff, 0xff, 0xff,
    0xff, 0xff, 0xff, 0xff, 0xff, 0xff, 0xff, 0xff, 0xff, 0xff, 0xff, 0xff, 0xff, 0xff, 0xff, 0xff,
    0xff, 0xff, 0xff, 0xff, 0xff, 0xff, 0xff, 0xff, 0xff, 0xff, 0xff, 0xff, 0xff, 0xff, 0xff, 0xff,
    0xff, 0xff, 0xff, 0xff, 0xff, 0xff, 0xff, 0xff, 0xff, 0xff, 0xff, 0xff, 0xff, 0xff, 0xff, 0xff,
    0xff, 0xff, 0xff, 0xff, 0xff, 0xff, 0xff, 0xff, 0xff, 0xff, 0xff, 0xff, 0xff, 0xff, 0xff, 0xff,
    0xff, 0xff, 0xff, 0xff, 0xff, 0xff, 0xff, 0xff, 0xff, 0xff, 0xff, 0xff, 0xff, 0xff, 0xff, 0xff,
    0xff, 0xff, 0xff, 0xff, 0xff, 0xff, 0xff, 0xff, 0xff, 0xff, 0xff, 0xff, 0xff, 0xff, 0xff, 0xff,
    0xff, 0xff, 0xff, 0xff, 0xff, 0xff, 0xff, 0xff, 0xff, 0xff, 0xff, 0xff, 0xff, 0xff, 0xff, 0xff,
    0xff, 0xff, 0xff, 0xff, 0xff, 0xff, 0xff, 0xff, 0xff, 0xff, 0xff, 0xff, 0xff, 0xff, 0xff, 0xff,
    0xff, 0xff, 0xff, 0xff, 0xff, 0xff, 0xff, 0xff, 0xff, 0xff, 0xff, 0xff, 0xff, 0xff, 0xff, 0xff,
    0xff, 0xff, 0xff, 0xff, 0xff, 0xff, 0xff, 0xff, 0xff, 0xff, 0xff, 0xff, 0xff, 0xff, 0xff, 0xff,
    0xff, 0xff, 0xff, 0xff, 0xff, 0xff, 0xff, 0xff, 0xff, 0xff, 0xff, 0xff, 0xff, 0xff, 0xff, 0xff,
    0xff, 0xff, 0xff, 0xff, 0xff, 0xff, 0xff, 0xff, 0xff, 0xff, 0xff, 0xff, 0xff, 0xff, 0xff, 0xff,
    0xff, 0xff, 0xff, 0xff, 0xff, 0xff, 0xff, 0xff, 0xff, 0xff, 0xff, 0xff, 0xff, 0xff, 0xff, 0xff,
    0xff, 0xff, 0xff, 0xff, 0xff, 0xff, 0xff, 0xff, 0xff, 0xff, 0xff, 0xff, 0xff, 0xff, 0xff, 0xff,
    0xff, 0xff, 0xff, 0xff, 0xff, 0xff, 0xff, 0xff, 0xff, 0xff, 0xff, 0xff, 0xff, 0xff, 0xff, 0xff,
    0xff, 0xff, 0xff, 0xff, 0xff, 0xff, 0xff, 0xff, 0xff, 0xff, 0xff, 0xff, 0xff, 0xff, 0xff, 0xff,
    0xff, 0xff, 0xff, 0xff, 0xff, 0xff, 0xff, 0xff, 0xff, 0xff, 0xff, 0xff, 0xff, 0xff, 0xff, 0xff,
    0xff, 0xff, 0xff, 0xff, 0xff, 0xff, 0xff, 0xff, 0xff, 0xff, 0xff, 0xff, 0xff, 0xff, 0xff, 0xff,
    0xff, 0xff, 0xff, 0xff, 0xff, 0xff, 0xff, 0xff, 0xff, 0xff, 0xff, 0xff, 0xff, 0xff, 0xff, 0xff,
    0xff, 0xff, 0xff, 0xff, 0xff, 0xff, 0xff, 0xff, 0xff, 0xff, 0xff, 0xff, 0xff, 0xff, 0xff, 0xff,
    0xff, 0xff, 0xff, 0xff, 0xff, 0xff, 0xff, 0xff, 0xff, 0xff, 0xff, 0xff, 0xff, 0xff, 0xff, 0xff,
    0xff, 0xff, 0xff, 0xff, 0xff, 0xff, 0xff, 0xff, 0xff, 0xff, 0xff, 0xff, 0xff, 0xff, 0xff, 0xff,
    0xff, 0xff, 0xff, 0xff, 0xff, 0xff, 0xff, 0xff, 0xff, 0xff, 0xff, 0xff, 0xff, 0xff, 0xff, 0xff,
    0xff, 0xff, 0xff, 0xff, 0xff, 0xff, 0xff, 0xff, 0xff, 0xff, 0xff, 0xff, 0xff, 0xff, 0xff, 0xff,
    0xff, 0xff, 0xff, 0xff, 0xff, 0xff, 0xff, 0xff, 0xff, 0xff, 0xff, 0xff, 0xff, 0xff, 0xff, 0xff,
    0xff, 0xff, 0xff, 0xff, 0xff, 0xff, 0xff, 0xff, 0xff, 0xff, 0xff, 0xff, 0xff, 0xff, 0xff, 0xff,
    0xff, 0xff, 0xff, 0xff, 0xff, 0xff, 0xff, 0xff, 0xff, 0xff, 0xff, 0xff, 0xff, 0xff, 0xff, 0xff,
    0xff, 0xff, 0xff, 0xff, 0xff, 0xff, 0xff, 0xff, 0xff, 0xff, 0xff, 0xff, 0xff, 0xff, 0xff, 0xff,
    0xff, 0xff, 0xff, 0xff, 0xff, 0xff, 0xff, 0xff, 0xff, 0xff, 0xff, 0xff, 0xff, 0xff, 0xff, 0xff,
    0xff, 0xff, 0xff, 0xff, 0xff, 0xff, 0xff, 0xff, 0xff, 0xff, 0xff, 0xff, 0xff, 0xff, 0xff, 0xff,
    0xff, 0xff, 0xff, 0xff, 0xff, 0xff, 0xff, 0xff, 0xff, 0xff, 0xff, 0xff, 0xff, 0xff, 0xff, 0xff,
    0xff, 0xff, 0xff, 0xff, 0xff, 0xff, 0xff, 0xff, 0xff, 0xff, 0xff, 0xff, 0xff, 0xff, 0xff, 0xff,
    0xff, 0xff, 0xff, 0xff, 0xff, 0xff, 0xff, 0xff, 0xff, 0xff, 0xff, 0xff, 0xff, 0xff, 0xff, 0xff,
    0xff, 0xff, 0xff, 0xff, 0xff, 0xff, 0xff, 0xff, 0xff, 0xff, 0xff, 0xff, 0xff, 0xff, 0xff, 0xff,
    0xff, 0xff, 0xff, 0xff, 0xff, 0xff, 0xff, 0xff, 0xff, 0xff, 0xff, 0xff, 0xff, 0xff, 0xff, 0xff,
    0xff, 0xff, 0xff, 0xff, 0xff, 0xff, 0xff, 0xff, 0xff, 0xff, 0xff, 0xff, 0xff, 0xff, 0xff, 0xff,
    0xff, 0xff, 0xff, 0xff, 0xff, 0xff, 0xff, 0xff, 0xff, 0xff, 0xff, 0xff, 0xff, 0xff, 0xff, 0xff,
    0xff, 0xff, 0xff, 0xff, 0xff, 0xff, 0xff, 0xff, 0xff, 0xff, 0xff, 0xff, 0xff, 0xff, 0xff, 0xff,
    0xff, 0xff, 0xff, 0xff, 0xff, 0xff, 0xff, 0xff, 0xff, 0xff, 0xff, 0xff, 0xff, 0xff, 0xff, 0xff,
    0xff, 0xff, 0xff, 0xff, 0xff, 0xff, 0xff, 0xff, 0xff, 0xff, 0xff, 0xff, 0xff, 0xff, 0xff, 0xff,
    0xff, 0xff, 0xff, 0xff, 0xff, 0xff, 0xff, 0xff, 0xff, 0xff, 0xff, 0xff, 0xff, 0xff, 0xff, 0xff,
    0xff, 0xff, 0xff, 0xff, 0xff, 0xff, 0xff, 0xff, 0xff, 0xff, 0xff, 0xff, 0xff, 0xff, 0xff, 0xff,
    0xff, 0xff, 0xff, 0xff, 0xff, 0xff, 0xff, 0xff, 0xff, 0xff, 0xff, 0xff, 0xff, 0xff, 0xff, 0xff,
    0xff, 0xff, 0xff, 0xff, 0xff, 0xff, 0xff, 0xff, 0xff, 0xff, 0xff, 0xff, 0xff, 0xff, 0xff, 0xff,
    0xff, 0xff, 0xff, 0xff, 0xff, 0xff, 0xff, 0xff, 0xff, 0xff, 0xff, 0xff, 0xff, 0xff, 0xff, 0xff,
    0xff, 0xff, 0xff, 0xff, 0xff, 0xff, 0xff, 0xff, 0xff, 0xff, 0xff, 0xff, 0xff, 0xff, 0xff, 0xff,
    0xff, 0xff, 0xff, 0xff, 0xff, 0xff, 0xff, 0xff, 0xff, 0xff, 0xff, 0xff, 0xff, 0xff, 0xff, 0xff,
    0xff, 0xff, 0xff, 0xff, 0xff, 0xff, 0xff, 0xff, 0xff, 0xff, 0xff, 0xff, 0xff, 0xff, 0xff, 0xff,
    0xff, 0xff, 0xff, 0xff, 0xff, 0xff, 0xff, 0xff, 0xff, 0xff, 0xff, 0xff, 0xff, 0xff, 0xff, 0xff,
    0xff, 0xff, 0xff, 0xff, 0xff, 0xff, 0xff, 0xff, 0xff, 0xff, 0xff, 0xff, 0xff, 0xff, 0xff, 0xff,
    0xff, 0xff, 0xff, 0xff, 0xff, 0xff, 0xff, 0xff, 0xff, 0xff, 0xff, 0xff, 0xff, 0xff, 0xff, 0xff,
    0xff, 0xff, 0xff, 0xff, 0xff, 0xff, 0xff, 0xff, 0xff, 0xff, 0xff, 0xff, 0xff, 0xff, 0xff, 0xff,
    0xff, 0xff, 0xff, 0xff, 0xff, 0xff, 0xff, 0xff, 0xff, 0xff, 0xff, 0xff, 0xff, 0xff, 0xff, 0xff,
    0xff, 0xff, 0xff, 0xff, 0xff, 0xff, 0xff, 0xff, 0xff, 0xff, 0xff, 0xff, 0xff, 0xff, 0xff, 0xff,
    0xff, 0xff, 0xff, 0xff, 0xff, 0xff, 0xff, 0xff, 0xff, 0xff, 0xff, 0xff, 0xff, 0xff, 0xff, 0xff,
    0xff, 0xff, 0xff, 0xff, 0xff, 0xff, 0xff, 0xff, 0xff, 0xff, 0xff, 0xff, 0xff, 0xff, 0xff, 0xff,
    0xff, 0xff, 0xff, 0xff, 0xff, 0xff, 0xff, 0xff, 0xff, 0xff, 0xff, 0xff, 0xff, 0xff, 0xff, 0xff,
    0xff, 0xff, 0xff, 0xff, 0xff, 0xff, 0xff, 0xff, 0xff, 0xff, 0xff, 0xff, 0xff, 0xff, 0xff, 0xff,
    0xff, 0xff, 0xff, 0xff, 0xff, 0xff, 0xff, 0xff, 0xff, 0xff, 0xff, 0xff, 0xff, 0xff, 0xff, 0xff,
    0xff, 0xff, 0xff, 0xff, 0xff, 0xff, 0xff, 0xff, 0xff, 0xff, 0xff, 0xff, 0xff, 0xff, 0xff, 0xff,
    0xff, 0xff, 0xff, 0xff, 0xff, 0xff, 0xff, 0xff, 0xff, 0xff, 0xff, 0xff, 0xff, 0xff, 0xff, 0xff,
    0xff, 0xff, 0xff, 0xff, 0xff, 0xff, 0xff, 0xff, 0xff, 0xff, 0xff, 0xff, 0xff, 0xff, 0xff, 0xff,
    0xff, 0xff, 0xff, 0xff, 0xff, 0xff, 0xff, 0xff, 0xff, 0xff, 0xff, 0xff, 0xff, 0xff, 0xff, 0xff,
    0xff, 0xff, 0xff, 0xff, 0xff, 0xff, 0xff, 0xff, 0xff, 0xff, 0xff, 0xff, 0xff, 0xff, 0xff, 0xff,
    0xff, 0xff, 0xff, 0xff, 0xff, 0xff, 0xff, 0xff, 0xff, 0xff, 0xff, 0xff, 0xff, 0xff, 0xff, 0xff,
    0xff, 0xff, 0xff, 0xff, 0xff, 0xff, 0xff, 0xff, 0xff, 0xff, 0xff, 0xff, 0xff, 0xff, 0xff, 0xff,
    0xff, 0xff, 0xff, 0xff, 0xff, 0xff, 0xff, 0xff, 0xff, 0xff, 0xff, 0xff, 0xff, 0xff, 0xff, 0xff,
    0xff, 0xff, 0xff, 0xff, 0xff, 0xff, 0xff, 0xff, 0xff, 0xff, 0xff, 0xff, 0xff, 0xff, 0xff, 0xff,
    0xff, 0xff, 0xff, 0xff, 0xff, 0xff, 0xff, 0xff, 0xff, 0xff, 0xff, 0xff, 0xff, 0xff, 0xff, 0xff,
    0xff, 0xff, 0xff, 0xff, 0xff, 0xff, 0xff, 0xff, 0xff, 0xff, 0xff, 0xff, 0xff, 0xff, 0xff, 0xff,
    0xff, 0xff, 0xff, 0xff, 0xff, 0xff, 0xff, 0xff, 0xff, 0xff, 0xff, 0xff, 0xff, 0xff, 0xff, 0xff,
    0xff, 0xff, 0xff, 0xff, 0xff, 0xff, 0xff, 0xff, 0xff, 0xff, 0xff, 0xff, 0xff, 0xff, 0xff, 0xff,
    0xff, 0xff, 0xff, 0xff, 0xff, 0xff, 0xff, 0xff, 0xff, 0xff, 0xff, 0xff, 0xff, 0xff, 0xff, 0xff,
    0xff, 0xff, 0xff, 0xff, 0xff, 0xff, 0xff, 0xff, 0xff, 0xff, 0xff, 0xff, 0xff, 0xff, 0xff, 0xff,
    0xff, 0xff, 0xff, 0xff, 0xff, 0xff, 0xff, 0xff, 0xff, 0xff, 0xff, 0xff, 0xff, 0xff, 0xff, 0xff,
    0xff, 0xff, 0xff, 0xff, 0xff, 0xff, 0xff, 0xff, 0xff, 0xff, 0xff, 0xff, 0xff, 0xff, 0xff, 0xff,
    0xff, 0xff, 0xff, 0xff, 0xff, 0xff, 0xff, 0xff, 0xff, 0xff, 0xff, 0xff, 0xff, 0xff, 0xff, 0xff,
    0xff, 0xff, 0xff, 0xff, 0xff, 0xff, 0xff, 0xff, 0xff, 0xff, 0xff, 0xff, 0xff, 0xff, 0xff, 0xff,
    0xff, 0xff, 0xff, 0xff, 0xff, 0xff, 0xff, 0xff, 0xff, 0xff, 0xff, 0xff, 0xff, 0xff, 0xff, 0xff,
    0xff, 0xff, 0xff, 0xff, 0xff, 0xff, 0xff, 0xff, 0xff, 0xff, 0xff, 0xff, 0xff, 0xff, 0xff, 0xff,
    0xff, 0xff, 0xff, 0xff, 0xff, 0xff, 0xff, 0xff, 0xff, 0xff, 0xff, 0xff, 0xff, 0xff, 0xff, 0xff,
    0xff, 0xff, 0xff, 0xff, 0xff, 0xff, 0xff, 0xff, 0xff, 0xff, 0xff, 0xff, 0xff, 0xff, 0xff, 0xff,
    0xff, 0xff, 0xff, 0xff, 0xff, 0xff, 0xff, 0xff, 0xff, 0xff, 0xff, 0xff, 0xff, 0xff, 0xff, 0xff,
    0xff, 0xff, 0xff, 0xff, 0xff, 0xff, 0xff, 0xff, 0xff, 0xff, 0xff, 0xff, 0xff, 0xff, 0xff, 0xff,
    0xff, 0xff, 0xff, 0xff, 0xff, 0xff, 0xff, 0xff, 0xff, 0xff, 0xff, 0xff, 0xff, 0xff, 0xff, 0xff,
    0xff, 0xff, 0xff, 0xff, 0xff, 0xff, 0xff, 0xff, 0xff, 0xff, 0xff, 0xff, 0xff, 0xff, 0xff, 0xff,
    0xff, 0xff, 0xff, 0xff, 0xff, 0xff, 0xff, 0xff, 0xff, 0xff, 0xff, 0xff, 0xff, 0xff, 0xff, 0xff,
    0xff, 0xff, 0xff, 0xff, 0xff, 0xff, 0xff, 0xff, 0xff, 0xff, 0xff, 0xff, 0xff, 0xff, 0xff, 0xff,
    0xff, 0xff, 0xff, 0xff, 0xff, 0xff, 0xff, 0xff, 0xff, 0xff, 0xff, 0xff, 0xff, 0xff, 0xff, 0xff,
    0xff, 0xff, 0xff, 0xff, 0xff, 0xff, 0xff, 0xff, 0xff, 0xff, 0xff, 0xff, 0xff, 0xff, 0xff, 0xff,
    0xff, 0xff, 0xff, 0xff, 0xff, 0xff, 0xff, 0xff, 0xff, 0xff, 0xff, 0xff, 0xff, 0xff, 0xff, 0xff,
    0xff, 0xff, 0xff, 0xff, 0xff, 0xff, 0xff, 0xff, 0xff, 0xff, 0xff, 0xff, 0xff, 0xff, 0xff, 0xff,
    0xff, 0xff, 0xff, 0xff, 0xff, 0xff, 0xff, 0xff, 0xff, 0xff, 0xff, 0xff, 0xff, 0xff, 0xff, 0xff,
    0xff, 0xff, 0xff, 0xff, 0xff, 0xff, 0xff, 0xff, 0xff, 0xff, 0xff, 0xff, 0xff, 0xff, 0xff, 0xff,
    0xff, 0xff, 0xff, 0xff, 0xff, 0xff, 0xff, 0xff, 0xff, 0xff, 0xff, 0xff, 0xff, 0xff, 0xff, 0xff,
    0xff, 0xff, 0xff, 0xff, 0xff, 0xff, 0xff, 0xff, 0xff, 0xff, 0xff, 0xff, 0xff, 0xff, 0xff, 0xff,
    0xff, 0xff, 0xff, 0xff, 0xff, 0xff, 0xff, 0xff, 0xff, 0xff, 0xff, 0xff, 0xff, 0xff, 0xff, 0xff,
    0xff, 0xff, 0xff, 0xff, 0xff, 0xff, 0xff, 0xff, 0xff, 0xff, 0xff, 0xff, 0xff, 0xff, 0xff, 0xff,
    0xff, 0xff, 0xff, 0xff, 0xff, 0xff, 0xff, 0xff, 0xff, 0xff, 0xff, 0xff, 0xff, 0xff, 0xff, 0xff,
    0xff, 0xff, 0xff, 0xff, 0xff, 0xff, 0xff, 0xff, 0xff, 0xff, 0xff, 0xff, 0xff, 0xff, 0xff, 0xff,
    0xff, 0xff, 0xff, 0xff, 0xff, 0xff, 0xff, 0xff, 0xff, 0xff, 0xff, 0xff, 0xff, 0xff, 0xff, 0xff,
    0xff, 0xff, 0xff, 0xff, 0xff, 0xff, 0xff, 0xff, 0xff, 0xff, 0xff, 0xff, 0xff, 0xff, 0xff, 0xff,
    0xff, 0xff, 0xff, 0xff, 0xff, 0xff, 0xff, 0xff, 0xff, 0xff, 0xff, 0xff, 0xff, 0xff, 0xff, 0xff,
    0xff, 0xff, 0xff, 0xff, 0xff, 0xff, 0xff, 0xff, 0xff, 0xff, 0xff, 0xff, 0xff, 0xff, 0xff, 0xff,
    0xff, 0xff, 0xff, 0xff, 0xff, 0xff, 0xff, 0xff, 0xff, 0xff, 0xff, 0xff, 0xff, 0xff, 0xff, 0xff,
    0xff, 0xff, 0xff, 0xff, 0xff, 0xff, 0xff, 0xff, 0xff, 0xff, 0xff, 0xff, 0xff, 0xff, 0xff, 0xff,
    0xff, 0xff, 0xff, 0xff, 0xff, 0xff, 0xff, 0xff, 0xff, 0xff, 0xff, 0xff, 0xff, 0xff, 0xff, 0xff,
    0xff, 0xff, 0xff, 0xff, 0xff, 0xff, 0xff, 0xff, 0xff, 0xff, 0xff, 0xff, 0xff, 0xff, 0xff, 0xff,
    0xff, 0xff, 0xff, 0xff, 0xff, 0xff, 0xff, 0xff, 0xff, 0xff, 0xff, 0xff, 0xff, 0xff, 0xff, 0xff,
    0xff, 0xff, 0xff, 0xff, 0xff, 0xff, 0xff, 0xff, 0xff, 0xff, 0xff, 0xff, 0xff, 0xff, 0xff, 0xff,
    0xff, 0xff, 0xff, 0xff, 0xff, 0xff, 0xff, 0xff, 0xff, 0xff, 0xff, 0xff, 0xff, 0xff, 0xff, 0xff,
    0xff, 0xff, 0xff, 0xff, 0xff, 0xff, 0xff, 0xff, 0xff, 0xff, 0xff, 0xff, 0xff, 0xff, 0xff, 0xff,
    0xff, 0xff, 0xff, 0xff, 0xff, 0xff, 0xff, 0xff, 0xff, 0xff, 0xff, 0xff, 0xff, 0xff, 0xff, 0xff,
    0xff, 0xff, 0xff, 0xff, 0xff, 0xff, 0xff, 0xff, 0xff, 0xff, 0xff, 0xff, 0xff, 0xff, 0xff, 0xff,
    0xff, 0xff, 0xff, 0xff, 0xff, 0xff, 0xff, 0xff, 0xff, 0xff, 0xff, 0xff, 0xff, 0xff, 0xff, 0xff,
    0xff, 0xff, 0xff, 0xff, 0xff, 0xff, 0xff, 0xff, 0xff, 0xff, 0xff, 0xff, 0xff, 0xff, 0xff, 0xff,
    0xff, 0xff, 0xff, 0xff, 0xff, 0xff, 0xff, 0xff, 0xff, 0xff, 0xff, 0xff, 0xff, 0xff, 0xff, 0xff,
    0xff, 0xff, 0xff, 0xff, 0xff, 0xff, 0xff, 0xff, 0xff, 0xff, 0xff, 0xff, 0xff, 0xff, 0xff, 0xff,
    0xff, 0xff, 0xff, 0xff, 0xff, 0xff, 0xff, 0xff, 0xff, 0xff, 0xff, 0xff, 0xff, 0xff, 0xff, 0xff,
    0xff, 0xff, 0xff, 0xff, 0xff, 0xff, 0xff, 0xff, 0xff, 0xff, 0xff, 0xff, 0xff, 0xff, 0xff, 0xff,
    0xff, 0xff, 0xff, 0xff, 0xff, 0xff, 0xff, 0xff, 0xff, 0xff, 0xff, 0xff, 0xff, 0xff, 0xff, 0xff,
    0xff, 0xff, 0xff, 0xff, 0xff, 0xff, 0xff, 0xff, 0xff, 0xff, 0xff, 0xff, 0xff, 0xff, 0xff, 0xff,
    0xff, 0xff, 0xff, 0xff, 0xff, 0xff, 0xff, 0xff, 0xff, 0xff, 0xff, 0xff, 0xff, 0xff, 0xff, 0xff,
    0xff, 0xff, 0xff, 0xff, 0xff, 0xff, 0xff, 0xff, 0xff, 0xff, 0xff, 0xff, 0xff, 0xff, 0xff, 0xff,
    0xff, 0xff, 0xff, 0xff, 0xff, 0xff, 0xff, 0xff, 0xff, 0xff, 0xff, 0xff, 0xff, 0xff, 0xff, 0xff,
    0xff, 0xff, 0xff, 0xff, 0xff, 0xff, 0xff, 0xff, 0xff, 0xff, 0xff, 0xff, 0xff, 0xff, 0xff, 0xff,
    0xff, 0xff, 0xff, 0xff, 0xff, 0xff, 0xff, 0xff, 0xff, 0xff, 0xff, 0xff, 0xff, 0xff, 0xff, 0xff,
    0xff, 0xff, 0xff, 0xff, 0xff, 0xff, 0xff, 0xff, 0xff, 0xff, 0xff, 0xff, 0xff, 0xff, 0xff, 0xff,
    0xff, 0xff, 0xff, 0xff, 0xff, 0xff, 0xff, 0xff, 0xff, 0xff, 0xff, 0xff, 0xff, 0xff, 0xff, 0xff,
    0xff, 0xff, 0xff, 0xff, 0xff, 0xff, 0xff, 0xff, 0xff, 0xff, 0xff, 0xff, 0xff, 0xff, 0xff, 0xff,
    0xff, 0xff, 0xff, 0xff, 0xff, 0xff, 0xff, 0xff, 0xff, 0xff, 0xff, 0xff, 0xff, 0xff, 0xff, 0xff,
    0xff, 0xff, 0xff, 0xff, 0xff, 0xff, 0xff, 0xff, 0xff, 0xff, 0xff, 0xff, 0xff, 0xff, 0xff, 0xff,
    0xff, 0xff, 0xff, 0xff, 0xff, 0xff, 0xff, 0xff, 0xff, 0xff, 0xff, 0xff, 0xff, 0xff, 0xff, 0xff,
    0xff, 0xff, 0xff, 0xff, 0xff, 0xff, 0xff, 0xff, 0xff, 0xff, 0xff, 0xff, 0xff, 0xff, 0xff, 0xff,
    0xff, 0xff, 0xff, 0xff, 0xff, 0xff, 0xff, 0xff, 0xff, 0xff, 0xff, 0xff, 0xff, 0xff, 0xff, 0xff,
    0xff, 0xff, 0xff, 0xff, 0xff, 0xff, 0xff, 0xff, 0xff, 0xff, 0xff, 0xff, 0xff, 0xff, 0xff, 0xff,
    0xff, 0xff, 0xff, 0xff, 0xff, 0xff, 0xff, 0xff, 0xff, 0xff, 0xff, 0xff, 0xff, 0xff, 0xff, 0xff,
    0xff, 0xff, 0xff, 0xff, 0xff, 0xff, 0xff, 0xff, 0xff, 0xff, 0xff, 0xff, 0xff, 0xff, 0xff, 0xff,
    0xff, 0xff, 0xff, 0xff, 0xff, 0xff, 0xff, 0xff, 0xff, 0xff, 0xff, 0xff, 0xff, 0xff, 0xff, 0xff,
    0xff, 0xff, 0xff, 0xff, 0xff, 0xff, 0xff, 0xff, 0xff, 0xff, 0xff, 0xff, 0xff, 0xff, 0xff, 0xff,
    0xff, 0xff, 0xff, 0xff, 0xff, 0xff, 0xff, 0xff, 0xff, 0xff, 0xff, 0xff, 0xff, 0xff, 0xff, 0xff,
    0xff, 0xff, 0xff, 0xff, 0xff, 0xff, 0xff, 0xff, 0xff, 0xff, 0xff, 0xff, 0xff, 0xff, 0xff, 0xff,
    0xff, 0xff, 0xff, 0xff, 0xff, 0xff, 0xff, 0xff, 0xff, 0xff, 0xff, 0xff, 0xff, 0xff, 0xff, 0xff,
    0xff, 0xff, 0xff, 0xff, 0xff, 0xff, 0xff, 0xff, 0xff, 0xff, 0xff, 0xff, 0xff, 0xff, 0xff, 0xff,
    0xff, 0xff, 0xff, 0xff, 0xff, 0xff, 0xff, 0xff, 0xff, 0xff, 0xff, 0xff, 0xff, 0xff, 0xff, 0xff,
    0xff, 0xff, 0xff, 0xff, 0xff, 0xff, 0xff, 0xff, 0xff, 0xff, 0xff, 0xff, 0xff, 0xff, 0xff, 0xff,
    0xff, 0xff, 0xff, 0xff, 0xff, 0xff, 0xff, 0xff, 0xff, 0xff, 0xff, 0xff, 0xff, 0xff, 0xff, 0xff,
    0xff, 0xff, 0xff, 0xff, 0xff, 0xff, 0xff, 0xff, 0xff, 0xff, 0xff, 0xff, 0xff, 0xff, 0xff, 0xff,
    0xff, 0xff, 0xff, 0xff, 0xff, 0xff, 0xff, 0xff, 0xff, 0xff, 0xff, 0xff, 0xff, 0xff, 0xff, 0xff,
    0xff, 0xff, 0xff, 0xff, 0xff, 0xff, 0xff, 0xff, 0xff, 0xff, 0xff, 0xff, 0xff, 0xff, 0xff, 0xff,
    0xff, 0xff, 0xff, 0xff, 0xff, 0xff, 0xff, 0xff, 0xff, 0xff, 0xff, 0xff, 0xff, 0xff, 0xff, 0xff,
    0xff, 0xff, 0xff, 0xff, 0xff, 0xff, 0xff, 0xff, 0xff, 0xff, 0xff, 0xff, 0xff, 0xff, 0xff, 0xff,
    0xff, 0xff, 0xff, 0xff, 0xff, 0xff, 0xff, 0xff, 0xff, 0xff, 0xff, 0xff, 0xff, 0xff, 0xff, 0xff,
    0xff, 0xff, 0xff, 0xff, 0xff, 0xff, 0xff, 0xff, 0xff, 0xff, 0xff, 0xff, 0xff, 0xff, 0xff, 0xff,
    0xff, 0xff, 0xff, 0xff, 0xff, 0xff, 0xff, 0xff, 0xff, 0xff, 0xff, 0xff, 0xff, 0xff, 0xff, 0xff,
    0xff, 0xff, 0xff, 0xff, 0xff, 0xff, 0xff, 0xff, 0xff, 0xff, 0xff, 0xff, 0xff, 0xff, 0xff, 0xff,
    0xff, 0xff, 0xff, 0xff, 0xff, 0xff, 0xff, 0xff, 0xff, 0xff, 0xff, 0xff, 0xff, 0xff, 0xff, 0xff,
    0xff, 0xff, 0xff, 0xff, 0xff, 0xff, 0xff, 0xff, 0xff, 0xff, 0xff, 0xff, 0xff, 0xff, 0xff, 0xff,
    0xff, 0xff, 0xff, 0xff, 0xff, 0xff, 0xff, 0xff, 0xff, 0xff, 0xff, 0xff, 0xff, 0xff, 0xff, 0xff,
    0xff, 0xff, 0xff, 0xff, 0xff, 0xff, 0xff, 0xff, 0xff, 0xff, 0xff, 0xff, 0xff, 0xff, 0xff, 0xff,
    0xff, 0xff, 0xff, 0xff, 0xff, 0xff, 0xff, 0xff, 0xff, 0xff, 0xff, 0xff, 0xff, 0xff, 0xff, 0xff,
    0xff, 0xff, 0xff, 0xff, 0xff, 0xff, 0xff, 0xff, 0xff, 0xff, 0xff, 0xff, 0xff, 0xff, 0xff, 0xff,
    0xff, 0xff, 0xff, 0xff, 0xff, 0xff, 0xff, 0xff, 0xff, 0xff, 0xff, 0xff, 0xff, 0xff, 0xff, 0xff,
    0xff, 0xff, 0xff, 0xff, 0xff, 0xff, 0xff, 0xff, 0xff, 0xff, 0xff, 0xff, 0xff, 0xff, 0xff, 0xff,
    0xff, 0xff, 0xff, 0xff, 0xff, 0xff, 0xff, 0xff, 0xff, 0xff, 0xff, 0xff, 0xff, 0xff, 0xff, 0xff,
    0xff, 0xff, 0xff, 0xff, 0xff, 0xff, 0xff, 0xff, 0xff, 0xff, 0xff, 0xff, 0xff, 0xff, 0xff, 0xff,
    0xff, 0xff, 0xff, 0xff, 0xff, 0xff, 0xff, 0xff, 0xff, 0xff, 0xff, 0xff, 0xff, 0xff, 0xff, 0xff,
    0xff, 0xff, 0xff, 0xff, 0xff, 0xff, 0xff, 0xff, 0xff, 0xff, 0xff, 0xff, 0xff, 0xff, 0xff, 0xff,
    0xff, 0xff, 0xff, 0xff, 0xff, 0xff, 0xff, 0xff, 0xff, 0xff, 0xff, 0xff, 0xff, 0xff, 0xff, 0xff,
    0xff, 0xff, 0xff, 0xff, 0xff, 0xff, 0xff, 0xff, 0xff, 0xff, 0xff, 0xff, 0xff, 0xff, 0xff, 0xff,
    0xff, 0xff, 0xff, 0xff, 0xff, 0xff, 0xff, 0xff, 0xff, 0xff, 0xff, 0xff, 0xff, 0xff, 0xff, 0xff,
    0xff, 0xff, 0xff, 0xff, 0xff, 0xff, 0xff, 0xff, 0xff, 0xff, 0xff, 0xff, 0xff, 0xff, 0xff, 0xff,
    0xff, 0xff, 0xff, 0xff, 0xff, 0xff, 0xff, 0xff, 0xff, 0xff, 0xff, 0xff, 0xff, 0xff, 0xff, 0xff,
    0xff, 0xff, 0xff, 0xff, 0xff, 0xff, 0xff, 0xff, 0xff, 0xff, 0xff, 0xff, 0xff, 0xff, 0xff, 0xff,
    0xff, 0xff, 0xff, 0xff, 0xff, 0xff, 0xff, 0xff, 0xff, 0xff, 0xff, 0xff, 0xff, 0xff, 0xff, 0xff,
    0xff, 0xff, 0xff, 0xff, 0xff, 0xff, 0xff, 0xff, 0xff, 0xff, 0xff, 0xff, 0xff, 0xff, 0xff, 0xff,
    0xff, 0xff, 0xff, 0xff, 0xff, 0xff, 0xff, 0xff, 0xff, 0xff, 0xff, 0xff, 0xff, 0xff, 0xff, 0xff,
    0xff, 0xff, 0xff, 0xff, 0xff, 0xff, 0xff, 0xff, 0xff, 0xff, 0xff, 0xff, 0xff, 0xff, 0xff, 0xff,
    0xff, 0xff, 0xff, 0xff, 0xff, 0xff, 0xff, 0xff, 0xff, 0xff, 0xff, 0xff, 0xff, 0xff, 0xff, 0xff,
    0xff, 0xff, 0xff, 0xff, 0xff, 0xff, 0xff, 0xff, 0xff, 0xff, 0xff, 0xff, 0xff, 0xff, 0xff, 0xff,
    0xff, 0xff, 0xff, 0xff, 0xff, 0xff, 0xff, 0xff, 0xff, 0xff, 0xff, 0xff, 0xff, 0xff, 0xff, 0xff,
    0xff, 0xff, 0xff, 0xff, 0xff, 0xff, 0xff, 0xff, 0xff, 0xff, 0xff, 0xff, 0xff, 0xff, 0xff, 0xff,
    0xff, 0xff, 0xff, 0xff, 0xff, 0xff, 0xff, 0xff, 0xff, 0xff, 0xff, 0xff, 0xff, 0xff, 0xff, 0xff,
    0xff, 0xff, 0xff, 0xff, 0xff, 0xff, 0xff, 0xff, 0xff, 0xff, 0xff, 0xff, 0xff, 0xff, 0xff, 0xff,
    0xff, 0xff, 0xff, 0xff, 0xff, 0xff, 0xff, 0xff, 0xff, 0xff, 0xff, 0xff, 0xff, 0xff, 0xff, 0xff,
    0xff, 0xff, 0xff, 0xff, 0xff, 0xff, 0xff, 0xff, 0xff, 0xff, 0xff, 0xff, 0xff, 0xff, 0xff, 0xff,
    0xff, 0xff, 0xff, 0xff, 0xff, 0xff, 0xff, 0xff, 0xff, 0xff, 0xff, 0xff, 0xff, 0xff, 0xff, 0xff,
    0xff, 0xff, 0xff, 0xff, 0xff, 0xff, 0xff, 0xff, 0xff, 0xff, 0xff, 0xff, 0xff, 0xff, 0xff, 0xff,
    0xff, 0xff, 0xff, 0xff, 0xff, 0xff, 0xff, 0xff, 0xff, 0xff, 0xff, 0xff, 0xff, 0xff, 0xff, 0xff,
    0xff, 0xff, 0xff, 0xff, 0xff, 0xff, 0xff, 0xff, 0xff, 0xff, 0xff, 0xff, 0xff, 0xff, 0xff, 0xff,
    0xff, 0xff, 0xff, 0xff, 0xff, 0xff, 0xff, 0xff, 0xff, 0xff, 0xff, 0xff, 0xff, 0xff, 0xff, 0xff,
    0xff, 0xff, 0xff, 0xff, 0xff, 0xff, 0xff, 0xff, 0xff, 0xff, 0xff, 0xff, 0xff, 0xff, 0xff, 0xff,
    0xff, 0xff, 0xff, 0xff, 0xff, 0xff, 0xff, 0xff, 0xff, 0xff, 0xff, 0xff, 0xff, 0xff, 0xff, 0xff,
    0xff, 0xff, 0xff, 0xff, 0xff, 0xff, 0xff, 0xff, 0xff, 0xff, 0xff, 0xff, 0xff, 0xff, 0xff, 0xff,
    0xff, 0xff, 0xff, 0xff, 0xff, 0xff, 0xff, 0xff, 0xff, 0xff, 0xff, 0xff, 0xff, 0xff, 0xff, 0xff,
    0xff, 0xff, 0xff, 0xff, 0xff, 0xff, 0xff, 0xff, 0xff, 0xff, 0xff, 0xff, 0xff, 0xff, 0xff, 0xff,
    0xff, 0xff, 0xff, 0xff, 0xff, 0xff, 0xff, 0xff, 0xff, 0xff, 0xff, 0xff, 0xff, 0xff, 0xff, 0xff,
    0xff, 0xff, 0xff, 0xff, 0xff, 0xff, 0xff, 0xff, 0xff, 0xff, 0xff, 0xff, 0xff, 0xff, 0xff, 0xff,
    0xff, 0xff, 0xff, 0xff, 0xff, 0xff, 0xff, 0xff, 0xff, 0xff, 0xff, 0xff, 0xff, 0xff, 0xff, 0xff,
    0xff, 0xff, 0xff, 0xff, 0xff, 0xff, 0xff, 0xff, 0xff, 0xff, 0xff, 0xff, 0xff, 0xff, 0xff, 0xff,
    0xff, 0xff, 0xff, 0xff, 0xff, 0xff, 0xff, 0xff, 0xff, 0xff, 0xff, 0xff, 0xff, 0xff, 0xff, 0xff,
    0xff, 0xff, 0xff, 0xff, 0xff, 0xff, 0xff, 0xff, 0xff, 0xff, 0xff, 0xff, 0xff, 0xff, 0xff, 0xff,
    0xff, 0xff, 0xff, 0xff, 0xff, 0xff, 0xff, 0xff, 0xff, 0xff, 0xff, 0xff, 0xff, 0xff, 0xff, 0xff,
    0xff, 0xff, 0xff, 0xff, 0xff, 0xff, 0xff, 0xff, 0xff, 0xff, 0xff, 0xff, 0xff, 0xff, 0xff, 0xff,
    0xff, 0xff, 0xff, 0xff, 0xff, 0xff, 0xff, 0xff, 0xff, 0xff, 0xff, 0xff, 0xff, 0xff, 0xff, 0xff,
    0xff, 0xff, 0xff, 0xff, 0xff, 0xff, 0xff, 0xff, 0xff, 0xff, 0xff, 0xff, 0xff, 0xff, 0xff, 0xff,
    0xff, 0xff, 0xff, 0xff, 0xff, 0xff, 0xff, 0xff, 0xff, 0xff, 0xff, 0xff, 0xff, 0xff, 0xff, 0xff,
    0xff, 0xff, 0xff, 0xff, 0xff, 0xff, 0xff, 0xff, 0xff, 0xff, 0xff, 0xff, 0xff, 0xff, 0xff, 0xff,
    0xff, 0xff, 0xff, 0xff, 0xff, 0xff, 0xff, 0xff, 0xff, 0xff, 0xff, 0xff, 0xff, 0xff, 0xff, 0xff,
    0xff, 0xff, 0xff, 0xff, 0xff, 0xff, 0xff, 0xff, 0xff, 0xff, 0xff, 0xff, 0xff, 0xff, 0xff, 0xff,
    0xff, 0xff, 0xff, 0xff, 0xff, 0xff, 0xff, 0xff, 0xff, 0xff, 0xff, 0xff, 0xff, 0xff, 0xff, 0xff,
    0xff, 0xff, 0xff, 0xff, 0xff, 0xff, 0xff, 0xff, 0xff, 0xff, 0xff, 0xff, 0xff, 0xff, 0xff, 0xff,
    0xff, 0xff, 0xff, 0xff, 0xff, 0xff, 0xff, 0xff, 0xff, 0xff, 0xff, 0xff, 0xff, 0xff, 0xff, 0xff,
    0xff, 0xff, 0xff, 0xff, 0xff, 0xff, 0xff, 0xff, 0xff, 0xff, 0xff, 0xff, 0xff, 0xff, 0xff, 0xff,
    0xff, 0xff, 0xff, 0xff, 0xff, 0xff, 0xff, 0xff, 0xff, 0xff, 0xff, 0xff, 0xff, 0xff, 0xff, 0xff,
    0xff, 0xff, 0xff, 0xff, 0xff, 0xff, 0xff, 0xff, 0xff, 0xff, 0xff, 0xff, 0xff, 0xff, 0xff, 0xff,
    0xff, 0xff, 0xff, 0xff, 0xff, 0xff, 0xff, 0xff, 0xff, 0xff, 0xff, 0xff, 0xff, 0xff, 0xff, 0xff,
    0xff, 0xff, 0xff, 0xff, 0xff, 0xff, 0xff, 0xff, 0xff, 0xff, 0xff, 0xff, 0xff, 0xff, 0xff, 0xff,
    0xff, 0xff, 0xff, 0xff, 0xff, 0xff, 0xff, 0xff, 0xff, 0xff, 0xff, 0xff, 0xff, 0xff, 0xff, 0xff,
    0xff, 0xff, 0xff, 0xff, 0xff, 0xff, 0xff, 0xff, 0xff, 0xff, 0xff, 0xff, 0xff, 0xff, 0xff, 0xff,
    0xff, 0xff, 0xff, 0xff, 0xff, 0xff, 0xff, 0xff, 0xff, 0xff, 0xff, 0xff, 0xff, 0xff, 0xff, 0xff,
    0xff, 0xff, 0xff, 0xff, 0xff, 0xff, 0xff, 0xff, 0xff, 0xff, 0xff, 0xff, 0xff, 0xff, 0xff, 0xff,
    0xff, 0xff, 0xff, 0xff, 0xff, 0xff, 0xff, 0xff, 0xff, 0xff, 0xff, 0xff, 0xff, 0xff, 0xff, 0xff,
    0xff, 0xff, 0xff, 0xff, 0xff, 0xff, 0xff, 0xff, 0xff, 0xff, 0xff, 0xff, 0xff, 0xff, 0xff, 0xff,
    0xff, 0xff, 0xff, 0xff, 0xff, 0xff, 0xff, 0xff, 0xff, 0xff, 0xff, 0xff, 0xff, 0xff, 0xff, 0xff,
    0xff, 0xff, 0xff, 0xff, 0xff, 0xff, 0xff, 0xff, 0xff, 0xff, 0xff, 0xff, 0xff, 0xff, 0xff, 0xff,
    0xff, 0xff, 0xff, 0xff, 0xff, 0xff, 0xff, 0xff, 0xff, 0xff, 0xff, 0xff, 0xff, 0xff, 0xff, 0xff,
    0xff, 0xff, 0xff, 0xff, 0xff, 0xff, 0xff, 0xff, 0xff, 0xff, 0xff, 0xff, 0xff, 0xff, 0xff, 0xff,
    0xff, 0xff, 0xff, 0xff, 0xff, 0xff, 0xff, 0xff, 0xff, 0xff, 0xff, 0xff, 0xff, 0xff, 0xff, 0xff,
    0xff, 0xff, 0xff, 0xff, 0xff, 0xff, 0xff, 0xff, 0xff, 0xff, 0xff, 0xff, 0xff, 0xff, 0xff, 0xff,
    0xff, 0xff, 0xff, 0xff, 0xff, 0xff, 0xff, 0xff, 0xff, 0xff, 0xff, 0xff, 0xff, 0xff, 0xff, 0xff,
    0xff, 0xff, 0xff, 0xff, 0xff, 0xff, 0xff, 0xff, 0xff, 0xff, 0xff, 0xff, 0xff, 0xff, 0xff, 0xff,
    0xff, 0xff, 0xff, 0xff, 0xff, 0xff, 0xff, 0xff, 0xff, 0xff, 0xff, 0xff, 0xff, 0xff, 0xff, 0xff,
    0xff, 0xff, 0xff, 0xff, 0xff, 0xff, 0xff, 0xff, 0xff, 0xff, 0xff, 0xff, 0xff, 0xff, 0xff, 0xff,
    0xff, 0xff, 0xff, 0xff, 0xff, 0xff, 0xff, 0xff, 0xff, 0xff, 0xff, 0xff, 0xff, 0xff, 0xff, 0xff,
    0xff, 0xff, 0xff, 0xff, 0xff, 0xff, 0xff, 0xff, 0xff, 0xff, 0xff, 0xff, 0xff, 0xff, 0xff, 0xff,
    0xff, 0xff, 0xff, 0xff, 0xff, 0xff, 0xff, 0xff, 0xff, 0xff, 0xff, 0xff, 0xff, 0xff, 0xff, 0xff,
    0xff, 0xff, 0xff, 0xff, 0xff, 0xff, 0xff, 0xff, 0xff, 0xff, 0xff, 0xff, 0xff, 0xff, 0xff, 0xff,
    0xff, 0xff, 0xff, 0xff, 0xff, 0xff, 0xff, 0xff, 0xff, 0xff, 0xff, 0xff, 0xff, 0xff, 0xff, 0xff,
    0xff, 0xff, 0xff, 0xff, 0xff, 0xff, 0xff, 0xff, 0xff, 0xff, 0xff, 0xff, 0xff, 0xff, 0xff, 0xff,
    0xff, 0xff, 0xff, 0xff, 0xff, 0xff, 0xff, 0xff, 0xff, 0xff, 0xff, 0xff, 0xff, 0xff, 0xff, 0xff,
    0xff, 0xff, 0xff, 0xff, 0xff, 0xff, 0xff, 0xff, 0xff, 0xff, 0xff, 0xff, 0xff, 0xff, 0xff, 0xff,
    0xff, 0xff, 0xff, 0xff, 0xff, 0xff, 0xff, 0xff, 0xff, 0xff, 0xff, 0xff, 0xff, 0xff, 0xff, 0xff,
    0xff, 0xff, 0xff, 0xff, 0xff, 0xff, 0xff, 0xff, 0xff, 0xff, 0xff, 0xff, 0xff, 0xff, 0xff, 0xff,
    0xff, 0xff, 0xff, 0xff, 0xff, 0xff, 0xff, 0xff, 0xff, 0xff, 0xff, 0xff, 0xff, 0xff, 0xff, 0xff,
    0xff, 0xff, 0xff, 0xff, 0xff, 0xff, 0xff, 0xff, 0xff, 0xff, 0xff, 0xff, 0xff, 0xff, 0xff, 0xff,
    0xff, 0xff, 0xff, 0xff, 0xff, 0xff, 0xff, 0xff, 0xff, 0xff, 0xff, 0xff, 0xff, 0xff, 0xff, 0xff,
    0xff, 0xff, 0xff, 0xff, 0xff, 0xff, 0xff, 0xff, 0xff, 0xff, 0xff, 0xff, 0xff, 0xff, 0xff, 0xff,
    0xff, 0xff, 0xff, 0xff, 0xff, 0xff, 0xff, 0xff, 0xff, 0xff, 0xff, 0xff, 0xff, 0xff, 0xff, 0xff,
    0xff, 0xff, 0xff, 0xff, 0xff, 0xff, 0xff, 0xff, 0xff, 0xff, 0xff, 0xff, 0xff, 0xff, 0xff, 0xff,
    0xff, 0xff, 0xff, 0xff, 0xff, 0xff, 0xff, 0xff, 0xff, 0xff, 0xff, 0xff, 0xff, 0xff, 0xff, 0xff,
    0xff, 0xff, 0xff, 0xff, 0xff, 0xff, 0xff, 0xff, 0xff, 0xff, 0xff, 0xff, 0xff, 0xff, 0xff, 0xff,
    0xff, 0xff, 0xff, 0xff, 0xff, 0xff, 0xff, 0xff, 0xff, 0xff, 0xff, 0xff, 0xff, 0xff, 0xff, 0xff,
    0xff, 0xff, 0xff, 0xff, 0xff, 0xff, 0xff, 0xff, 0xff, 0xff, 0xff, 0xff, 0xff, 0xff, 0xff, 0xff,
    0xff, 0xff, 0xff, 0xff, 0xff, 0xff, 0xff, 0xff, 0xff, 0xff, 0xff, 0xff, 0xff, 0xff, 0xff, 0xff,
    0xff, 0xff, 0xff, 0xff, 0xff, 0xff, 0xff, 0xff, 0xff, 0xff, 0xff, 0xff, 0xff, 0xff, 0xff, 0xff,
    0xff, 0xff, 0xff, 0xff, 0xff, 0xff, 0xff, 0xff, 0xff, 0xff, 0xff, 0xff, 0xff, 0xff, 0xff, 0xff,
    0xff, 0xff, 0xff, 0xff, 0xff, 0xff, 0xff, 0xff, 0xff, 0xff, 0xff, 0xff, 0xff, 0xff, 0xff, 0xff,
    0xff, 0xff, 0xff, 0xff, 0xff, 0xff, 0xff, 0xff, 0xff, 0xff, 0xff, 0xff, 0xff, 0xff, 0xff, 0xff,
    0xff, 0xff, 0xff, 0xff, 0xff, 0xff, 0xff, 0xff, 0xff, 0xff, 0xff, 0xff, 0xff, 0xff, 0xff, 0xff,
    0xff, 0xff, 0xff, 0xff, 0xff, 0xff, 0xff, 0xff, 0xff, 0xff, 0xff, 0xff, 0xff, 0xff, 0xff, 0xff,
    0xff, 0xff, 0xff, 0xff, 0xff, 0xff, 0xff, 0xff, 0xff, 0xff, 0xff, 0xff, 0xff, 0xff, 0xff, 0xff,
    0xff, 0xff, 0xff, 0xff, 0xff, 0xff, 0xff, 0xff, 0xff, 0xff, 0xff, 0xff, 0xff, 0xff, 0xff, 0xff,
    0xff, 0xff, 0xff, 0xff, 0xff, 0xff, 0xff, 0xff, 0xff, 0xff, 0xff, 0xff, 0xff, 0xff, 0xff, 0xff,
    0xff, 0xff, 0xff, 0xff, 0xff, 0xff, 0xff, 0xff, 0xff, 0xff, 0xff, 0xff, 0xff, 0xff, 0xff, 0xff,
    0xff, 0xff, 0xff, 0xff, 0xff, 0xff, 0xff, 0xff, 0xff, 0xff, 0xff, 0xff, 0xff, 0xff, 0xff, 0xff,
    0xff, 0xff, 0xff, 0xff, 0xff, 0xff, 0xff, 0xff, 0xff, 0xff, 0xff, 0xff, 0xff, 0xff, 0xff, 0xff,
    0xff, 0xff, 0xff, 0xff, 0xff, 0xff, 0xff, 0xff, 0xff, 0xff, 0xff, 0xff, 0xff, 0xff, 0xff, 0xff,
    0xff, 0xff, 0xff, 0xff, 0xff, 0xff, 0xff, 0xff, 0xff, 0xff, 0xff, 0xff, 0xff, 0xff, 0xff, 0xff,
    0xff, 0xff, 0xff, 0xff, 0xff, 0xff, 0xff, 0xff, 0xff, 0xff, 0xff, 0xff, 0xff, 0xff, 0xff, 0xff,
    0xff, 0xff, 0xff, 0xff, 0xff, 0xff, 0xff, 0xff, 0xff, 0xff, 0xff, 0xff, 0xff, 0xff, 0xff, 0xff,
    0xff, 0xff, 0xff, 0xff, 0xff, 0xff, 0xff, 0xff, 0xff, 0xff, 0xff, 0xff, 0xff, 0xff, 0xff, 0xff,
    0xff, 0xff, 0xff, 0xff, 0xff, 0xff, 0xff, 0xff, 0xff, 0xff, 0xff, 0xff, 0xff, 0xff, 0xff, 0xff,
    0xff, 0xff, 0xff, 0xff, 0xff, 0xff, 0xff, 0xff, 0xff, 0xff, 0xff, 0xff, 0xff, 0xff, 0xff, 0xff,
    0xff, 0xff, 0xff, 0xff, 0xff, 0xff, 0xff, 0xff, 0xff, 0xff, 0xff, 0xff, 0xff, 0xff, 0xff, 0xff,
    0xff, 0xff, 0xff, 0xff, 0xff, 0xff, 0xff, 0xff, 0xff, 0xff, 0xff, 0xff, 0xff, 0xff, 0xff, 0xff,
    0xff, 0xff, 0xff, 0xff, 0xff, 0xff, 0xff, 0xff, 0xff, 0xff, 0xff, 0xff, 0xff, 0xff, 0xff, 0xff,
    0xff, 0xff, 0xff, 0xff, 0xff, 0xff, 0xff, 0xff, 0xff, 0xff, 0xff, 0xff, 0xff, 0xff, 0xff, 0xff,
    0xff, 0xff, 0xff, 0xff, 0xff, 0xff, 0xff, 0xff, 0xff, 0xff, 0xff, 0xff, 0xff, 0xff, 0xff, 0xff,
    0xff, 0xff, 0xff, 0xff, 0xff, 0xff, 0xff, 0xff, 0xff, 0xff, 0xff, 0xff, 0xff, 0xff, 0xff, 0xff,
    0xff, 0xff, 0xff, 0xff, 0xff, 0xff, 0xff, 0xff, 0xff, 0xff, 0xff, 0xff, 0xff, 0xff, 0xff, 0xff,
    0xff, 0xff, 0xff, 0xff, 0xff, 0xff, 0xff, 0xff, 0xff, 0xff, 0xff, 0xff, 0xff, 0xff, 0xff, 0xff,
    0xff, 0xff, 0xff, 0xff, 0xff, 0xff, 0xff, 0xff, 0xff, 0xff, 0xff, 0xff, 0xff, 0xff, 0xff, 0xff,
    0xff, 0xff, 0xff, 0xff, 0xff, 0xff, 0xff, 0xff, 0xff, 0xff, 0xff, 0xff, 0xff, 0xff, 0xff, 0xff,
    0xff, 0xff, 0xff, 0xff, 0xff, 0xff, 0xff, 0xff, 0xff, 0xff, 0xff, 0xff, 0xff, 0xff, 0xff, 0xff,
    0xff, 0xff, 0xff, 0xff, 0xff, 0xff, 0xff, 0xff, 0xff, 0xff, 0xff, 0xff, 0xff, 0xff, 0xff, 0xff,
    0xff, 0xff, 0xff, 0xff, 0xff, 0xff, 0xff, 0xff, 0xff, 0xff, 0xff, 0xff, 0xff, 0xff, 0xff, 0xff,
    0xff, 0xff, 0xff, 0xff, 0xff, 0xff, 0xff, 0xff, 0xff, 0xff, 0xff, 0xff, 0xff, 0xff, 0xff, 0xff,
    0xff, 0xff, 0xff, 0xff, 0xff, 0xff, 0xff, 0xff, 0xff, 0xff, 0xff, 0xff, 0xff, 0xff, 0xff, 0xff,
    0xff, 0xff, 0xff, 0xff, 0xff, 0xff, 0xff, 0xff, 0xff, 0xff, 0xff, 0xff, 0xff, 0xff, 0xff, 0xff,
    0xff, 0xff, 0xff, 0xff, 0xff, 0xff, 0xff, 0xff, 0xff, 0xff, 0xff, 0xff, 0xff, 0xff, 0xff, 0xff,
    0xff, 0xff, 0xff, 0xff, 0xff, 0xff, 0xff, 0xff, 0xff, 0xff, 0xff, 0xff, 0xff, 0xff, 0xff, 0xff,
    0xff, 0xff, 0xff, 0xff, 0xff, 0xff, 0xff, 0xff, 0xff, 0xff, 0xff, 0xff, 0xff, 0xff, 0xff, 0xff,
    0xff, 0xff, 0xff, 0xff, 0xff, 0xff, 0xff, 0xff, 0xff, 0xff, 0xff, 0xff, 0xff, 0xff, 0xff, 0xff,
    0xff, 0xff, 0xff, 0xff, 0xff, 0xff, 0xff, 0xff, 0xff, 0xff, 0xff, 0xff, 0xff, 0xff, 0xff, 0xff,
    0xff, 0xff, 0xff, 0xff, 0xff, 0xff, 0xff, 0xff, 0xff, 0xff, 0xff, 0xff, 0xff, 0xff, 0xff, 0xff,
    0xff, 0xff, 0xff, 0xff, 0xff, 0xff, 0xff, 0xff, 0xff, 0xff, 0xff, 0xff, 0xff, 0xff, 0xff, 0xff,
    0xff, 0xff, 0xff, 0xff, 0xff, 0xff, 0xff, 0xff, 0xff, 0xff, 0xff, 0xff, 0xff, 0xff, 0xff, 0xff,
    0xff, 0xff, 0xff, 0xff, 0xff, 0xff, 0xff, 0xff, 0xff, 0xff, 0xff, 0xff, 0xff, 0xff, 0xff, 0xff,
    0xff, 0xff, 0xff, 0xff, 0xff, 0xff, 0xff, 0xff, 0xff, 0xff, 0xff, 0xff, 0xff, 0xff, 0xff, 0xff,
    0xff, 0xff, 0xff, 0xff, 0xff, 0xff, 0xff, 0xff, 0xff, 0xff, 0xff, 0xff, 0xff, 0xff, 0xff, 0xff,
    0xff, 0xff, 0xff, 0xff, 0xff, 0xff, 0xff, 0xff, 0xff, 0xff, 0xff, 0xff, 0xff, 0xff, 0xff, 0xff,
    0xff, 0xff, 0xff, 0xff, 0xff, 0xff, 0xff, 0xff, 0xff, 0xff, 0xff, 0xff, 0xff, 0xff, 0xff, 0xff,
    0xff, 0xff, 0xff, 0xff, 0xff, 0xff, 0xff, 0xff, 0xff, 0xff, 0xff, 0xff, 0xff, 0xff, 0xff, 0xff,
    0xff, 0xff, 0xff, 0xff, 0xff, 0xff, 0xff, 0xff, 0xff, 0xff, 0xff, 0xff, 0xff, 0xff, 0xff, 0xff,
    0xff, 0xff, 0xff, 0xff, 0xff, 0xff, 0xff, 0xff, 0xff, 0xff, 0xff, 0xff, 0xff, 0xff, 0xff, 0xff,
    0xff, 0xff, 0xff, 0xff, 0xff, 0xff, 0xff, 0xff, 0xff, 0xff, 0xff, 0xff, 0xff, 0xff, 0xff, 0xff,
    0xff, 0xff, 0xff, 0xff, 0xff, 0xff, 0xff, 0xff, 0xff, 0xff, 0xff, 0xff, 0xff, 0xff, 0xff, 0xff,
    0xff, 0xff, 0xff, 0xff, 0xff, 0xff, 0xff, 0xff, 0xff, 0xff, 0xff, 0xff, 0xff, 0xff, 0xff, 0xff,
    0xff, 0xff, 0xff, 0xff, 0xff, 0xff, 0xff, 0xff, 0xff, 0xff, 0xff, 0xff, 0xff, 0xff, 0xff, 0xff,
    0xff, 0xff, 0xff, 0xff, 0xff, 0xff, 0xff, 0xff, 0xff, 0xff, 0xff, 0xff, 0xff, 0xff, 0xff, 0xff,
    0xff, 0xff, 0xff, 0xff, 0xff, 0xff, 0xff, 0xff, 0xff, 0xff, 0xff, 0xff, 0xff, 0xff, 0xff, 0xff,
    0xff, 0xff, 0xff, 0xff, 0xff, 0xff, 0xff, 0xff, 0xff, 0xff, 0xff, 0xff, 0xff, 0xff, 0xff, 0xff,
    0xff, 0xff, 0xff, 0xff, 0xff, 0xff, 0xff, 0xff, 0xff, 0xff, 0xff, 0xff, 0xff, 0xff, 0xff, 0xff,
    0xff, 0xff, 0xff, 0xff, 0xff, 0xff, 0xff, 0xff, 0xff, 0xff, 0xff, 0xff, 0xff, 0xff, 0xff, 0xff,
    0xff, 0xff, 0xff, 0xff, 0xff, 0xff, 0xff, 0xff, 0xff, 0xff, 0xff, 0xff, 0xff, 0xff, 0xff, 0xff,
    0xff, 0xff, 0xff, 0xff, 0xff, 0xff, 0xff, 0xff, 0xff, 0xff, 0xff, 0xff, 0xff, 0xff, 0xff, 0xff,
    0xff, 0xff, 0xff, 0xff, 0xff, 0xff, 0xff, 0xff, 0xff, 0xff, 0xff, 0xff, 0xff, 0xff, 0xff, 0xff,
    0xff, 0xff, 0xff, 0xff, 0xff, 0xff, 0xff, 0xff, 0xff, 0xff, 0xff, 0xff, 0xff, 0xff, 0xff, 0xff,
    0xff, 0xff, 0xff, 0xff, 0xff, 0xff, 0xff, 0xff, 0xff, 0xff, 0xff, 0xff, 0xff, 0xff, 0xff, 0xff,
    0xff, 0xff, 0xff, 0xff, 0xff, 0xff, 0xff, 0xff, 0xff, 0xff, 0xff, 0xff, 0xff, 0xff, 0xff, 0xff,
    0xff, 0xff, 0xff, 0xff, 0xff, 0xff, 0xff, 0xff, 0xff, 0xff, 0xff, 0xff, 0xff, 0xff, 0xff, 0xff,
    0xff, 0xff, 0xff, 0xff, 0xff, 0xff, 0xff, 0xff, 0xff, 0xff, 0xff, 0xff, 0xff, 0xff, 0xff, 0xff,
    0xff, 0xff, 0xff, 0xff, 0xff, 0xff, 0xff, 0xff, 0xff, 0xff, 0xff, 0xff, 0xff, 0xff, 0xff, 0xff,
    0xff, 0xff, 0xff, 0xff, 0xff, 0xff, 0xff, 0xff, 0xff, 0xff, 0xff, 0xff, 0xff, 0xff, 0xff, 0xff,
    0xff, 0xff, 0xff, 0xff, 0xff, 0xff, 0xff, 0xff, 0xff, 0xff, 0xff, 0xff, 0xff, 0xff, 0xff, 0xff,
    0xff, 0xff, 0xff, 0xff, 0xff, 0xff, 0xff, 0xff, 0xff, 0xff, 0xff, 0xff, 0xff, 0xff, 0xff, 0xff,
    0xff, 0xff, 0xff, 0xff, 0xff, 0xff, 0xff, 0xff, 0xff, 0xff, 0xff, 0xff, 0xff, 0xff, 0xff, 0xff,
    0xff, 0xff, 0xff, 0xff, 0xff, 0xff, 0xff, 0xff, 0xff, 0xff, 0xff, 0xff, 0xff, 0xff, 0xff, 0xff,
    0xff, 0xff, 0xff, 0xff, 0xff, 0xff, 0xff, 0xff, 0xff, 0xff, 0xff, 0xff, 0xff, 0xff, 0xff, 0xff,
    0xff, 0xff, 0xff, 0xff, 0xff, 0xff, 0xff, 0xff, 0xff, 0xff, 0xff, 0xff, 0xff, 0xff, 0xff, 0xff,
    0xff, 0xff, 0xff, 0xff, 0xff, 0xff, 0xff, 0xff, 0xff, 0xff, 0xff, 0xff, 0xff, 0xff, 0xff, 0xff,
    0xff, 0xff, 0xff, 0xff, 0xff, 0xff, 0xff, 0xff, 0xff, 0xff, 0xff, 0xff, 0xff, 0xff, 0xff, 0xff,
    0xff, 0xff, 0xff, 0xff, 0xff, 0xff, 0xff, 0xff, 0xff, 0xff, 0xff, 0xff, 0xff, 0xff, 0xff, 0xff,
    0xff, 0xff, 0xff, 0xff, 0xff, 0xff, 0xff, 0xff, 0xff, 0xff, 0xff, 0xff, 0xff, 0xff, 0xff, 0xff,
    0xff, 0xff, 0xff, 0xff, 0xff, 0xff, 0xff, 0xff, 0xff, 0xff, 0xff, 0xff, 0xff, 0xff, 0xff, 0xff,
    0xff, 0xff, 0xff, 0xff, 0xff, 0xff, 0xff, 0xff, 0xff, 0xff, 0xff, 0xff, 0xff, 0xff, 0xff, 0xff,
    0xff, 0xff, 0xff, 0xff, 0xff, 0xff, 0xff, 0xff, 0xff, 0xff, 0xff, 0xff, 0xff, 0xff, 0xff, 0xff,
    0xff, 0xff, 0xff, 0xff, 0xff, 0xff, 0xff, 0xff, 0xff, 0xff, 0xff, 0xff, 0xff, 0xff, 0xff, 0xff,
    0xff, 0xff, 0xff, 0xff, 0xff, 0xff, 0xff, 0xff, 0xff, 0xff, 0xff, 0xff, 0xff, 0xff, 0xff, 0xff,
    0xff, 0xff, 0xff, 0xff, 0xff, 0xff, 0xff, 0xff, 0xff, 0xff, 0xff, 0xff, 0xff, 0xff, 0xff, 0xff,
    0xff, 0xff, 0xff, 0xff, 0xff, 0xff, 0xff, 0xff, 0xff, 0xff, 0xff, 0xff, 0xff, 0xff, 0xff, 0xff,
    0xff, 0xff, 0xff, 0xff, 0xff, 0xff, 0xff, 0xff, 0xff, 0xff, 0xff, 0xff, 0xff, 0xff, 0xff, 0xff,
    0xff, 0xff, 0xff, 0xff, 0xff, 0xff, 0xff, 0xff, 0xff, 0xff, 0xff, 0xff, 0xff, 0xff, 0xff, 0xff,
    0xff, 0xff, 0xff, 0xff, 0xff, 0xff, 0xff, 0xff, 0xff, 0xff, 0xff, 0xff, 0xff, 0xff, 0xff, 0xff,
    0xff, 0xff, 0xff, 0xff, 0xff, 0xff, 0xff, 0xff, 0xff, 0xff, 0xff, 0xff, 0xff, 0xff, 0xff, 0xff,
    0xff, 0xff, 0xff, 0xff, 0xff, 0xff, 0xff, 0xff, 0xff, 0xff, 0xff, 0xff, 0xff, 0xff, 0xff, 0xff,
    0xff, 0xff, 0xff, 0xff, 0xff, 0xff, 0xff, 0xff, 0xff, 0xff, 0xff, 0xff, 0xff, 0xff, 0xff, 0xff,
    0xff, 0xff, 0xff, 0xff, 0xff, 0xff, 0xff, 0xff, 0xff, 0xff, 0xff, 0xff, 0xff, 0xff, 0xff, 0xff,
    0xff, 0xff, 0xff, 0xff, 0xff, 0xff, 0xff, 0xff, 0xff, 0xff, 0xff, 0xff, 0xff, 0xff, 0xff, 0xff,
    0xff, 0xff, 0xff, 0xff, 0xff, 0xff, 0xff, 0xff, 0xff, 0xff, 0xff, 0xff, 0xff, 0xff, 0xff, 0xff,
    0xff, 0xff, 0xff, 0xff, 0xff, 0xff, 0xff, 0xff, 0xff, 0xff, 0xff, 0xff, 0xff, 0xff, 0xff, 0xff,
    0xff, 0xff, 0xff, 0xff, 0xff, 0xff, 0xff, 0xff, 0xff, 0xff, 0xff, 0xff, 0xff, 0xff, 0xff, 0xff,
    0xff, 0xff, 0xff, 0xff, 0xff, 0xff, 0xff, 0xff, 0xff, 0xff, 0xff, 0xff, 0xff, 0xff, 0xff, 0xff,
    0xff, 0xff, 0xff, 0xff, 0xff, 0xff, 0xff, 0xff, 0xff, 0xff, 0xff, 0xff, 0xff, 0xff, 0xff, 0xff,
    0xff, 0xff, 0xff, 0xff, 0xff, 0xff, 0xff, 0xff, 0xff, 0xff, 0xff, 0xff, 0xff, 0xff, 0xff, 0xff,
    0xff, 0xff, 0xff, 0xff, 0xff, 0xff, 0xff, 0xff, 0xff, 0xff, 0xff, 0xff, 0xff, 0xff, 0xff, 0xff,
    0xff, 0xff, 0xff, 0xff, 0xff, 0xff, 0xff, 0xff, 0xff, 0xff, 0xff, 0xff, 0xff, 0xff, 0xff, 0xff,
    0xff, 0xff, 0xff, 0xff, 0xff, 0xff, 0xff, 0xff, 0xff, 0xff, 0xff, 0xff, 0xff, 0xff, 0xff, 0xff,
    0xff, 0xff, 0xff, 0xff, 0xff, 0xff, 0xff, 0xff, 0xff, 0xff, 0xff, 0xff, 0xff, 0xff, 0xff, 0xff,
    0xff, 0xff, 0xff, 0xff, 0xff, 0xff, 0xff, 0xff, 0xff, 0xff, 0xff, 0xff, 0xff, 0xff, 0xff, 0xff,
    0xff, 0xff, 0xff, 0xff, 0xff, 0xff, 0xff, 0xff, 0xff, 0xff, 0xff, 0xff, 0xff, 0xff, 0xff, 0xff,
    0xff, 0xff, 0xff, 0xff, 0xff, 0xff, 0xff, 0xff, 0xff, 0xff, 0xff, 0xff, 0xff, 0xff, 0xff, 0xff,
    0xff, 0xff, 0xff, 0xff, 0xff, 0xff, 0xff, 0xff, 0xff, 0xff, 0xff, 0xff, 0xff, 0xff, 0xff, 0xff,
    0xff, 0xff, 0xff, 0xff, 0xff, 0xff, 0xff, 0xff, 0xff, 0xff, 0xff, 0xff, 0xff, 0xff, 0xff, 0xff,
    0xff, 0xff, 0xff, 0xff, 0xff, 0xff, 0xff, 0xff, 0xff, 0xff, 0xff, 0xff, 0xff, 0xff, 0xff, 0xff,
    0xff, 0xff, 0xff, 0xff, 0xff, 0xff, 0xff, 0xff, 0xff, 0xff, 0xff, 0xff, 0xff, 0xff, 0xff, 0xff,
    0xff, 0xff, 0xff, 0xff, 0xff, 0xff, 0xff, 0xff, 0xff, 0xff, 0xff, 0xff, 0xff, 0xff, 0xff, 0xff,
    0xff, 0xff, 0xff, 0xff, 0xff, 0xff, 0xff, 0xff, 0xff, 0xff, 0xff, 0xff, 0xff, 0xff, 0xff, 0xff,
    0xff, 0xff, 0xff, 0xff, 0xff, 0xff, 0xff, 0xff, 0xff, 0xff, 0xff, 0xff, 0xff, 0xff, 0xff, 0xff,
    0xff, 0xff, 0xff, 0xff, 0xff, 0xff, 0xff, 0xff, 0xff, 0xff, 0xff, 0xff, 0xff, 0xff, 0xff, 0xff,
    0xff, 0xff, 0xff, 0xff, 0xff, 0xff, 0xff, 0xff, 0xff, 0xff, 0xff, 0xff, 0xff, 0xff, 0xff, 0xff,
    0xff, 0xff, 0xff, 0xff, 0xff, 0xff, 0xff, 0xff, 0xff, 0xff, 0xff, 0xff, 0xff, 0xff, 0xff, 0xff,
    0xff, 0xff, 0xff, 0xff, 0xff, 0xff, 0xff, 0xff, 0xff, 0xff, 0xff, 0xff, 0xff, 0xff, 0xff, 0xff,
    0xff, 0xff, 0xff, 0xff, 0xff, 0xff, 0xff, 0xff, 0xff, 0xff, 0xff, 0xff, 0xff, 0xff, 0xff, 0xff,
    0xff, 0xff, 0xff, 0xff, 0xff, 0xff, 0xff, 0xff, 0xff, 0xff, 0xff, 0xff, 0xff, 0xff, 0xff, 0xff,
    0xff, 0xff, 0xff, 0xff, 0xff, 0xff, 0xff, 0xff, 0xff, 0xff, 0xff, 0xff, 0xff, 0xff, 0xff, 0xff,
    0xff, 0xff, 0xff, 0xff, 0xff, 0xff, 0xff, 0xff, 0xff, 0xff, 0xff, 0xff, 0xff, 0xff, 0xff, 0xff,
    0xff, 0xff, 0xff, 0xff, 0xff, 0xff, 0xff, 0xff, 0xff, 0xff, 0xff, 0xff, 0xff, 0xff, 0xff, 0xff,
    0xff, 0xff, 0xff, 0xff, 0xff, 0xff, 0xff, 0xff, 0xff, 0xff, 0xff, 0xff, 0xff, 0xff, 0xff, 0xff,
    0xff, 0xff, 0xff, 0xff, 0xff, 0xff, 0xff, 0xff, 0xff, 0xff, 0xff, 0xff, 0xff, 0xff, 0xff, 0xff,
    0xff, 0xff, 0xff, 0xff, 0xff, 0xff, 0xff, 0xff, 0xff, 0xff, 0xff, 0xff, 0xff, 0xff, 0xff, 0xff,
    0xff, 0xff, 0xff, 0xff, 0xff, 0xff, 0xff, 0xff, 0xff, 0xff, 0xff, 0xff, 0xff, 0xff, 0xff, 0xff,
    0xff, 0xff, 0xff, 0xff, 0xff, 0xff, 0xff, 0xff, 0xff, 0xff, 0xff, 0xff, 0xff, 0xff, 0xff, 0xff,
    0xff, 0xff, 0xff, 0xff, 0xff, 0xff, 0xff, 0xff, 0xff, 0xff, 0xff, 0xff, 0xff, 0xff, 0xff, 0xff,
    0xff, 0xff, 0xff, 0xff, 0xff, 0xff, 0xff, 0xff, 0xff, 0xff, 0xff, 0xff, 0xff, 0xff, 0xff, 0xff,
    0xff, 0xff, 0xff, 0xff, 0xff, 0xff, 0xff, 0xff, 0xff, 0xff, 0xff, 0xff, 0xff, 0xff, 0xff, 0xff,
    0xff, 0xff, 0xff, 0xff, 0xff, 0xff, 0xff, 0xff, 0xff, 0xff, 0xff, 0xff, 0xff, 0xff, 0xff, 0xff,
    0xff, 0xff, 0xff, 0xff, 0xff, 0xff, 0xff, 0xff, 0xff, 0xff, 0xff, 0xff, 0xff, 0xff, 0xff, 0xff,
    0xff, 0xff, 0xff, 0xff, 0xff, 0xff, 0xff, 0xff, 0xff, 0xff, 0xff, 0xff, 0xff, 0xff, 0xff, 0xff,
    0xff, 0xff, 0xff, 0xff, 0xff, 0xff, 0xff, 0xff, 0xff, 0xff, 0xff, 0xff, 0xff, 0xff, 0xff, 0xff,
    0xff, 0xff, 0xff, 0xff, 0xff, 0xff, 0xff, 0xff, 0xff, 0xff, 0xff, 0xff, 0xff, 0xff, 0xff, 0xff,
    0xff, 0xff, 0xff, 0xff, 0xff, 0xff, 0xff, 0xff, 0xff, 0xff, 0xff, 0xff, 0xff, 0xff, 0xff, 0xff,
    0xff, 0xff, 0xff, 0xff, 0xff, 0xff, 0xff, 0xff, 0xff, 0xff, 0xff, 0xff, 0xff, 0xff, 0xff, 0xff,
    0xff, 0xff, 0xff, 0xff, 0xff, 0xff, 0xff, 0xff, 0xff, 0xff, 0xff, 0xff, 0xff, 0xff, 0xff, 0xff,
    0xff, 0xff, 0xff, 0xff, 0xff, 0xff, 0xff, 0xff, 0xff, 0xff, 0xff, 0xff, 0xff, 0xff, 0xff, 0xff,
    0xff, 0xff, 0xff, 0xff, 0xff, 0xff, 0xff, 0xff, 0xff, 0xff, 0xff, 0xff, 0xff, 0xff, 0xff, 0xff,
    0xff, 0xff, 0xff, 0xff, 0xff, 0xff, 0xff, 0xff, 0xff, 0xff, 0xff, 0xff, 0xff, 0xff, 0xff, 0xff,
    0xff, 0xff, 0xff, 0xff, 0xff, 0xff, 0xff, 0xff, 0xff, 0xff, 0xff, 0xff, 0xff, 0xff, 0xff, 0xff,
    0xff, 0xff, 0xff, 0xff, 0xff, 0xff, 0xff, 0xff, 0xff, 0xff, 0xff, 0xff, 0xff, 0xff, 0xff, 0xff,
    0xff, 0xff, 0xff, 0xff, 0xff, 0xff, 0xff, 0xff, 0xff, 0xff, 0xff, 0xff, 0xff, 0xff, 0xff, 0xff,
    0xff, 0xff, 0xff, 0xff, 0xff, 0xff, 0xff, 0xff, 0xff, 0xff, 0xff, 0xff, 0xff, 0xff, 0xff, 0xff,
    0xff, 0xff, 0xff, 0xff, 0xff, 0xff, 0xff, 0xff, 0xff, 0xff, 0xff, 0xff, 0xff, 0xff, 0xff, 0xff,
    0xff, 0xff, 0xff, 0xff, 0xff, 0xff, 0xff, 0xff, 0xff, 0xff, 0xff, 0xff, 0xff, 0xff, 0xff, 0xff,
    0xff, 0xff, 0xff, 0xff, 0xff, 0xff, 0xff, 0xff, 0xff, 0xff, 0xff, 0xff, 0xff, 0xff, 0xff, 0xff,
    0xff, 0xff, 0xff, 0xff, 0xff, 0xff, 0xff, 0xff, 0xff, 0xff, 0xff, 0xff, 0xff, 0xff, 0xff, 0xff,
    0xff, 0xff, 0xff, 0xff, 0xff, 0xff, 0xff, 0xff, 0xff, 0xff, 0xff, 0xff, 0xff, 0xff, 0xff, 0xff,
    0xff, 0xff, 0xff, 0xff, 0xff, 0xff, 0xff, 0xff, 0xff, 0xff, 0xff, 0xff, 0xff, 0xff, 0xff, 0xff,
    0xff, 0xff, 0xff, 0xff, 0xff, 0xff, 0xff, 0xff, 0xff, 0xff, 0xff, 0xff, 0xff, 0xff, 0xff, 0xff,
    0xff, 0xff, 0xff, 0xff, 0xff, 0xff, 0xff, 0xff, 0xff, 0xff, 0xff, 0xff, 0xff, 0xff, 0xff, 0xff,
    0xff, 0xff, 0xff, 0xff, 0xff, 0xff, 0xff, 0xff, 0xff, 0xff, 0xff, 0xff, 0xff, 0xff, 0xff, 0xff,
    0xff, 0xff, 0xff, 0xff, 0xff, 0xff, 0xff, 0xff, 0xff, 0xff, 0xff, 0xff, 0xff, 0xff, 0xff, 0xff,
    0xff, 0xff, 0xff, 0xff, 0xff, 0xff, 0xff, 0xff, 0xff, 0xff, 0xff, 0xff, 0xff, 0xff, 0xff, 0xff,
    0xff, 0xff, 0xff, 0xff, 0xff, 0xff, 0xff, 0xff, 0xff, 0xff, 0xff, 0xff, 0xff, 0xff, 0xff, 0xff,
    0xff, 0xff, 0xff, 0xff, 0xff, 0xff, 0xff, 0xff, 0xff, 0xff, 0xff, 0xff, 0xff, 0xff, 0xff, 0xff,
    0xff, 0xff, 0xff, 0xff, 0xff, 0xff, 0xff, 0xff, 0xff, 0xff, 0xff, 0xff, 0xff, 0xff, 0xff, 0xff,
    0xff, 0xff, 0xff, 0xff, 0xff, 0xff, 0xff, 0xff, 0xff, 0xff, 0xff, 0xff, 0xff, 0xff, 0xff, 0xff,
    0xff, 0xff, 0xff, 0xff, 0xff, 0xff, 0xff, 0xff, 0xff, 0xff, 0xff, 0xff, 0xff, 0xff, 0xff, 0xff,
    0xff, 0xff, 0xff, 0xff, 0xff, 0xff, 0xff, 0xff, 0xff, 0xff, 0xff, 0xff, 0xff, 0xff, 0xff, 0xff,
    0xff, 0xff, 0xff, 0xff, 0xff, 0xff, 0xff, 0xff, 0xff, 0xff, 0xff, 0xff, 0xff, 0xff, 0xff, 0xff,
    0xff, 0xff, 0xff, 0xff, 0xff, 0xff, 0xff, 0xff, 0xff, 0xff, 0xff, 0xff, 0xff, 0xff, 0xff, 0xff,
    0xff, 0xff, 0xff, 0xff, 0xff, 0xff, 0xff, 0xff, 0xff, 0xff, 0xff, 0xff, 0xff, 0xff, 0xff, 0xff,
    0xff, 0xff, 0xff, 0xff, 0xff, 0xff, 0xff, 0xff, 0xff, 0xff, 0xff, 0xff, 0xff, 0xff, 0xff, 0xff,
    0xff, 0xff, 0xff, 0xff, 0xff, 0xff, 0xff, 0xff, 0xff, 0xff, 0xff, 0xff, 0xff, 0xff, 0xff, 0xff,
    0xff, 0xff, 0xff, 0xff, 0xff, 0xff, 0xff, 0xff, 0xff, 0xff, 0xff, 0xff, 0xff, 0xff, 0xff, 0xff,
    0xff, 0xff, 0xff, 0xff, 0xff, 0xff, 0xff, 0xff, 0xff, 0xff, 0xff, 0xff, 0xff, 0xff, 0xff, 0xff,
    0xff, 0xff, 0xff, 0xff, 0xff, 0xff, 0xff, 0xff, 0xff, 0xff, 0xff, 0xff, 0xff, 0xff, 0xff, 0xff,
    0xff, 0xff, 0xff, 0xff, 0xff, 0xff, 0xff, 0xff, 0xff, 0xff, 0xff, 0xff, 0xff, 0xff, 0xff, 0xff,
    0xff, 0xff, 0xff, 0xff, 0xff, 0xff, 0xff, 0xff, 0xff, 0xff, 0xff, 0xff, 0xff, 0xff, 0xff, 0xff,
    0xff, 0xff, 0xff, 0xff, 0xff, 0xff, 0xff, 0xff, 0xff, 0xff, 0xff, 0xff, 0xff, 0xff, 0xff, 0xff,
    0xff, 0xff, 0xff, 0xff, 0xff, 0xff, 0xff, 0xff, 0xff, 0xff, 0xff, 0xff, 0xff, 0xff, 0xff, 0xff,
    0xff, 0xff, 0xff, 0xff, 0xff, 0xff, 0xff, 0xff, 0xff, 0xff, 0xff, 0xff, 0xff, 0xff, 0xff, 0xff,
    0xff, 0xff, 0xff, 0xff, 0xff, 0xff, 0xff, 0xff, 0xff, 0xff, 0xff, 0xff, 0xff, 0xff, 0xff, 0xff,
    0xff, 0xff, 0xff, 0xff, 0xff, 0xff, 0xff, 0xff, 0xff, 0xff, 0xff, 0xff, 0xff, 0xff, 0xff, 0xff,
    0xff, 0xff, 0xff, 0xff, 0xff, 0xff, 0xff, 0xff, 0xff, 0xff, 0xff, 0xff, 0xff, 0xff, 0xff, 0xff,
    0xff, 0xff, 0xff, 0xff, 0xff, 0xff, 0xff, 0xff, 0xff, 0xff, 0xff, 0xff, 0xff, 0xff, 0xff, 0xff,
    0xff, 0xff, 0xff, 0xff, 0xff, 0xff, 0xff, 0xff, 0xff, 0xff, 0xff, 0xff, 0xff, 0xff, 0xff, 0xff,
    0xff, 0xff, 0xff, 0xff, 0xff, 0xff, 0xff, 0xff, 0xff, 0xff, 0xff, 0xff, 0xff, 0xff, 0xff, 0xff,
    0xff, 0xff, 0xff, 0xff, 0xff, 0xff, 0xff, 0xff, 0xff, 0xff, 0xff, 0xff, 0xff, 0xff, 0xff, 0xff,
    0xff, 0xff, 0xff, 0xff, 0xff, 0xff, 0xff, 0xff, 0xff, 0xff, 0xff, 0xff, 0xff, 0xff, 0xff, 0xff,
    0xff, 0xff, 0xff, 0xff, 0xff, 0xff, 0xff, 0xff, 0xff, 0xff, 0xff, 0xff, 0xff, 0xff, 0xff, 0xff,
    0xff, 0xff, 0xff, 0xff, 0xff, 0xff, 0xff, 0xff, 0xff, 0xff, 0xff, 0xff, 0xff, 0xff, 0xff, 0xff,
    0xff, 0xff, 0xff, 0xff, 0xff, 0xff, 0xff, 0xff, 0xff, 0xff, 0xff, 0xff, 0xff, 0xff, 0xff, 0xff,
    0xff, 0xff, 0xff, 0xff, 0xff, 0xff, 0xff, 0xff, 0xff, 0xff, 0xff, 0xff, 0xff, 0xff, 0xff, 0xff,
    0xff, 0xff, 0xff, 0xff, 0xff, 0xff, 0xff, 0xff, 0xff, 0xff, 0xff, 0xff, 0xff, 0xff, 0xff, 0xff,
    0xff, 0xff, 0xff, 0xff, 0xff, 0xff, 0xff, 0xff, 0xff, 0xff, 0xff, 0xff, 0xff, 0xff, 0xff, 0xff,
    0xff, 0xff, 0xff, 0xff, 0xff, 0xff, 0xff, 0xff, 0xff, 0xff, 0xff, 0xff, 0xff, 0xff, 0xff, 0xff,
    0xff, 0xff, 0xff, 0xff, 0xff, 0xff, 0xff, 0xff, 0xff, 0xff, 0xff, 0xff, 0xff, 0xff, 0xff, 0xff,
};

/* sPsychicCreate: 6 masks of 6 bytes */
static const uint8_t s_mask_sPsychicCreate[36] = {
    0x78, 0xfc, 0xfc, 0xfc, 0xfc, 0x78,
    0x30, 0x78, 0xfc, 0xfc, 0x78, 0x30,
    0x00, 0x30, 0x78, 0x78, 0x30, 0x00,
    0x00, 0x00, 0x30, 0x30, 0x00, 0x00,
    0x00, 0x00, 0x10, 0x20, 0x00, 0x00,
    0x00, 0x00, 0x20, 0x10, 0x00, 0x00,
};

/* sPsychicWave: 17 masks of 28 bytes */
static const uint8_t s_mask_sPsychicWave[476] = {
    0x00, 0x00, 0x00, 0x00, 0x00, 0x00, 0x00, 0x00, 0x00, 0x00, 0x00, 0x00, 0x03, 0x00, 0x03, 0x00,
    0x00, 0x00, 0x00, 0x00, 0x00, 0x00, 0x00, 0x00, 0x00, 0x00, 0x00, 0x00,
    0x00, 0x00, 0x00, 0x00, 0x00, 0x00, 0x00, 0x00, 0x00, 0x00, 0x03, 0x00, 0x07, 0x80, 0x07, 0x80,
    0x03, 0x00, 0x00, 0x00, 0x00, 0x00, 0x00, 0x00, 0x00, 0x00, 0x00, 0x00,
    0x00, 0x00, 0x00, 0x00, 0x00, 0x00, 0x00, 0x00, 0x03, 0x00, 0x07, 0x80, 0x0c, 0xc0, 0x0c, 0xc0,
    0x07, 0x80, 0x03, 0x00, 0x00, 0x00, 0x00, 0x00, 0x00, 0x00, 0x00, 0x00,
    0x00, 0x00, 0x00, 0x00, 0x07, 0x80, 0x0f, 0xc0, 0x1f, 0xe0, 0x3c, 0xf0, 0x38, 0x70, 0x38, 0x70,
    0x3c, 0xf0, 0x1f, 0xe0, 0x0f, 0xc0, 0x07, 0x80, 0x00, 0x00, 0x00, 0x00,
    0x00, 0x00, 0x00, 0x00, 0x07, 0x80, 0x0f, 0xc0, 0x18, 0x60, 0x30, 0x30, 0x30, 0x30, 0x30, 0x30,
    0x30, 0x30, 0x18, 0x60, 0x0f, 0xc0, 0x07, 0x80, 0x00, 0x00, 0x00, 0x00,
    0x00, 0x00, 0x07, 0x80, 0x1f, 0xe0, 0x38, 0x70, 0x30, 0x30, 0x60, 0x18, 0x60, 0x18, 0x60, 0x18,
    0x60, 0x18, 0x30, 0x30, 0x38, 0x70, 0x1f, 0xe0, 0x07, 0x80, 0x00, 0x00,
    0x00, 0x00, 0x07, 0x80, 0x1f, 0xe0, 0x38, 0x70, 0x30, 0x30, 0x60, 0x18, 0x60, 0x18, 0x60, 0x18,
    0x60, 0x18, 0x30, 0x30, 0x38, 0x70, 0x1f, 0xe0, 0x07, 0x80, 0x00, 0x00,
    0x00, 0x00, 0x07, 0x80, 0x1f, 0xe0, 0x38, 0x70, 0x30, 0x30, 0x60, 0x18, 0x60, 0x18, 0x60, 0x18,
    0x60, 0x18, 0x30, 0x30, 0x38, 0x70, 0x1f, 0xe0, 0x07, 0x80, 0x00, 0x00,
    0x00, 0x00, 0x07, 0x80, 0x1f, 0xe0, 0x38, 0x70, 0x30, 0x30, 0x60, 0x18, 0x60, 0x18, 0x60, 0x18,
    0x60, 0x18, 0x30, 0x30, 0x38, 0x70, 0x1f, 0xe0, 0x07, 0x80, 0x00, 0x00,
    0x00, 0x00, 0x07, 0x80, 0x1f, 0xe0, 0x38, 0x70, 0x30, 0x30, 0x60, 0x18, 0x60, 0x18, 0x60, 0x18,
    0x60, 0x18, 0x30, 0x30, 0x38, 0x70, 0x1f, 0xe0, 0x07, 0x80, 0x00, 0x00,
    0x00, 0x00, 0x07, 0x80, 0x1f, 0xe0, 0x38, 0x70, 0x30, 0x30, 0x60, 0x18, 0x60, 0x18, 0x60, 0x18,
    0x60, 0x18, 0x30, 0x30, 0x38, 0x70, 0x1f, 0xe0, 0x07, 0x80, 0x00, 0x00,
    0x00, 0x00, 0x07, 0x80, 0x1f, 0xe0, 0x38, 0x70, 0x30, 0x30, 0x60, 0x18, 0x60, 0x18, 0x60, 0x18,
    0x60, 0x18, 0x30, 0x30, 0x38, 0x70, 0x1f, 0xe0, 0x07, 0x80, 0x00, 0x00,
    0x00, 0x00, 0x07, 0x80, 0x1f, 0xe0, 0x38, 0x70, 0x30, 0x30, 0x60, 0x18, 0x60, 0x18, 0x60, 0x18,
    0x60, 0x18, 0x30, 0x30, 0x38, 0x70, 0x1f, 0xe0, 0x07, 0x80, 0x00, 0x00,
    0x00, 0x00, 0x07, 0x80, 0x1f, 0xe0, 0x38, 0x70, 0x30, 0x30, 0x60, 0x18, 0x60, 0x18, 0x60, 0x18,
    0x60, 0x18, 0x30, 0x30, 0x38, 0x70, 0x1f, 0xe0, 0x07, 0x80, 0x00, 0x00,
    0x00, 0x00, 0x07, 0x80, 0x1f, 0xe0, 0x38, 0x70, 0x30, 0x30, 0x60, 0x18, 0x60, 0x18, 0x60, 0x18,
    0x60, 0x18, 0x30, 0x30, 0x38, 0x70, 0x1f, 0xe0, 0x07, 0x80, 0x00, 0x00,
    0x00, 0x00, 0x07, 0x80, 0x18, 0x60, 0x20, 0x10, 0x20, 0x10, 0x40, 0x08, 0x40, 0x08, 0x40, 0x08,
    0x40, 0x08, 0x20, 0x10, 0x20, 0x10, 0x18, 0x60, 0x07, 0x80, 0x00, 0x00,
    0x07, 0x80, 0x18, 0x60, 0x00, 0x00, 0x40, 0x08, 0x40, 0x08, 0x80, 0x04, 0x80, 0x04, 0x80, 0x04,
    0x80, 0x04, 0x40, 0x08, 0x40, 0x08, 0x00, 0x00, 0x18, 0x60, 0x07, 0x80,
};

/* sPsychicWaveP: 25 masks of 28 bytes */
static const uint8_t s_mask_sPsychicWaveP[700] = {
    0x00, 0x00, 0x00, 0x00, 0x00, 0x00, 0x00, 0x00, 0x00, 0x00, 0x00, 0x00, 0x03, 0x00, 0x03, 0x00,
    0x00, 0x00, 0x00, 0x00, 0x00, 0x00, 0x00, 0x00, 0x00, 0x00, 0x00, 0x00,
    0x00, 0x00, 0x00, 0x00, 0x00, 0x00, 0x00, 0x00, 0x00, 0x00, 0x03, 0x00, 0x07, 0x80, 0x07, 0x80,
    0x03, 0x00, 0x00, 0x00, 0x00, 0x00, 0x00, 0x00, 0x00, 0x00, 0x00, 0x00,
    0x00, 0x00, 0x00, 0x00, 0x00, 0x00, 0x00, 0x00, 0x03, 0x00, 0x07, 0x80, 0x0c, 0xc0, 0x0c, 0xc0,
    0x07, 0x80, 0x03, 0x00, 0x00, 0x00, 0x00, 0x00, 0x00, 0x00, 0x00, 0x00,
    0x00, 0x00, 0x00, 0x00, 0x07, 0x80, 0x0f, 0xc0, 0x1f, 0xe0, 0x3c, 0xf0, 0x38, 0x70, 0x38, 0x70,
    0x3c, 0xf0, 0x1f, 0xe0, 0x0f, 0xc0, 0x07, 0x80, 0x00, 0x00, 0x00, 0x00,
    0x00, 0x00, 0x00, 0x00, 0x07, 0x80, 0x0f, 0xc0, 0x18, 0x60, 0x30, 0x30, 0x30, 0x30, 0x30, 0x30,
    0x30, 0x30, 0x18, 0x60, 0x0f, 0xc0, 0x07, 0x80, 0x00, 0x00, 0x00, 0x00,
    0x00, 0x00, 0x07, 0x80, 0x1f, 0xe0, 0x38, 0x70, 0x30, 0x30, 0x60, 0x18, 0x60, 0x18, 0x60, 0x18,
    0x60, 0x18, 0x30, 0x30, 0x38, 0x70, 0x1f, 0xe0, 0x07, 0x80, 0x00, 0x00,
    0x00, 0x00, 0x07, 0x80, 0x1f, 0xe0, 0x38, 0x70, 0x30, 0x30, 0x60, 0x18, 0x60, 0x18, 0x60, 0x18,
    0x60, 0x18, 0x30, 0x30, 0x38, 0x70, 0x1f, 0xe0, 0x07, 0x80, 0x00, 0x00,
    0x00, 0x00, 0x07, 0x80, 0x1f, 0xe0, 0x38, 0x70, 0x30, 0x30, 0x60, 0x18, 0x60, 0x18, 0x60, 0x18,
    0x60, 0x18, 0x30, 0x30, 0x38, 0x70, 0x1f, 0xe0, 0x07, 0x80, 0x00, 0x00,
    0x00, 0x00, 0x07, 0x80, 0x1f, 0xe0, 0x38, 0x70, 0x30, 0x30, 0x60, 0x18, 0x60, 0x18, 0x60, 0x18,
    0x60, 0x18, 0x30, 0x30, 0x38, 0x70, 0x1f, 0xe0, 0x07, 0x80, 0x00, 0x00,
    0x00, 0x00, 0x07, 0x80, 0x1f, 0xe0, 0x38, 0x70, 0x30, 0x30, 0x60, 0x18, 0x60, 0x18, 0x60, 0x18,
    0x60, 0x18, 0x30, 0x30, 0x38, 0x70, 0x1f, 0xe0, 0x07, 0x80, 0x00, 0x00,
    0x00, 0x00, 0x07, 0x80, 0x1f, 0xe0, 0x38, 0x70, 0x30, 0x30, 0x60, 0x18, 0x60, 0x18, 0x60, 0x18,
    0x60, 0x18, 0x30, 0x30, 0x38, 0x70, 0x1f, 0xe0, 0x07, 0x80, 0x00, 0x00,
    0x00, 0x00, 0x07, 0x80, 0x1f, 0xe0, 0x38, 0x70, 0x30, 0x30, 0x60, 0x18, 0x60, 0x18, 0x60, 0x18,
    0x60, 0x18, 0x30, 0x30, 0x38, 0x70, 0x1f, 0xe0, 0x07, 0x80, 0x00, 0x00,
    0x00, 0x00, 0x07, 0x80, 0x1f, 0xe0, 0x38, 0x70, 0x30, 0x30, 0x60, 0x18, 0x60, 0x18, 0x60, 0x18,
    0x60, 0x18, 0x30, 0x30, 0x38, 0x70, 0x1f, 0xe0, 0x07, 0x80, 0x00, 0x00,
    0x00, 0x00, 0x07, 0x80, 0x1f, 0xe0, 0x38, 0x70, 0x30, 0x30, 0x60, 0x18, 0x60, 0x18, 0x60, 0x18,
    0x60, 0x18, 0x30, 0x30, 0x38, 0x70, 0x1f, 0xe0, 0x07, 0x80, 0x00, 0x00,
    0x00, 0x00, 0x07, 0x80, 0x1f, 0xe0, 0x38, 0x70, 0x30, 0x30, 0x60, 0x18, 0x60, 0x18, 0x60, 0x18,
    0x60, 0x18, 0x30, 0x30, 0x38, 0x70, 0x1f, 0xe0, 0x07, 0x80, 0x00, 0x00,
    0x00, 0x00, 0x07, 0x80, 0x1f, 0xe0, 0x38, 0x70, 0x30, 0x30, 0x60, 0x18, 0x60, 0x18, 0x60, 0x18,
    0x60, 0x18, 0x30, 0x30, 0x38, 0x70, 0x1f, 0xe0, 0x07, 0x80, 0x00, 0x00,
    0x00, 0x00, 0x07, 0x80, 0x1f, 0xe0, 0x38, 0x70, 0x30, 0x30, 0x60, 0x18, 0x60, 0x18, 0x60, 0x18,
    0x60, 0x18, 0x30, 0x30, 0x38, 0x70, 0x1f, 0xe0, 0x07, 0x80, 0x00, 0x00,
    0x00, 0x00, 0x07, 0x80, 0x1f, 0xe0, 0x38, 0x70, 0x30, 0x30, 0x60, 0x18, 0x60, 0x18, 0x60, 0x18,
    0x60, 0x18, 0x30, 0x30, 0x38, 0x70, 0x1f, 0xe0, 0x07, 0x80, 0x00, 0x00,
    0x00, 0x00, 0x07, 0x80, 0x1f, 0xe0, 0x38, 0x70, 0x30, 0x30, 0x60, 0x18, 0x60, 0x18, 0x60, 0x18,
    0x60, 0x18, 0x30, 0x30, 0x38, 0x70, 0x1f, 0xe0, 0x07, 0x80, 0x00, 0x00,
    0x00, 0x00, 0x07, 0x80, 0x1f, 0xe0, 0x38, 0x70, 0x30, 0x30, 0x60, 0x18, 0x60, 0x18, 0x60, 0x18,
    0x60, 0x18, 0x30, 0x30, 0x38, 0x70, 0x1f, 0xe0, 0x07, 0x80, 0x00, 0x00,
    0x00, 0x00, 0x07, 0x80, 0x1f, 0xe0, 0x38, 0x70, 0x30, 0x30, 0x60, 0x18, 0x60, 0x18, 0x60, 0x18,
    0x60, 0x18, 0x30, 0x30, 0x38, 0x70, 0x1f, 0xe0, 0x07, 0x80, 0x00, 0x00,
    0x00, 0x00, 0x07, 0x80, 0x1f, 0xe0, 0x38, 0x70, 0x30, 0x30, 0x60, 0x18, 0x60, 0x18, 0x60, 0x18,
    0x60, 0x18, 0x30, 0x30, 0x38, 0x70, 0x1f, 0xe0, 0x07, 0x80, 0x00, 0x00,
    0x00, 0x00, 0x07, 0x80, 0x1f, 0xe0, 0x38, 0x70, 0x30, 0x30, 0x60, 0x18, 0x60, 0x18, 0x60, 0x18,
    0x60, 0x18, 0x30, 0x30, 0x38, 0x70, 0x1f, 0xe0, 0x07, 0x80, 0x00, 0x00,
    0x00, 0x00, 0x07, 0x80, 0x18, 0x60, 0x20, 0x10, 0x20, 0x10, 0x40, 0x08, 0x40, 0x08, 0x40, 0x08,
    0x40, 0x08, 0x20, 0x10, 0x20, 0x10, 0x18, 0x60, 0x07, 0x80, 0x00, 0x00,
    0x07, 0x80, 0x18, 0x60, 0x00, 0x00, 0x40, 0x08, 0x40, 0x08, 0x80, 0x04, 0x80, 0x04, 0x80, 0x04,
    0x80, 0x04, 0x40, 0x08, 0x40, 0x08, 0x00, 0x00, 0x18, 0x60, 0x07, 0x80,
};

/* sRed: 1 masks of 28 bytes */
static const uint8_t s_mask_sRed[28] = {
    0xff, 0xff, 0xff, 0xff, 0xff, 0xff, 0xff, 0xff, 0xff, 0xff, 0xff, 0xff, 0xff, 0xff, 0xff, 0xff,
    0xff, 0xff, 0xff, 0xff, 0xff, 0xff, 0xff, 0xff, 0xff, 0xff, 0xff, 0xff,
};

/* sRedArrowDown: 1 masks of 26 bytes */
static const uint8_t s_mask_sRedArrowDown[26] = {
    0xe7, 0x44, 0xf7, 0x44, 0xe7, 0x44, 0xf5, 0x44, 0xf7, 0x77, 0x97, 0x77, 0x9f, 0xf7, 0x0f, 0xf0,
    0x0f, 0xf0, 0x0f, 0xf0, 0x07, 0xe0, 0x03, 0xc0, 0x01, 0x80,
};

/* sRimDeflect: 1 masks of 8 bytes */
static const uint8_t s_mask_sRimDeflect[8] = {
    0x40, 0x02, 0xc0, 0x03, 0xc0, 0x03, 0xc0, 0x03,
};

/* sRock: 1 masks of 7 bytes */
static const uint8_t s_mask_sRock[7] = {
    0x78, 0xfc, 0xfe, 0xfe, 0xfe, 0xfe, 0x7c,
};

/* sRockTile: 1 masks of 7 bytes */
static const uint8_t s_mask_sRockTile[7] = {
    0x78, 0xfc, 0xfe, 0xfe, 0xfe, 0xfe, 0x7c,
};

/* sRoom: 1 masks of 2480 bytes */
static const uint8_t s_mask_sRoom[2480] = {
    0xff, 0xf0, 0xff, 0xf0, 0xff, 0xf0, 0xff, 0xf0, 0xff, 0xf0, 0xff, 0xf0, 0xff, 0xf0, 0xff, 0xf0,
    0xff, 0xf0, 0xff, 0xf0, 0xff, 0xf0, 0xff, 0xf0, 0xff, 0xf0, 0xff, 0xf0, 0xff, 0xf0, 0xff, 0xf0,
    0xff, 0xf0, 0xff, 0xf0, 0xff, 0xf0, 0xff, 0xf0, 0xff, 0xf0, 0xff, 0xf0, 0xff, 0xf0, 0xff, 0xf0,
    0xff, 0xf0, 0xff, 0xf0, 0xff, 0xf0, 0xff, 0xf0, 0xff, 0xf0, 0xff, 0xf0, 0xff, 0xf0, 0xff, 0xf0,
    0xff, 0xf0, 0xff, 0xf0, 0xff, 0xf0, 0xff, 0xf0, 0xff, 0xf0, 0xff, 0xf0, 0xff, 0xf0, 0xff, 0xf0,
    0xff, 0xf0, 0xff, 0xf0, 0xff, 0xf0, 0xff, 0xf0, 0xff, 0xf0, 0xff, 0xf0, 0xff, 0xf0, 0xff, 0xf0,
    0xff, 0xf0, 0xff, 0xf0, 0xff, 0xf0, 0xff, 0xf0, 0xff, 0xf0, 0xff, 0xf0, 0xff, 0xf0, 0xff, 0xf0,
    0xff, 0xf0, 0xff, 0xf0, 0xff, 0xf0, 0xff, 0xf0, 0xff, 0xf0, 0xff, 0xf0, 0xff, 0xf0, 0xff, 0xf0,
    0xff, 0xf0, 0xff, 0xf0, 0xff, 0xf0, 0xff, 0xf0, 0xff, 0xf0, 0xff, 0xf0, 0xff, 0xf0, 0xff, 0xf0,
    0xff, 0xf0, 0xff, 0xf0, 0xff, 0xf0, 0xff, 0xf0, 0xff, 0xf0, 0xff, 0xf0, 0xff, 0xf0, 0xff, 0xf0,
    0xff, 0xf0, 0xff, 0xf0, 0xff, 0xf0, 0xff, 0xf0, 0xff, 0xf0, 0xff, 0xf0, 0xff, 0xf0, 0xff, 0xf0,
    0xff, 0xf0, 0xff, 0xf0, 0xff, 0xf0, 0xff, 0xf0, 0xff, 0xf0, 0xff, 0xf0, 0xff, 0xf0, 0xff, 0xf0,
    0xff, 0xf0, 0xff, 0xf0, 0xff, 0xf0, 0xff, 0xf0, 0xff, 0xf0, 0xff, 0xf0, 0xff, 0xf0, 0xff, 0xf0,
    0xff, 0xf0, 0xff, 0xf0, 0xff, 0xf0, 0xff, 0xf0, 0xff, 0xf0, 0xff, 0xf0, 0xff, 0xf0, 0xff, 0xf0,
    0xff, 0xf0, 0xff, 0xf0, 0xff, 0xf0, 0xff, 0xf0, 0xff, 0xf0, 0xff, 0xf0, 0xff, 0xf0, 0xff, 0xf0,
    0x00, 0x00, 0x00, 0x00, 0x00, 0x00, 0x00, 0x00, 0x00, 0x00, 0x00, 0x00, 0x00, 0x00, 0x00, 0x00,
    0x00, 0x00, 0x00, 0x00, 0x00, 0x00, 0x00, 0x00, 0x00, 0x00, 0x00, 0x00, 0x00, 0x00, 0x00, 0x00,
    0x00, 0x00, 0x00, 0x00, 0x00, 0x00, 0x00, 0x00, 0x00, 0x00, 0x00, 0x00, 0x00, 0x00, 0x00, 0x00,
    0x00, 0x00, 0x00, 0x00, 0x00, 0x00, 0x00, 0x00, 0x00, 0x00, 0x00, 0x00, 0x00, 0x00, 0x00, 0x00,
    0x00, 0x00, 0x00, 0x00, 0x00, 0x00, 0x00, 0x00, 0x00, 0x00, 0x00, 0x00, 0x00, 0x00, 0x00, 0x00,
    0xff, 0xf0, 0xff, 0xf0, 0xff, 0xf0, 0xff, 0xf0, 0xff, 0xf0, 0xff, 0xf0, 0xff, 0xf0, 0xff, 0xf0,
    0xff, 0xf0, 0xff, 0xf0, 0xff, 0xf0, 0xff, 0xf0, 0xff, 0xf0, 0xff, 0xf0, 0xff, 0xf0, 0xff, 0xf0,
    0xff, 0xf0, 0xff, 0xf0, 0xff, 0xf0, 0xff, 0xf0, 0xff, 0xf0, 0xff, 0xf0, 0xff, 0xf0, 0xff, 0xf0,
    0xff, 0xf0, 0xff, 0xf0, 0xff, 0xf0, 0xff, 0xf0, 0xff, 0xf0, 0xff, 0xf0, 0xff, 0xf0, 0xff, 0xf0,
    0xff, 0xf0, 0xff, 0xf0, 0xff, 0xf0, 0xff, 0xf0, 0xff, 0xf0, 0xff, 0xf0, 0xff, 0xf0, 0xff, 0xf0,
    0xff, 0xf0, 0xff, 0xf0, 0xff, 0xf0, 0xff, 0xf0, 0xff, 0xf0, 0xff, 0xf0, 0xff, 0xf0, 0xff, 0xf0,
    0xff, 0xf0, 0xff, 0xf0, 0xff, 0xf0, 0xff, 0xf0, 0xff, 0xf0, 0xff, 0xf0, 0xff, 0xf0, 0xff, 0xf0,
    0xff, 0xf0, 0xff, 0xf0, 0xff, 0xf0, 0xff, 0xf0, 0xff, 0xf0, 0xff, 0xf0, 0xff, 0xf0, 0xff, 0xf0,
    0xff, 0xf0, 0xff, 0xf0, 0xff, 0xf0, 0xff, 0xf0, 0xff, 0xf0, 0xff, 0xf0, 0xff, 0xf0, 0xff, 0xf0,
    0xff, 0xf0, 0xff, 0xf0, 0xff, 0xf0, 0xff, 0xf0, 0xff, 0xf0, 0xff, 0xf0, 0xff, 0xf0, 0xff, 0xf0,
    0xff, 0xf0, 0xff, 0xf0, 0xff, 0xf0, 0xff, 0xf0, 0xff, 0xf0, 0xff, 0xf0, 0xff, 0xf0, 0xff, 0xf0,
    0xff, 0xf0, 0xff, 0xf0, 0xff, 0xf0, 0xff, 0xf0, 0xff, 0xf0, 0xff, 0xf0, 0xff, 0xf0, 0xff, 0xf0,
    0xff, 0xf0, 0xff, 0xf0, 0xff, 0xf0, 0xff, 0xf0, 0xff, 0xf0, 0xff, 0xf0, 0xff, 0xf0, 0xff, 0xf0,
    0xff, 0xf0, 0xff, 0xf0, 0xff, 0xf0, 0xff, 0xf0, 0xff, 0xf0, 0xff, 0xf0, 0xff, 0xf0, 0xff, 0xf0,
    0xff, 0xf0, 0xff, 0xf0, 0xff, 0xf0, 0xff, 0xf0, 0xff, 0xf0, 0xff, 0xf0, 0xff, 0xf0, 0xff, 0xf0,
    0x00, 0x00, 0x00, 0x00, 0x00, 0x00, 0x00, 0x00, 0x00, 0x00, 0x00, 0x00, 0x00, 0x00, 0x00, 0x00,
    0x00, 0x00, 0x00, 0x00, 0x00, 0x00, 0x00, 0x00, 0x00, 0x00, 0x00, 0x00, 0x00, 0x00, 0x00, 0x00,
    0x00, 0x00, 0x00, 0x00, 0x00, 0x00, 0x00, 0x00, 0x00, 0x00, 0x00, 0x00, 0x00, 0x00, 0x00, 0x00,
    0x00, 0x00, 0x00, 0x00, 0x00, 0x00, 0x00, 0x00, 0x00, 0x00, 0x00, 0x00, 0x00, 0x00, 0x00, 0x00,
    0x00, 0x00, 0x00, 0x00, 0x00, 0x00, 0x00, 0x00, 0x00, 0x00, 0x00, 0x00, 0x00, 0x00, 0x00, 0x00,
    0xff, 0xf0, 0xff, 0xf0, 0xff, 0xf0, 0xff, 0xf0, 0xff, 0xf0, 0xff, 0xf0, 0xff, 0xf0, 0xff, 0xf0,
    0xff, 0xf0, 0xff, 0xf0, 0xff, 0xf0, 0xff, 0xf0, 0xff, 0xf0, 0xff, 0xf0, 0xff, 0xf0, 0xff, 0xf0,
    0xff, 0xf0, 0xff, 0xf0, 0xff, 0xf0, 0xff, 0xf0, 0xff, 0xf0, 0xff, 0xf0, 0xff, 0xf0, 0xff, 0xf0,
    0xff, 0xf0, 0xff, 0xf0, 0xff, 0xf0, 0xff, 0xf0, 0xff, 0xf0, 0xff, 0xf0, 0xff, 0xf0, 0xff, 0xf0,
    0xff, 0xf0, 0xff, 0xf0, 0xff, 0xf0, 0xff, 0xf0, 0xff, 0xf0, 0xff, 0xf0, 0xff, 0xf0, 0xff, 0xf0,
    0xff, 0xf0, 0xff, 0xf0, 0xff, 0xf0, 0xff, 0xf0, 0xff, 0xf0, 0xff, 0xf0, 0xff, 0xf0, 0xff, 0xf0,
    0xff, 0xf0, 0xff, 0xf0, 0xff, 0xf0, 0xff, 0xf0, 0xff, 0xf0, 0xff, 0xf0, 0xff, 0xf0, 0xff, 0xf0,
    0xff, 0xf0, 0xff, 0xf0, 0xff, 0xf0, 0xff, 0xf0, 0xff, 0xf0, 0xff, 0xf0, 0xff, 0xf0, 0xff, 0xf0,
    0xff, 0xf0, 0xff, 0xf0, 0xff, 0xf0, 0xff, 0xf0, 0xff, 0xf0, 0xff, 0xf0, 0xff, 0xf0, 0xff, 0xf0,
    0xff, 0xf0, 0xff, 0xf0, 0xff, 0xf0, 0xff, 0xf0, 0xff, 0xf0, 0xff, 0xf0, 0xff, 0xf0, 0xff, 0xf0,
    0xff, 0xf0, 0xff, 0xf0, 0xff, 0xf0, 0xff, 0xf0, 0xff, 0xf0, 0xff, 0xf0, 0xff, 0xf0, 0xff, 0xf0,
    0xff, 0xf0, 0xff, 0xf0, 0xff, 0xf0, 0xff, 0xf0, 0xff, 0xf0, 0xff, 0xf0, 0xff, 0xf0, 0xff, 0xf0,
    0xff, 0xf0, 0xff, 0xf0, 0xff, 0xf0, 0xff, 0xf0, 0xff, 0xf0, 0xff, 0xf0, 0xff, 0xf0, 0xff, 0xf0,
    0xff, 0xf0, 0xff, 0xf0, 0xff, 0xf0, 0xff, 0xf0, 0xff, 0xf0, 0xff, 0xf0, 0xff, 0xf0, 0xff, 0xf0,
    0xff, 0xf0, 0xff, 0xf0, 0xff, 0xf0, 0xff, 0xf0, 0xff, 0xf0, 0xff, 0xf0, 0xff, 0xf0, 0xff, 0xf0,
    0x00, 0x00, 0x00, 0x00, 0x00, 0x00, 0x00, 0x00, 0x00, 0x00, 0x00, 0x00, 0x00, 0x00, 0x00, 0x00,
    0x00, 0x00, 0x00, 0x00, 0x00, 0x00, 0x00, 0x00, 0x00, 0x00, 0x00, 0x00, 0x00, 0x00, 0x00, 0x00,
    0x00, 0x00, 0x00, 0x00, 0x00, 0x00, 0x00, 0x00, 0x00, 0x00, 0x00, 0x00, 0x00, 0x00, 0x00, 0x00,
    0x00, 0x00, 0x00, 0x00, 0x00, 0x00, 0x00, 0x00, 0x00, 0x00, 0x00, 0x00, 0x00, 0x00, 0x00, 0x00,
    0x00, 0x00, 0x00, 0x00, 0x00, 0x00, 0x00, 0x00, 0x00, 0x00, 0x00, 0x00, 0x00, 0x00, 0x00, 0x00,
    0xff, 0xf0, 0xff, 0xf0, 0xff, 0xf0, 0xff, 0xf0, 0xff, 0xf0, 0xff, 0xf0, 0xff, 0xf0, 0xff, 0xf0,
    0xff, 0xf0, 0xff, 0xf0, 0xff, 0xf0, 0xff, 0xf0, 0xff, 0xf0, 0xff, 0xf0, 0xff, 0xf0, 0xff, 0xf0,
    0xff, 0xf0, 0xff, 0xf0, 0xff, 0xf0, 0xff, 0xf0, 0xff, 0xf0, 0xff, 0xf0, 0xff, 0xf0, 0xff, 0xf0,
    0xff, 0xf0, 0xff, 0xf0, 0xff, 0xf0, 0xff, 0xf0, 0xff, 0xf0, 0xff, 0xf0, 0xff, 0xf0, 0xff, 0xf0,
    0xff, 0xf0, 0xff, 0xf0, 0xff, 0xf0, 0xff, 0xf0, 0xff, 0xf0, 0xff, 0xf0, 0xff, 0xf0, 0xff, 0xf0,
    0xff, 0xf0, 0xff, 0xf0, 0xff, 0xf0, 0xff, 0xf0, 0xff, 0xf0, 0xff, 0xf0, 0xff, 0xf0, 0xff, 0xf0,
    0xff, 0xf0, 0xff, 0xf0, 0xff, 0xf0, 0xff, 0xf0, 0xff, 0xf0, 0xff, 0xf0, 0xff, 0xf0, 0xff, 0xf0,
    0xff, 0xf0, 0xff, 0xf0, 0xff, 0xf0, 0xff, 0xf0, 0xff, 0xf0, 0xff, 0xf0, 0xff, 0xf0, 0xff, 0xf0,
    0xff, 0xf0, 0xff, 0xf0, 0xff, 0xf0, 0xff, 0xf0, 0xff, 0xf0, 0xff, 0xf0, 0xff, 0xf0, 0xff, 0xf0,
    0xff, 0xf0, 0xff, 0xf0, 0xff, 0xf0, 0xff, 0xf0, 0xff, 0xf0, 0xff, 0xf0, 0xff, 0xf0, 0xff, 0xf0,
    0xff, 0xf0, 0xff, 0xf0, 0xff, 0xf0, 0xff, 0xf0, 0xff, 0xf0, 0xff, 0xf0, 0xff, 0xf0, 0xff, 0xf0,
    0xff, 0xf0, 0xff, 0xf0, 0xff, 0xf0, 0xff, 0xf0, 0xff, 0xf0, 0xff, 0xf0, 0xff, 0xf0, 0xff, 0xf0,
    0xff, 0xf0, 0xff, 0xf0, 0xff, 0xf0, 0xff, 0xf0, 0xff, 0xf0, 0xff, 0xf0, 0xff, 0xf0, 0xff, 0xf0,
    0xff, 0xf0, 0xff, 0xf0, 0xff, 0xf0, 0xff, 0xf0, 0xff, 0xf0, 0xff, 0xf0, 0xff, 0xf0, 0xff, 0xf0,
    0xff, 0xf0, 0xff, 0xf0, 0xff, 0xf0, 0xff, 0xf0, 0xff, 0xf0, 0xff, 0xf0, 0xff, 0xf0, 0xff, 0xf0,
    0x00, 0x00, 0x00, 0x00, 0x00, 0x00, 0x00, 0x00, 0x00, 0x00, 0x00, 0x00, 0x00, 0x00, 0x00, 0x00,
    0x00, 0x00, 0x00, 0x00, 0x00, 0x00, 0x00, 0x00, 0x00, 0x00, 0x00, 0x00, 0x00, 0x00, 0x00, 0x00,
    0x00, 0x00, 0x00, 0x00, 0x00, 0x00, 0x00, 0x00, 0x00, 0x00, 0x00, 0x00, 0x00, 0x00, 0x00, 0x00,
    0x00, 0x00, 0x00, 0x00, 0x00, 0x00, 0x00, 0x00, 0x00, 0x00, 0x00, 0x00, 0x00, 0x00, 0x00, 0x00,
    0x00, 0x00, 0x00, 0x00, 0x00, 0x00, 0x00, 0x00, 0x00, 0x00, 0x00, 0x00, 0x00, 0x00, 0x00, 0x00,
    0xff, 0xf0, 0xff, 0xf0, 0xff, 0xf0, 0xff, 0xf0, 0xff, 0xf0, 0xff, 0xf0, 0xff, 0xf0, 0xff, 0xf0,
    0xff, 0xf0, 0xff, 0xf0, 0xff, 0xf0, 0xff, 0xf0, 0xff, 0xf0, 0xff, 0xf0, 0xff, 0xf0, 0xff, 0xf0,
    0xff, 0xf0, 0xff, 0xf0, 0xff, 0xf0, 0xff, 0xf0, 0xff, 0xf0, 0xff, 0xf0, 0xff, 0xf0, 0xff, 0xf0,
    0xff, 0xf0, 0xff, 0xf0, 0xff, 0xf0, 0xff, 0xf0, 0xff, 0xf0, 0xff, 0xf0, 0xff, 0xf0, 0xff, 0xf0,
    0xff, 0xf0, 0xff, 0xf0, 0xff, 0xf0, 0xff, 0xf0, 0xff, 0xf0, 0xff, 0xf0, 0xff, 0xf0, 0xff, 0xf0,
    0xff, 0xf0, 0xff, 0xf0, 0xff, 0xf0, 0xff, 0xf0, 0xff, 0xf0, 0xff, 0xf0, 0xff, 0xf0, 0xff, 0xf0,
    0xff, 0xf0, 0xff, 0xf0, 0xff, 0xf0, 0xff, 0xf0, 0xff, 0xf0, 0xff, 0xf0, 0xff, 0xf0, 0xff, 0xf0,
    0xff, 0xf0, 0xff, 0xf0, 0xff, 0xf0, 0xff, 0xf0, 0xff, 0xf0, 0xff, 0xf0, 0xff, 0xf0, 0xff, 0xf0,
    0xff, 0xf0, 0xff, 0xf0, 0xff, 0xf0, 0xff, 0xf0, 0xff, 0xf0, 0xff, 0xf0, 0xff, 0xf0, 0xff, 0xf0,
    0xff, 0xf0, 0xff, 0xf0, 0xff, 0xf0, 0xff, 0xf0, 0xff, 0xf0, 0xff, 0xf0, 0xff, 0xf0, 0xff, 0xf0,
    0xff, 0xf0, 0xff, 0xf0, 0xff, 0xf0, 0xff, 0xf0, 0xff, 0xf0, 0xff, 0xf0, 0xff, 0xf0, 0xff, 0xf0,
    0xff, 0xf0, 0xff, 0xf0, 0xff, 0xf0, 0xff, 0xf0, 0xff, 0xf0, 0xff, 0xf0, 0xff, 0xf0, 0xff, 0xf0,
    0xff, 0xf0, 0xff, 0xf0, 0xff, 0xf0, 0xff, 0xf0, 0xff, 0xf0, 0xff, 0xf0, 0xff, 0xf0, 0xff, 0xf0,
    0xff, 0xf0, 0xff, 0xf0, 0xff, 0xf0, 0xff, 0xf0, 0xff, 0xf0, 0xff, 0xf0, 0xff, 0xf0, 0xff, 0xf0,
    0xff, 0xf0, 0xff, 0xf0, 0xff, 0xf0, 0xff, 0xf0, 0xff, 0xf0, 0xff, 0xf0, 0xff, 0xf0, 0xff, 0xf0,
    0x00, 0x00, 0x00, 0x00, 0x00, 0x00, 0x00, 0x00, 0x00, 0x00, 0x00, 0x00, 0x00, 0x00, 0x00, 0x00,
    0x00, 0x00, 0x00, 0x00, 0x00, 0x00, 0x00, 0x00, 0x00, 0x00, 0x00, 0x00, 0x00, 0x00, 0x00, 0x00,
    0x00, 0x00, 0x00, 0x00, 0x00, 0x00, 0x00, 0x00, 0x00, 0x00, 0x00, 0x00, 0x00, 0x00, 0x00, 0x00,
    0x00, 0x00, 0x00, 0x00, 0x00, 0x00, 0x00, 0x00, 0x00, 0x00, 0x00, 0x00, 0x00, 0x00, 0x00, 0x00,
    0x00, 0x00, 0x00, 0x00, 0x00, 0x00, 0x00, 0x00, 0x00, 0x00, 0x00, 0x00, 0x00, 0x00, 0x00, 0x00,
    0xff, 0xf0, 0xff, 0xf0, 0xff, 0xf0, 0xff, 0xf0, 0xff, 0xf0, 0xff, 0xf0, 0xff, 0xf0, 0xff, 0xf0,
    0xff, 0xf0, 0xff, 0xf0, 0xff, 0xf0, 0xff, 0xf0, 0xff, 0xf0, 0xff, 0xf0, 0xff, 0xf0, 0xff, 0xf0,
    0xff, 0xf0, 0xff, 0xf0, 0xff, 0xf0, 0xff, 0xf0, 0xff, 0xf0, 0xff, 0xf0, 0xff, 0xf0, 0xff, 0xf0,
    0xff, 0xf0, 0xff, 0xf0, 0xff, 0xf0, 0xff, 0xf0, 0xff, 0xf0, 0xff, 0xf0, 0xff, 0xf0, 0xff, 0xf0,
    0xff, 0xf0, 0xff, 0xf0, 0xff, 0xf0, 0xff, 0xf0, 0xff, 0xf0, 0xff, 0xf0, 0xff, 0xf0, 0xff, 0xf0,
    0xff, 0xf0, 0xff, 0xf0, 0xff, 0xf0, 0xff, 0xf0, 0xff, 0xf0, 0xff, 0xf0, 0xff, 0xf0, 0xff, 0xf0,
    0xff, 0xf0, 0xff, 0xf0, 0xff, 0xf0, 0xff, 0xf0, 0xff, 0xf0, 0xff, 0xf0, 0xff, 0xf0, 0xff, 0xf0,
    0xff, 0xf0, 0xff, 0xf0, 0xff, 0xf0, 0xff, 0xf0, 0xff, 0xf0, 0xff, 0xf0, 0xff, 0xf0, 0xff, 0xf0,
    0xff, 0xf0, 0xff, 0xf0, 0xff, 0xf0, 0xff, 0xf0, 0xff, 0xf0, 0xff, 0xf0, 0xff, 0xf0, 0xff, 0xf0,
    0xff, 0xf0, 0xff, 0xf0, 0xff, 0xf0, 0xff, 0xf0, 0xff, 0xf0, 0xff, 0xf0, 0xff, 0xf0, 0xff, 0xf0,
    0xff, 0xf0, 0xff, 0xf0, 0xff, 0xf0, 0xff, 0xf0, 0xff, 0xf0, 0xff, 0xf0, 0xff, 0xf0, 0xff, 0xf0,
    0xff, 0xf0, 0xff, 0xf0, 0xff, 0xf0, 0xff, 0xf0, 0xff, 0xf0, 0xff, 0xf0, 0xff, 0xf0, 0xff, 0xf0,
    0xff, 0xf0, 0xff, 0xf0, 0xff, 0xf0, 0xff, 0xf0, 0xff, 0xf0, 0xff, 0xf0, 0xff, 0xf0, 0xff, 0xf0,
    0xff, 0xf0, 0xff, 0xf0, 0xff, 0xf0, 0xff, 0xf0, 0xff, 0xf0, 0xff, 0xf0, 0xff, 0xf0, 0xff, 0xf0,
    0xff, 0xf0, 0xff, 0xf0, 0xff, 0xf0, 0xff, 0xf0, 0xff, 0xf0, 0xff, 0xf0, 0xff, 0xf0, 0xff, 0xf0,
    0x00, 0x00, 0x00, 0x00, 0x00, 0x00, 0x00, 0x00, 0x00, 0x00, 0x00, 0x00, 0x00, 0x00, 0x00, 0x00,
    0x00, 0x00, 0x00, 0x00, 0x00, 0x00, 0x00, 0x00, 0x00, 0x00, 0x00, 0x00, 0x00, 0x00, 0x00, 0x00,
    0x00, 0x00, 0x00, 0x00, 0x00, 0x00, 0x00, 0x00, 0x00, 0x00, 0x00, 0x00, 0x00, 0x00, 0x00, 0x00,
    0x00, 0x00, 0x00, 0x00, 0x00, 0x00, 0x00, 0x00, 0x00, 0x00, 0x00, 0x00, 0x00, 0x00, 0x00, 0x00,
    0x00, 0x00, 0x00, 0x00, 0x00, 0x00, 0x00, 0x00, 0x00, 0x00, 0x00, 0x00, 0x00, 0x00, 0x00, 0x00,
    0xff, 0xf0, 0xff, 0xf0, 0xff, 0xf0, 0xff, 0xf0, 0xff, 0xf0, 0xff, 0xf0, 0xff, 0xf0, 0xff, 0xf0,
    0xff, 0xf0, 0xff, 0xf0, 0xff, 0xf0, 0xff, 0xf0, 0xff, 0xf0, 0xff, 0xf0, 0xff, 0xf0, 0xff, 0xf0,
    0xff, 0xf0, 0xff, 0xf0, 0xff, 0xf0, 0xff, 0xf0, 0xff, 0xf0, 0xff, 0xf0, 0xff, 0xf0, 0xff, 0xf0,
    0xff, 0xf0, 0xff, 0xf0, 0xff, 0xf0, 0xff, 0xf0, 0xff, 0xf0, 0xff, 0xf0, 0xff, 0xf0, 0xff, 0xf0,
    0xff, 0xf0, 0xff, 0xf0, 0xff, 0xf0, 0xff, 0xf0, 0xff, 0xf0, 0xff, 0xf0, 0xff, 0xf0, 0xff, 0xf0,
    0xff, 0xf0, 0xff, 0xf0, 0xff, 0xf0, 0xff, 0xf0, 0xff, 0xf0, 0xff, 0xf0, 0xff, 0xf0, 0xff, 0xf0,
    0xff, 0xf0, 0xff, 0xf0, 0xff, 0xf0, 0xff, 0xf0, 0xff, 0xf0, 0xff, 0xf0, 0xff, 0xf0, 0xff, 0xf0,
    0xff, 0xf0, 0xff, 0xf0, 0xff, 0xf0, 0xff, 0xf0, 0xff, 0xf0, 0xff, 0xf0, 0xff, 0xf0, 0xff, 0xf0,
    0xff, 0xf0, 0xff, 0xf0, 0xff, 0xf0, 0xff, 0xf0, 0xff, 0xf0, 0xff, 0xf0, 0xff, 0xf0, 0xff, 0xf0,
    0xff, 0xf0, 0xff, 0xf0, 0xff, 0xf0, 0xff, 0xf0, 0xff, 0xf0, 0xff, 0xf0, 0xff, 0xf0, 0xff, 0xf0,
    0xff, 0xf0, 0xff, 0xf0, 0xff, 0xf0, 0xff, 0xf0, 0xff, 0xf0, 0xff, 0xf0, 0xff, 0xf0, 0xff, 0xf0,
    0xff, 0xf0, 0xff, 0xf0, 0xff, 0xf0, 0xff, 0xf0, 0xff, 0xf0, 0xff, 0xf0, 0xff, 0xf0, 0xff, 0xf0,
    0xff, 0xf0, 0xff, 0xf0, 0xff, 0xf0, 0xff, 0xf0, 0xff, 0xf0, 0xff, 0xf0, 0xff, 0xf0, 0xff, 0xf0,
    0xff, 0xf0, 0xff, 0xf0, 0xff, 0xf0, 0xff, 0xf0, 0xff, 0xf0, 0xff, 0xf0, 0xff, 0xf0, 0xff, 0xf0,
    0xff, 0xf0, 0xff, 0xf0, 0xff, 0xf0, 0xff, 0xf0, 0xff, 0xf0, 0xff, 0xf0, 0xff, 0xf0, 0xff, 0xf0,
    0x00, 0x00, 0x00, 0x00, 0x00, 0x00, 0x00, 0x00, 0x00, 0x00, 0x00, 0x00, 0x00, 0x00, 0x00, 0x00,
    0x00, 0x00, 0x00, 0x00, 0x00, 0x00, 0x00, 0x00, 0x00, 0x00, 0x00, 0x00, 0x00, 0x00, 0x00, 0x00,
    0x00, 0x00, 0x00, 0x00, 0x00, 0x00, 0x00, 0x00, 0x00, 0x00, 0x00, 0x00, 0x00, 0x00, 0x00, 0x00,
    0x00, 0x00, 0x00, 0x00, 0x00, 0x00, 0x00, 0x00, 0x00, 0x00, 0x00, 0x00, 0x00, 0x00, 0x00, 0x00,
    0x00, 0x00, 0x00, 0x00, 0x00, 0x00, 0x00, 0x00, 0x00, 0x00, 0x00, 0x00, 0x00, 0x00, 0x00, 0x00,
    0xff, 0xf0, 0xff, 0xf0, 0xff, 0xf0, 0xff, 0xf0, 0xff, 0xf0, 0xff, 0xf0, 0xff, 0xf0, 0xff, 0xf0,
    0xff, 0xf0, 0xff, 0xf0, 0xff, 0xf0, 0xff, 0xf0, 0xff, 0xf0, 0xff, 0xf0, 0xff, 0xf0, 0xff, 0xf0,
    0xff, 0xf0, 0xff, 0xf0, 0xff, 0xf0, 0xff, 0xf0, 0xff, 0xf0, 0xff, 0xf0, 0xff, 0xf0, 0xff, 0xf0,
    0xff, 0xf0, 0xff, 0xf0, 0xff, 0xf0, 0xff, 0xf0, 0xff, 0xf0, 0xff, 0xf0, 0xff, 0xf0, 0xff, 0xf0,
    0xff, 0xf0, 0xff, 0xf0, 0xff, 0xf0, 0xff, 0xf0, 0xff, 0xf0, 0xff, 0xf0, 0xff, 0xf0, 0xff, 0xf0,
    0xff, 0xf0, 0xff, 0xf0, 0xff, 0xf0, 0xff, 0xf0, 0xff, 0xf0, 0xff, 0xf0, 0xff, 0xf0, 0xff, 0xf0,
    0xff, 0xf0, 0xff, 0xf0, 0xff, 0xf0, 0xff, 0xf0, 0xff, 0xf0, 0xff, 0xf0, 0xff, 0xf0, 0xff, 0xf0,
    0xff, 0xf0, 0xff, 0xf0, 0xff, 0xf0, 0xff, 0xf0, 0xff, 0xf0, 0xff, 0xf0, 0xff, 0xf0, 0xff, 0xf0,
    0xff, 0xf0, 0xff, 0xf0, 0xff, 0xf0, 0xff, 0xf0, 0xff, 0xf0, 0xff, 0xf0, 0xff, 0xf0, 0xff, 0xf0,
    0xff, 0xf0, 0xff, 0xf0, 0xff, 0xf0, 0xff, 0xf0, 0xff, 0xf0, 0xff, 0xf0, 0xff, 0xf0, 0xff, 0xf0,
    0xff, 0xf0, 0xff, 0xf0, 0xff, 0xf0, 0xff, 0xf0, 0xff, 0xf0, 0xff, 0xf0, 0xff, 0xf0, 0xff, 0xf0,
    0xff, 0xf0, 0xff, 0xf0, 0xff, 0xf0, 0xff, 0xf0, 0xff, 0xf0, 0xff, 0xf0, 0xff, 0xf0, 0xff, 0xf0,
    0xff, 0xf0, 0xff, 0xf0, 0xff, 0xf0, 0xff, 0xf0, 0xff, 0xf0, 0xff, 0xf0, 0xff, 0xf0, 0xff, 0xf0,
    0xff, 0xf0, 0xff, 0xf0, 0xff, 0xf0, 0xff, 0xf0, 0xff, 0xf0, 0xff, 0xf0, 0xff, 0xf0, 0xff, 0xf0,
    0xff, 0xf0, 0xff, 0xf0, 0xff, 0xf0, 0xff, 0xf0, 0xff, 0xf0, 0xff, 0xf0, 0xff, 0xf0, 0xff, 0xf0,
};

/* sRopeEnd: 1 masks of 8 bytes */
static const uint8_t s_mask_sRopeEnd[8] = {
    0x3c, 0x7e, 0xff, 0xff, 0xff, 0xff, 0x7e, 0x3c,
};

/* sRopeGet: 2 masks of 30 bytes */
static const uint8_t s_mask_sRopeGet[60] = {
    0x1e, 0x37, 0xbe, 0x1f, 0x7f, 0xfe, 0x1f, 0xff, 0xfc, 0x5f, 0xff, 0xfc, 0xff, 0xff, 0xfe, 0xff,
    0xff, 0xbc, 0xff, 0xff, 0xbc, 0x5f, 0xff, 0xbc, 0x1f, 0xff, 0xbe, 0x1f, 0xb7, 0xbe,
    0x1e, 0x37, 0xbe, 0x1f, 0x7f, 0xfe, 0x1f, 0xff, 0xfc, 0x5f, 0xff, 0xfc, 0xff, 0xff, 0xfe, 0xff,
    0xff, 0xbc, 0xff, 0xff, 0xbc, 0x5f, 0xff, 0xbc, 0x1f, 0xff, 0xbe, 0x1f, 0xb7, 0xbe,
};

/* sRopeIcon: 1 masks of 30 bytes */
static const uint8_t s_mask_sRopeIcon[30] = {
    0x07, 0xc0, 0x0f, 0xe0, 0x1f, 0xf0, 0x1b, 0xb0, 0x03, 0x80, 0x3f, 0xc0, 0x7f, 0xe0, 0xff, 0xf0,
    0xff, 0xf8, 0xff, 0xf8, 0xff, 0xf8, 0xff, 0xf8, 0xff, 0xf8, 0xff, 0xf8, 0x7f, 0xf0,
};

/* sRopePile: 1 masks of 18 bytes */
static const uint8_t s_mask_sRopePile[18] = {
    0x1c, 0x00, 0x3e, 0x00, 0x7f, 0x80, 0x7f, 0x80, 0x3f, 0xc0, 0x7f, 0xe0, 0x7f, 0xe0, 0xff, 0xf0,
    0xff, 0xf0,
};

/* sRopePileTile: 1 masks of 18 bytes */
static const uint8_t s_mask_sRopePileTile[18] = {
    0x1c, 0x00, 0x3e, 0x00, 0x7f, 0x80, 0x7f, 0x80, 0x3f, 0xc0, 0x7f, 0xe0, 0x7f, 0xe0, 0xff, 0xf0,
    0xff, 0xf0,
};

/* sRopeTop: 1 masks of 8 bytes */
static const uint8_t s_mask_sRopeTop[8] = {
    0x18, 0x3c, 0x7e, 0xff, 0xff, 0xfe, 0x7c, 0x1c,
};

/* sRubble: 1 masks of 6 bytes */
static const uint8_t s_mask_sRubble[6] = {
    0x30, 0x78, 0xfc, 0xfc, 0x78, 0x30,
};

/* sRubbleDark: 1 masks of 6 bytes */
static const uint8_t s_mask_sRubbleDark[6] = {
    0x30, 0x78, 0xfc, 0xfc, 0x78, 0x30,
};

/* sRubbleDarkSmall: 1 masks of 4 bytes */
static const uint8_t s_mask_sRubbleDarkSmall[4] = {
    0x60, 0xf0, 0xf0, 0x60,
};

/* sRubbleLush: 1 masks of 6 bytes */
static const uint8_t s_mask_sRubbleLush[6] = {
    0x30, 0x78, 0xfc, 0xfc, 0x78, 0x30,
};

/* sRubbleLushSmall: 1 masks of 4 bytes */
static const uint8_t s_mask_sRubbleLushSmall[4] = {
    0x60, 0xf0, 0xf0, 0x60,
};

/* sRubbleSmall: 1 masks of 4 bytes */
static const uint8_t s_mask_sRubbleSmall[4] = {
    0x60, 0xf0, 0xf0, 0x60,
};

/* sRubbleTan: 1 masks of 6 bytes */
static const uint8_t s_mask_sRubbleTan[6] = {
    0x30, 0x78, 0xfc, 0xfc, 0x78, 0x30,
};

/* sRubbleTanSmall: 1 masks of 4 bytes */
static const uint8_t s_mask_sRubbleTanSmall[4] = {
    0x60, 0xf0, 0xf0, 0x60,
};

/* sSceptreLeft: 1 masks of 20 bytes */
static const uint8_t s_mask_sSceptreLeft[20] = {
    0x40, 0x00, 0xe0, 0x00, 0xf0, 0x02, 0xff, 0xff, 0xff, 0xff, 0xff, 0xfe, 0x7c, 0x00, 0x3c, 0x00,
    0x1e, 0x00, 0x0e, 0x00,
};

/* sSceptreRight: 1 masks of 20 bytes */
static const uint8_t s_mask_sSceptreRight[20] = {
    0x00, 0x02, 0x00, 0x07, 0x40, 0x0f, 0xff, 0xff, 0xff, 0xff, 0x7f, 0xff, 0x00, 0x3e, 0x00, 0x3c,
    0x00, 0x78, 0x00, 0x70,
};

/* sScoresSign: 1 masks of 192 bytes */
static const uint8_t s_mask_sScoresSign[192] = {
    0x03, 0xff, 0xf7, 0xff, 0xfc, 0x00, 0x07, 0xff, 0xff, 0xff, 0xff, 0xc0, 0x1f, 0xff, 0xff, 0xff,
    0xff, 0xf8, 0x3f, 0xff, 0xff, 0xff, 0xff, 0xfc, 0x7f, 0xff, 0xff, 0xff, 0xff, 0xfc, 0xff, 0xff,
    0xff, 0xff, 0xff, 0xfc, 0xff, 0xff, 0xff, 0xff, 0xff, 0xfc, 0xff, 0xff, 0xff, 0xff, 0xff, 0xfc,
    0xff, 0xff, 0xff, 0xff, 0xff, 0xfc, 0xff, 0xff, 0xff, 0xff, 0xff, 0xfc, 0xff, 0xff, 0xff, 0xff,
    0xff, 0xfc, 0xff, 0xff, 0xff, 0xff, 0xff, 0xfc, 0xff, 0xff, 0xff, 0xff, 0xff, 0xfc, 0x7f, 0xff,
    0xff, 0xff, 0xff, 0xf8, 0x3f, 0xff, 0xff, 0xff, 0xff, 0xf0, 0x0f, 0xff, 0xff, 0x8f, 0xff, 0xe0,
    0x01, 0xfe, 0x00, 0x01, 0xfe, 0x00, 0x00, 0xfc, 0x00, 0x00, 0xfc, 0x00, 0x00, 0xfc, 0x00, 0x00,
    0xfc, 0x00, 0x00, 0xfc, 0x00, 0x00, 0xfc, 0x00, 0x00, 0xfc, 0x00, 0x00, 0xfc, 0x00, 0x00, 0xfc,
    0x00, 0x00, 0xfc, 0x00, 0x00, 0xfc, 0x00, 0x00, 0xfc, 0x00, 0x00, 0xfc, 0x00, 0x00, 0xfc, 0x00,
    0x00, 0xfc, 0x00, 0x00, 0xfc, 0x00, 0x00, 0xfc, 0x00, 0x00, 0xfc, 0x00, 0x00, 0xfc, 0x00, 0x00,
    0xfc, 0x00, 0x00, 0xfc, 0x00, 0x00, 0xfc, 0x00, 0x00, 0xfc, 0x00, 0x00, 0xfc, 0x00, 0x00, 0xfc,
    0x00, 0x00, 0xfc, 0x00, 0x01, 0xfe, 0x00, 0x01, 0xfe, 0x00, 0x01, 0xfe, 0x00, 0x03, 0xff, 0x00,
};

/* sShopkeeperIcon: 1 masks of 32 bytes */
static const uint8_t s_mask_sShopkeeperIcon[32] = {
    0x1f, 0xf8, 0x3f, 0xfc, 0x7f, 0xfc, 0x7f, 0xfc, 0xff, 0xfc, 0xff, 0xfc, 0xff, 0xfc, 0xff, 0xfc,
    0xff, 0xfc, 0xff, 0xfc, 0xff, 0xfc, 0xff, 0xfc, 0xff, 0xfc, 0xff, 0xf8, 0x7f, 0xf0, 0x3f, 0xe0,
};

/* sShopThrowL: 7 masks of 48 bytes */
static const uint8_t s_mask_sShopThrowL[336] = {
    0x00, 0x00, 0x00, 0x03, 0xe0, 0x00, 0x07, 0xf0, 0x00, 0x0f, 0xf8, 0x00, 0x0f, 0xfc, 0x00, 0x0f,
    0xfc, 0x00, 0x0f, 0xfe, 0x00, 0x0f, 0xff, 0x00, 0x0f, 0xff, 0x00, 0x6f, 0xfe, 0x00, 0xff, 0xf0,
    0x00, 0xff, 0xf0, 0x00, 0x7f, 0xf0, 0x00, 0x3f, 0xf8, 0x00, 0x1f, 0xf0, 0x00, 0x00, 0x70, 0x00,
    0x00, 0x00, 0x00, 0x01, 0xf0, 0x00, 0x03, 0xf8, 0x00, 0x07, 0xfc, 0x00, 0x07, 0xfe, 0x00, 0x07,
    0xfe, 0x00, 0x07, 0xff, 0x00, 0x07, 0xff, 0x80, 0x37, 0xff, 0x80, 0x7f, 0xff, 0x00, 0x7f, 0xf8,
    0x00, 0x3f, 0xf8, 0x00, 0x1f, 0xf8, 0x00, 0x1f, 0xfc, 0x00, 0x01, 0xf0, 0x00, 0x00, 0x70, 0x00,
    0x00, 0x00, 0x00, 0x00, 0xf8, 0x00, 0x01, 0xfc, 0x00, 0x03, 0xfe, 0x00, 0x03, 0xff, 0x00, 0x03,
    0xff, 0x00, 0x03, 0xff, 0xc0, 0x0f, 0xff, 0xe0, 0x1d, 0xff, 0xe0, 0x1f, 0xff, 0xc0, 0x0f, 0xfe,
    0x00, 0x0f, 0xfc, 0x00, 0x0f, 0xfc, 0x00, 0x0f, 0xfc, 0x00, 0x01, 0xf8, 0x00, 0x00, 0x70, 0x00,
    0x07, 0xc0, 0x00, 0x0f, 0xe0, 0x00, 0x1f, 0xf0, 0x00, 0x1f, 0xf0, 0x00, 0x1f, 0xf0, 0x00, 0x1f,
    0xf8, 0x00, 0x1f, 0xf8, 0x00, 0x1f, 0xf0, 0x00, 0x3f, 0xf0, 0x00, 0x7f, 0xf0, 0x00, 0x7f, 0xf0,
    0x00, 0x1f, 0xf0, 0x00, 0x1f, 0xf0, 0x00, 0x0f, 0xf0, 0x00, 0x07, 0xf8, 0x00, 0x00, 0x38, 0x00,
    0x1f, 0x00, 0x00, 0x3f, 0x80, 0x00, 0x7f, 0xc0, 0x00, 0x7f, 0xc0, 0x00, 0x7f, 0xc0, 0x00, 0x7f,
    0xe0, 0x00, 0x7f, 0xe0, 0x00, 0x7f, 0xa0, 0x00, 0x7f, 0xe0, 0x00, 0x7f, 0xe0, 0x00, 0x7f, 0xf0,
    0x00, 0x7f, 0xf8, 0x00, 0x7f, 0xf8, 0x00, 0x0f, 0xf0, 0x00, 0x1f, 0xc0, 0x00, 0x3e, 0x00, 0x00,
    0x00, 0x00, 0x00, 0x3e, 0x00, 0x00, 0x7f, 0x00, 0x00, 0xff, 0x80, 0x00, 0xff, 0x80, 0x00, 0xff,
    0x80, 0x00, 0xff, 0xc0, 0x00, 0xff, 0xc0, 0x00, 0xff, 0x40, 0x00, 0xff, 0xe0, 0x00, 0xff, 0xf0,
    0x00, 0xff, 0xf0, 0x00, 0xff, 0xe0, 0x00, 0xff, 0xe0, 0x00, 0x1f, 0xc0, 0x00, 0x3e, 0x00, 0x00,
    0x00, 0x00, 0x00, 0x3e, 0x00, 0x00, 0x7f, 0x00, 0x00, 0xff, 0x80, 0x00, 0xff, 0x80, 0x00, 0xff,
    0x80, 0x00, 0xff, 0xc0, 0x00, 0xff, 0xc0, 0x00, 0xff, 0x40, 0x00, 0xff, 0xe0, 0x00, 0xff, 0xf0,
    0x00, 0xff, 0xf0, 0x00, 0xff, 0xe0, 0x00, 0xff, 0xe0, 0x00, 0x1f, 0xc0, 0x00, 0x3e, 0x00, 0x00,
};

/* sShotgunBlastLeft: 10 masks of 24 bytes */
static const uint8_t s_mask_sShotgunBlastLeft[240] = {
    0x00, 0x00, 0x00, 0x00, 0x03, 0xc0, 0x07, 0xe0, 0x0f, 0xf0, 0x0f, 0xf0, 0x0f, 0xf0, 0x0f, 0xf0,
    0x07, 0xe0, 0x03, 0xc0, 0x00, 0x00, 0x00, 0x00,
    0x00, 0x00, 0x07, 0x00, 0x0f, 0xc0, 0x1f, 0xf0, 0x1f, 0xf8, 0x3f, 0xfc, 0x3f, 0xfc, 0x1f, 0xf8,
    0x1f, 0xf0, 0x0f, 0xc0, 0x07, 0x00, 0x00, 0x00,
    0x1c, 0x00, 0x0f, 0x60, 0x07, 0xf0, 0x3f, 0xf8, 0x1f, 0xfc, 0x1f, 0xfc, 0x3f, 0xfc, 0x0f, 0xf8,
    0x1f, 0xf8, 0x07, 0xe0, 0x0e, 0x40, 0x00, 0x00,
    0x00, 0x00, 0x1f, 0x80, 0x3f, 0xf0, 0x7f, 0xf8, 0x7f, 0xfc, 0x7f, 0xfe, 0x7f, 0xfe, 0x7f, 0xfc,
    0x3f, 0xf8, 0x3f, 0xf0, 0x1f, 0x80, 0x00, 0x00,
    0x03, 0x00, 0x1f, 0x00, 0x3f, 0x80, 0x7f, 0xc0, 0x7f, 0xc0, 0x7f, 0xc0, 0x7f, 0xc0, 0x7f, 0xc0,
    0x3f, 0x80, 0x1f, 0x00, 0x1f, 0x00, 0x04, 0x00,
    0x00, 0x00, 0x1f, 0x00, 0x3f, 0xc0, 0x7f, 0xe0, 0xff, 0xf0, 0xff, 0xf0, 0xff, 0xf0, 0xff, 0xe0,
    0x7f, 0xf0, 0x3f, 0xe0, 0x1f, 0x80, 0x00, 0x00,
    0x00, 0x00, 0x00, 0x00, 0x0e, 0x00, 0x3f, 0x00, 0x7f, 0x80, 0xff, 0xe8, 0xff, 0xf0, 0xff, 0xe0,
    0x7f, 0x00, 0x1e, 0x00, 0x00, 0x00, 0x00, 0x00,
    0x00, 0x00, 0x00, 0x00, 0x3c, 0x00, 0xfe, 0x00, 0xff, 0x40, 0xff, 0xa0, 0xff, 0xc8, 0xff, 0x80,
    0xfc, 0x00, 0x00, 0x00, 0x00, 0x00, 0x00, 0x00,
    0x00, 0x00, 0x00, 0x00, 0x00, 0x00, 0x38, 0x00, 0x7e, 0x00, 0xff, 0x80, 0xff, 0x20, 0x7c, 0x00,
    0x18, 0x00, 0x00, 0x00, 0x00, 0x00, 0x00, 0x00,
    0x00, 0x00, 0x00, 0x00, 0x00, 0x00, 0x20, 0x00, 0x78, 0x80, 0xfe, 0xe8, 0xff, 0xd0, 0x7f, 0x00,
    0x46, 0x00, 0x00, 0x00, 0x00, 0x00, 0x00, 0x00,
};

/* sShotgunBlastRight: 10 masks of 24 bytes */
static const uint8_t s_mask_sShotgunBlastRight[240] = {
    0x00, 0x00, 0x00, 0x00, 0x07, 0x80, 0x0f, 0xc0, 0x1f, 0xe0, 0x1f, 0xe0, 0x1f, 0xe0, 0x1f, 0xe0,
    0x0f, 0xc0, 0x07, 0x80, 0x00, 0x00, 0x00, 0x00,
    0x00, 0x00, 0x01, 0xc0, 0x07, 0xe0, 0x1f, 0xf0, 0x3f, 0xf0, 0x7f, 0xf8, 0x7f, 0xf8, 0x3f, 0xf0,
    0x1f, 0xf0, 0x07, 0xe0, 0x01, 0xc0, 0x00, 0x00,
    0x00, 0x70, 0x0d, 0xe0, 0x1f, 0xc0, 0x3f, 0xf8, 0x7f, 0xf0, 0x7f, 0xf0, 0x7f, 0xf8, 0x3f, 0xe0,
    0x3f, 0xf0, 0x0f, 0xc0, 0x04, 0xe0, 0x00, 0x00,
    0x00, 0x00, 0x03, 0xf0, 0x1f, 0xf8, 0x3f, 0xfc, 0x7f, 0xfc, 0xff, 0xfc, 0xff, 0xfc, 0x7f, 0xfc,
    0x3f, 0xf8, 0x1f, 0xf8, 0x03, 0xf0, 0x00, 0x00,
    0x01, 0x80, 0x01, 0xf0, 0x03, 0xf8, 0x07, 0xfc, 0x07, 0xfc, 0x07, 0xfc, 0x07, 0xfc, 0x07, 0xfc,
    0x03, 0xf8, 0x01, 0xf0, 0x01, 0xf0, 0x00, 0x40,
    0x00, 0x00, 0x01, 0xf0, 0x07, 0xf8, 0x0f, 0xfc, 0x1f, 0xfe, 0x1f, 0xfe, 0x1f, 0xfe, 0x0f, 0xfe,
    0x1f, 0xfc, 0x0f, 0xf8, 0x03, 0xf0, 0x00, 0x00,
    0x00, 0x00, 0x00, 0x00, 0x00, 0xe0, 0x01, 0xf8, 0x03, 0xfc, 0x2f, 0xfe, 0x1f, 0xfe, 0x0f, 0xfe,
    0x01, 0xfc, 0x00, 0xf0, 0x00, 0x00, 0x00, 0x00,
    0x00, 0x00, 0x00, 0x00, 0x00, 0x78, 0x00, 0xfe, 0x05, 0xfe, 0x0b, 0xfe, 0x27, 0xfe, 0x03, 0xfe,
    0x00, 0x7e, 0x00, 0x00, 0x00, 0x00, 0x00, 0x00,
    0x00, 0x00, 0x00, 0x00, 0x00, 0x00, 0x00, 0x38, 0x00, 0xfc, 0x03, 0xfe, 0x09, 0xfe, 0x00, 0x7c,
    0x00, 0x30, 0x00, 0x00, 0x00, 0x00, 0x00, 0x00,
    0x00, 0x00, 0x00, 0x00, 0x00, 0x00, 0x00, 0x08, 0x02, 0x3c, 0x2e, 0xfe, 0x17, 0xfe, 0x01, 0xfc,
    0x00, 0xc4, 0x00, 0x00, 0x00, 0x00, 0x00, 0x00,
};

/* sShotgunLeft: 1 masks of 14 bytes */
static const uint8_t s_mask_sShotgunLeft[14] = {
    0xff, 0x80, 0xff, 0xe0, 0xff, 0xf0, 0xff, 0xf8, 0x7f, 0xf8, 0x3f, 0xf8, 0x00, 0x30,
};

/* sShotgunRight: 1 masks of 14 bytes */
static const uint8_t s_mask_sShotgunRight[14] = {
    0x0f, 0xf8, 0x3f, 0xf8, 0x7f, 0xf8, 0xff, 0xf8, 0xff, 0xf0, 0xff, 0xe0, 0x60, 0x00,
};

/* sShotgunTile: 1 masks of 14 bytes */
static const uint8_t s_mask_sShotgunTile[14] = {
    0x0f, 0xf8, 0x3f, 0xf8, 0x7f, 0xf8, 0xff, 0xf8, 0xff, 0xf0, 0xff, 0xe0, 0x60, 0x00,
};

/* sShrub: 1 masks of 30 bytes */
static const uint8_t s_mask_sShrub[30] = {
    0x62, 0x46, 0xfa, 0x5f, 0x3e, 0x78, 0x0f, 0xf0, 0x7f, 0xf6, 0xff, 0xff, 0x1f, 0xf8, 0x3f, 0xfc,
    0x7f, 0xfe, 0x3f, 0xfc, 0x7f, 0xfe, 0x7f, 0xfe, 0x7f, 0xfe, 0x3f, 0xfc, 0x1f, 0xf8,
};

/* sShrubDark: 1 masks of 30 bytes */
static const uint8_t s_mask_sShrubDark[30] = {
    0x62, 0x46, 0xfa, 0x5f, 0x3e, 0x78, 0x0f, 0xf0, 0x7f, 0xe6, 0xff, 0xff, 0x1f, 0xf8, 0x3f, 0xfc,
    0x7f, 0xfe, 0x3f, 0xfc, 0x7f, 0xfe, 0x7f, 0xfe, 0x7f, 0xfe, 0x3f, 0xfc, 0x1f, 0xf8,
};

/* sSilverTrophy: 1 masks of 30 bytes */
static const uint8_t s_mask_sSilverTrophy[30] = {
    0xff, 0xc0, 0xff, 0xc0, 0xff, 0xc0, 0xff, 0xc0, 0xff, 0xc0, 0xff, 0xc0, 0x7f, 0x80, 0x7f, 0x80,
    0x3f, 0x00, 0x1e, 0x00, 0x1e, 0x00, 0x1e, 0x00, 0x3f, 0x00, 0x7f, 0x80, 0x7f, 0x80,
};

/* sSkull: 1 masks of 7 bytes */
static const uint8_t s_mask_sSkull[7] = {
    0x3e, 0x7f, 0xff, 0xff, 0xff, 0x7e, 0x78,
};

/* sSlashLeft: 3 masks of 96 bytes */
static const uint8_t s_mask_sSlashLeft[288] = {
    0x00, 0x0f, 0xfc, 0x00, 0x00, 0x0f, 0xff, 0x80, 0x00, 0x0f, 0xff, 0xe0, 0x00, 0x0f, 0xff, 0xe0,
    0x00, 0x00, 0x03, 0xf0, 0x00, 0x00, 0x00, 0x70, 0x00, 0x00, 0x00, 0x18, 0x00, 0x00, 0x00, 0x08,
    0x00, 0x00, 0x00, 0x00, 0x00, 0x00, 0x00, 0x00, 0x00, 0x00, 0x00, 0x00, 0x00, 0x00, 0x00, 0x00,
    0x00, 0x00, 0x00, 0x00, 0x00, 0x00, 0x00, 0x00, 0x00, 0x00, 0x00, 0x00, 0x00, 0x00, 0x00, 0x00,
    0x00, 0x00, 0x00, 0x00, 0x00, 0x00, 0x00, 0x00, 0x00, 0x00, 0x00, 0x00, 0x00, 0x00, 0x00, 0x00,
    0x00, 0x00, 0x00, 0x00, 0x00, 0x00, 0x00, 0x00, 0x00, 0x00, 0x00, 0x00, 0x00, 0x00, 0x00, 0x00,
    0x00, 0x00, 0x00, 0x00, 0x00, 0x07, 0xff, 0xc0, 0x00, 0x7f, 0xfe, 0x00, 0x01, 0xff, 0xf0, 0x00,
    0x07, 0xff, 0x80, 0x00, 0x0f, 0xfc, 0x00, 0x00, 0x07, 0xf0, 0x00, 0x00, 0x03, 0xc0, 0x00, 0x00,
    0x01, 0x80, 0x00, 0x00, 0x00, 0x00, 0x00, 0x00, 0x00, 0x00, 0x00, 0x00, 0x00, 0x00, 0x00, 0x00,
    0x00, 0x00, 0x00, 0x00, 0x00, 0x00, 0x00, 0x00, 0x00, 0x00, 0x00, 0x00, 0x00, 0x00, 0x00, 0x00,
    0x00, 0x00, 0x00, 0x00, 0x00, 0x00, 0x00, 0x00, 0x00, 0x00, 0x00, 0x00, 0x00, 0x00, 0x00, 0x00,
    0x00, 0x00, 0x00, 0x00, 0x00, 0x00, 0x00, 0x00, 0x00, 0x00, 0x00, 0x00, 0x00, 0x00, 0x00, 0x00,
    0x00, 0x00, 0x00, 0x00, 0x00, 0x00, 0x00, 0x00, 0x00, 0x00, 0x00, 0x00, 0x00, 0x00, 0x00, 0x00,
    0x00, 0x80, 0x00, 0x00, 0x01, 0x00, 0x00, 0x00, 0x02, 0x00, 0x00, 0x00, 0x04, 0x00, 0x00, 0x00,
    0x08, 0x00, 0x00, 0x00, 0x18, 0x00, 0x00, 0x00, 0x10, 0x00, 0x00, 0x00, 0x30, 0x00, 0x00, 0x00,
    0x30, 0x00, 0x00, 0x00, 0x60, 0x00, 0x00, 0x00, 0x60, 0x00, 0x00, 0x00, 0x60, 0x00, 0x00, 0x00,
    0xc0, 0x00, 0x00, 0x00, 0xc0, 0x00, 0x00, 0x00, 0xc0, 0x00, 0x00, 0x00, 0x80, 0x00, 0x00, 0x00,
    0x80, 0x00, 0x00, 0x00, 0x80, 0x00, 0x00, 0x00, 0x80, 0x00, 0x00, 0x00, 0x80, 0x00, 0x00, 0x00,
};

/* sSlashRight: 3 masks of 96 bytes */
static const uint8_t s_mask_sSlashRight[288] = {
    0x01, 0xff, 0x80, 0x00, 0x0f, 0xff, 0x80, 0x00, 0x3f, 0xff, 0x80, 0x00, 0x3f, 0xff, 0x80, 0x00,
    0x7e, 0x00, 0x00, 0x00, 0x70, 0x00, 0x00, 0x00, 0xc0, 0x00, 0x00, 0x00, 0x80, 0x00, 0x00, 0x00,
    0x00, 0x00, 0x00, 0x00, 0x00, 0x00, 0x00, 0x00, 0x00, 0x00, 0x00, 0x00, 0x00, 0x00, 0x00, 0x00,
    0x00, 0x00, 0x00, 0x00, 0x00, 0x00, 0x00, 0x00, 0x00, 0x00, 0x00, 0x00, 0x00, 0x00, 0x00, 0x00,
    0x00, 0x00, 0x00, 0x00, 0x00, 0x00, 0x00, 0x00, 0x00, 0x00, 0x00, 0x00, 0x00, 0x00, 0x00, 0x00,
    0x00, 0x00, 0x00, 0x00, 0x00, 0x00, 0x00, 0x00, 0x00, 0x00, 0x00, 0x00, 0x00, 0x00, 0x00, 0x00,
    0x00, 0x00, 0x00, 0x00, 0x1f, 0xff, 0x00, 0x00, 0x03, 0xff, 0xf0, 0x00, 0x00, 0x7f, 0xfc, 0x00,
    0x00, 0x0f, 0xff, 0x00, 0x00, 0x01, 0xff, 0x80, 0x00, 0x00, 0x7f, 0x00, 0x00, 0x00, 0x1e, 0x00,
    0x00, 0x00, 0x0c, 0x00, 0x00, 0x00, 0x00, 0x00, 0x00, 0x00, 0x00, 0x00, 0x00, 0x00, 0x00, 0x00,
    0x00, 0x00, 0x00, 0x00, 0x00, 0x00, 0x00, 0x00, 0x00, 0x00, 0x00, 0x00, 0x00, 0x00, 0x00, 0x00,
    0x00, 0x00, 0x00, 0x00, 0x00, 0x00, 0x00, 0x00, 0x00, 0x00, 0x00, 0x00, 0x00, 0x00, 0x00, 0x00,
    0x00, 0x00, 0x00, 0x00, 0x00, 0x00, 0x00, 0x00, 0x00, 0x00, 0x00, 0x00, 0x00, 0x00, 0x00, 0x00,
    0x00, 0x00, 0x00, 0x00, 0x00, 0x00, 0x00, 0x00, 0x00, 0x00, 0x00, 0x00, 0x00, 0x00, 0x00, 0x00,
    0x00, 0x00, 0x08, 0x00, 0x00, 0x00, 0x04, 0x00, 0x00, 0x00, 0x02, 0x00, 0x00, 0x00, 0x01, 0x00,
    0x00, 0x00, 0x00, 0x80, 0x00, 0x00, 0x00, 0xc0, 0x00, 0x00, 0x00, 0x40, 0x00, 0x00, 0x00, 0x60,
    0x00, 0x00, 0x00, 0x60, 0x00, 0x00, 0x00, 0x30, 0x00, 0x00, 0x00, 0x30, 0x00, 0x00, 0x00, 0x30,
    0x00, 0x00, 0x00, 0x18, 0x00, 0x00, 0x00, 0x18, 0x00, 0x00, 0x00, 0x18, 0x00, 0x00, 0x00, 0x08,
    0x00, 0x00, 0x00, 0x08, 0x00, 0x00, 0x00, 0x08, 0x00, 0x00, 0x00, 0x08, 0x00, 0x00, 0x00, 0x08,
};

/* sSmallCollect: 20 masks of 10 bytes */
static const uint8_t s_mask_sSmallCollect[200] = {
    0x00, 0x00, 0x38, 0x7c, 0xf8, 0x78, 0x7c, 0xf8, 0x70, 0x20,
    0x00, 0x00, 0x38, 0x7c, 0xf8, 0x78, 0x7c, 0xf8, 0x70, 0x20,
    0x00, 0x00, 0x38, 0x7c, 0xf8, 0x78, 0x7c, 0xf8, 0x70, 0x20,
    0x00, 0x00, 0x38, 0x7c, 0xf8, 0x78, 0x7c, 0xf8, 0x70, 0x20,
    0x00, 0x00, 0x38, 0x7c, 0xf8, 0x78, 0x7c, 0xf8, 0x70, 0x20,
    0x00, 0x00, 0x38, 0x7c, 0xf8, 0x78, 0x7c, 0xf8, 0x70, 0x20,
    0x00, 0x38, 0x78, 0x78, 0x78, 0x78, 0x78, 0x70, 0x20, 0x00,
    0x00, 0x38, 0x78, 0x78, 0x78, 0x78, 0x78, 0x70, 0x20, 0x00,
    0x30, 0x78, 0x78, 0x78, 0x78, 0x78, 0x78, 0x30, 0x00, 0x00,
    0x30, 0x78, 0x78, 0x78, 0x78, 0x78, 0x78, 0x30, 0x00, 0x00,
    0x00, 0x70, 0x78, 0x78, 0x78, 0x78, 0x78, 0x38, 0x10, 0x00,
    0x00, 0x70, 0x78, 0x78, 0x78, 0x78, 0x78, 0x38, 0x10, 0x00,
    0x00, 0x00, 0x70, 0xf8, 0x7c, 0x78, 0xf8, 0x7c, 0x38, 0x10,
    0x00, 0x00, 0x70, 0xf8, 0x7c, 0x78, 0xf8, 0x7c, 0x38, 0x10,
    0x00, 0x70, 0x78, 0x78, 0x78, 0x78, 0x78, 0x38, 0x10, 0x00,
    0x00, 0x70, 0x78, 0x78, 0x78, 0x78, 0x78, 0x38, 0x10, 0x00,
    0x30, 0x78, 0x78, 0x78, 0x78, 0x78, 0x78, 0x30, 0x00, 0x00,
    0x30, 0x78, 0x78, 0x78, 0x78, 0x78, 0x78, 0x30, 0x00, 0x00,
    0x00, 0x38, 0x78, 0x78, 0x78, 0x78, 0x78, 0x70, 0x20, 0x00,
    0x00, 0x38, 0x78, 0x78, 0x78, 0x78, 0x78, 0x70, 0x20, 0x00,
};

/* sSmokePuff: 8 masks of 8 bytes */
static const uint8_t s_mask_sSmokePuff[64] = {
    0x00, 0x00, 0x18, 0x3c, 0x3c, 0x18, 0x00, 0x00,
    0x00, 0x18, 0x7c, 0x7e, 0x7e, 0x3c, 0x38, 0x00,
    0x38, 0x7c, 0xff, 0xff, 0xfe, 0x7e, 0x7c, 0x38,
    0x0e, 0x7e, 0xf6, 0xe0, 0x0c, 0x6d, 0x70, 0x34,
    0x60, 0xe6, 0xc0, 0x0c, 0x18, 0x40, 0x02, 0x12,
    0x04, 0x64, 0x48, 0x00, 0x10, 0x10, 0x00, 0x00,
    0x08, 0x20, 0x10, 0x00, 0x00, 0x00, 0x00, 0x00,
    0x00, 0x00, 0x00, 0x00, 0x00, 0x00, 0x00, 0x00,
};

/* sSmoochHeart: 2 masks of 22 bytes */
static const uint8_t s_mask_sSmoochHeart[44] = {
    0x31, 0x80, 0x7b, 0xc0, 0xff, 0xe0, 0xff, 0xe0, 0xff, 0xe0, 0xff, 0xe0, 0x7f, 0xc0, 0x3f, 0x80,
    0x1f, 0x00, 0x0e, 0x00, 0x04, 0x00,
    0x00, 0x00, 0x1b, 0x00, 0x3f, 0x80, 0x7f, 0xc0, 0x7f, 0xc0, 0x7f, 0xc0, 0x3f, 0x80, 0x1f, 0x00,
    0x0e, 0x00, 0x04, 0x00, 0x00, 0x00,
};

/* sSpectacles: 1 masks of 16 bytes */
static const uint8_t s_mask_sSpectacles[16] = {
    0x38, 0x0c, 0x7c, 0x1e, 0xff, 0xff, 0xff, 0xfb, 0xff, 0xf8, 0xff, 0xf8, 0xff, 0xf0, 0x79, 0xe0,
};

/* sSpectaclesIcon: 1 masks of 26 bytes */
static const uint8_t s_mask_sSpectaclesIcon[26] = {
    0x06, 0x00, 0x0f, 0x00, 0x1f, 0x00, 0x39, 0x06, 0x70, 0x0f, 0xf0, 0x1f, 0xfc, 0x39, 0xff, 0xf0,
    0xff, 0xf0, 0xff, 0xf0, 0x77, 0xf0, 0x03, 0xe0, 0x01, 0xc0,
};

/* sSpectaclesTile: 1 masks of 16 bytes */
static const uint8_t s_mask_sSpectaclesTile[16] = {
    0x38, 0x0c, 0x7c, 0x1e, 0xff, 0xff, 0xff, 0xfb, 0xff, 0xf8, 0xff, 0xf8, 0xff, 0xf0, 0x79, 0xe0,
};

/* sSpikeShoes: 1 masks of 24 bytes */
static const uint8_t s_mask_sSpikeShoes[24] = {
    0xff, 0x00, 0xff, 0x00, 0xff, 0x00, 0xff, 0xe0, 0xff, 0xf0, 0xff, 0xf8, 0xff, 0xfc, 0xff, 0xfc,
    0xff, 0xfc, 0x7f, 0xfc, 0x7f, 0xfc, 0x2a, 0xa8,
};

/* sSpikeShoesIcon: 1 masks of 32 bytes */
static const uint8_t s_mask_sSpikeShoesIcon[32] = {
    0x0e, 0x00, 0x3f, 0x38, 0x7f, 0xfe, 0x7f, 0xff, 0xff, 0xff, 0xff, 0xff, 0xff, 0xff, 0xff, 0xff,
    0x7f, 0xff, 0x3f, 0xff, 0x3f, 0xfe, 0x1f, 0xfc, 0x0f, 0xf8, 0x0f, 0xf0, 0x07, 0xe0, 0x03, 0xc0,
};

/* sSpikeShoesTile: 1 masks of 24 bytes */
static const uint8_t s_mask_sSpikeShoesTile[24] = {
    0xff, 0x00, 0xff, 0x00, 0xff, 0x00, 0xff, 0xe0, 0xff, 0xf0, 0xff, 0xf8, 0xff, 0xfc, 0xff, 0xfc,
    0xff, 0xfc, 0x7f, 0xfc, 0x7f, 0xfc, 0x2a, 0xa8,
};

/* sSpringShoes: 1 masks of 24 bytes */
static const uint8_t s_mask_sSpringShoes[24] = {
    0xff, 0x00, 0xff, 0x00, 0xff, 0x00, 0xff, 0xe0, 0xff, 0xf0, 0xff, 0xf8, 0xff, 0xfc, 0xff, 0xfc,
    0xff, 0xfc, 0x7c, 0xf8, 0x7c, 0xf8, 0x7c, 0xf8,
};

/* sSpringShoesIcon: 1 masks of 32 bytes */
static const uint8_t s_mask_sSpringShoesIcon[32] = {
    0x3f, 0x80, 0x7f, 0xc0, 0xff, 0xe0, 0xff, 0xe0, 0xff, 0xe0, 0xff, 0xe0, 0xff, 0xe0, 0xff, 0xf0,
    0xff, 0xf8, 0xff, 0xf8, 0xff, 0xfc, 0xff, 0xfc, 0xff, 0xfc, 0x7f, 0xfc, 0x3f, 0xf8, 0x1f, 0xf0,
};

/* sSpringShoesTile: 1 masks of 24 bytes */
static const uint8_t s_mask_sSpringShoesTile[24] = {
    0xff, 0x00, 0xff, 0x00, 0xff, 0x00, 0xff, 0xe0, 0xff, 0xf0, 0xff, 0xf8, 0xff, 0xfc, 0xff, 0xfc,
    0xff, 0xfc, 0x7c, 0xf8, 0x7c, 0xf8, 0x7c, 0xf8,
};

/* sStarDoor: 1 masks of 32 bytes */
static const uint8_t s_mask_sStarDoor[32] = {
    0xff, 0xff, 0xff, 0xff, 0xff, 0xff, 0xff, 0xff, 0xff, 0xff, 0xff, 0xff, 0xff, 0xff, 0xff, 0xff,
    0xff, 0xff, 0xff, 0xff, 0xff, 0xff, 0xff, 0xff, 0xff, 0xff, 0xff, 0xff, 0xff, 0xff, 0xff, 0xff,
};

/* sStartSign: 1 masks of 192 bytes */
static const uint8_t s_mask_sStartSign[192] = {
    0x03, 0xff, 0xf7, 0xff, 0xfc, 0x00, 0x07, 0xff, 0xff, 0xff, 0xff, 0xc0, 0x1f, 0xff, 0xff, 0xff,
    0xff, 0xf8, 0x3f, 0xff, 0xff, 0xff, 0xff, 0xfc, 0x7f, 0xff, 0xff, 0xff, 0xff, 0xfc, 0xff, 0xff,
    0xff, 0xff, 0xff, 0xfc, 0xff, 0xff, 0xff, 0xff, 0xff, 0xfc, 0xff, 0xff, 0xff, 0xff, 0xff, 0xfc,
    0xff, 0xff, 0xff, 0xff, 0xff, 0xfc, 0xff, 0xff, 0xff, 0xff, 0xff, 0xfc, 0xff, 0xff, 0xff, 0xff,
    0xff, 0xfc, 0xff, 0xff, 0xff, 0xff, 0xff, 0xfc, 0xff, 0xff, 0xff, 0xff, 0xff, 0xfc, 0x7f, 0xff,
    0xff, 0xff, 0xff, 0xf8, 0x3f, 0xff, 0xff, 0xff, 0xff, 0xf0, 0x0f, 0xff, 0xff, 0x8f, 0xff, 0xe0,
    0x01, 0xfe, 0x00, 0x01, 0xfe, 0x00, 0x00, 0xfc, 0x00, 0x00, 0xfc, 0x00, 0x00, 0xfc, 0x00, 0x00,
    0xfc, 0x00, 0x00, 0xfc, 0x00, 0x00, 0xfc, 0x00, 0x00, 0xfc, 0x00, 0x00, 0xfc, 0x00, 0x00, 0xfc,
    0x00, 0x00, 0xfc, 0x00, 0x00, 0xfc, 0x00, 0x00, 0xfc, 0x00, 0x00, 0xfc, 0x00, 0x00, 0xfc, 0x00,
    0x00, 0xfc, 0x00, 0x00, 0xfc, 0x00, 0x00, 0xfc, 0x00, 0x00, 0xfc, 0x00, 0x00, 0xfc, 0x00, 0x00,
    0xfc, 0x00, 0x00, 0xfc, 0x00, 0x00, 0xfc, 0x00, 0x00, 0xfc, 0x00, 0x00, 0xfc, 0x00, 0x00, 0xfc,
    0x00, 0x00, 0xfc, 0x00, 0x01, 0xfe, 0x00, 0x01, 0xfe, 0x00, 0x01, 0xfe, 0x00, 0x03, 0xff, 0x00,
};

/* sStickyBombIcon: 1 masks of 28 bytes */
static const uint8_t s_mask_sStickyBombIcon[28] = {
    0x0f, 0xe8, 0x1f, 0xfc, 0x3f, 0xfc, 0x3f, 0xfc, 0x7f, 0xfe, 0xff, 0xfe, 0xff, 0xfe, 0xff, 0xfe,
    0xff, 0xfe, 0x7f, 0xfc, 0x3f, 0xfc, 0x1f, 0xf8, 0x0f, 0xf0, 0x03, 0xc0,
};

/* sSunDoor: 1 masks of 32 bytes */
static const uint8_t s_mask_sSunDoor[32] = {
    0xff, 0xff, 0xff, 0xff, 0xff, 0xff, 0xff, 0xff, 0xff, 0xff, 0xff, 0xff, 0xff, 0xff, 0xff, 0xff,
    0xff, 0xff, 0xff, 0xff, 0xff, 0xff, 0xff, 0xff, 0xff, 0xff, 0xff, 0xff, 0xff, 0xff, 0xff, 0xff,
};

/* sTarget: 1 masks of 28 bytes */
static const uint8_t s_mask_sTarget[28] = {
    0xff, 0xff, 0xff, 0xff, 0xff, 0xff, 0xff, 0xff, 0xff, 0xff, 0xff, 0xff, 0xff, 0xff, 0xff, 0xff,
    0xff, 0xff, 0xff, 0xff, 0xff, 0xff, 0xff, 0xff, 0xff, 0xff, 0xff, 0xff,
};

/* sTeleporter: 16 masks of 30 bytes */
static const uint8_t s_mask_sTeleporter[480] = {
    0x00, 0x00, 0x0e, 0x00, 0x1f, 0x00, 0x1f, 0x00, 0x0e, 0x00, 0x0e, 0x00, 0x1f, 0x00, 0x3f, 0x80,
    0x3f, 0x80, 0x3f, 0x80, 0x3f, 0x80, 0x3f, 0x80, 0x3f, 0x80, 0x3f, 0x80, 0x3f, 0x80,
    0x00, 0x00, 0x0e, 0x00, 0x1f, 0x00, 0x1f, 0x00, 0x0e, 0x00, 0x0e, 0x00, 0x1f, 0x00, 0x3f, 0x80,
    0x3f, 0x80, 0x3f, 0x80, 0x3f, 0x80, 0x3f, 0x80, 0x3f, 0x80, 0x3f, 0x80, 0x3f, 0x80,
    0x00, 0x00, 0x0e, 0x00, 0x1f, 0x00, 0x1f, 0x00, 0x0e, 0x00, 0x0e, 0x00, 0x1f, 0x00, 0x3f, 0x80,
    0x3f, 0x80, 0x3f, 0x80, 0x3f, 0x80, 0x3f, 0x80, 0x3f, 0x80, 0x3f, 0x80, 0x3f, 0x80,
    0x00, 0x00, 0x0e, 0x00, 0x1f, 0x00, 0x1f, 0x00, 0x0e, 0x00, 0x0e, 0x00, 0x1f, 0x00, 0x3f, 0x80,
    0x3f, 0x80, 0x3f, 0x80, 0x3f, 0x80, 0x3f, 0x80, 0x3f, 0x80, 0x3f, 0x80, 0x3f, 0x80,
    0x00, 0x00, 0x0e, 0x00, 0x1f, 0x00, 0x1f, 0x00, 0x0e, 0x00, 0x0e, 0x00, 0x1f, 0x00, 0x3f, 0x80,
    0x3f, 0x80, 0x3f, 0x80, 0x3f, 0x80, 0x3f, 0x80, 0x3f, 0x80, 0x3f, 0x80, 0x3f, 0x80,
    0x00, 0x00, 0x0e, 0x00, 0x1f, 0x00, 0x1f, 0x00, 0x0e, 0x00, 0x0e, 0x00, 0x1f, 0x00, 0x3f, 0x80,
    0x3f, 0x80, 0x3f, 0x80, 0x3f, 0x80, 0x3f, 0x80, 0x3f, 0x80, 0x3f, 0x80, 0x3f, 0x80,
    0x00, 0x00, 0x0e, 0x00, 0x1f, 0x00, 0x1f, 0x00, 0x0e, 0x00, 0x0e, 0x00, 0x1f, 0x00, 0x3f, 0x80,
    0x3f, 0x80, 0x3f, 0x80, 0x3f, 0x80, 0x3f, 0x80, 0x3f, 0x80, 0x3f, 0x80, 0x3f, 0x80,
    0x00, 0x00, 0x0e, 0x00, 0x1f, 0x00, 0x1f, 0x00, 0x0e, 0x00, 0x0e, 0x00, 0x1f, 0x00, 0x3f, 0x80,
    0x3f, 0x80, 0x3f, 0x80, 0x3f, 0x80, 0x3f, 0x80, 0x3f, 0x80, 0x3f, 0x80, 0x3f, 0x80,
    0x00, 0x00, 0x0e, 0x00, 0x1f, 0x00, 0x1f, 0x00, 0x0e, 0x00, 0x0e, 0x00, 0x1f, 0x00, 0x3f, 0x80,
    0x3f, 0x80, 0x3f, 0x80, 0x3f, 0x80, 0x3f, 0x80, 0x3f, 0x80, 0x3f, 0x80, 0x3f, 0x80,
    0x00, 0x00, 0x0e, 0x00, 0x1f, 0x00, 0x1f, 0x00, 0x0e, 0x00, 0x0e, 0x00, 0x1f, 0x00, 0x3f, 0x80,
    0x3f, 0x80, 0x3f, 0x80, 0x3f, 0x80, 0x3f, 0x80, 0x3f, 0x80, 0x3f, 0x80, 0x3f, 0x80,
    0x00, 0x00, 0x0e, 0x00, 0x1f, 0x00, 0x1f, 0x00, 0x0e, 0x00, 0x0e, 0x00, 0x1f, 0x00, 0x3f, 0x80,
    0x3f, 0x80, 0x3f, 0x80, 0x3f, 0x80, 0x3f, 0x80, 0x3f, 0x80, 0x3f, 0x80, 0x3f, 0x80,
    0x00, 0x00, 0x0e, 0x00, 0x1f, 0x00, 0x1f, 0x00, 0x0e, 0x00, 0x0e, 0x00, 0x1f, 0x00, 0x3f, 0x80,
    0x3f, 0x80, 0x3f, 0x80, 0x3f, 0x80, 0x3f, 0x80, 0x3f, 0x80, 0x3f, 0x80, 0x3f, 0x80,
    0x00, 0x00, 0x0e, 0x00, 0x1f, 0x00, 0x1f, 0x00, 0x0e, 0x00, 0x0e, 0x00, 0x1f, 0x00, 0x3f, 0x80,
    0x3f, 0x80, 0x3f, 0x80, 0x3f, 0x80, 0x3f, 0x80, 0x3f, 0x80, 0x3f, 0x80, 0x3f, 0x80,
    0x0e, 0x00, 0x1f, 0x00, 0x3f, 0x80, 0x3f, 0x80, 0x1f, 0x00, 0x0e, 0x00, 0x1f, 0x00, 0x3f, 0x80,
    0x3f, 0x80, 0x3f, 0x80, 0x3f, 0x80, 0x3f, 0x80, 0x3f, 0x80, 0x3f, 0x80, 0x3f, 0x80,
    0x1f, 0x00, 0x2e, 0x80, 0x5f, 0x40, 0x5f, 0x40, 0x3f, 0x80, 0x1f, 0x00, 0x1f, 0x00, 0x3f, 0x80,
    0x3f, 0x80, 0x3f, 0x80, 0x3f, 0x80, 0x3f, 0x80, 0x3f, 0x80, 0x3f, 0x80, 0x3f, 0x80,
    0x00, 0x00, 0x4e, 0x40, 0x9f, 0x20, 0x9f, 0x20, 0x5f, 0x40, 0x0e, 0x00, 0x1f, 0x00, 0x3f, 0x80,
    0x3f, 0x80, 0x3f, 0x80, 0x3f, 0x80, 0x3f, 0x80, 0x3f, 0x80, 0x3f, 0x80, 0x3f, 0x80,
};

/* sTeleporterTile: 1 masks of 14 bytes */
static const uint8_t s_mask_sTeleporterTile[14] = {
    0x38, 0x7c, 0x7c, 0x38, 0x38, 0x7c, 0xfe, 0xfe, 0xfe, 0xfe, 0xfe, 0xfe, 0xfe, 0xfe,
};

/* sTestButton: 1 masks of 64 bytes */
static const uint8_t s_mask_sTestButton[64] = {
    0xff, 0xff, 0xff, 0xff, 0xff, 0xff, 0xff, 0xff, 0xff, 0xff, 0xff, 0xff, 0xff, 0xff, 0xff, 0xff,
    0xff, 0xff, 0xff, 0xff, 0xff, 0xff, 0xff, 0xff, 0xff, 0xff, 0xff, 0xff, 0xff, 0xff, 0xff, 0xff,
    0xff, 0xff, 0xff, 0xff, 0xff, 0xff, 0xff, 0xff, 0xff, 0xff, 0xff, 0xff, 0xff, 0xff, 0xff, 0xff,
    0xff, 0xff, 0xff, 0xff, 0xff, 0xff, 0xff, 0xff, 0xff, 0xff, 0xff, 0xff, 0xff, 0xff, 0xff, 0xff,
};

/* sTestButtonPressed: 1 masks of 64 bytes */
static const uint8_t s_mask_sTestButtonPressed[64] = {
    0xff, 0xff, 0xff, 0xff, 0xff, 0xff, 0xff, 0xff, 0xff, 0xff, 0xff, 0xff, 0xff, 0xff, 0xff, 0xff,
    0xff, 0xff, 0xff, 0xff, 0xff, 0xff, 0xff, 0xff, 0xff, 0xff, 0xff, 0xff, 0xff, 0xff, 0xff, 0xff,
    0xff, 0xff, 0xff, 0xff, 0xff, 0xff, 0xff, 0xff, 0xff, 0xff, 0xff, 0xff, 0xff, 0xff, 0xff, 0xff,
    0xff, 0xff, 0xff, 0xff, 0xff, 0xff, 0xff, 0xff, 0xff, 0xff, 0xff, 0xff, 0xff, 0xff, 0xff, 0xff,
};

/* sTimerIcon: 1 masks of 28 bytes */
static const uint8_t s_mask_sTimerIcon[28] = {
    0x07, 0x80, 0x1f, 0xe0, 0x3f, 0xf0, 0x7f, 0xf8, 0x7f, 0xf8, 0xff, 0xfc, 0xff, 0xfc, 0xff, 0xfc,
    0xff, 0xfc, 0x7f, 0xf8, 0x7f, 0xf8, 0x3f, 0xf0, 0x1f, 0xe0, 0x07, 0x80,
};

/* sTitle: 1 masks of 256 bytes */
static const uint8_t s_mask_sTitle[256] = {
    0xff, 0xff, 0xff, 0xff, 0xff, 0xff, 0xff, 0xff, 0xff, 0xff, 0xff, 0xff, 0xff, 0xff, 0xff, 0xff,
    0xff, 0xff, 0xff, 0xff, 0xff, 0xff, 0xff, 0xff, 0xff, 0xff, 0xff, 0xff, 0xff, 0xff, 0xff, 0xff,
    0xff, 0xff, 0xff, 0xff, 0xff, 0xff, 0xff, 0xff, 0xff, 0xff, 0xff, 0xff, 0xff, 0xff, 0xff, 0xff,
    0xff, 0xff, 0xff, 0xff, 0xff, 0xff, 0xff, 0xff, 0xff, 0xff, 0xff, 0xff, 0xff, 0xff, 0xff, 0xff,
    0xff, 0xff, 0xff, 0xff, 0xff, 0xff, 0xff, 0xff, 0xff, 0xff, 0xff, 0xff, 0xff, 0xff, 0xff, 0xff,
    0xff, 0xff, 0xff, 0xff, 0xff, 0xff, 0xff, 0xff, 0xff, 0xff, 0xff, 0xff, 0xff, 0xff, 0xff, 0xff,
    0xff, 0xff, 0xff, 0xff, 0xff, 0xff, 0xff, 0xff, 0xff, 0xff, 0xff, 0xff, 0xff, 0xff, 0xff, 0xff,
    0xff, 0xff, 0xff, 0xff, 0xff, 0xff, 0xff, 0xff, 0xff, 0xff, 0xff, 0xff, 0xff, 0xff, 0xff, 0xff,
    0xff, 0xff, 0xff, 0xff, 0xff, 0xff, 0xff, 0xff, 0xff, 0xff, 0xff, 0xff, 0xff, 0xff, 0xff, 0xff,
    0xff, 0xff, 0xff, 0xff, 0xff, 0xff, 0xff, 0xff, 0xff, 0xff, 0xff, 0xff, 0xff, 0xff, 0xff, 0xff,
    0xff, 0xff, 0xff, 0xff, 0xff, 0xff, 0xff, 0xff, 0xff, 0xff, 0xff, 0xff, 0xff, 0xff, 0xff, 0xff,
    0xff, 0xff, 0xff, 0xff, 0xff, 0xff, 0xff, 0xff, 0xff, 0xff, 0xff, 0xff, 0xff, 0xff, 0xff, 0xff,
    0xff, 0xff, 0xff, 0xff, 0xff, 0xff, 0xff, 0xff, 0xff, 0xff, 0xff, 0xff, 0xff, 0xff, 0xff, 0xff,
    0xff, 0xff, 0xff, 0xff, 0xff, 0xff, 0xff, 0xff, 0xff, 0xff, 0xff, 0xff, 0xff, 0xff, 0xff, 0xff,
    0xff, 0xff, 0xff, 0xff, 0xff, 0xff, 0xff, 0xff, 0xff, 0xff, 0xff, 0xff, 0xff, 0xff, 0xff, 0xff,
    0xff, 0xff, 0xff, 0xff, 0xff, 0xff, 0xff, 0xff, 0xff, 0xff, 0xff, 0xff, 0xff, 0xff, 0xff, 0xff,
};

/* sTitleBG: 1 masks of 1920 bytes */
static const uint8_t s_mask_sTitleBG[1920] = {
    0x00, 0x00, 0x00, 0x00, 0x03, 0xff, 0xf8, 0x00, 0x00, 0x00, 0x00, 0x00, 0x00, 0x00, 0x00, 0x00,
    0x00, 0x00, 0x00, 0x00, 0x00, 0x00, 0x00, 0x00, 0x00, 0x00, 0x00, 0x00, 0x03, 0xff, 0xfe, 0x00,
    0x00, 0x00, 0x00, 0x00, 0x00, 0x00, 0x00, 0x00, 0x00, 0x00, 0x00, 0x00, 0x1f, 0xe0, 0x00, 0x00,
    0x00, 0x00, 0x1f, 0xfc, 0x03, 0xff, 0xff, 0x00, 0x00, 0x00, 0x00, 0x00, 0x00, 0x00, 0x00, 0x00,
    0x00, 0x00, 0x00, 0x00, 0x1f, 0xf0, 0x00, 0x00, 0x00, 0x00, 0xff, 0xff, 0x03, 0xff, 0xff, 0x00,
    0x00, 0x00, 0x00, 0x00, 0x00, 0x00, 0x00, 0x00, 0x00, 0x00, 0x00, 0x00, 0x1f, 0xf8, 0x00, 0x00,
    0x03, 0xe3, 0xff, 0xff, 0xf3, 0xff, 0xff, 0x00, 0x00, 0x00, 0x00, 0x00, 0x00, 0x00, 0x00, 0x00,
    0x00, 0x00, 0x00, 0x00, 0x1f, 0xfc, 0x00, 0x00, 0x07, 0xf7, 0xff, 0xff, 0xfb, 0xff, 0xff, 0x00,
    0x00, 0x00, 0x00, 0x00, 0x00, 0x00, 0x00, 0x00, 0x00, 0x00, 0x00, 0x00, 0x1f, 0xfe, 0x00, 0x00,
    0x0f, 0xff, 0xff, 0xff, 0xff, 0xff, 0xff, 0xff, 0x03, 0xe0, 0x00, 0x00, 0x00, 0x00, 0x00, 0x00,
    0x00, 0x00, 0x00, 0x00, 0x3f, 0xff, 0x00, 0x00, 0x0f, 0xff, 0xff, 0xff, 0xff, 0xff, 0xff, 0xff,
    0xff, 0xf0, 0x00, 0x00, 0x00, 0x00, 0x00, 0x00, 0x00, 0x1f, 0xe0, 0x03, 0xff, 0xff, 0x80, 0x00,
    0x1f, 0xff, 0xff, 0xff, 0xff, 0xff, 0xff, 0xff, 0xff, 0xf8, 0x00, 0x00, 0x00, 0x00, 0x00, 0x00,
    0x00, 0xff, 0xf0, 0x07, 0xff, 0xff, 0xc0, 0x00, 0x1f, 0xff, 0xff, 0xff, 0xff, 0xff, 0xff, 0xff,
    0xff, 0xf8, 0x00, 0x00, 0x00, 0x00, 0x00, 0x00, 0x07, 0xf0, 0xfe, 0x3f, 0xff, 0xff, 0xe0, 0x00,
    0x3f, 0xff, 0xff, 0xff, 0xff, 0xff, 0xff, 0xff, 0xff, 0xfc, 0x00, 0x03, 0xc0, 0x00, 0x00, 0x00,
    0x0f, 0x00, 0x3f, 0xff, 0xff, 0xff, 0xf0, 0x00, 0x3f, 0xff, 0xff, 0xff, 0xff, 0xff, 0xff, 0xff,
    0xff, 0xfc, 0x07, 0x87, 0xe0, 0x00, 0x00, 0x00, 0x18, 0x00, 0x3f, 0xff, 0xff, 0xff, 0xf8, 0x00,
    0x3f, 0xff, 0xff, 0xff, 0xff, 0xff, 0xff, 0xff, 0xff, 0xff, 0x7f, 0xef, 0xe0, 0x00, 0x00, 0x00,
    0x30, 0x00, 0x1f, 0xff, 0xff, 0xff, 0xf8, 0x00, 0x3f, 0xff, 0xff, 0xff, 0xff, 0xff, 0xff, 0xff,
    0xff, 0xff, 0xff, 0xff, 0xf0, 0x00, 0x00, 0x00, 0x00, 0x00, 0xff, 0xff, 0xff, 0xff, 0xfc, 0x00,
    0x3f, 0xff, 0xff, 0xff, 0xff, 0xff, 0xff, 0xff, 0xff, 0xff, 0xff, 0xff, 0xf0, 0x00, 0x00, 0x00,
    0x00, 0x03, 0xff, 0xff, 0xff, 0xff, 0xfe, 0x00, 0x3f, 0xff, 0xff, 0xff, 0xff, 0xff, 0xff, 0xff,
    0xff, 0xff, 0xff, 0xff, 0xf8, 0x00, 0x00, 0x00, 0x00, 0x07, 0xff, 0xff, 0xff, 0xff, 0xff, 0x00,
    0x3f, 0xff, 0xff, 0xff, 0xff, 0xff, 0xff, 0xff, 0xff, 0xff, 0xff, 0xff, 0xf8, 0x00, 0x00, 0x00,
    0x00, 0x07, 0xff, 0xff, 0xff, 0xff, 0xff, 0x00, 0x3f, 0xff, 0xff, 0xff, 0xff, 0xff, 0xff, 0xff,
    0xff, 0xff, 0xff, 0xff, 0xf8, 0x00, 0x00, 0x00, 0x00, 0x0f, 0xff, 0xff, 0xff, 0xff, 0xff, 0x80,
    0x1f, 0xff, 0xff, 0xff, 0xff, 0xff, 0xff, 0xff, 0xff, 0xff, 0xff, 0xff, 0xf8, 0x00, 0x00, 0x00,
    0x0f, 0xff, 0xff, 0xff, 0xff, 0xff, 0xff, 0x80, 0x1f, 0xff, 0xff, 0xff, 0xff, 0xff, 0xff, 0xff,
    0xff, 0xff, 0xff, 0xff, 0xf0, 0x00, 0x00, 0x00, 0x3f, 0xff, 0xff, 0xff, 0xff, 0xff, 0xff, 0x80,
    0x1f, 0xff, 0xff, 0xff, 0xff, 0xff, 0xff, 0xff, 0xff, 0xff, 0xff, 0xff, 0xf0, 0x00, 0x00, 0x00,
    0x7f, 0xff, 0xff, 0xff, 0xff, 0xff, 0xff, 0xc0, 0x3f, 0xff, 0xff, 0xff, 0xff, 0xff, 0xff, 0xff,
    0xff, 0xff, 0xff, 0xff, 0xe0, 0x00, 0x00, 0x00, 0x7f, 0xff, 0xff, 0xff, 0xff, 0xff, 0xff, 0xc0,
    0x3f, 0xff, 0xff, 0xff, 0xff, 0xff, 0xff, 0xff, 0xff, 0xff, 0xff, 0xff, 0xe0, 0x00, 0x00, 0x00,
    0xff, 0xff, 0xff, 0xff, 0xff, 0xff, 0xff, 0xc0, 0x7f, 0xff, 0xff, 0xff, 0xff, 0xff, 0xff, 0xff,
    0xff, 0xff, 0xff, 0xff, 0xe0, 0x00, 0x00, 0x00, 0xff, 0xff, 0xff, 0xff, 0xff, 0xff, 0xff, 0xc0,
    0x7f, 0xff, 0xff, 0xff, 0xff, 0xff, 0xff, 0xff, 0xff, 0xff, 0xff, 0xff, 0xfe, 0x00, 0x00, 0x00,
    0xff, 0xff, 0xff, 0xff, 0xff, 0xff, 0xff, 0xe0, 0x7f, 0xff, 0xff, 0xff, 0xff, 0xff, 0xff, 0xff,
    0xff, 0xff, 0xff, 0xff, 0xff, 0xe0, 0x00, 0x00, 0xff, 0xff, 0xff, 0xff, 0xff, 0xff, 0xff, 0xe0,
    0x7f, 0xff, 0xff, 0xff, 0xff, 0xff, 0xff, 0xff, 0xff, 0xff, 0xff, 0xff, 0xff, 0xfc, 0x00, 0x00,
    0xff, 0xff, 0xff, 0xff, 0xff, 0xff, 0xff, 0xe0, 0x7f, 0xff, 0xff, 0xff, 0xff, 0xff, 0xff, 0xff,
    0xff, 0xff, 0xff, 0xff, 0xff, 0xff, 0x03, 0xc0, 0xff, 0xff, 0xff, 0xff, 0xff, 0xff, 0xff, 0xe0,
    0x7f, 0xff, 0xff, 0xff, 0xff, 0xff, 0xff, 0xff, 0xff, 0xff, 0xff, 0xff, 0xff, 0xff, 0x9f, 0xf0,
    0xff, 0xff, 0xff, 0xff, 0xff, 0xff, 0xff, 0xf0, 0x7f, 0xff, 0xff, 0xff, 0xff, 0xff, 0xff, 0xff,
    0xff, 0xff, 0xff, 0xff, 0xff, 0xff, 0xff, 0xf0, 0xff, 0xff, 0xff, 0xff, 0xff, 0xff, 0xff, 0xf0,
    0x7f, 0xff, 0xff, 0xff, 0xff, 0xff, 0xff, 0xff, 0xff, 0xff, 0xff, 0xff, 0xff, 0xff, 0xff, 0xf0,
    0xff, 0xff, 0xff, 0xff, 0xff, 0xff, 0xff, 0xf8, 0x7f, 0xff, 0xff, 0xff, 0xff, 0xff, 0xff, 0xff,
    0xff, 0xff, 0xff, 0xff, 0xff, 0xff, 0xff, 0xe0, 0xff, 0xff, 0xff, 0xff, 0xff, 0xff, 0xff, 0xf8,
    0x7f, 0xff, 0xff, 0xff, 0xff, 0xff, 0xff, 0xff, 0xff, 0xff, 0xff, 0xff, 0xff, 0xff, 0xff, 0xce,
    0xff, 0xff, 0xff, 0xff, 0xff, 0xff, 0xff, 0xf8, 0x7f, 0xff, 0xff, 0xff, 0xff, 0xff, 0xff, 0xff,
    0xff, 0xff, 0xff, 0xff, 0xff, 0xff, 0xff, 0x0f, 0xff, 0xff, 0xff, 0xff, 0xff, 0xff, 0xff, 0xfc,
    0x7f, 0xff, 0xff, 0xff, 0xff, 0xff, 0xff, 0xff, 0xff, 0xff, 0xff, 0xff, 0xff, 0xff, 0xff, 0x0f,
    0xff, 0xff, 0xff, 0xff, 0xff, 0xff, 0xff, 0xfc, 0x7f, 0xff, 0xff, 0xff, 0xff, 0xff, 0xff, 0xff,
    0xff, 0xff, 0xff, 0xff, 0xff, 0xff, 0xff, 0x0f, 0xff, 0xff, 0xff, 0xff, 0xff, 0xff, 0xff, 0xfc,
    0x3f, 0xff, 0xff, 0xff, 0xff, 0xff, 0xff, 0xff, 0xff, 0xff, 0xff, 0xff, 0xff, 0xff, 0xff, 0x8f,
    0xff, 0xff, 0xff, 0xff, 0xff, 0xff, 0xff, 0xfc, 0x3f, 0xff, 0xff, 0xff, 0xff, 0xff, 0xff, 0xff,
    0xff, 0xff, 0xff, 0xff, 0xff, 0xff, 0xff, 0x8f, 0xff, 0xff, 0xff, 0xff, 0xff, 0xff, 0xff, 0xfc,
    0x3f, 0xff, 0xff, 0xff, 0xff, 0xff, 0xff, 0xff, 0xff, 0xff, 0xff, 0xff, 0xff, 0xff, 0xff, 0xcf,
    0xff, 0xff, 0xff, 0xff, 0xff, 0xff, 0xff, 0xfc, 0x7f, 0xff, 0xff, 0xff, 0xff, 0xff, 0xff, 0xff,
    0xff, 0xff, 0xff, 0xff, 0xff, 0xff, 0xff, 0xcf, 0xff, 0xff, 0xff, 0xff, 0xff, 0xff, 0xff, 0xfc,
    0x7f, 0xff, 0xff, 0xff, 0xff, 0xff, 0xff, 0xff, 0xff, 0xff, 0xff, 0xff, 0xff, 0xff, 0xff, 0xef,
    0xff, 0xff, 0xff, 0xff, 0xff, 0xff, 0xff, 0xfc, 0x7f, 0xff, 0xff, 0xff, 0xff, 0xff, 0xff, 0xff,
    0xff, 0xff, 0xff, 0xff, 0xff, 0xff, 0xff, 0xef, 0xff, 0xff, 0xff, 0xff, 0xff, 0xff, 0xff, 0xfc,
    0x7f, 0xff, 0xff, 0xff, 0xff, 0xff, 0xff, 0xff, 0xff, 0xff, 0xff, 0xff, 0xff, 0xff, 0xff, 0xff,
    0xff, 0xff, 0xff, 0xff, 0xff, 0xff, 0xff, 0xf8, 0x7f, 0xff, 0xff, 0xff, 0xff, 0xff, 0xff, 0xff,
    0xff, 0xff, 0xff, 0xff, 0xff, 0xff, 0xff, 0xff, 0xff, 0xff, 0xff, 0xff, 0xff, 0xff, 0xff, 0xf8,
    0x7f, 0xff, 0xff, 0xff, 0xff, 0xff, 0xff, 0xff, 0xff, 0xff, 0xff, 0xff, 0xff, 0xff, 0xfd, 0xff,
    0xff, 0xff, 0xff, 0xff, 0xff, 0xff, 0xff, 0xf8, 0x7f, 0xff, 0xff, 0xff, 0xff, 0xff, 0xff, 0xff,
    0xff, 0xff, 0xff, 0xff, 0xff, 0xff, 0xfd, 0xff, 0xff, 0xff, 0xff, 0xff, 0xff, 0xff, 0xff, 0xf0,
    0x7f, 0xff, 0xff, 0xff, 0xff, 0xff, 0xff, 0xff, 0xff, 0xff, 0xff, 0xff, 0xff, 0xff, 0xfc, 0xff,
    0xff, 0xff, 0xff, 0xff, 0xff, 0xff, 0xff, 0xf0, 0x7f, 0xff, 0xff, 0xff, 0xff, 0xff, 0xff, 0xff,
    0xff, 0xff, 0xff, 0xff, 0xff, 0xff, 0xfc, 0xff, 0xf9, 0xff, 0xff, 0xff, 0xff, 0xff, 0xff, 0xf0,
    0x7f, 0xff, 0xff, 0xff, 0xff, 0xff, 0xff, 0xff, 0xff, 0xff, 0xff, 0xff, 0xff, 0xff, 0xfc, 0x7f,
    0xf8, 0xff, 0xff, 0xff, 0xff, 0xff, 0xff, 0xf8, 0x7f, 0xff, 0xff, 0xff, 0xff, 0xff, 0xff, 0xff,
    0xff, 0xff, 0xff, 0xff, 0xff, 0xff, 0xfc, 0x7e, 0xf9, 0xff, 0xff, 0xff, 0xff, 0xff, 0xff, 0xfc,
    0x7f, 0xff, 0xff, 0xff, 0xff, 0xff, 0xff, 0xff, 0xff, 0xff, 0xff, 0xff, 0xff, 0xff, 0xf8, 0x00,
    0x01, 0xff, 0xff, 0xff, 0xff, 0xff, 0xff, 0xfc, 0x3f, 0xff, 0xff, 0xff, 0xff, 0xff, 0xff, 0xff,
    0xff, 0xff, 0xff, 0xff, 0xff, 0xff, 0xf0, 0x00, 0x01, 0xff, 0xff, 0xff, 0xff, 0xff, 0xff, 0xfe,
    0x3f, 0xff, 0xff, 0xff, 0xff, 0xff, 0xff, 0xff, 0xff, 0xff, 0xff, 0xff, 0xff, 0xff, 0xc0, 0x00,
    0x01, 0xff, 0xff, 0xff, 0xff, 0xff, 0xff, 0xfe, 0x7f, 0xff, 0xff, 0xff, 0xff, 0xff, 0xff, 0xff,
    0xff, 0xff, 0xff, 0xff, 0xff, 0xff, 0xc0, 0x00, 0x00, 0xff, 0xff, 0xff, 0xff, 0xff, 0xff, 0xfe,
    0x7f, 0xff, 0xff, 0xff, 0xff, 0xff, 0xff, 0xff, 0xff, 0xff, 0xff, 0xff, 0xff, 0xff, 0xf0, 0x00,
    0x00, 0x7c, 0xff, 0xff, 0xff, 0xff, 0xff, 0xfe, 0x7f, 0xff, 0xff, 0xff, 0xff, 0xff, 0xff, 0xff,
    0xff, 0xff, 0xff, 0xff, 0xff, 0xff, 0xf8, 0x00, 0x00, 0x00, 0x7f, 0xff, 0xff, 0xff, 0xff, 0xfe,
    0x7f, 0xff, 0xff, 0xff, 0xff, 0xff, 0xff, 0xff, 0xff, 0xff, 0xff, 0xff, 0xff, 0xff, 0xfc, 0x00,
    0x00, 0x00, 0x7f, 0xff, 0xff, 0xff, 0xfd, 0xfe, 0x7f, 0xff, 0xff, 0xff, 0xff, 0xff, 0xff, 0xff,
    0xff, 0xff, 0xff, 0xff, 0xff, 0xff, 0xfe, 0x00, 0x00, 0x00, 0x7f, 0xff, 0xff, 0xff, 0xf9, 0xfe,
    0xff, 0xff, 0xff, 0xff, 0xff, 0xff, 0xff, 0xff, 0xff, 0xff, 0xff, 0xff, 0xff, 0xff, 0xfe, 0x00,
    0x00, 0x00, 0x7f, 0xff, 0xff, 0xff, 0xe1, 0xfe, 0xff, 0xff, 0xff, 0xff, 0xff, 0xff, 0xff, 0xff,
    0xff, 0xff, 0xff, 0xff, 0xff, 0xff, 0xff, 0x00, 0x00, 0x00, 0x7f, 0xfe, 0x3f, 0xff, 0xc1, 0xfc,
    0xff, 0xff, 0xff, 0xff, 0xff, 0xff, 0xff, 0xff, 0xff, 0xff, 0xff, 0xff, 0xff, 0xff, 0x7f, 0x00,
    0x00, 0x00, 0x3f, 0xfe, 0x07, 0xff, 0xc1, 0xfc, 0xff, 0xff, 0xff, 0xff, 0xff, 0xff, 0xff, 0xff,
    0xff, 0xff, 0xff, 0xff, 0xff, 0xff, 0x7f, 0x00, 0x00, 0x00, 0x3f, 0xfe, 0x07, 0xff, 0xc0, 0xfc,
    0xff, 0xff, 0xff, 0xff, 0xff, 0xff, 0xff, 0xff, 0xff, 0xff, 0xff, 0xff, 0xff, 0xff, 0x7f, 0x00,
    0x00, 0x00, 0x1f, 0xfc, 0x03, 0xff, 0xc0, 0xfc, 0xff, 0xff, 0xff, 0xff, 0xff, 0xff, 0xff, 0xff,
    0xff, 0xff, 0xff, 0xff, 0xff, 0xff, 0x3e, 0x00, 0x00, 0x00, 0x1f, 0xf8, 0x03, 0xff, 0xc0, 0xfc,
    0xff, 0xff, 0xff, 0xff, 0xff, 0xff, 0xff, 0xff, 0xff, 0xff, 0xff, 0xff, 0xff, 0xff, 0x1e, 0x00,
    0x00, 0x00, 0x0f, 0xf8, 0x01, 0xe7, 0x80, 0xfc, 0xff, 0xff, 0xff, 0xff, 0xff, 0xff, 0xff, 0xff,
    0xff, 0xff, 0xff, 0xff, 0x9f, 0xff, 0x1c, 0x00, 0x00, 0x00, 0x07, 0xf0, 0x00, 0xc0, 0x00, 0x7c,
    0xff, 0xff, 0xff, 0xff, 0xff, 0xff, 0xff, 0xff, 0xff, 0xff, 0xff, 0xff, 0xcf, 0xff, 0x0e, 0x00,
    0x00, 0x00, 0x03, 0xc0, 0x00, 0x00, 0x00, 0x38, 0x7f, 0xff, 0xff, 0xff, 0xff, 0xff, 0xff, 0xff,
    0xff, 0xff, 0xff, 0xff, 0xef, 0xfe, 0x0e, 0x00, 0x00, 0x00, 0x00, 0x00, 0x00, 0x00, 0x00, 0x00,
    0x7f, 0xff, 0xff, 0xff, 0xff, 0xff, 0xff, 0xff, 0xff, 0xff, 0xff, 0xff, 0xef, 0xfc, 0x0f, 0x00,
    0x00, 0x00, 0x00, 0x00, 0x00, 0x00, 0x00, 0x00, 0x7f, 0xff, 0xff, 0xff, 0xff, 0xff, 0xff, 0xff,
    0xff, 0xff, 0xff, 0xff, 0xe7, 0xf8, 0x0f, 0x00, 0x00, 0x00, 0x00, 0x00, 0x00, 0x00, 0x00, 0x00,
    0x3f, 0xff, 0xff, 0xff, 0xff, 0xff, 0xff, 0xff, 0xff, 0xff, 0xfe, 0x7f, 0xc3, 0xc0, 0x07, 0x80,
    0x00, 0x00, 0x00, 0x00, 0x00, 0x00, 0x00, 0x00, 0x3f, 0xff, 0xff, 0xff, 0xff, 0xff, 0xff, 0xff,
    0xff, 0xff, 0xfc, 0x3f, 0x80, 0x00, 0x07, 0xc0, 0x00, 0x00, 0x00, 0x00, 0x00, 0x00, 0x00, 0x00,
    0x1f, 0xff, 0xff, 0xff, 0xff, 0xff, 0xff, 0xff, 0xff, 0xff, 0xf0, 0x3f, 0x00, 0x00, 0x03, 0xe0,
    0xe0, 0x00, 0x00, 0x00, 0x00, 0x00, 0x00, 0x00, 0x0f, 0xff, 0xff, 0xff, 0xff, 0xff, 0xff, 0xff,
    0xff, 0xff, 0x80, 0x1c, 0x00, 0x00, 0x00, 0xff, 0x00, 0x00, 0x00, 0x00, 0x00, 0x00, 0x00, 0x00,
    0x07, 0xff, 0xff, 0xff, 0xff, 0xff, 0xff, 0xff, 0xff, 0xff, 0x00, 0x00, 0x00, 0x00, 0x00, 0x1e,
    0x00, 0x00, 0x00, 0x00, 0x00, 0x00, 0x00, 0x00, 0x03, 0xff, 0xff, 0xff, 0xff, 0xff, 0xdf, 0xfd,
    0xff, 0xfe, 0x00, 0x00, 0x00, 0x00, 0x00, 0x00, 0x00, 0x00, 0x00, 0x00, 0x00, 0x00, 0x00, 0x00,
    0x03, 0xff, 0xf7, 0xff, 0xff, 0xff, 0xcf, 0x80, 0xff, 0xfc, 0x00, 0x00, 0x00, 0x00, 0x00, 0x00,
    0x00, 0x00, 0x00, 0x00, 0x00, 0x00, 0x00, 0x00, 0x03, 0xff, 0xf1, 0xfc, 0xff, 0xff, 0xc0, 0x00,
    0x1f, 0xf8, 0x00, 0x00, 0x00, 0x00, 0x00, 0x00, 0x00, 0x00, 0x00, 0x00, 0x00, 0x00, 0x00, 0x00,
    0x03, 0xf8, 0xe0, 0x00, 0x7f, 0xff, 0x80, 0x00, 0x0f, 0xf0, 0x00, 0x00, 0x00, 0x00, 0x00, 0x00,
    0x00, 0x00, 0x00, 0x00, 0x00, 0x00, 0x00, 0x00, 0x01, 0xf0, 0x00, 0x00, 0x3f, 0xfe, 0x00, 0x00,
    0x03, 0xc0, 0x00, 0x00, 0x00, 0x00, 0x00, 0x00, 0x00, 0x00, 0x00, 0x00, 0x00, 0x00, 0x00, 0x00,
};

/* sTombLordAttackL: 14 masks of 128 bytes */
static const uint8_t s_mask_sTombLordAttackL[1792] = {
    0x00, 0x00, 0x00, 0x00, 0x00, 0x00, 0x00, 0x00, 0x00, 0xf8, 0x00, 0x00, 0x1b, 0xfc, 0x00, 0x00,
    0x1f, 0xfe, 0x00, 0x00, 0x0f, 0xfe, 0x00, 0x00, 0x0f, 0xff, 0x00, 0x00, 0x0f, 0xff, 0xc0, 0x00,
    0x0f, 0xff, 0xf0, 0x00, 0x0f, 0xff, 0xf8, 0x00, 0x07, 0xff, 0xfc, 0x00, 0x07, 0xff, 0xfe, 0x00,
    0x07, 0xff, 0xfe, 0x00, 0x07, 0xff, 0xff, 0x00, 0x03, 0xff, 0xff, 0x00, 0x03, 0xbf, 0xff, 0x00,
    0x00, 0x3f, 0xff, 0x80, 0x00, 0xff, 0xff, 0x80, 0x03, 0xff, 0xff, 0x80, 0x07, 0xff, 0xff, 0x80,
    0x0f, 0xff, 0xff, 0x80, 0x0f, 0xe3, 0xff, 0x80, 0x0f, 0x07, 0xff, 0x80, 0x06, 0x0f, 0xff, 0x00,
    0x00, 0x1f, 0xff, 0x00, 0x00, 0x1f, 0xfe, 0x00, 0x00, 0x3f, 0xfe, 0x00, 0x00, 0x3f, 0xfe, 0x00,
    0x00, 0x3f, 0x3f, 0x00, 0x00, 0x3e, 0x3f, 0x00, 0x00, 0x3e, 0x1f, 0x00, 0x00, 0x7e, 0x1f, 0x00,
    0x00, 0x3e, 0x00, 0x00, 0x06, 0xff, 0x00, 0x00, 0x07, 0xff, 0x80, 0x00, 0x03, 0xff, 0x80, 0x00,
    0x03, 0xff, 0x80, 0x00, 0x03, 0xff, 0x80, 0x00, 0x03, 0xff, 0xe0, 0x00, 0x03, 0xff, 0xf0, 0x00,
    0x01, 0xff, 0xf8, 0x00, 0x01, 0xff, 0xfc, 0x00, 0x01, 0xff, 0xfe, 0x00, 0x01, 0xff, 0xff, 0x00,
    0x00, 0xff, 0xff, 0x00, 0x00, 0xef, 0xff, 0x80, 0x00, 0x3f, 0xff, 0x80, 0x00, 0xff, 0xff, 0x80,
    0x01, 0xff, 0xff, 0xc0, 0x03, 0xff, 0xff, 0xc0, 0x03, 0xff, 0xff, 0xc0, 0x03, 0xc0, 0xff, 0xc0,
    0x01, 0x81, 0xff, 0xc0, 0x00, 0x03, 0xff, 0x80, 0x00, 0x07, 0xff, 0x80, 0x00, 0x0f, 0xff, 0x00,
    0x00, 0x1f, 0xff, 0x00, 0x00, 0x1f, 0xfe, 0x00, 0x00, 0x3f, 0xfe, 0x00, 0x00, 0x3f, 0xfe, 0x00,
    0x00, 0x3f, 0x3f, 0x00, 0x00, 0x3e, 0x3f, 0x00, 0x00, 0x3e, 0x1f, 0x00, 0x00, 0x7e, 0x1f, 0x00,
    0x00, 0x07, 0xc0, 0x00, 0x00, 0xdf, 0xe0, 0x00, 0x00, 0xff, 0xf0, 0x00, 0x00, 0x7f, 0xf0, 0x00,
    0x00, 0x7f, 0xf0, 0x00, 0x00, 0x7f, 0xf0, 0x00, 0x00, 0xff, 0xf8, 0x00, 0x00, 0xff, 0xfc, 0x00,
    0x00, 0x7f, 0xfe, 0x00, 0x00, 0x7f, 0xff, 0x00, 0x00, 0xff, 0xff, 0x80, 0x00, 0xff, 0xff, 0xc0,
    0x00, 0x7f, 0xff, 0xc0, 0x00, 0x3f, 0xff, 0xe0, 0x00, 0x7f, 0xff, 0xe0, 0x00, 0xff, 0xff, 0xe0,
    0x01, 0xff, 0xff, 0xe0, 0x01, 0xff, 0xff, 0xe0, 0x01, 0xe0, 0x7f, 0xe0, 0x00, 0xc0, 0xff, 0xc0,
    0x00, 0x01, 0xff, 0xc0, 0x00, 0x03, 0xff, 0xc0, 0x00, 0x07, 0xff, 0x80, 0x00, 0x0f, 0xff, 0x00,
    0x00, 0x1f, 0xff, 0x00, 0x00, 0x1f, 0xfe, 0x00, 0x00, 0x3f, 0xfe, 0x00, 0x00, 0x3f, 0xfe, 0x00,
    0x00, 0x3f, 0x3f, 0x00, 0x00, 0x3e, 0x3f, 0x00, 0x00, 0x3e, 0x1f, 0x00, 0x00, 0x7e, 0x1f, 0x00,
    0x00, 0x07, 0xc0, 0x00, 0x00, 0xdf, 0xe0, 0x00, 0x00, 0xff, 0xf0, 0x00, 0x00, 0x7f, 0xf0, 0x00,
    0x00, 0x7f, 0xf0, 0x00, 0x00, 0x7f, 0xf0, 0x00, 0x00, 0xff, 0xf8, 0x00, 0x00, 0xff, 0xfc, 0x00,
    0x00, 0x7f, 0xfe, 0x00, 0x00, 0x7f, 0xff, 0x00, 0x00, 0xff, 0xff, 0x80, 0x00, 0xff, 0xff, 0xc0,
    0x00, 0x7f, 0xff, 0xc0, 0x00, 0x3f, 0xff, 0xe0, 0x00, 0x7f, 0xff, 0xe0, 0x00, 0xff, 0xff, 0xe0,
    0x01, 0xff, 0xff, 0xe0, 0x01, 0xff, 0xff, 0xe0, 0x01, 0xe0, 0x7f, 0xe0, 0x00, 0xc0, 0xff, 0xc0,
    0x00, 0x01, 0xff, 0xc0, 0x00, 0x03, 0xff, 0xc0, 0x00, 0x07, 0xff, 0x80, 0x00, 0x0f, 0xff, 0x00,
    0x00, 0x1f, 0xff, 0x00, 0x00, 0x1f, 0xfe, 0x00, 0x00, 0x3f, 0xfe, 0x00, 0x00, 0x3f, 0xfe, 0x00,
    0x00, 0x3f, 0x3f, 0x00, 0x00, 0x3e, 0x3f, 0x00, 0x00, 0x3e, 0x1f, 0x00, 0x00, 0x7e, 0x1f, 0x00,
    0x00, 0x07, 0xc0, 0x00, 0x00, 0xdf, 0xe0, 0x00, 0x00, 0xff, 0xf0, 0x00, 0x00, 0x7f, 0xf0, 0x00,
    0x00, 0x7f, 0xf0, 0x00, 0x00, 0x7f, 0xf0, 0x00, 0x00, 0xff, 0xf8, 0x00, 0x00, 0xff, 0xfc, 0x00,
    0x00, 0x7f, 0xfe, 0x00, 0x00, 0x7f, 0xff, 0x00, 0x00, 0xff, 0xff, 0x80, 0x00, 0xff, 0xff, 0xc0,
    0x00, 0x7f, 0xff, 0xc0, 0x00, 0x3f, 0xff, 0xe0, 0x00, 0x7f, 0xff, 0xe0, 0x00, 0xff, 0xff, 0xe0,
    0x01, 0xff, 0xff, 0xe0, 0x01, 0xff, 0xff, 0xe0, 0x01, 0xe0, 0x7f, 0xe0, 0x00, 0xc0, 0xff, 0xc0,
    0x00, 0x01, 0xff, 0xc0, 0x00, 0x03, 0xff, 0xc0, 0x00, 0x07, 0xff, 0x80, 0x00, 0x0f, 0xff, 0x00,
    0x00, 0x1f, 0xff, 0x00, 0x00, 0x1f, 0xfe, 0x00, 0x00, 0x3f, 0xfe, 0x00, 0x00, 0x3f, 0xfe, 0x00,
    0x00, 0x3f, 0x3f, 0x00, 0x00, 0x3e, 0x3f, 0x00, 0x00, 0x3e, 0x1f, 0x00, 0x00, 0x7e, 0x1f, 0x00,
    0x00, 0x00, 0x00, 0x00, 0x00, 0x00, 0x00, 0x00, 0x03, 0xe0, 0x00, 0x00, 0x6f, 0xf0, 0x00, 0x00,
    0x7f, 0xf8, 0x00, 0x00, 0x3f, 0xf8, 0x00, 0x00, 0x3f, 0xfc, 0x00, 0x00, 0x3f, 0xff, 0x00, 0x00,
    0x3f, 0xff, 0xc0, 0x00, 0x3f, 0xff, 0xe0, 0x00, 0x1f, 0xff, 0xf0, 0x00, 0x1f, 0xff, 0xf8, 0x00,
    0x1f, 0xff, 0xf8, 0x00, 0x07, 0xff, 0xfc, 0x00, 0x07, 0xff, 0xfc, 0x00, 0x0f, 0xff, 0xfc, 0x00,
    0x0f, 0xff, 0xfe, 0x00, 0x07, 0xff, 0xfe, 0x00, 0x01, 0xff, 0xfe, 0x00, 0x07, 0xff, 0xfe, 0x00,
    0x0f, 0xff, 0xfe, 0x00, 0x1f, 0xc7, 0xfe, 0x00, 0x1f, 0x07, 0xfc, 0x00, 0x1e, 0x0f, 0xfc, 0x00,
    0x0c, 0x1f, 0xfc, 0x00, 0x00, 0x1f, 0xfe, 0x00, 0x00, 0x3f, 0xfe, 0x00, 0x00, 0x3f, 0xfe, 0x00,
    0x00, 0x3f, 0x3f, 0x00, 0x00, 0x3e, 0x3f, 0x00, 0x00, 0x3e, 0x1f, 0x00, 0x00, 0x7e, 0x1f, 0x00,
    0x00, 0x00, 0x00, 0x00, 0x00, 0x00, 0x00, 0x00, 0x03, 0xe0, 0x00, 0x00, 0x6f, 0xf0, 0x00, 0x00,
    0x7f, 0xf8, 0x00, 0x00, 0x3f, 0xf8, 0x00, 0x00, 0x3f, 0xfc, 0x00, 0x00, 0x3f, 0xff, 0x00, 0x00,
    0x3f, 0xff, 0xc0, 0x00, 0x3f, 0xff, 0xe0, 0x00, 0x3f, 0xff, 0xf0, 0x00, 0x1f, 0xff, 0xf8, 0x00,
    0x07, 0xff, 0xf8, 0x00, 0x03, 0xff, 0xfc, 0x00, 0x03, 0xff, 0xfc, 0x00, 0x01, 0xff, 0xfc, 0x00,
    0x01, 0xff, 0xfe, 0x00, 0x01, 0xff, 0xfe, 0x00, 0x01, 0xff, 0xfe, 0x00, 0x03, 0xff, 0xfe, 0x00,
    0x03, 0xff, 0xfe, 0x00, 0x03, 0xff, 0xfe, 0x00, 0x07, 0xff, 0xfc, 0x00, 0x07, 0xdf, 0xfc, 0x00,
    0x07, 0x9f, 0xfc, 0x00, 0x07, 0x9f, 0xfe, 0x00, 0x03, 0x1f, 0xfe, 0x00, 0x00, 0x3f, 0xfe, 0x00,
    0x00, 0x3f, 0x3f, 0x00, 0x00, 0x3e, 0x3f, 0x00, 0x00, 0x3e, 0x1f, 0x00, 0x00, 0x7e, 0x1f, 0x00,
    0x00, 0x00, 0x00, 0x00, 0x00, 0x00, 0x00, 0x00, 0x00, 0x00, 0x00, 0x00, 0x07, 0xc0, 0x00, 0x00,
    0xdf, 0xe0, 0x00, 0x00, 0xff, 0xf0, 0x00, 0x00, 0x7f, 0xf8, 0x00, 0x00, 0x7f, 0xfe, 0x00, 0x00,
    0x7f, 0xff, 0x80, 0x00, 0x7f, 0xff, 0xc0, 0x00, 0x7f, 0xff, 0xe0, 0x00, 0x7f, 0xff, 0xf0, 0x00,
    0x3f, 0xff, 0xf0, 0x00, 0x0f, 0xff, 0xf8, 0x00, 0x07, 0xff, 0xf8, 0x00, 0x07, 0xff, 0xf8, 0x00,
    0x03, 0xff, 0xfc, 0x00, 0x03, 0xff, 0xfc, 0x00, 0x03, 0xff, 0xfc, 0x00, 0x03, 0xff, 0xfc, 0x00,
    0x03, 0xff, 0xfc, 0x00, 0x03, 0xff, 0xfc, 0x00, 0x07, 0xff, 0xfc, 0x00, 0x07, 0xff, 0xfc, 0x00,
    0x03, 0xff, 0xfc, 0x00, 0x00, 0xff, 0xfe, 0x00, 0x00, 0x7f, 0xfe, 0x00, 0x00, 0x7f, 0xfe, 0x00,
    0x00, 0x3f, 0x3f, 0x00, 0x00, 0x3e, 0x3f, 0x00, 0x00, 0x3e, 0x1f, 0x00, 0x00, 0x7e, 0x1f, 0x00,
    0x00, 0x00, 0x00, 0x00, 0x00, 0x00, 0x00, 0x00, 0x00, 0x00, 0x00, 0x00, 0x07, 0xc0, 0x00, 0x00,
    0xdf, 0xe0, 0x00, 0x00, 0xff, 0xf0, 0x00, 0x00, 0x7f, 0xf8, 0x00, 0x00, 0x7f, 0xfe, 0x00, 0x00,
    0x7f, 0xff, 0x80, 0x00, 0x7f, 0xff, 0xc0, 0x00, 0x7f, 0xff, 0xe0, 0x00, 0x7f, 0xff, 0xf0, 0x00,
    0x3f, 0xff, 0xf0, 0x00, 0x0f, 0xff, 0xf8, 0x00, 0x07, 0xff, 0xf8, 0x00, 0x07, 0xff, 0xf8, 0x00,
    0x03, 0xff, 0xfc, 0x00, 0x03, 0xff, 0xfc, 0x00, 0x03, 0xff, 0xfc, 0x00, 0x03, 0xff, 0xfc, 0x00,
    0x03, 0xff, 0xfc, 0x00, 0x03, 0xff, 0xfc, 0x00, 0x07, 0xff, 0xfc, 0x00, 0x07, 0xff, 0xfc, 0x00,
    0x03, 0xff, 0xfc, 0x00, 0x00, 0xff, 0xfe, 0x00, 0x00, 0x7f, 0xfe, 0x00, 0x00, 0x7f, 0xfe, 0x00,
    0x00, 0x3f, 0x3f, 0x00, 0x00, 0x3e, 0x3f, 0x00, 0x00, 0x3e, 0x1f, 0x00, 0x00, 0x7e, 0x1f, 0x00,
    0x00, 0x00, 0x00, 0x00, 0x00, 0x00, 0x00, 0x00, 0x00, 0x00, 0x00, 0x00, 0x07, 0xc0, 0x00, 0x00,
    0xdf, 0xe0, 0x00, 0x00, 0xff, 0xf0, 0x00, 0x00, 0x7f, 0xf8, 0x00, 0x00, 0x7f, 0xfe, 0x00, 0x00,
    0x7f, 0xff, 0x80, 0x00, 0x7f, 0xff, 0xc0, 0x00, 0x7f, 0xff, 0xe0, 0x00, 0x7f, 0xff, 0xf0, 0x00,
    0x3f, 0xff, 0xf0, 0x00, 0x0f, 0xff, 0xf8, 0x00, 0x07, 0xff, 0xf8, 0x00, 0x07, 0xff, 0xf8, 0x00,
    0x03, 0xff, 0xfc, 0x00, 0x03, 0xff, 0xfc, 0x00, 0x03, 0xff, 0xfc, 0x00, 0x03, 0xff, 0xfc, 0x00,
    0x03, 0xff, 0xfc, 0x00, 0x07, 0xff, 0xfc, 0x00, 0x07, 0xff, 0xfc, 0x00, 0x03, 0xff, 0xfc, 0x00,
    0x00, 0xff, 0xfc, 0x00, 0x00, 0xff, 0xfe, 0x00, 0x00, 0x7f, 0xfe, 0x00, 0x00, 0x7f, 0xfe, 0x00,
    0x00, 0x3f, 0x3f, 0x00, 0x00, 0x3e, 0x3f, 0x00, 0x00, 0x3e, 0x1f, 0x00, 0x00, 0x7e, 0x1f, 0x00,
    0x00, 0x00, 0x00, 0x00, 0x00, 0x00, 0x00, 0x00, 0x00, 0x00, 0x00, 0x00, 0x07, 0xc0, 0x00, 0x00,
    0xdf, 0xe0, 0x00, 0x00, 0xff, 0xf0, 0x00, 0x00, 0x7f, 0xf8, 0x00, 0x00, 0x7f, 0xfe, 0x00, 0x00,
    0x7f, 0xff, 0x80, 0x00, 0x7f, 0xff, 0xc0, 0x00, 0x7f, 0xff, 0xe0, 0x00, 0x7f, 0xff, 0xf0, 0x00,
    0x3f, 0xff, 0xf0, 0x00, 0x0f, 0xff, 0xf8, 0x00, 0x07, 0xff, 0xf8, 0x00, 0x07, 0xff, 0xf8, 0x00,
    0x03, 0xff, 0xfc, 0x00, 0x03, 0xff, 0xfc, 0x00, 0x03, 0xff, 0xfc, 0x00, 0x03, 0xff, 0xfc, 0x00,
    0x03, 0xff, 0xfc, 0x00, 0x03, 0xff, 0xfc, 0x00, 0x07, 0xff, 0xfc, 0x00, 0x07, 0xff, 0xfc, 0x00,
    0x03, 0xff, 0xfc, 0x00, 0x00, 0xff, 0xfe, 0x00, 0x00, 0x7f, 0xfe, 0x00, 0x00, 0x7f, 0xfe, 0x00,
    0x00, 0x3f, 0x3f, 0x00, 0x00, 0x3e, 0x3f, 0x00, 0x00, 0x3e, 0x1f, 0x00, 0x00, 0x7e, 0x1f, 0x00,
    0x00, 0x00, 0x00, 0x00, 0x00, 0x00, 0x00, 0x00, 0x00, 0x00, 0x00, 0x00, 0x07, 0xc0, 0x00, 0x00,
    0xdf, 0xe0, 0x00, 0x00, 0xff, 0xf0, 0x00, 0x00, 0x7f, 0xf8, 0x00, 0x00, 0x7f, 0xfe, 0x00, 0x00,
    0x7f, 0xff, 0x80, 0x00, 0x7f, 0xff, 0xc0, 0x00, 0x7f, 0xff, 0xe0, 0x00, 0x7f, 0xff, 0xf0, 0x00,
    0x3f, 0xff, 0xf0, 0x00, 0x0f, 0xff, 0xf8, 0x00, 0x07, 0xff, 0xf8, 0x00, 0x07, 0xff, 0xf8, 0x00,
    0x03, 0xff, 0xfc, 0x00, 0x03, 0xff, 0xfc, 0x00, 0x03, 0xff, 0xfc, 0x00, 0x03, 0xff, 0xfc, 0x00,
    0x03, 0xff, 0xfc, 0x00, 0x07, 0xff, 0xfc, 0x00, 0x07, 0xff, 0xfc, 0x00, 0x03, 0xff, 0xfc, 0x00,
    0x00, 0xff, 0xfc, 0x00, 0x00, 0xff, 0xfe, 0x00, 0x00, 0x7f, 0xfe, 0x00, 0x00, 0x7f, 0xfe, 0x00,
    0x00, 0x3f, 0x3f, 0x00, 0x00, 0x3e, 0x3f, 0x00, 0x00, 0x3e, 0x1f, 0x00, 0x00, 0x7e, 0x1f, 0x00,
    0x00, 0x00, 0x00, 0x00, 0x00, 0x00, 0x00, 0x00, 0x03, 0xe0, 0x00, 0x00, 0x6f, 0xf0, 0x00, 0x00,
    0x7f, 0xf8, 0x00, 0x00, 0x3f, 0xf8, 0x00, 0x00, 0x3f, 0xfc, 0x00, 0x00, 0x3f, 0xff, 0x00, 0x00,
    0x3f, 0xff, 0xc0, 0x00, 0x3f, 0xff, 0xe0, 0x00, 0x3f, 0xff, 0xf0, 0x00, 0x1f, 0xff, 0xf8, 0x00,
    0x07, 0xff, 0xf8, 0x00, 0x03, 0xff, 0xfc, 0x00, 0x03, 0xff, 0xfc, 0x00, 0x01, 0xff, 0xfc, 0x00,
    0x01, 0xff, 0xfe, 0x00, 0x01, 0xff, 0xfe, 0x00, 0x01, 0xff, 0xfe, 0x00, 0x03, 0xff, 0xfe, 0x00,
    0x03, 0xff, 0xfe, 0x00, 0x03, 0xff, 0xfe, 0x00, 0x07, 0xff, 0xfc, 0x00, 0x07, 0xdf, 0xfc, 0x00,
    0x07, 0x9f, 0xfc, 0x00, 0x07, 0x9f, 0xfe, 0x00, 0x03, 0x1f, 0xfe, 0x00, 0x00, 0x3f, 0xfe, 0x00,
    0x00, 0x3f, 0x3f, 0x00, 0x00, 0x3e, 0x3f, 0x00, 0x00, 0x3e, 0x1f, 0x00, 0x00, 0x7e, 0x1f, 0x00,
    0x00, 0x07, 0xc0, 0x00, 0x00, 0xdf, 0xe0, 0x00, 0x00, 0xff, 0xf0, 0x00, 0x00, 0x7f, 0xf0, 0x00,
    0x00, 0x7f, 0xf0, 0x00, 0x00, 0x7f, 0xf0, 0x00, 0x00, 0xff, 0xf8, 0x00, 0x00, 0xff, 0xfc, 0x00,
    0x00, 0x7f, 0xfe, 0x00, 0x00, 0x7f, 0xff, 0x00, 0x00, 0xff, 0xff, 0x80, 0x00, 0xff, 0xff, 0xc0,
    0x00, 0x7f, 0xff, 0xc0, 0x00, 0x3f, 0xff, 0xe0, 0x00, 0x7f, 0xff, 0xe0, 0x00, 0xff, 0xff, 0xe0,
    0x01, 0xff, 0xff, 0xe0, 0x01, 0xff, 0xff, 0xe0, 0x01, 0xe0, 0x7f, 0xe0, 0x00, 0xc0, 0xff, 0xc0,
    0x00, 0x01, 0xff, 0xc0, 0x00, 0x03, 0xff, 0xc0, 0x00, 0x07, 0xff, 0x80, 0x00, 0x0f, 0xff, 0x00,
    0x00, 0x1f, 0xff, 0x00, 0x00, 0x1f, 0xfe, 0x00, 0x00, 0x3f, 0xfe, 0x00, 0x00, 0x3f, 0xfe, 0x00,
    0x00, 0x3f, 0x3f, 0x00, 0x00, 0x3e, 0x3f, 0x00, 0x00, 0x3e, 0x1f, 0x00, 0x00, 0x7e, 0x1f, 0x00,
};

/* sTombLordAttackR: 14 masks of 128 bytes */
static const uint8_t s_mask_sTombLordAttackR[1792] = {
    0x00, 0x00, 0x00, 0x00, 0x00, 0x00, 0x00, 0x00, 0x00, 0x03, 0xe0, 0x00, 0x00, 0x07, 0xfb, 0x00,
    0x00, 0x0f, 0xff, 0x00, 0x00, 0x0f, 0xfe, 0x00, 0x00, 0x1f, 0xfe, 0x00, 0x00, 0x7f, 0xfe, 0x00,
    0x01, 0xff, 0xfe, 0x00, 0x03, 0xff, 0xfe, 0x00, 0x07, 0xff, 0xfc, 0x00, 0x0f, 0xff, 0xfc, 0x00,
    0x0f, 0xff, 0xfc, 0x00, 0x1f, 0xff, 0xfc, 0x00, 0x1f, 0xff, 0xf8, 0x00, 0x1f, 0xff, 0xb8, 0x00,
    0x3f, 0xff, 0x80, 0x00, 0x3f, 0xff, 0xe0, 0x00, 0x3f, 0xff, 0xf8, 0x00, 0x3f, 0xff, 0xfc, 0x00,
    0x3f, 0xff, 0xfe, 0x00, 0x3f, 0xf8, 0xfe, 0x00, 0x3f, 0xfc, 0x1e, 0x00, 0x1f, 0xfe, 0x0c, 0x00,
    0x1f, 0xff, 0x00, 0x00, 0x0f, 0xff, 0x00, 0x00, 0x0f, 0xff, 0x80, 0x00, 0x0f, 0xff, 0x80, 0x00,
    0x1f, 0x9f, 0x80, 0x00, 0x1f, 0x8f, 0x80, 0x00, 0x1f, 0x0f, 0x80, 0x00, 0x1f, 0x0f, 0xc0, 0x00,
    0x00, 0x0f, 0x80, 0x00, 0x00, 0x1f, 0xec, 0x00, 0x00, 0x3f, 0xfc, 0x00, 0x00, 0x3f, 0xf8, 0x00,
    0x00, 0x3f, 0xf8, 0x00, 0x00, 0x3f, 0xf8, 0x00, 0x00, 0xff, 0xf8, 0x00, 0x01, 0xff, 0xf8, 0x00,
    0x03, 0xff, 0xf0, 0x00, 0x07, 0xff, 0xf0, 0x00, 0x0f, 0xff, 0xf0, 0x00, 0x1f, 0xff, 0xf0, 0x00,
    0x1f, 0xff, 0xe0, 0x00, 0x3f, 0xfe, 0xe0, 0x00, 0x3f, 0xff, 0x80, 0x00, 0x3f, 0xff, 0xe0, 0x00,
    0x7f, 0xff, 0xf0, 0x00, 0x7f, 0xff, 0xf8, 0x00, 0x7f, 0xff, 0xf8, 0x00, 0x7f, 0xe0, 0x78, 0x00,
    0x7f, 0xf0, 0x30, 0x00, 0x3f, 0xf8, 0x00, 0x00, 0x3f, 0xfc, 0x00, 0x00, 0x1f, 0xfe, 0x00, 0x00,
    0x1f, 0xff, 0x00, 0x00, 0x0f, 0xff, 0x00, 0x00, 0x0f, 0xff, 0x80, 0x00, 0x0f, 0xff, 0x80, 0x00,
    0x1f, 0x9f, 0x80, 0x00, 0x1f, 0x8f, 0x80, 0x00, 0x1f, 0x0f, 0x80, 0x00, 0x1f, 0x0f, 0xc0, 0x00,
    0x00, 0x7c, 0x00, 0x00, 0x00, 0xff, 0x60, 0x00, 0x01, 0xff, 0xe0, 0x00, 0x01, 0xff, 0xc0, 0x00,
    0x01, 0xff, 0xc0, 0x00, 0x01, 0xff, 0xc0, 0x00, 0x03, 0xff, 0xe0, 0x00, 0x07, 0xff, 0xe0, 0x00,
    0x0f, 0xff, 0xc0, 0x00, 0x1f, 0xff, 0xc0, 0x00, 0x3f, 0xff, 0xe0, 0x00, 0x7f, 0xff, 0xe0, 0x00,
    0x7f, 0xff, 0xc0, 0x00, 0xff, 0xff, 0x80, 0x00, 0xff, 0xff, 0xc0, 0x00, 0xff, 0xff, 0xe0, 0x00,
    0xff, 0xff, 0xf0, 0x00, 0xff, 0xff, 0xf0, 0x00, 0xff, 0xc0, 0xf0, 0x00, 0x7f, 0xe0, 0x60, 0x00,
    0x7f, 0xf0, 0x00, 0x00, 0x7f, 0xf8, 0x00, 0x00, 0x3f, 0xfc, 0x00, 0x00, 0x1f, 0xfe, 0x00, 0x00,
    0x1f, 0xff, 0x00, 0x00, 0x0f, 0xff, 0x00, 0x00, 0x0f, 0xff, 0x80, 0x00, 0x0f, 0xff, 0x80, 0x00,
    0x1f, 0x9f, 0x80, 0x00, 0x1f, 0x8f, 0x80, 0x00, 0x1f, 0x0f, 0x80, 0x00, 0x1f, 0x0f, 0xc0, 0x00,
    0x00, 0x7c, 0x00, 0x00, 0x00, 0xff, 0x60, 0x00, 0x01, 0xff, 0xe0, 0x00, 0x01, 0xff, 0xc0, 0x00,
    0x01, 0xff, 0xc0, 0x00, 0x01, 0xff, 0xc0, 0x00, 0x03, 0xff, 0xe0, 0x00, 0x07, 0xff, 0xe0, 0x00,
    0x0f, 0xff, 0xc0, 0x00, 0x1f, 0xff, 0xc0, 0x00, 0x3f, 0xff, 0xe0, 0x00, 0x7f, 0xff, 0xe0, 0x00,
    0x7f, 0xff, 0xc0, 0x00, 0xff, 0xff, 0x80, 0x00, 0xff, 0xff, 0xc0, 0x00, 0xff, 0xff, 0xe0, 0x00,
    0xff, 0xff, 0xf0, 0x00, 0xff, 0xff, 0xf0, 0x00, 0xff, 0xc0, 0xf0, 0x00, 0x7f, 0xe0, 0x60, 0x00,
    0x7f, 0xf0, 0x00, 0x00, 0x7f, 0xf8, 0x00, 0x00, 0x3f, 0xfc, 0x00, 0x00, 0x1f, 0xfe, 0x00, 0x00,
    0x1f, 0xff, 0x00, 0x00, 0x0f, 0xff, 0x00, 0x00, 0x0f, 0xff, 0x80, 0x00, 0x0f, 0xff, 0x80, 0x00,
    0x1f, 0x9f, 0x80, 0x00, 0x1f, 0x8f, 0x80, 0x00, 0x1f, 0x0f, 0x80, 0x00, 0x1f, 0x0f, 0xc0, 0x00,
    0x00, 0x7c, 0x00, 0x00, 0x00, 0xff, 0x60, 0x00, 0x01, 0xff, 0xe0, 0x00, 0x01, 0xff, 0xc0, 0x00,
    0x01, 0xff, 0xc0, 0x00, 0x01, 0xff, 0xc0, 0x00, 0x03, 0xff, 0xe0, 0x00, 0x07, 0xff, 0xe0, 0x00,
    0x0f, 0xff, 0xc0, 0x00, 0x1f, 0xff, 0xc0, 0x00, 0x3f, 0xff, 0xe0, 0x00, 0x7f, 0xff, 0xe0, 0x00,
    0x7f, 0xff, 0xc0, 0x00, 0xff, 0xff, 0x80, 0x00, 0xff, 0xff, 0xc0, 0x00, 0xff, 0xff, 0xe0, 0x00,
    0xff, 0xff, 0xf0, 0x00, 0xff, 0xff, 0xf0, 0x00, 0xff, 0xc0, 0xf0, 0x00, 0x7f, 0xe0, 0x60, 0x00,
    0x7f, 0xf0, 0x00, 0x00, 0x7f, 0xf8, 0x00, 0x00, 0x3f, 0xfc, 0x00, 0x00, 0x1f, 0xfe, 0x00, 0x00,
    0x1f, 0xff, 0x00, 0x00, 0x0f, 0xff, 0x00, 0x00, 0x0f, 0xff, 0x80, 0x00, 0x0f, 0xff, 0x80, 0x00,
    0x1f, 0x9f, 0x80, 0x00, 0x1f, 0x8f, 0x80, 0x00, 0x1f, 0x0f, 0x80, 0x00, 0x1f, 0x0f, 0xc0, 0x00,
    0x00, 0x00, 0x00, 0x00, 0x00, 0x00, 0x00, 0x00, 0x00, 0x00, 0xf8, 0x00, 0x00, 0x01, 0xfe, 0xc0,
    0x00, 0x03, 0xff, 0xc0, 0x00, 0x03, 0xff, 0x80, 0x00, 0x07, 0xff, 0x80, 0x00, 0x1f, 0xff, 0x80,
    0x00, 0x7f, 0xff, 0x80, 0x00, 0xff, 0xff, 0x80, 0x01, 0xff, 0xff, 0x00, 0x03, 0xff, 0xff, 0x00,
    0x03, 0xff, 0xff, 0x00, 0x07, 0xff, 0xfc, 0x00, 0x07, 0xff, 0xfc, 0x00, 0x07, 0xff, 0xfe, 0x00,
    0x0f, 0xff, 0xfe, 0x00, 0x0f, 0xff, 0xfc, 0x00, 0x0f, 0xff, 0xf0, 0x00, 0x0f, 0xff, 0xfc, 0x00,
    0x0f, 0xff, 0xfe, 0x00, 0x0f, 0xfc, 0x7f, 0x00, 0x07, 0xfc, 0x1f, 0x00, 0x07, 0xfe, 0x0f, 0x00,
    0x07, 0xff, 0x06, 0x00, 0x0f, 0xff, 0x00, 0x00, 0x0f, 0xff, 0x80, 0x00, 0x0f, 0xff, 0x80, 0x00,
    0x1f, 0x9f, 0x80, 0x00, 0x1f, 0x8f, 0x80, 0x00, 0x1f, 0x0f, 0x80, 0x00, 0x1f, 0x0f, 0xc0, 0x00,
    0x00, 0x00, 0x00, 0x00, 0x00, 0x00, 0x00, 0x00, 0x00, 0x00, 0xf8, 0x00, 0x00, 0x01, 0xfe, 0xc0,
    0x00, 0x03, 0xff, 0xc0, 0x00, 0x03, 0xff, 0x80, 0x00, 0x07, 0xff, 0x80, 0x00, 0x1f, 0xff, 0x80,
    0x00, 0x7f, 0xff, 0x80, 0x00, 0xff, 0xff, 0x80, 0x01, 0xff, 0xff, 0x80, 0x03, 0xff, 0xff, 0x00,
    0x03, 0xff, 0xfc, 0x00, 0x07, 0xff, 0xf8, 0x00, 0x07, 0xff, 0xf8, 0x00, 0x07, 0xff, 0xf0, 0x00,
    0x0f, 0xff, 0xf0, 0x00, 0x0f, 0xff, 0xf0, 0x00, 0x0f, 0xff, 0xf0, 0x00, 0x0f, 0xff, 0xf8, 0x00,
    0x0f, 0xff, 0xf8, 0x00, 0x0f, 0xff, 0xf8, 0x00, 0x07, 0xff, 0xfc, 0x00, 0x07, 0xff, 0x7c, 0x00,
    0x07, 0xff, 0x3c, 0x00, 0x0f, 0xff, 0x3c, 0x00, 0x0f, 0xff, 0x18, 0x00, 0x0f, 0xff, 0x80, 0x00,
    0x1f, 0x9f, 0x80, 0x00, 0x1f, 0x8f, 0x80, 0x00, 0x1f, 0x0f, 0x80, 0x00, 0x1f, 0x0f, 0xc0, 0x00,
    0x00, 0x00, 0x00, 0x00, 0x00, 0x00, 0x00, 0x00, 0x00, 0x00, 0x00, 0x00, 0x00, 0x00, 0x7c, 0x00,
    0x00, 0x00, 0xff, 0x60, 0x00, 0x01, 0xff, 0xe0, 0x00, 0x03, 0xff, 0xc0, 0x00, 0x0f, 0xff, 0xc0,
    0x00, 0x3f, 0xff, 0xc0, 0x00, 0x7f, 0xff, 0xc0, 0x00, 0xff, 0xff, 0xc0, 0x01, 0xff, 0xff, 0xc0,
    0x01, 0xff, 0xff, 0x80, 0x03, 0xff, 0xfe, 0x00, 0x03, 0xff, 0xfc, 0x00, 0x03, 0xff, 0xfc, 0x00,
    0x07, 0xff, 0xf8, 0x00, 0x07, 0xff, 0xf8, 0x00, 0x07, 0xff, 0xf8, 0x00, 0x07, 0xff, 0xf8, 0x00,
    0x07, 0xff, 0xf8, 0x00, 0x07, 0xff, 0xf8, 0x00, 0x07, 0xff, 0xfc, 0x00, 0x07, 0xff, 0xfc, 0x00,
    0x07, 0xff, 0xf8, 0x00, 0x0f, 0xff, 0xe0, 0x00, 0x0f, 0xff, 0xc0, 0x00, 0x0f, 0xff, 0xc0, 0x00,
    0x1f, 0x9f, 0x80, 0x00, 0x1f, 0x8f, 0x80, 0x00, 0x1f, 0x0f, 0x80, 0x00, 0x1f, 0x0f, 0xc0, 0x00,
    0x00, 0x00, 0x00, 0x00, 0x00, 0x00, 0x00, 0x00, 0x00, 0x00, 0x00, 0x00, 0x00, 0x00, 0x7c, 0x00,
    0x00, 0x00, 0xff, 0x60, 0x00, 0x01, 0xff, 0xe0, 0x00, 0x03, 0xff, 0xc0, 0x00, 0x0f, 0xff, 0xc0,
    0x00, 0x3f, 0xff, 0xc0, 0x00, 0x7f, 0xff, 0xc0, 0x00, 0xff, 0xff, 0xc0, 0x01, 0xff, 0xff, 0xc0,
    0x01, 0xff, 0xff, 0x80, 0x03, 0xff, 0xfe, 0x00, 0x03, 0xff, 0xfc, 0x00, 0x03, 0xff, 0xfc, 0x00,
    0x07, 0xff, 0xf8, 0x00, 0x07, 0xff, 0xf8, 0x00, 0x07, 0xff, 0xf8, 0x00, 0x07, 0xff, 0xf8, 0x00,
    0x07, 0xff, 0xf8, 0x00, 0x07, 0xff, 0xf8, 0x00, 0x07, 0xff, 0xfc, 0x00, 0x07, 0xff, 0xfc, 0x00,
    0x07, 0xff, 0xf8, 0x00, 0x0f, 0xff, 0xe0, 0x00, 0x0f, 0xff, 0xc0, 0x00, 0x0f, 0xff, 0xc0, 0x00,
    0x1f, 0x9f, 0x80, 0x00, 0x1f, 0x8f, 0x80, 0x00, 0x1f, 0x0f, 0x80, 0x00, 0x1f, 0x0f, 0xc0, 0x00,
    0x00, 0x00, 0x00, 0x00, 0x00, 0x00, 0x00, 0x00, 0x00, 0x00, 0x00, 0x00, 0x00, 0x00, 0x7c, 0x00,
    0x00, 0x00, 0xff, 0x60, 0x00, 0x01, 0xff, 0xe0, 0x00, 0x03, 0xff, 0xc0, 0x00, 0x0f, 0xff, 0xc0,
    0x00, 0x3f, 0xff, 0xc0, 0x00, 0x7f, 0xff, 0xc0, 0x00, 0xff, 0xff, 0xc0, 0x01, 0xff, 0xff, 0xc0,
    0x01, 0xff, 0xff, 0x80, 0x03, 0xff, 0xfe, 0x00, 0x03, 0xff, 0xfc, 0x00, 0x03, 0xff, 0xfc, 0x00,
    0x07, 0xff, 0xf8, 0x00, 0x07, 0xff, 0xf8, 0x00, 0x07, 0xff, 0xf8, 0x00, 0x07, 0xff, 0xf8, 0x00,
    0x07, 0xff, 0xf8, 0x00, 0x07, 0xff, 0xfc, 0x00, 0x07, 0xff, 0xfc, 0x00, 0x07, 0xff, 0xf8, 0x00,
    0x07, 0xff, 0xe0, 0x00, 0x0f, 0xff, 0xe0, 0x00, 0x0f, 0xff, 0xc0, 0x00, 0x0f, 0xff, 0xc0, 0x00,
    0x1f, 0x9f, 0x80, 0x00, 0x1f, 0x8f, 0x80, 0x00, 0x1f, 0x0f, 0x80, 0x00, 0x1f, 0x0f, 0xc0, 0x00,
    0x00, 0x00, 0x00, 0x00, 0x00, 0x00, 0x00, 0x00, 0x00, 0x00, 0x00, 0x00, 0x00, 0x00, 0x7c, 0x00,
    0x00, 0x00, 0xff, 0x60, 0x00, 0x01, 0xff, 0xe0, 0x00, 0x03, 0xff, 0xc0, 0x00, 0x0f, 0xff, 0xc0,
    0x00, 0x3f, 0xff, 0xc0, 0x00, 0x7f, 0xff, 0xc0, 0x00, 0xff, 0xff, 0xc0, 0x01, 0xff, 0xff, 0xc0,
    0x01, 0xff, 0xff, 0x80, 0x03, 0xff, 0xfe, 0x00, 0x03, 0xff, 0xfc, 0x00, 0x03, 0xff, 0xfc, 0x00,
    0x07, 0xff, 0xf8, 0x00, 0x07, 0xff, 0xf8, 0x00, 0x07, 0xff, 0xf8, 0x00, 0x07, 0xff, 0xf8, 0x00,
    0x07, 0xff, 0xf8, 0x00, 0x07, 0xff, 0xf8, 0x00, 0x07, 0xff, 0xfc, 0x00, 0x07, 0xff, 0xfc, 0x00,
    0x07, 0xff, 0xf8, 0x00, 0x0f, 0xff, 0xe0, 0x00, 0x0f, 0xff, 0xc0, 0x00, 0x0f, 0xff, 0xc0, 0x00,
    0x1f, 0x9f, 0x80, 0x00, 0x1f, 0x8f, 0x80, 0x00, 0x1f, 0x0f, 0x80, 0x00, 0x1f, 0x0f, 0xc0, 0x00,
    0x00, 0x00, 0x00, 0x00, 0x00, 0x00, 0x00, 0x00, 0x00, 0x00, 0x00, 0x00, 0x00, 0x00, 0x7c, 0x00,
    0x00, 0x00, 0xff, 0x60, 0x00, 0x01, 0xff, 0xe0, 0x00, 0x03, 0xff, 0xc0, 0x00, 0x0f, 0xff, 0xc0,
    0x00, 0x3f, 0xff, 0xc0, 0x00, 0x7f, 0xff, 0xc0, 0x00, 0xff, 0xff, 0xc0, 0x01, 0xff, 0xff, 0xc0,
    0x01, 0xff, 0xff, 0x80, 0x03, 0xff, 0xfe, 0x00, 0x03, 0xff, 0xfc, 0x00, 0x03, 0xff, 0xfc, 0x00,
    0x07, 0xff, 0xf8, 0x00, 0x07, 0xff, 0xf8, 0x00, 0x07, 0xff, 0xf8, 0x00, 0x07, 0xff, 0xf8, 0x00,
    0x07, 0xff, 0xf8, 0x00, 0x07, 0xff, 0xfc, 0x00, 0x07, 0xff, 0xfc, 0x00, 0x07, 0xff, 0xf8, 0x00,
    0x07, 0xff, 0xe0, 0x00, 0x0f, 0xff, 0xe0, 0x00, 0x0f, 0xff, 0xc0, 0x00, 0x0f, 0xff, 0xc0, 0x00,
    0x1f, 0x9f, 0x80, 0x00, 0x1f, 0x8f, 0x80, 0x00, 0x1f, 0x0f, 0x80, 0x00, 0x1f, 0x0f, 0xc0, 0x00,
    0x00, 0x00, 0x00, 0x00, 0x00, 0x00, 0x00, 0x00, 0x00, 0x00, 0xf8, 0x00, 0x00, 0x01, 0xfe, 0xc0,
    0x00, 0x03, 0xff, 0xc0, 0x00, 0x03, 0xff, 0x80, 0x00, 0x07, 0xff, 0x80, 0x00, 0x1f, 0xff, 0x80,
    0x00, 0x7f, 0xff, 0x80, 0x00, 0xff, 0xff, 0x80, 0x01, 0xff, 0xff, 0x80, 0x03, 0xff, 0xff, 0x00,
    0x03, 0xff, 0xfc, 0x00, 0x07, 0xff, 0xf8, 0x00, 0x07, 0xff, 0xf8, 0x00, 0x07, 0xff, 0xf0, 0x00,
    0x0f, 0xff, 0xf0, 0x00, 0x0f, 0xff, 0xf0, 0x00, 0x0f, 0xff, 0xf0, 0x00, 0x0f, 0xff, 0xf8, 0x00,
    0x0f, 0xff, 0xf8, 0x00, 0x0f, 0xff, 0xf8, 0x00, 0x07, 0xff, 0xfc, 0x00, 0x07, 0xff, 0x7c, 0x00,
    0x07, 0xff, 0x3c, 0x00, 0x0f, 0xff, 0x3c, 0x00, 0x0f, 0xff, 0x18, 0x00, 0x0f, 0xff, 0x80, 0x00,
    0x1f, 0x9f, 0x80, 0x00, 0x1f, 0x8f, 0x80, 0x00, 0x1f, 0x0f, 0x80, 0x00, 0x1f, 0x0f, 0xc0, 0x00,
    0x00, 0x7c, 0x00, 0x00, 0x00, 0xff, 0x60, 0x00, 0x01, 0xff, 0xe0, 0x00, 0x01, 0xff, 0xc0, 0x00,
    0x01, 0xff, 0xc0, 0x00, 0x01, 0xff, 0xc0, 0x00, 0x03, 0xff, 0xe0, 0x00, 0x07, 0xff, 0xe0, 0x00,
    0x0f, 0xff, 0xc0, 0x00, 0x1f, 0xff, 0xc0, 0x00, 0x3f, 0xff, 0xe0, 0x00, 0x7f, 0xff, 0xe0, 0x00,
    0x7f, 0xff, 0xc0, 0x00, 0xff, 0xff, 0x80, 0x00, 0xff, 0xff, 0xc0, 0x00, 0xff, 0xff, 0xe0, 0x00,
    0xff, 0xff, 0xf0, 0x00, 0xff, 0xff, 0xf0, 0x00, 0xff, 0xc0, 0xf0, 0x00, 0x7f, 0xe0, 0x60, 0x00,
    0x7f, 0xf0, 0x00, 0x00, 0x7f, 0xf8, 0x00, 0x00, 0x3f, 0xfc, 0x00, 0x00, 0x1f, 0xfe, 0x00, 0x00,
    0x1f, 0xff, 0x00, 0x00, 0x0f, 0xff, 0x00, 0x00, 0x0f, 0xff, 0x80, 0x00, 0x0f, 0xff, 0x80, 0x00,
    0x1f, 0x9f, 0x80, 0x00, 0x1f, 0x8f, 0x80, 0x00, 0x1f, 0x0f, 0x80, 0x00, 0x1f, 0x0f, 0xc0, 0x00,
};

/* sTombLordDisp: 4 masks of 90 bytes */
static const uint8_t s_mask_sTombLordDisp[360] = {
    0x03, 0xe0, 0x00, 0x6f, 0xf0, 0x00, 0x7f, 0xf8, 0x00, 0x3f, 0xf8, 0x00, 0x3f, 0xfc, 0x00, 0x3f,
    0xff, 0x00, 0x3f, 0xff, 0xc0, 0x3f, 0xff, 0xe0, 0x1f, 0xff, 0xf0, 0x1f, 0xff, 0xf8, 0x1f, 0xff,
    0xf8, 0x1f, 0xff, 0xfc, 0x0f, 0xff, 0xfc, 0x0e, 0xff, 0xfc, 0x00, 0xff, 0xfe, 0x03, 0xff, 0xfe,
    0x0f, 0xff, 0xfe, 0x1f, 0xff, 0xfe, 0x3f, 0xff, 0xfe, 0x3f, 0x8f, 0xfe, 0x3c, 0x1f, 0xfe, 0x18,
    0x3f, 0xfc, 0x00, 0x7f, 0xfc, 0x00, 0x7f, 0xf8, 0x00, 0xff, 0xf8, 0x00, 0xff, 0xf8, 0x00, 0xfc,
    0xfc, 0x00, 0xf8, 0xfc, 0x00, 0xf8, 0x7c, 0x01, 0xf8, 0x7c,
    0x00, 0x00, 0x00, 0x03, 0xe0, 0x00, 0x6f, 0xf0, 0x00, 0x7f, 0xf8, 0x00, 0x3f, 0xf8, 0x00, 0x3f,
    0xfc, 0x00, 0x3f, 0xff, 0x00, 0x3f, 0xff, 0xc0, 0x3f, 0xff, 0xe0, 0x1f, 0xff, 0xf0, 0x1f, 0xff,
    0xf8, 0x0f, 0xff, 0xf8, 0x0f, 0xff, 0xfc, 0x07, 0xff, 0xfc, 0x07, 0xff, 0xfc, 0x00, 0xff, 0xfe,
    0x01, 0xff, 0xfe, 0x07, 0xff, 0xfe, 0x0f, 0xff, 0xfe, 0x1f, 0xff, 0xfe, 0x1f, 0x9f, 0xfe, 0x1e,
    0x3f, 0xfc, 0x0c, 0x7f, 0xfc, 0x00, 0x7f, 0xf8, 0x00, 0xff, 0xf8, 0x00, 0xff, 0xf8, 0x00, 0xfc,
    0xfc, 0x00, 0xf8, 0xfc, 0x00, 0xf8, 0x7c, 0x01, 0xf8, 0x7c,
    0x00, 0x00, 0x00, 0x00, 0x00, 0x00, 0x07, 0xc0, 0x00, 0x1f, 0xe0, 0x00, 0xff, 0xf0, 0x00, 0xff,
    0xf0, 0x00, 0x7f, 0xf8, 0x00, 0x7f, 0xfe, 0x00, 0x7f, 0xff, 0x80, 0x7f, 0xff, 0xc0, 0x7f, 0xff,
    0xe0, 0x3f, 0xff, 0xf0, 0x3f, 0xff, 0xf0, 0x1f, 0xff, 0xf8, 0x0f, 0xff, 0xf8, 0x0f, 0xff, 0xf8,
    0x01, 0xff, 0xfc, 0x03, 0xff, 0xfc, 0x0f, 0xff, 0xfc, 0x1f, 0xff, 0xfc, 0x3f, 0xff, 0xfc, 0x3f,
    0x3f, 0xfc, 0x3c, 0x7f, 0xfc, 0x18, 0x7f, 0xf8, 0x00, 0xff, 0xf8, 0x00, 0xff, 0xf8, 0x00, 0xfc,
    0xfc, 0x00, 0xf8, 0xfc, 0x00, 0xf8, 0x7c, 0x01, 0xf8, 0x7c,
    0x00, 0x00, 0x00, 0x03, 0xe0, 0x00, 0x6f, 0xf0, 0x00, 0x7f, 0xf8, 0x00, 0x3f, 0xf8, 0x00, 0x3f,
    0xfc, 0x00, 0x3f, 0xff, 0x00, 0x3f, 0xff, 0xc0, 0x3f, 0xff, 0xe0, 0x1f, 0xff, 0xf0, 0x1f, 0xff,
    0xf8, 0x0f, 0xff, 0xf8, 0x0f, 0xff, 0xfc, 0x07, 0xff, 0xfc, 0x07, 0xff, 0xfc, 0x00, 0xff, 0xfe,
    0x01, 0xff, 0xfe, 0x07, 0xff, 0xfe, 0x0f, 0xff, 0xfe, 0x1f, 0xff, 0xfe, 0x1f, 0x9f, 0xfe, 0x1e,
    0x3f, 0xfc, 0x0c, 0x7f, 0xfc, 0x00, 0x7f, 0xf8, 0x00, 0xff, 0xf8, 0x00, 0xff, 0xf8, 0x00, 0xfc,
    0xfc, 0x00, 0xf8, 0xfc, 0x00, 0xf8, 0x7c, 0x01, 0xf8, 0x7c,
};

/* sTombLordLeft: 4 masks of 90 bytes */
static const uint8_t s_mask_sTombLordLeft[360] = {
    0x03, 0xe0, 0x00, 0x6f, 0xf0, 0x00, 0x7f, 0xf8, 0x00, 0x3f, 0xf8, 0x00, 0x3f, 0xfc, 0x00, 0x3f,
    0xff, 0x00, 0x3f, 0xff, 0xc0, 0x3f, 0xff, 0xe0, 0x1f, 0xff, 0xf0, 0x1f, 0xff, 0xf8, 0x1f, 0xff,
    0xf8, 0x1f, 0xff, 0xfc, 0x0f, 0xff, 0xfc, 0x0e, 0xff, 0xfc, 0x00, 0xff, 0xfe, 0x03, 0xff, 0xfe,
    0x0f, 0xff, 0xfe, 0x1f, 0xff, 0xfe, 0x3f, 0xff, 0xfe, 0x3f, 0x8f, 0xfe, 0x3c, 0x1f, 0xfe, 0x18,
    0x3f, 0xfc, 0x00, 0x7f, 0xfc, 0x00, 0x7f, 0xf8, 0x00, 0xff, 0xf8, 0x00, 0xff, 0xf8, 0x00, 0xfc,
    0xfc, 0x00, 0xf8, 0xfc, 0x00, 0xf8, 0x7c, 0x01, 0xf8, 0x7c,
    0x00, 0x00, 0x00, 0x03, 0xe0, 0x00, 0x6f, 0xf0, 0x00, 0x7f, 0xf8, 0x00, 0x3f, 0xf8, 0x00, 0x3f,
    0xfc, 0x00, 0x3f, 0xff, 0x00, 0x3f, 0xff, 0xc0, 0x3f, 0xff, 0xe0, 0x1f, 0xff, 0xf0, 0x1f, 0xff,
    0xf8, 0x0f, 0xff, 0xf8, 0x0f, 0xff, 0xfc, 0x07, 0xff, 0xfc, 0x07, 0xff, 0xfc, 0x00, 0xff, 0xfe,
    0x01, 0xff, 0xfe, 0x07, 0xff, 0xfe, 0x0f, 0xff, 0xfe, 0x1f, 0xff, 0xfe, 0x1f, 0x9f, 0xfe, 0x1e,
    0x3f, 0xfc, 0x0c, 0x7f, 0xfc, 0x00, 0x7f, 0xf8, 0x00, 0xff, 0xf8, 0x00, 0xff, 0xf8, 0x00, 0xfc,
    0xfc, 0x00, 0xf8, 0xfc, 0x00, 0xf8, 0x7c, 0x01, 0xf8, 0x7c,
    0x00, 0x00, 0x00, 0x00, 0x00, 0x00, 0x07, 0xc0, 0x00, 0x1f, 0xe0, 0x00, 0xff, 0xf0, 0x00, 0xff,
    0xf0, 0x00, 0x7f, 0xf8, 0x00, 0x7f, 0xfe, 0x00, 0x7f, 0xff, 0x80, 0x7f, 0xff, 0xc0, 0x7f, 0xff,
    0xe0, 0x3f, 0xff, 0xf0, 0x3f, 0xff, 0xf0, 0x1f, 0xff, 0xf8, 0x0f, 0xff, 0xf8, 0x0f, 0xff, 0xf8,
    0x01, 0xff, 0xfc, 0x03, 0xff, 0xfc, 0x0f, 0xff, 0xfc, 0x1f, 0xff, 0xfc, 0x3f, 0xff, 0xfc, 0x3f,
    0x3f, 0xfc, 0x3c, 0x7f, 0xfc, 0x18, 0x7f, 0xf8, 0x00, 0xff, 0xf8, 0x00, 0xff, 0xf8, 0x00, 0xfc,
    0xfc, 0x00, 0xf8, 0xfc, 0x00, 0xf8, 0x7c, 0x01, 0xf8, 0x7c,
    0x00, 0x00, 0x00, 0x03, 0xe0, 0x00, 0x6f, 0xf0, 0x00, 0x7f, 0xf8, 0x00, 0x3f, 0xf8, 0x00, 0x3f,
    0xfc, 0x00, 0x3f, 0xff, 0x00, 0x3f, 0xff, 0xc0, 0x3f, 0xff, 0xe0, 0x1f, 0xff, 0xf0, 0x1f, 0xff,
    0xf8, 0x0f, 0xff, 0xf8, 0x0f, 0xff, 0xfc, 0x07, 0xff, 0xfc, 0x07, 0xff, 0xfc, 0x00, 0xff, 0xfe,
    0x01, 0xff, 0xfe, 0x07, 0xff, 0xfe, 0x0f, 0xff, 0xfe, 0x1f, 0xff, 0xfe, 0x1f, 0x9f, 0xfe, 0x1e,
    0x3f, 0xfc, 0x0c, 0x7f, 0xfc, 0x00, 0x7f, 0xf8, 0x00, 0xff, 0xf8, 0x00, 0xff, 0xf8, 0x00, 0xfc,
    0xfc, 0x00, 0xf8, 0xfc, 0x00, 0xf8, 0x7c, 0x01, 0xf8, 0x7c,
};

/* sTombLordRight: 4 masks of 90 bytes */
static const uint8_t s_mask_sTombLordRight[360] = {
    0x00, 0x0f, 0x80, 0x00, 0x1f, 0xec, 0x00, 0x3f, 0xfc, 0x00, 0x3f, 0xf8, 0x00, 0x7f, 0xf8, 0x01,
    0xff, 0xf8, 0x07, 0xff, 0xf8, 0x0f, 0xff, 0xf8, 0x1f, 0xff, 0xf0, 0x3f, 0xff, 0xf0, 0x3f, 0xff,
    0xf0, 0x7f, 0xff, 0xf0, 0x7f, 0xff, 0xe0, 0x7f, 0xfe, 0xe0, 0xff, 0xfe, 0x00, 0xff, 0xff, 0x80,
    0xff, 0xff, 0xe0, 0xff, 0xff, 0xf0, 0xff, 0xff, 0xf8, 0xff, 0xe3, 0xf8, 0xff, 0xf0, 0x78, 0x7f,
    0xf8, 0x30, 0x7f, 0xfc, 0x00, 0x3f, 0xfc, 0x00, 0x3f, 0xfe, 0x00, 0x3f, 0xfe, 0x00, 0x7e, 0x7e,
    0x00, 0x7e, 0x3e, 0x00, 0x7c, 0x3e, 0x00, 0x7c, 0x3f, 0x00,
    0x00, 0x00, 0x00, 0x00, 0x0f, 0x80, 0x00, 0x1f, 0xec, 0x00, 0x3f, 0xfc, 0x00, 0x3f, 0xf8, 0x00,
    0x7f, 0xf8, 0x01, 0xff, 0xf8, 0x07, 0xff, 0xf8, 0x0f, 0xff, 0xf8, 0x1f, 0xff, 0xf0, 0x3f, 0xff,
    0xf0, 0x3f, 0xff, 0xe0, 0x7f, 0xff, 0xe0, 0x7f, 0xff, 0xc0, 0x7f, 0xff, 0xc0, 0xff, 0xfe, 0x00,
    0xff, 0xff, 0x00, 0xff, 0xff, 0xc0, 0xff, 0xff, 0xe0, 0xff, 0xff, 0xf0, 0xff, 0xf3, 0xf0, 0x7f,
    0xf8, 0xf0, 0x7f, 0xfc, 0x60, 0x3f, 0xfc, 0x00, 0x3f, 0xfe, 0x00, 0x3f, 0xfe, 0x00, 0x7e, 0x7e,
    0x00, 0x7e, 0x3e, 0x00, 0x7c, 0x3e, 0x00, 0x7c, 0x3f, 0x00,
    0x00, 0x00, 0x00, 0x00, 0x00, 0x00, 0x00, 0x07, 0xc0, 0x00, 0x0f, 0xf0, 0x00, 0x1f, 0xfe, 0x00,
    0x1f, 0xfe, 0x00, 0x3f, 0xfc, 0x00, 0xff, 0xfc, 0x03, 0xff, 0xfc, 0x07, 0xff, 0xfc, 0x0f, 0xff,
    0xfc, 0x1f, 0xff, 0xf8, 0x1f, 0xff, 0xf8, 0x3f, 0xff, 0xf0, 0x3f, 0xff, 0xe0, 0x3f, 0xff, 0xe0,
    0x7f, 0xff, 0x00, 0x7f, 0xff, 0x80, 0x7f, 0xff, 0xe0, 0x7f, 0xff, 0xf0, 0x7f, 0xff, 0xf8, 0x7f,
    0xf9, 0xf8, 0x7f, 0xfc, 0x78, 0x3f, 0xfc, 0x30, 0x3f, 0xfe, 0x00, 0x3f, 0xfe, 0x00, 0x7e, 0x7e,
    0x00, 0x7e, 0x3e, 0x00, 0x7c, 0x3e, 0x00, 0x7c, 0x3f, 0x00,
    0x00, 0x00, 0x00, 0x00, 0x0f, 0x80, 0x00, 0x1f, 0xec, 0x00, 0x3f, 0xfc, 0x00, 0x3f, 0xf8, 0x00,
    0x7f, 0xf8, 0x01, 0xff, 0xf8, 0x07, 0xff, 0xf8, 0x0f, 0xff, 0xf8, 0x1f, 0xff, 0xf0, 0x3f, 0xff,
    0xf0, 0x3f, 0xff, 0xe0, 0x7f, 0xff, 0xe0, 0x7f, 0xff, 0xc0, 0x7f, 0xff, 0xc0, 0xff, 0xfe, 0x00,
    0xff, 0xff, 0x00, 0xff, 0xff, 0xc0, 0xff, 0xff, 0xe0, 0xff, 0xff, 0xf0, 0xff, 0xf3, 0xf0, 0x7f,
    0xf8, 0xf0, 0x7f, 0xfc, 0x60, 0x3f, 0xfc, 0x00, 0x3f, 0xfe, 0x00, 0x3f, 0xfe, 0x00, 0x7e, 0x7e,
    0x00, 0x7e, 0x3e, 0x00, 0x7c, 0x3e, 0x00, 0x7c, 0x3f, 0x00,
};

/* sTombLordTurnL: 7 masks of 90 bytes */
static const uint8_t s_mask_sTombLordTurnL[630] = {
    0x00, 0x03, 0xe0, 0x00, 0x07, 0xfb, 0x00, 0x0f, 0xff, 0x00, 0x0f, 0xfe, 0x00, 0x1f, 0xfe, 0x00,
    0x7f, 0xfe, 0x01, 0xff, 0xfe, 0x03, 0xff, 0xfe, 0x07, 0xff, 0xfc, 0x0f, 0xff, 0xfc, 0x0f, 0xff,
    0xfc, 0x1f, 0xff, 0xfc, 0x1f, 0xff, 0xf8, 0x1f, 0xff, 0xb8, 0x3f, 0xff, 0x80, 0x3f, 0xff, 0xe0,
    0x3f, 0xff, 0xf8, 0x3f, 0xff, 0xfc, 0x3f, 0xff, 0xfe, 0x3f, 0xf8, 0xfe, 0x3f, 0xfc, 0x1e, 0x1f,
    0xfe, 0x0c, 0x1f, 0xff, 0x00, 0x0f, 0xff, 0x00, 0x0f, 0xff, 0x80, 0x0f, 0xff, 0x80, 0x1f, 0x9f,
    0x80, 0x1f, 0x8f, 0x80, 0x1f, 0x0f, 0x80, 0x1f, 0x0f, 0xc0,
    0x00, 0x07, 0xc0, 0x00, 0x0f, 0xf0, 0x00, 0x1f, 0xf8, 0x00, 0x1f, 0xfc, 0x00, 0x1f, 0xfc, 0x00,
    0x3f, 0xf8, 0x00, 0x7f, 0xf8, 0x00, 0xff, 0xf8, 0x01, 0xff, 0xf8, 0x03, 0xff, 0xf8, 0x07, 0xff,
    0xf8, 0x07, 0xff, 0xf8, 0x07, 0xff, 0xf0, 0x0f, 0xff, 0xf0, 0x0f, 0xff, 0xf8, 0x0f, 0xff, 0xf8,
    0x0f, 0xff, 0xfc, 0x0f, 0xff, 0xfc, 0x0f, 0xff, 0xfe, 0x0f, 0xff, 0x9e, 0x07, 0xff, 0x9e, 0x07,
    0xff, 0x0c, 0x03, 0xfe, 0x00, 0x03, 0xfe, 0x00, 0x03, 0xfe, 0x00, 0x01, 0xfc, 0x00, 0x01, 0xfc,
    0x00, 0x01, 0xfc, 0x00, 0x01, 0xfc, 0x00, 0x01, 0xfe, 0x00,
    0x00, 0x1f, 0x80, 0x00, 0x3f, 0xc0, 0x00, 0x7f, 0xe0, 0x00, 0x7f, 0xf0, 0x00, 0x7f, 0xf0, 0x00,
    0xff, 0xe0, 0x01, 0xff, 0xe0, 0x03, 0xff, 0xe0, 0x03, 0xff, 0xe0, 0x07, 0xff, 0xe0, 0x07, 0xff,
    0xe0, 0x0f, 0xff, 0xe0, 0x0f, 0xff, 0xe0, 0x0f, 0xff, 0xf0, 0x1f, 0xff, 0xf0, 0x1f, 0xff, 0xf0,
    0x1f, 0xff, 0xf0, 0x1f, 0xff, 0xf0, 0x0f, 0xff, 0xf8, 0x0f, 0xff, 0xf8, 0x0f, 0xff, 0x78, 0x0f,
    0xff, 0x30, 0x0f, 0xff, 0x00, 0x07, 0xff, 0x00, 0x07, 0xff, 0x00, 0x07, 0xfe, 0x00, 0x07, 0xfe,
    0x00, 0x03, 0xfe, 0x00, 0x03, 0xfc, 0x00, 0x03, 0xfc, 0x00,
    0x00, 0x7e, 0x00, 0x00, 0xff, 0x00, 0x01, 0xff, 0x80, 0x01, 0xff, 0x80, 0x01, 0xff, 0x80, 0x01,
    0xff, 0x80, 0x01, 0xff, 0x80, 0x03, 0xff, 0x80, 0x07, 0xff, 0xc0, 0x0f, 0xff, 0xe0, 0x0f, 0xff,
    0xe0, 0x1f, 0xff, 0xf0, 0x1f, 0xff, 0xf0, 0x1f, 0xff, 0xf0, 0x3f, 0xff, 0xf0, 0x3f, 0xff, 0xf0,
    0x3f, 0xff, 0xf0, 0x3f, 0xff, 0xf8, 0x3f, 0xff, 0xfc, 0x3f, 0xff, 0xfc, 0x1f, 0xff, 0xbc, 0x07,
    0xff, 0x98, 0x07, 0xff, 0x80, 0x03, 0xff, 0x80, 0x03, 0xff, 0x80, 0x03, 0xff, 0x00, 0x03, 0xff,
    0x00, 0x01, 0xff, 0x00, 0x01, 0xfe, 0x00, 0x01, 0xfe, 0x00,
    0x03, 0xf0, 0x00, 0x07, 0xf8, 0x00, 0x0f, 0xfc, 0x00, 0x1f, 0xfc, 0x00, 0x1f, 0xfc, 0x00, 0x0f,
    0xfe, 0x00, 0x0f, 0xff, 0x00, 0x0f, 0xff, 0x80, 0x0f, 0xff, 0x80, 0x0f, 0xff, 0xc0, 0x0f, 0xff,
    0xc0, 0x0f, 0xff, 0xe0, 0x0f, 0xff, 0xe0, 0x1f, 0xff, 0xe0, 0x1f, 0xff, 0xf0, 0x1f, 0xff, 0xf0,
    0x1f, 0xff, 0xf0, 0x1f, 0xff, 0xf0, 0x3f, 0xff, 0xe0, 0x3f, 0xff, 0xe0, 0x3d, 0xff, 0xe0, 0x19,
    0xff, 0xe0, 0x01, 0xff, 0xe0, 0x01, 0xff, 0xc0, 0x01, 0xff, 0xc0, 0x00, 0xff, 0xc0, 0x00, 0xff,
    0xc0, 0x00, 0xff, 0x80, 0x00, 0x7f, 0x80, 0x00, 0x7f, 0x80,
    0x01, 0xf0, 0x00, 0x07, 0xf8, 0x00, 0x0f, 0xfc, 0x00, 0x1f, 0xfc, 0x00, 0x1f, 0xfc, 0x00, 0x0f,
    0xfe, 0x00, 0x0f, 0xff, 0x00, 0x0f, 0xff, 0x80, 0x0f, 0xff, 0xc0, 0x0f, 0xff, 0xe0, 0x0f, 0xff,
    0xf0, 0x0f, 0xff, 0xf0, 0x07, 0xff, 0xf0, 0x07, 0xff, 0xf8, 0x0f, 0xff, 0xf8, 0x0f, 0xff, 0xf8,
    0x1f, 0xff, 0xf8, 0x1f, 0xff, 0xf8, 0x3f, 0xff, 0xf8, 0x3c, 0xff, 0xf8, 0x3c, 0xff, 0xf0, 0x18,
    0x7f, 0xf0, 0x00, 0x3f, 0xe0, 0x00, 0x3f, 0xe0, 0x00, 0x3f, 0xe0, 0x00, 0x1f, 0xc0, 0x00, 0x1f,
    0xc0, 0x00, 0x1f, 0xc0, 0x00, 0x1f, 0xc0, 0x00, 0x3f, 0xc0,
    0x07, 0xc0, 0x00, 0xdf, 0xe0, 0x00, 0xff, 0xf0, 0x00, 0x7f, 0xf0, 0x00, 0x7f, 0xf8, 0x00, 0x7f,
    0xfe, 0x00, 0x7f, 0xff, 0x80, 0x7f, 0xff, 0xc0, 0x3f, 0xff, 0xe0, 0x3f, 0xff, 0xf0, 0x3f, 0xff,
    0xf0, 0x3f, 0xff, 0xf8, 0x1f, 0xff, 0xf8, 0x1d, 0xff, 0xf8, 0x01, 0xff, 0xfc, 0x07, 0xff, 0xfc,
    0x1f, 0xff, 0xfc, 0x3f, 0xff, 0xfc, 0x7f, 0xff, 0xfc, 0x7f, 0x1f, 0xfc, 0x78, 0x3f, 0xfc, 0x30,
    0x7f, 0xf8, 0x00, 0xff, 0xf8, 0x00, 0xff, 0xf0, 0x01, 0xff, 0xf0, 0x01, 0xff, 0xf0, 0x01, 0xf9,
    0xf8, 0x01, 0xf1, 0xf8, 0x01, 0xf0, 0xf8, 0x03, 0xf0, 0xf8,
};

/* sTombLordTurnR: 7 masks of 90 bytes */
static const uint8_t s_mask_sTombLordTurnR[630] = {
    0x07, 0xc0, 0x00, 0xdf, 0xe0, 0x00, 0xff, 0xf0, 0x00, 0x7f, 0xf0, 0x00, 0x7f, 0xf8, 0x00, 0x7f,
    0xfe, 0x00, 0x7f, 0xff, 0x80, 0x7f, 0xff, 0xc0, 0x3f, 0xff, 0xe0, 0x3f, 0xff, 0xf0, 0x3f, 0xff,
    0xf0, 0x3f, 0xff, 0xf8, 0x1f, 0xff, 0xf8, 0x1d, 0xff, 0xf8, 0x01, 0xff, 0xfc, 0x07, 0xff, 0xfc,
    0x1f, 0xff, 0xfc, 0x3f, 0xff, 0xfc, 0x7f, 0xff, 0xfc, 0x7f, 0x1f, 0xfc, 0x78, 0x3f, 0xfc, 0x30,
    0x7f, 0xf8, 0x00, 0xff, 0xf8, 0x00, 0xff, 0xf0, 0x01, 0xff, 0xf0, 0x01, 0xff, 0xf0, 0x01, 0xf9,
    0xf8, 0x01, 0xf1, 0xf8, 0x01, 0xf0, 0xf8, 0x03, 0xf0, 0xf8,
    0x03, 0xe0, 0x00, 0x0f, 0xf0, 0x00, 0x1f, 0xf8, 0x00, 0x3f, 0xf8, 0x00, 0x3f, 0xf8, 0x00, 0x1f,
    0xfc, 0x00, 0x1f, 0xfe, 0x00, 0x1f, 0xff, 0x00, 0x1f, 0xff, 0x80, 0x1f, 0xff, 0xc0, 0x1f, 0xff,
    0xe0, 0x1f, 0xff, 0xe0, 0x0f, 0xff, 0xe0, 0x0f, 0xff, 0xf0, 0x1f, 0xff, 0xf0, 0x1f, 0xff, 0xf0,
    0x3f, 0xff, 0xf0, 0x3f, 0xff, 0xf0, 0x7f, 0xff, 0xf0, 0x79, 0xff, 0xf0, 0x79, 0xff, 0xe0, 0x30,
    0xff, 0xe0, 0x00, 0x7f, 0xc0, 0x00, 0x7f, 0xc0, 0x00, 0x7f, 0xc0, 0x00, 0x3f, 0x80, 0x00, 0x3f,
    0x80, 0x00, 0x3f, 0x80, 0x00, 0x3f, 0x80, 0x00, 0x7f, 0x80,
    0x01, 0xf8, 0x00, 0x03, 0xfc, 0x00, 0x07, 0xfe, 0x00, 0x0f, 0xfe, 0x00, 0x0f, 0xfe, 0x00, 0x07,
    0xff, 0x00, 0x07, 0xff, 0x80, 0x07, 0xff, 0xc0, 0x07, 0xff, 0xc0, 0x07, 0xff, 0xe0, 0x07, 0xff,
    0xe0, 0x07, 0xff, 0xf0, 0x07, 0xff, 0xf0, 0x0f, 0xff, 0xf0, 0x0f, 0xff, 0xf8, 0x0f, 0xff, 0xf8,
    0x0f, 0xff, 0xf8, 0x0f, 0xff, 0xf8, 0x1f, 0xff, 0xf0, 0x1f, 0xff, 0xf0, 0x1e, 0xff, 0xf0, 0x0c,
    0xff, 0xf0, 0x00, 0xff, 0xf0, 0x00, 0xff, 0xe0, 0x00, 0xff, 0xe0, 0x00, 0x7f, 0xe0, 0x00, 0x7f,
    0xe0, 0x00, 0x7f, 0xc0, 0x00, 0x3f, 0xc0, 0x00, 0x3f, 0xc0,
    0x00, 0x7e, 0x00, 0x00, 0xff, 0x00, 0x01, 0xff, 0x80, 0x01, 0xff, 0x80, 0x01, 0xff, 0x80, 0x01,
    0xff, 0x80, 0x01, 0xff, 0x80, 0x01, 0xff, 0xc0, 0x03, 0xff, 0xe0, 0x07, 0xff, 0xf0, 0x07, 0xff,
    0xf0, 0x0f, 0xff, 0xf8, 0x0f, 0xff, 0xf8, 0x0f, 0xff, 0xf8, 0x0f, 0xff, 0xfc, 0x0f, 0xff, 0xfc,
    0x0f, 0xff, 0xfc, 0x1f, 0xff, 0xfc, 0x3f, 0xff, 0xfc, 0x3f, 0xff, 0xfc, 0x3d, 0xff, 0xf8, 0x19,
    0xff, 0xe0, 0x01, 0xff, 0xe0, 0x01, 0xff, 0xc0, 0x01, 0xff, 0xc0, 0x00, 0xff, 0xc0, 0x00, 0xff,
    0xc0, 0x00, 0xff, 0x80, 0x00, 0x7f, 0x80, 0x00, 0x7f, 0x80,
    0x00, 0x0f, 0xc0, 0x00, 0x1f, 0xe0, 0x00, 0x3f, 0xf0, 0x00, 0x3f, 0xf8, 0x00, 0x3f, 0xf8, 0x00,
    0x7f, 0xf0, 0x00, 0xff, 0xf0, 0x01, 0xff, 0xf0, 0x01, 0xff, 0xf0, 0x03, 0xff, 0xf0, 0x03, 0xff,
    0xf0, 0x07, 0xff, 0xf0, 0x07, 0xff, 0xf0, 0x07, 0xff, 0xf8, 0x0f, 0xff, 0xf8, 0x0f, 0xff, 0xf8,
    0x0f, 0xff, 0xf8, 0x0f, 0xff, 0xf8, 0x07, 0xff, 0xfc, 0x07, 0xff, 0xfc, 0x07, 0xff, 0xbc, 0x07,
    0xff, 0x98, 0x07, 0xff, 0x80, 0x03, 0xff, 0x80, 0x03, 0xff, 0x80, 0x03, 0xff, 0x00, 0x03, 0xff,
    0x00, 0x01, 0xff, 0x00, 0x01, 0xfe, 0x00, 0x01, 0xfe, 0x00,
    0x00, 0x0f, 0x80, 0x00, 0x1f, 0xe0, 0x00, 0x3f, 0xf0, 0x00, 0x3f, 0xf8, 0x00, 0x3f, 0xf8, 0x00,
    0x7f, 0xf0, 0x00, 0xff, 0xf0, 0x01, 0xff, 0xf0, 0x03, 0xff, 0xf0, 0x07, 0xff, 0xf0, 0x0f, 0xff,
    0xf0, 0x0f, 0xff, 0xf0, 0x0f, 0xff, 0xe0, 0x1f, 0xff, 0xe0, 0x1f, 0xff, 0xf0, 0x1f, 0xff, 0xf0,
    0x1f, 0xff, 0xf8, 0x1f, 0xff, 0xf8, 0x1f, 0xff, 0xfc, 0x1f, 0xff, 0x3c, 0x0f, 0xff, 0x3c, 0x0f,
    0xfe, 0x18, 0x07, 0xfc, 0x00, 0x07, 0xfc, 0x00, 0x07, 0xfc, 0x00, 0x03, 0xf8, 0x00, 0x03, 0xf8,
    0x00, 0x03, 0xf8, 0x00, 0x03, 0xf8, 0x00, 0x03, 0xfc, 0x00,
    0x00, 0x03, 0xe0, 0x00, 0x07, 0xfb, 0x00, 0x0f, 0xff, 0x00, 0x0f, 0xfe, 0x00, 0x1f, 0xfe, 0x00,
    0x7f, 0xfe, 0x01, 0xff, 0xfe, 0x03, 0xff, 0xfe, 0x07, 0xff, 0xfc, 0x0f, 0xff, 0xfc, 0x0f, 0xff,
    0xfc, 0x1f, 0xff, 0xfc, 0x1f, 0xff, 0xf8, 0x1f, 0xff, 0xb8, 0x3f, 0xff, 0x80, 0x3f, 0xff, 0xe0,
    0x3f, 0xff, 0xf8, 0x3f, 0xff, 0xfc, 0x3f, 0xff, 0xfe, 0x3f, 0xf8, 0xfe, 0x3f, 0xfc, 0x1e, 0x1f,
    0xfe, 0x0c, 0x1f, 0xff, 0x00, 0x0f, 0xff, 0x00, 0x0f, 0xff, 0x80, 0x0f, 0xff, 0x80, 0x1f, 0x9f,
    0x80, 0x1f, 0x8f, 0x80, 0x1f, 0x0f, 0x80, 0x1f, 0x0f, 0xc0,
};

/* sTombLordWalkL: 6 masks of 96 bytes */
static const uint8_t s_mask_sTombLordWalkL[576] = {
    0x00, 0x00, 0x00, 0x00, 0x00, 0x00, 0x07, 0xc0, 0x00, 0xdf, 0xe0, 0x00, 0xff, 0xf0, 0x00, 0x7f,
    0xf0, 0x00, 0x7f, 0xf8, 0x00, 0x7f, 0xfe, 0x00, 0x7f, 0xff, 0x80, 0x7f, 0xff, 0xc0, 0x3f, 0xff,
    0xe0, 0x3f, 0xff, 0xf0, 0x3f, 0xff, 0xf0, 0x3f, 0xff, 0xf8, 0x1f, 0xff, 0xf8, 0x1d, 0xff, 0xf8,
    0x01, 0xff, 0xfc, 0x07, 0xff, 0xfc, 0x1f, 0xff, 0xfc, 0x3f, 0xff, 0xfc, 0x7f, 0xff, 0xfc, 0x7f,
    0x1f, 0xfc, 0x78, 0x3f, 0xfc, 0x30, 0x7f, 0xf8, 0x00, 0xff, 0xf8, 0x00, 0xff, 0xf0, 0x01, 0xff,
    0xf0, 0x01, 0xff, 0xf0, 0x01, 0xf9, 0xf8, 0x01, 0xf1, 0xf8, 0x01, 0xf0, 0xf8, 0x03, 0xf0, 0xf8,
    0x00, 0x00, 0x00, 0x07, 0xc0, 0x00, 0xdf, 0xe0, 0x00, 0xff, 0xf0, 0x00, 0x7f, 0xf0, 0x00, 0x7f,
    0xf0, 0x00, 0x7f, 0xf0, 0x00, 0x7f, 0xf8, 0x00, 0x7f, 0xfe, 0x00, 0x3f, 0xff, 0x80, 0x3f, 0xff,
    0xc0, 0x3f, 0xff, 0xe0, 0x3f, 0xff, 0xf0, 0x3f, 0xff, 0xf8, 0x1f, 0xff, 0xf8, 0x1d, 0xff, 0xf8,
    0x03, 0xff, 0xfc, 0x07, 0xff, 0xfc, 0x1f, 0xff, 0xfc, 0x3f, 0xff, 0xfc, 0x7f, 0x1f, 0xfc, 0x7c,
    0x1f, 0xfc, 0x78, 0x1f, 0xf8, 0x30, 0x3f, 0xf8, 0x00, 0x3f, 0xf0, 0x00, 0x3f, 0xe0, 0x00, 0x3f,
    0xe0, 0x00, 0x3f, 0xc0, 0x00, 0x1f, 0xc0, 0x00, 0x0f, 0xc0, 0x00, 0x0f, 0x80, 0x00, 0x1f, 0x80,
    0x03, 0xe0, 0x00, 0x6f, 0xf0, 0x00, 0x7f, 0xf8, 0x00, 0x3f, 0xf8, 0x00, 0x3f, 0xf8, 0x00, 0x3f,
    0xf8, 0x00, 0x3f, 0xf8, 0x00, 0x3f, 0xfe, 0x00, 0x3f, 0xff, 0x80, 0x3f, 0xff, 0xc0, 0x1f, 0xff,
    0xe0, 0x1f, 0xff, 0xf0, 0x1f, 0xff, 0xf0, 0x3f, 0xff, 0xf8, 0x1f, 0xff, 0xf8, 0x1f, 0xff, 0xf8,
    0x1f, 0xff, 0xfc, 0x3f, 0xff, 0xfc, 0x7f, 0xff, 0xfc, 0x7f, 0x1f, 0xfc, 0x78, 0x1f, 0xfc, 0x30,
    0x3f, 0xfc, 0x00, 0x7f, 0xf8, 0x00, 0x7f, 0xf8, 0x00, 0x7f, 0xf0, 0x00, 0xff, 0xf0, 0x00, 0xff,
    0xf0, 0x00, 0xf3, 0xf0, 0x03, 0xe3, 0xf0, 0x01, 0xc1, 0xf8, 0x00, 0x80, 0xf8, 0x00, 0x01, 0xf8,
    0x00, 0x00, 0x00, 0x00, 0x00, 0x00, 0x07, 0xc0, 0x00, 0xdf, 0xe0, 0x00, 0xff, 0xf0, 0x00, 0x7f,
    0xf0, 0x00, 0x7f, 0xf0, 0x00, 0x7f, 0xf0, 0x00, 0x7f, 0xf8, 0x00, 0x7f, 0xff, 0x00, 0x3f, 0xff,
    0xc0, 0x3f, 0xff, 0xe0, 0x3f, 0xff, 0xf0, 0x1f, 0xff, 0xf0, 0x1f, 0xff, 0xf8, 0x01, 0xff, 0xf8,
    0x01, 0xff, 0xf8, 0x07, 0xff, 0xfc, 0x1f, 0xff, 0xfc, 0x3f, 0xff, 0xfc, 0x7f, 0xff, 0xfc, 0x7f,
    0x1f, 0xfc, 0x78, 0x1f, 0xfc, 0x30, 0x3f, 0xf8, 0x00, 0x7f, 0xf8, 0x00, 0x7f, 0xf0, 0x00, 0xff,
    0xf0, 0x00, 0xff, 0xf0, 0x00, 0xfd, 0xf8, 0x00, 0xf9, 0xf8, 0x00, 0xf8, 0xf8, 0x01, 0xf8, 0xf8,
    0x00, 0x00, 0x00, 0x07, 0xc0, 0x00, 0xdf, 0xe0, 0x00, 0xff, 0xf0, 0x00, 0x7f, 0xf0, 0x00, 0x7f,
    0xf0, 0x00, 0x7f, 0xf0, 0x00, 0x7f, 0xf8, 0x00, 0x7f, 0xff, 0x00, 0x3f, 0xff, 0x80, 0x3f, 0xff,
    0xc0, 0x3f, 0xff, 0xe0, 0x3f, 0xff, 0xf0, 0x1f, 0xff, 0xf0, 0x1d, 0xff, 0xf8, 0x01, 0xff, 0xf8,
    0x03, 0xff, 0xf8, 0x07, 0xff, 0xfc, 0x1f, 0xff, 0xfc, 0x3f, 0xff, 0xfc, 0x7f, 0x1f, 0xfc, 0x7c,
    0x1f, 0xfc, 0x78, 0x1f, 0xf8, 0x30, 0x3f, 0xf8, 0x00, 0x3f, 0xf0, 0x00, 0x3f, 0xe0, 0x00, 0x3f,
    0xc0, 0x00, 0x3f, 0xe0, 0x00, 0x1f, 0xe0, 0x00, 0x0f, 0xe0, 0x00, 0x0f, 0xc0, 0x00, 0x1f, 0xc0,
    0x07, 0xc0, 0x00, 0xdf, 0xe0, 0x00, 0xff, 0xf0, 0x00, 0x7f, 0xf0, 0x00, 0x7f, 0xf0, 0x00, 0x7f,
    0xf0, 0x00, 0x7f, 0xf8, 0x00, 0x7f, 0xfe, 0x00, 0x3f, 0xff, 0x80, 0x3f, 0xff, 0xc0, 0x3f, 0xff,
    0xe0, 0x3f, 0xff, 0xf0, 0x1f, 0xff, 0xf0, 0x1d, 0xff, 0xf8, 0x01, 0xff, 0xf8, 0x07, 0xff, 0xf8,
    0x1f, 0xff, 0xfc, 0x3f, 0xff, 0xfc, 0x7f, 0xff, 0xfc, 0x7f, 0x1f, 0xfc, 0x78, 0x1f, 0xfc, 0x30,
    0x3f, 0xfc, 0x00, 0x7f, 0xf8, 0x00, 0xff, 0xf8, 0x00, 0xff, 0xf8, 0x00, 0xff, 0xf0, 0x03, 0xff,
    0xf0, 0x03, 0xf3, 0xf0, 0x03, 0xe3, 0xf0, 0x01, 0xc1, 0xf8, 0x00, 0x00, 0xf8, 0x00, 0x01, 0xf8,
};

/* sTombLordWalkR: 6 masks of 96 bytes */
static const uint8_t s_mask_sTombLordWalkR[576] = {
    0x00, 0x00, 0x00, 0x00, 0x00, 0x00, 0x00, 0x0f, 0x80, 0x00, 0x1f, 0xec, 0x00, 0x3f, 0xfc, 0x00,
    0x3f, 0xf8, 0x00, 0x7f, 0xf8, 0x01, 0xff, 0xf8, 0x07, 0xff, 0xf8, 0x0f, 0xff, 0xf8, 0x1f, 0xff,
    0xf0, 0x3f, 0xff, 0xf0, 0x3f, 0xff, 0xf0, 0x7f, 0xff, 0xf0, 0x7f, 0xff, 0xe0, 0x7f, 0xfe, 0xe0,
    0xff, 0xfe, 0x00, 0xff, 0xff, 0x80, 0xff, 0xff, 0xe0, 0xff, 0xff, 0xf0, 0xff, 0xff, 0xf8, 0xff,
    0xe3, 0xf8, 0xff, 0xf0, 0x78, 0x7f, 0xf8, 0x30, 0x7f, 0xfc, 0x00, 0x3f, 0xfc, 0x00, 0x3f, 0xfe,
    0x00, 0x3f, 0xfe, 0x00, 0x7e, 0x7e, 0x00, 0x7e, 0x3e, 0x00, 0x7c, 0x3e, 0x00, 0x7c, 0x3f, 0x00,
    0x00, 0x00, 0x00, 0x00, 0x0f, 0x80, 0x00, 0x1f, 0xec, 0x00, 0x3f, 0xfc, 0x00, 0x3f, 0xf8, 0x00,
    0x3f, 0xf8, 0x00, 0x3f, 0xf8, 0x00, 0x7f, 0xf8, 0x01, 0xff, 0xf8, 0x07, 0xff, 0xf0, 0x0f, 0xff,
    0xf0, 0x1f, 0xff, 0xf0, 0x3f, 0xff, 0xf0, 0x7f, 0xff, 0xf0, 0x7f, 0xff, 0xe0, 0x7f, 0xfe, 0xe0,
    0xff, 0xff, 0x00, 0xff, 0xff, 0x80, 0xff, 0xff, 0xe0, 0xff, 0xff, 0xf0, 0xff, 0xe3, 0xf8, 0xff,
    0xe0, 0xf8, 0x7f, 0xe0, 0x78, 0x7f, 0xf0, 0x30, 0x3f, 0xf0, 0x00, 0x1f, 0xf0, 0x00, 0x1f, 0xf0,
    0x00, 0x0f, 0xf0, 0x00, 0x0f, 0xe0, 0x00, 0x0f, 0xc0, 0x00, 0x07, 0xc0, 0x00, 0x07, 0xe0, 0x00,
    0x00, 0x1f, 0x00, 0x00, 0x3f, 0xd8, 0x00, 0x7f, 0xf8, 0x00, 0x7f, 0xf0, 0x00, 0x7f, 0xf0, 0x00,
    0x7f, 0xf0, 0x00, 0x7f, 0xf0, 0x01, 0xff, 0xf0, 0x07, 0xff, 0xf0, 0x0f, 0xff, 0xf0, 0x1f, 0xff,
    0xe0, 0x3f, 0xff, 0xe0, 0x3f, 0xff, 0xe0, 0x7f, 0xff, 0xf0, 0x7f, 0xff, 0xe0, 0x7f, 0xff, 0xe0,
    0xff, 0xff, 0xe0, 0xff, 0xff, 0xf0, 0xff, 0xff, 0xf8, 0xff, 0xe3, 0xf8, 0xff, 0xe0, 0x78, 0xff,
    0xf0, 0x30, 0x7f, 0xf8, 0x00, 0x7f, 0xf8, 0x00, 0x3f, 0xf8, 0x00, 0x3f, 0xfc, 0x00, 0x3f, 0xfc,
    0x00, 0x3f, 0x3c, 0x00, 0x3f, 0x1f, 0x00, 0x7e, 0x0e, 0x00, 0x7c, 0x04, 0x00, 0x7e, 0x00, 0x00,
    0x00, 0x00, 0x00, 0x00, 0x00, 0x00, 0x00, 0x0f, 0x80, 0x00, 0x1f, 0xec, 0x00, 0x3f, 0xfc, 0x00,
    0x3f, 0xf8, 0x00, 0x3f, 0xf8, 0x00, 0x3f, 0xf8, 0x00, 0x7f, 0xf8, 0x03, 0xff, 0xf8, 0x0f, 0xff,
    0xf0, 0x1f, 0xff, 0xf0, 0x3f, 0xff, 0xf0, 0x3f, 0xff, 0xe0, 0x7f, 0xff, 0xe0, 0x7f, 0xfe, 0x00,
    0x7f, 0xfe, 0x00, 0xff, 0xff, 0x80, 0xff, 0xff, 0xe0, 0xff, 0xff, 0xf0, 0xff, 0xff, 0xf8, 0xff,
    0xe3, 0xf8, 0xff, 0xe0, 0x78, 0x7f, 0xf0, 0x30, 0x7f, 0xf8, 0x00, 0x3f, 0xf8, 0x00, 0x3f, 0xfc,
    0x00, 0x3f, 0xfc, 0x00, 0x7e, 0xfc, 0x00, 0x7e, 0x7c, 0x00, 0x7c, 0x7c, 0x00, 0x7c, 0x7e, 0x00,
    0x00, 0x00, 0x00, 0x00, 0x0f, 0x80, 0x00, 0x1f, 0xec, 0x00, 0x3f, 0xfc, 0x00, 0x3f, 0xf8, 0x00,
    0x3f, 0xf8, 0x00, 0x3f, 0xf8, 0x00, 0x7f, 0xf8, 0x03, 0xff, 0xf8, 0x07, 0xff, 0xf0, 0x0f, 0xff,
    0xf0, 0x1f, 0xff, 0xf0, 0x3f, 0xff, 0xf0, 0x3f, 0xff, 0xe0, 0x7f, 0xfe, 0xe0, 0x7f, 0xfe, 0x00,
    0x7f, 0xff, 0x00, 0xff, 0xff, 0x80, 0xff, 0xff, 0xe0, 0xff, 0xff, 0xf0, 0xff, 0xe3, 0xf8, 0xff,
    0xe0, 0xf8, 0x7f, 0xe0, 0x78, 0x7f, 0xf0, 0x30, 0x3f, 0xf0, 0x00, 0x1f, 0xf0, 0x00, 0x0f, 0xf0,
    0x00, 0x1f, 0xf0, 0x00, 0x1f, 0xe0, 0x00, 0x1f, 0xc0, 0x00, 0x0f, 0xc0, 0x00, 0x0f, 0xe0, 0x00,
    0x00, 0x0f, 0x80, 0x00, 0x1f, 0xec, 0x00, 0x3f, 0xfc, 0x00, 0x3f, 0xf8, 0x00, 0x3f, 0xf8, 0x00,
    0x3f, 0xf8, 0x00, 0x7f, 0xf8, 0x01, 0xff, 0xf8, 0x07, 0xff, 0xf0, 0x0f, 0xff, 0xf0, 0x1f, 0xff,
    0xf0, 0x3f, 0xff, 0xf0, 0x3f, 0xff, 0xe0, 0x7f, 0xfe, 0xe0, 0x7f, 0xfe, 0x00, 0x7f, 0xff, 0x80,
    0xff, 0xff, 0xe0, 0xff, 0xff, 0xf0, 0xff, 0xff, 0xf8, 0xff, 0xe3, 0xf8, 0xff, 0xe0, 0x78, 0xff,
    0xf0, 0x30, 0x7f, 0xf8, 0x00, 0x7f, 0xfc, 0x00, 0x7f, 0xfc, 0x00, 0x3f, 0xfc, 0x00, 0x3f, 0xff,
    0x00, 0x3f, 0x3f, 0x00, 0x3f, 0x1f, 0x00, 0x7e, 0x0e, 0x00, 0x7c, 0x00, 0x00, 0x7e, 0x00, 0x00,
};

/* sTreasureSil: 1 masks of 8 bytes */
static const uint8_t s_mask_sTreasureSil[8] = {
    0x78, 0xfc, 0xb4, 0xfc, 0x84, 0xfc, 0xfc, 0xfc,
};

/* sTreeTop: 1 masks of 32 bytes */
static const uint8_t s_mask_sTreeTop[32] = {
    0xff, 0xff, 0xff, 0xff, 0xff, 0xff, 0xff, 0xff, 0xff, 0xff, 0xff, 0xff, 0xff, 0xff, 0xff, 0xff,
    0xff, 0xff, 0xff, 0xff, 0xff, 0xff, 0xff, 0xff, 0xff, 0xff, 0xff, 0xff, 0xff, 0xff, 0xff, 0xff,
};

/* sTreeTopDead: 1 masks of 32 bytes */
static const uint8_t s_mask_sTreeTopDead[32] = {
    0xff, 0xff, 0xff, 0xff, 0xff, 0xff, 0xff, 0xff, 0xff, 0xff, 0xff, 0xff, 0xff, 0xff, 0xff, 0xff,
    0xff, 0xff, 0xff, 0xff, 0xff, 0xff, 0xff, 0xff, 0xff, 0xff, 0xff, 0xff, 0xff, 0xff, 0xff, 0xff,
};

/* sTunnelAttackL: 11 masks of 32 bytes */
static const uint8_t s_mask_sTunnelAttackL[352] = {
    0x0f, 0xf0, 0x1f, 0xf8, 0x1f, 0xfc, 0x1f, 0xfc, 0x1f, 0xfc, 0x1f, 0xfc, 0x1f, 0xfc, 0x0f, 0xf8,
    0x0f, 0xf0, 0x1f, 0xf8, 0x3f, 0xf8, 0x3f, 0xf8, 0x1f, 0xf0, 0x0f, 0xe0, 0x0f, 0xe0, 0x0e, 0xe0,
    0x0f, 0xf0, 0x1f, 0xf8, 0x1f, 0xfc, 0x1f, 0xfc, 0x1f, 0xfc, 0x1f, 0xfc, 0x1f, 0xfc, 0x0f, 0xf8,
    0x0f, 0xf0, 0x3f, 0xfc, 0x7f, 0xfe, 0x3f, 0xfe, 0x3f, 0xfc, 0x1f, 0xf0, 0x0e, 0xf0, 0x00, 0x70,
    0x0f, 0xf0, 0x1f, 0xf8, 0x1f, 0xfc, 0x1f, 0xfc, 0x1f, 0xfc, 0x1f, 0xfc, 0x1f, 0xfc, 0x0f, 0xf8,
    0x0f, 0xf0, 0x3f, 0xfc, 0x7f, 0xfe, 0x3f, 0xfe, 0x3f, 0xfc, 0x1f, 0xf0, 0x0e, 0xf0, 0x00, 0x70,
    0x07, 0xf8, 0x0f, 0xfc, 0x0f, 0xfe, 0x0f, 0xfe, 0x0f, 0xfe, 0x0f, 0xfe, 0x0f, 0xfe, 0x07, 0xfc,
    0x07, 0xf8, 0x07, 0xf8, 0x1f, 0xf8, 0x3f, 0xf8, 0x3f, 0xf8, 0x1f, 0xe0, 0x0d, 0xe0, 0x00, 0xe0,
    0x03, 0xfc, 0x07, 0xfe, 0x07, 0xff, 0x07, 0xff, 0x07, 0xff, 0x07, 0xff, 0x07, 0xff, 0x03, 0xff,
    0x03, 0xff, 0x1f, 0xfe, 0x3f, 0xf0, 0x3f, 0xf0, 0x3f, 0xf0, 0x1f, 0xe0, 0x01, 0xe0, 0x00, 0xe0,
    0x07, 0xf8, 0x0f, 0xfc, 0x0f, 0xfe, 0x0f, 0xfe, 0x0f, 0xfe, 0x0f, 0xfe, 0x0f, 0xfe, 0x07, 0xfc,
    0x07, 0xf8, 0x07, 0xf8, 0x1f, 0xf8, 0x3f, 0xf8, 0x3f, 0xf8, 0x1f, 0xe0, 0x0d, 0xe0, 0x00, 0xe0,
    0x1f, 0xe0, 0x3f, 0xf0, 0x3f, 0xf8, 0x3f, 0xf8, 0x3f, 0xf8, 0x3f, 0xf8, 0x3f, 0xf8, 0x5f, 0xf8,
    0xff, 0xfc, 0xff, 0xfc, 0xff, 0xf8, 0x6f, 0xf0, 0x07, 0xfc, 0x07, 0x7c, 0x0f, 0x78, 0x07, 0x70,
    0x1f, 0xe0, 0x3f, 0xf0, 0x3f, 0xf8, 0x3f, 0xf8, 0x3f, 0xf8, 0x3f, 0xf8, 0x3f, 0xf8, 0xff, 0xf8,
    0xff, 0xfc, 0xff, 0xfc, 0xff, 0xf8, 0x07, 0xfc, 0x03, 0xbc, 0x03, 0xbc, 0x07, 0xb8, 0x03, 0x00,
    0x1f, 0xe0, 0x3f, 0xf0, 0x3f, 0xf8, 0x3f, 0xf8, 0x3f, 0xf8, 0x3f, 0xf8, 0x3f, 0xf8, 0xff, 0xf8,
    0xff, 0xfc, 0xff, 0xfc, 0xff, 0xf8, 0x07, 0xfc, 0x03, 0xbc, 0x03, 0xbc, 0x07, 0xb8, 0x03, 0x00,
    0x1f, 0xe0, 0x3f, 0xf0, 0x3f, 0xf8, 0x3f, 0xf8, 0x3f, 0xf8, 0x3f, 0xf8, 0x3f, 0xf8, 0xff, 0xf8,
    0xff, 0xfc, 0xff, 0xfc, 0xff, 0xf8, 0x07, 0xfc, 0x03, 0xbc, 0x03, 0xbc, 0x07, 0xb8, 0x03, 0x00,
    0x1f, 0xe0, 0x3f, 0xf0, 0x3f, 0xf8, 0x3f, 0xf8, 0x3f, 0xf8, 0x3f, 0xf8, 0x3f, 0xf8, 0xff, 0xf8,
    0xff, 0xfc, 0xff, 0xfc, 0xff, 0xf8, 0x07, 0xfc, 0x03, 0xbc, 0x03, 0xbc, 0x07, 0xb8, 0x03, 0x00,
};

/* sTunnelDuckL: 1 masks of 18 bytes */
static const uint8_t s_mask_sTunnelDuckL[18] = {
    0x7f, 0x80, 0xff, 0xc0, 0xff, 0xe0, 0xff, 0xe0, 0xff, 0xe0, 0xff, 0xf0, 0xff, 0xf8, 0xff, 0xfc,
    0xff, 0xfe,
};

/* sUdjatEye: 1 masks of 22 bytes */
static const uint8_t s_mask_sUdjatEye[22] = {
    0x0f, 0x80, 0x7f, 0xfe, 0xff, 0xff, 0xff, 0xff, 0xff, 0xff, 0xff, 0xff, 0xff, 0xfe, 0xff, 0xfc,
    0x7f, 0xf8, 0x3f, 0xe0, 0x1e, 0x00,
};

/* sUdjatEyeIcon: 1 masks of 32 bytes */
static const uint8_t s_mask_sUdjatEyeIcon[32] = {
    0x00, 0x78, 0x00, 0xfc, 0x01, 0xfe, 0x03, 0xfe, 0x07, 0xfe, 0x0f, 0xfe, 0x1f, 0xfe, 0x3f, 0xfe,
    0x7f, 0xfe, 0xff, 0xfe, 0xff, 0xfc, 0xff, 0xfc, 0xff, 0xf8, 0x7f, 0xf8, 0x1f, 0xf0, 0x07, 0xc0,
};

/* sUdjatEyeIcon2: 1 masks of 32 bytes */
static const uint8_t s_mask_sUdjatEyeIcon2[32] = {
    0x00, 0x78, 0x00, 0xfc, 0x01, 0xfe, 0x03, 0xfe, 0x07, 0xfe, 0x0f, 0xfe, 0x1f, 0xfe, 0x3f, 0xfe,
    0x7f, 0xfe, 0xff, 0xfe, 0xff, 0xfc, 0xff, 0xfc, 0xff, 0xf8, 0x7f, 0xf8, 0x1f, 0xf0, 0x07, 0xc0,
};

/* sVolcanoFlame: 5 masks of 6 bytes */
static const uint8_t s_mask_sVolcanoFlame[30] = {
    0x00, 0x30, 0x78, 0x78, 0x30, 0x00,
    0x30, 0x78, 0xf8, 0xf8, 0x70, 0x00,
    0x00, 0x78, 0xf8, 0xf8, 0xf8, 0x70,
    0x00, 0x20, 0x70, 0x78, 0x70, 0x20,
    0x00, 0x70, 0xf8, 0xf8, 0x70, 0x00,
};

/* sWeb: 1 masks of 32 bytes */
static const uint8_t s_mask_sWeb[32] = {
    0x61, 0x0c, 0x3f, 0xf8, 0x1e, 0xf8, 0x3f, 0xec, 0x6b, 0xec, 0x5b, 0x7f, 0xfd, 0xdf, 0xf7, 0x9e,
    0x5a, 0xf4, 0x6b, 0xf4, 0x2b, 0xd6, 0x2e, 0x5a, 0x3f, 0x7e, 0x1f, 0xfe, 0x3f, 0xff, 0x63, 0xe1,
};

/* sWebBall: 1 masks of 18 bytes */
static const uint8_t s_mask_sWebBall[18] = {
    0x3e, 0x00, 0x7f, 0x00, 0xff, 0x80, 0xff, 0x80, 0xff, 0x80, 0xff, 0x80, 0xff, 0x80, 0x7f, 0x00,
    0x3e, 0x00,
};

/* sWebCannonL: 1 masks of 14 bytes */
static const uint8_t s_mask_sWebCannonL[14] = {
    0x67, 0xd0, 0xff, 0xf8, 0xff, 0xf8, 0xff, 0xf0, 0xff, 0xf8, 0x67, 0xf8, 0x00, 0x38,
};

/* sWebCannonR: 1 masks of 14 bytes */
static const uint8_t s_mask_sWebCannonR[14] = {
    0x5f, 0x30, 0xff, 0xf8, 0xff, 0xf8, 0x7f, 0xf8, 0xff, 0xf8, 0xff, 0x30, 0xe0, 0x00,
};

/* sWebCannonTile: 1 masks of 14 bytes */
static const uint8_t s_mask_sWebCannonTile[14] = {
    0x5f, 0x30, 0xff, 0xf8, 0xff, 0xf8, 0x7f, 0xf8, 0xff, 0xf8, 0xff, 0x30, 0xe0, 0x00,
};

/* sWebCreate: 5 masks of 32 bytes */
static const uint8_t s_mask_sWebCreate[160] = {
    0x00, 0x00, 0x00, 0x00, 0x00, 0x00, 0x07, 0xc0, 0x0f, 0xe0, 0x1f, 0xf0, 0x1f, 0xf0, 0x1f, 0xf0,
    0x1f, 0xf0, 0x1f, 0xf0, 0x0f, 0xe0, 0x07, 0xc0, 0x00, 0x00, 0x00, 0x00, 0x00, 0x00, 0x00, 0x00,
    0x00, 0x00, 0x00, 0x00, 0x21, 0x00, 0x3f, 0xe0, 0x1f, 0xe0, 0x1f, 0xfc, 0x1f, 0xfc, 0x3f, 0xf0,
    0x7f, 0xf0, 0x7f, 0xf0, 0x1f, 0xf0, 0x3f, 0xf0, 0x23, 0x10, 0x02, 0x00, 0x00, 0x00, 0x00, 0x00,
    0x00, 0x00, 0x00, 0x10, 0x42, 0x30, 0x73, 0x60, 0x7f, 0xe0, 0x3f, 0xf0, 0x3f, 0xff, 0x7f, 0xff,
    0x7f, 0xfc, 0x7f, 0xf8, 0x3f, 0xf0, 0x3f, 0xf8, 0x7f, 0xf8, 0x73, 0x0c, 0x42, 0x04, 0x02, 0x00,
    0xc2, 0x0c, 0xe2, 0x18, 0x77, 0x70, 0x7f, 0xe0, 0x7f, 0xe0, 0x3f, 0xff, 0x3f, 0xff, 0xff, 0xff,
    0xff, 0xfc, 0x7f, 0xf8, 0x3f, 0xf0, 0x3f, 0xf8, 0x3f, 0xf8, 0x37, 0x4c, 0x67, 0x66, 0x46, 0x63,
    0x61, 0x0c, 0x3f, 0xf8, 0x1e, 0xf8, 0x3f, 0xec, 0x6b, 0xec, 0x5b, 0x7f, 0xfd, 0xdf, 0xf7, 0x9e,
    0x5a, 0xf4, 0x6b, 0xf4, 0x2b, 0xd6, 0x2e, 0x5a, 0x3f, 0x7e, 0x1f, 0xfe, 0x3f, 0xff, 0x63, 0xe1,
};

/* sWebTile: 1 masks of 32 bytes */
static const uint8_t s_mask_sWebTile[32] = {
    0xff, 0xff, 0xff, 0xff, 0xff, 0xff, 0xff, 0xff, 0xff, 0xff, 0xff, 0xff, 0xff, 0xff, 0xff, 0xff,
    0xff, 0xff, 0xff, 0xff, 0xff, 0xff, 0xff, 0xff, 0xff, 0xff, 0xff, 0xff, 0xff, 0xff, 0xff, 0xff,
};

/* sWhipLeft: 1 masks of 10 bytes */
static const uint8_t s_mask_sWhipLeft[10] = {
    0x40, 0x00, 0xf0, 0x78, 0xff, 0xf8, 0x7f, 0xf8, 0x0f, 0x80,
};

/* sWhipPreL: 1 masks of 24 bytes */
static const uint8_t s_mask_sWhipPreL[24] = {
    0x0e, 0x00, 0x1f, 0x00, 0x3f, 0x80, 0x71, 0xc0, 0xe7, 0xc0, 0xef, 0x80, 0xdf, 0x00, 0xb8, 0x00,
    0x3a, 0x00, 0x1f, 0x00, 0x0f, 0x00, 0x06, 0x00,
};

/* sWhipPreR: 1 masks of 24 bytes */
static const uint8_t s_mask_sWhipPreR[24] = {
    0x1c, 0x00, 0x3e, 0x00, 0x7f, 0x00, 0xe3, 0x80, 0xf9, 0xc0, 0x7d, 0xc0, 0x3e, 0xc0, 0x07, 0x40,
    0x17, 0x00, 0x3e, 0x00, 0x3c, 0x00, 0x18, 0x00,
};

/* sWhipRight: 1 masks of 10 bytes */
static const uint8_t s_mask_sWhipRight[10] = {
    0x00, 0x10, 0xf0, 0x78, 0xff, 0xf8, 0xff, 0xf0, 0x0f, 0x80,
};

/* sYellHelp: 1 masks of 32 bytes */
static const uint8_t s_mask_sYellHelp[32] = {
    0x3f, 0xfc, 0x7f, 0xfe, 0xff, 0xff, 0xff, 0xff, 0xff, 0xff, 0xff, 0xff, 0xff, 0xff, 0xff, 0xff,
    0xff, 0xff, 0xff, 0xff, 0xff, 0xff, 0x7f, 0xfe, 0x3f, 0xfc, 0x01, 0xc0, 0x01, 0xc0, 0x00, 0x80,
};

/* sYellowBall: 2 masks of 28 bytes */
static const uint8_t s_mask_sYellowBall[56] = {
    0x00, 0x00, 0x0f, 0xc0, 0x1f, 0xe0, 0x3f, 0xf0, 0x7f, 0xf8, 0x7f, 0xf8, 0x7f, 0xf8, 0x7f, 0xf8,
    0x7f, 0xf8, 0x7f, 0xf8, 0x3f, 0xf0, 0x1f, 0xe0, 0x0f, 0xc0, 0x00, 0x00,
    0x07, 0x80, 0x1f, 0xe0, 0x3f, 0xf0, 0x7f, 0xf8, 0x7f, 0xf8, 0xff, 0xfc, 0xff, 0xfc, 0xff, 0xfc,
    0xff, 0xfc, 0x7f, 0xf8, 0x7f, 0xf8, 0x3f, 0xf0, 0x1f, 0xe0, 0x07, 0x80,
};

/* sYellowTrail: 12 masks of 28 bytes */
static const uint8_t s_mask_sYellowTrail[336] = {
    0x07, 0x80, 0x1f, 0xe0, 0x3f, 0xf0, 0x7f, 0xf8, 0x7f, 0xf8, 0xff, 0xfc, 0xff, 0xfc, 0xff, 0xfc,
    0xff, 0xfc, 0x7f, 0xf8, 0x7f, 0xf8, 0x3f, 0xf0, 0x1f, 0xe0, 0x07, 0x80,
    0x00, 0x00, 0x0f, 0xc0, 0x1f, 0xe0, 0x3f, 0xf0, 0x7f, 0xf8, 0x7f, 0xf8, 0x7f, 0xf8, 0x7f, 0xf8,
    0x7f, 0xf8, 0x7f, 0xf8, 0x3f, 0xf0, 0x1f, 0xe0, 0x0f, 0xc0, 0x00, 0x00,
    0x00, 0x00, 0x00, 0x00, 0x0f, 0xc0, 0x1f, 0xe0, 0x3f, 0xf0, 0x3f, 0xf0, 0x3f, 0xf0, 0x3f, 0xf0,
    0x3f, 0xf0, 0x3f, 0xf0, 0x1f, 0xe0, 0x0f, 0xc0, 0x00, 0x00, 0x00, 0x00,
    0x00, 0x00, 0x00, 0x00, 0x00, 0x00, 0x0f, 0xc0, 0x1f, 0xe0, 0x1f, 0xe0, 0x1f, 0xe0, 0x1f, 0xe0,
    0x1f, 0xe0, 0x1f, 0xe0, 0x0f, 0xc0, 0x00, 0x00, 0x00, 0x00, 0x00, 0x00,
    0x00, 0x00, 0x00, 0x00, 0x00, 0x00, 0x03, 0x00, 0x07, 0x80, 0x0f, 0xc0, 0x1f, 0xe0, 0x1f, 0xe0,
    0x0f, 0xc0, 0x07, 0x80, 0x03, 0x00, 0x00, 0x00, 0x00, 0x00, 0x00, 0x00,
    0x00, 0x00, 0x00, 0x00, 0x00, 0x00, 0x03, 0x00, 0x07, 0x80, 0x07, 0x80, 0x07, 0x80, 0x07, 0x80,
    0x07, 0x80, 0x07, 0x80, 0x03, 0x00, 0x00, 0x00, 0x00, 0x00, 0x00, 0x00,
    0x00, 0x00, 0x00, 0x00, 0x00, 0x00, 0x10, 0x00, 0x1c, 0x00, 0x0e, 0x00, 0x07, 0x00, 0x03, 0x80,
    0x01, 0xc0, 0x00, 0xe0, 0x00, 0x20, 0x00, 0x00, 0x00, 0x00, 0x00, 0x00,
    0x00, 0x00, 0x00, 0x00, 0x00, 0x00, 0x00, 0x00, 0x00, 0x00, 0x00, 0x00, 0x1f, 0xe0, 0x1f, 0xe0,
    0x00, 0x00, 0x00, 0x00, 0x00, 0x00, 0x00, 0x00, 0x00, 0x00, 0x00, 0x00,
    0x00, 0x00, 0x00, 0x00, 0x00, 0x00, 0x00, 0x00, 0x00, 0x00, 0x01, 0x80, 0x03, 0x80, 0x07, 0x00,
    0x06, 0x00, 0x00, 0x00, 0x00, 0x00, 0x00, 0x00, 0x00, 0x00, 0x00, 0x00,
    0x00, 0x00, 0x00, 0x00, 0x00, 0x00, 0x00, 0x00, 0x00, 0x00, 0x03, 0x00, 0x03, 0x00, 0x03, 0x00,
    0x03, 0x00, 0x00, 0x00, 0x00, 0x00, 0x00, 0x00, 0x00, 0x00, 0x00, 0x00,
    0x00, 0x00, 0x00, 0x00, 0x00, 0x00, 0x00, 0x00, 0x00, 0x00, 0x06, 0x00, 0x03, 0x00, 0x01, 0x80,
    0x00, 0x80, 0x00, 0x00, 0x00, 0x00, 0x00, 0x00, 0x00, 0x00, 0x00, 0x00,
    0x00, 0x00, 0x00, 0x00, 0x00, 0x00, 0x00, 0x00, 0x00, 0x00, 0x00, 0x00, 0x03, 0x00, 0x00, 0x00,
    0x00, 0x00, 0x00, 0x00, 0x00, 0x00, 0x00, 0x00, 0x00, 0x00, 0x00, 0x00,
};

const gm_sprite_def_t g_gml_sprite_defs[860] = {
    [SPR_backgroundClouds] = { "backgroundClouds", 32, 32, 0, 0, 0, 0, 31, 31, GM_COLCHECK_AABB, 1, 0, NULL },
    [SPR_backgroundNight] = { "backgroundNight", 32, 32, 0, 0, 0, 0, 31, 31, GM_COLCHECK_AABB, 1, 0, NULL },
    [SPR_bgAlienShip] = { "bgAlienShip", 64, 64, 0, 0, 0, 0, 63, 63, GM_COLCHECK_AABB, 1, 0, NULL },
    [SPR_bgAlienShip2] = { "bgAlienShip2", 32, 48, 0, 0, 0, 0, 31, 47, GM_COLCHECK_AABB, 1, 0, NULL },
    [SPR_bgAlienShip3] = { "bgAlienShip3", 16, 16, 0, 0, 0, 0, 15, 15, GM_COLCHECK_AABB, 1, 0, NULL },
    [SPR_bGameMakerIntroBack] = { "bGameMakerIntroBack", 960, 720, 0, 0, 0, 0, 0, 0, GM_COLCHECK_AABB, 1, 0, NULL },
    [SPR_bgCave] = { "bgCave", 64, 64, 0, 0, 0, 0, 63, 63, GM_COLCHECK_AABB, 1, 0, NULL },
    [SPR_bgCaveTop] = { "bgCaveTop", 32, 65, 0, 0, 0, 11, 31, 63, GM_COLCHECK_AABB, 1, 0, NULL },
    [SPR_bgCaveTop2] = { "bgCaveTop2", 80, 17, 0, 0, 0, 0, 73, 15, GM_COLCHECK_AABB, 1, 0, NULL },
    [SPR_bgCaveTop2_2] = { "bgCaveTop2_2", 16, 16, 0, 0, 0, 0, 15, 9, GM_COLCHECK_AABB, 1, 0, NULL },
    [SPR_bgCaveTop3] = { "bgCaveTop3", 32, 17, 0, 0, 0, 11, 31, 15, GM_COLCHECK_AABB, 1, 0, NULL },
    [SPR_bgCaveTop4] = { "bgCaveTop4", 32, 17, 0, 0, 0, 13, 31, 15, GM_COLCHECK_AABB, 1, 0, NULL },
    [SPR_bgClouds] = { "bgClouds", 480, 200, 0, 0, 0, 0, 479, 199, GM_COLCHECK_AABB, 1, 0, NULL },
    [SPR_bgDiceSign] = { "bgDiceSign", 48, 32, 0, 0, 0, 0, 47, 31, GM_COLCHECK_AABB, 1, 0, NULL },
    [SPR_bgExtras] = { "bgExtras", 64, 32, 0, 0, 0, 0, 63, 30, GM_COLCHECK_AABB, 1, 0, NULL },
    [SPR_bgExtrasIce] = { "bgExtrasIce", 64, 48, 0, 0, 2, 0, 63, 35, GM_COLCHECK_AABB, 1, 0, NULL },
    [SPR_bgExtrasLush] = { "bgExtrasLush", 64, 48, 0, 0, 0, 2, 62, 30, GM_COLCHECK_AABB, 1, 0, NULL },
    [SPR_bgExtrasTemple] = { "bgExtrasTemple", 64, 48, 0, 0, 1, 0, 63, 31, GM_COLCHECK_AABB, 1, 0, NULL },
    [SPR_bgHmm] = { "bgHmm", 32, 32, 0, 0, 1, 6, 30, 31, GM_COLCHECK_AABB, 1, 0, NULL },
    [SPR_bgKaliBody] = { "bgKaliBody", 64, 64, 0, 0, 0, 0, 63, 63, GM_COLCHECK_AABB, 1, 0, NULL },
    [SPR_bgKaliHeads] = { "bgKaliHeads", 96, 32, 0, 0, 0, 0, 95, 31, GM_COLCHECK_AABB, 1, 0, NULL },
    [SPR_bgLadyXoc] = { "bgLadyXoc", 80, 96, 0, 0, 0, 0, 79, 95, GM_COLCHECK_AABB, 1, 0, NULL },
    [SPR_bgSky] = { "bgSky", 96, 32, 0, 0, 0, 0, 95, 31, GM_COLCHECK_AABB, 1, 0, NULL },
    [SPR_bgStatues] = { "bgStatues", 16, 48, 0, 0, 0, 1, 15, 35, GM_COLCHECK_AABB, 1, 0, NULL },
    [SPR_bgTemp] = { "bgTemp", 32, 32, 0, 0, 0, 0, 31, 31, GM_COLCHECK_AABB, 1, 0, NULL },
    [SPR_bgTemple] = { "bgTemple", 32, 32, 0, 0, 0, 0, 31, 31, GM_COLCHECK_AABB, 1, 0, NULL },
    [SPR_bgTiki] = { "bgTiki", 32, 64, 0, 0, 0, 0, 31, 63, GM_COLCHECK_AABB, 1, 0, NULL },
    [SPR_bgTikiArms] = { "bgTikiArms", 48, 32, 0, 0, 0, 0, 47, 31, GM_COLCHECK_AABB, 1, 0, NULL },
    [SPR_bgTitle] = { "bgTitle", 80, 20, 0, 0, 0, 0, 79, 19, GM_COLCHECK_AABB, 1, 0, NULL },
    [SPR_bgTrees] = { "bgTrees", 16, 48, 0, 0, 0, 0, 15, 46, GM_COLCHECK_AABB, 1, 0, NULL },
    [SPR_bgWanted] = { "bgWanted", 96, 32, 0, 0, 0, 0, 95, 31, GM_COLCHECK_AABB, 1, 0, NULL },
    [SPR_s_0] = { "s_0", 221, 28, 0, 0, 1, 1, 219, 26, GM_COLCHECK_AABB, 10, 0, NULL },
    [SPR_s_1] = { "s_1", 170, 108, 0, 0, 1, 1, 168, 106, GM_COLCHECK_AABB, 1, 0, NULL },
    [SPR_sAlien] = { "sAlien", 16, 16, 0, 0, 1, 5, 14, 15, GM_COLCHECK_AABB, 4, 0, NULL },
    [SPR_sAlienBoss] = { "sAlienBoss", 32, 32, 0, 0, 1, 1, 31, 31, GM_COLCHECK_AABB, 4, 0, NULL },
    [SPR_sAlienBossDead] = { "sAlienBossDead", 32, 32, 0, 0, 1, 22, 31, 31, GM_COLCHECK_PRECISE, 1, 1, s_mask_sAlienBossDead },
    [SPR_sAlienBossDie] = { "sAlienBossDie", 32, 32, 0, 0, 1, 1, 31, 31, GM_COLCHECK_PRECISE, 9, 9, s_mask_sAlienBossDie },
    [SPR_sAlienBossDisp] = { "sAlienBossDisp", 32, 32, 8, 8, 1, 1, 31, 31, GM_COLCHECK_AABB, 1, 0, NULL },
    [SPR_sAlienBossHurt] = { "sAlienBossHurt", 32, 32, 0, 0, 1, 1, 31, 31, GM_COLCHECK_AABB, 5, 0, NULL },
    [SPR_sAlienBossTile] = { "sAlienBossTile", 32, 32, 0, 0, 1, 1, 31, 31, GM_COLCHECK_AABB, 1, 0, NULL },
    [SPR_sAlienDeploy] = { "sAlienDeploy", 16, 24, 8, 12, 3, 0, 12, 18, GM_COLCHECK_AABB, 6, 0, NULL },
    [SPR_sAlienEject] = { "sAlienEject", 16, 24, 8, 12, 3, 8, 12, 18, GM_COLCHECK_AABB, 1, 0, NULL },
    [SPR_sAlienFloor] = { "sAlienFloor", 16, 16, 0, 0, 0, 0, 15, 15, GM_COLCHECK_AABB, 1, 0, NULL },
    [SPR_sAlienFront] = { "sAlienFront", 16, 16, 0, 0, 0, 0, 15, 15, GM_COLCHECK_AABB, 1, 0, NULL },
    [SPR_sAlienFront2] = { "sAlienFront2", 16, 16, 0, 0, 0, 0, 15, 15, GM_COLCHECK_AABB, 1, 0, NULL },
    [SPR_sAlienFront3] = { "sAlienFront3", 16, 16, 0, 0, 0, 0, 15, 15, GM_COLCHECK_AABB, 1, 0, NULL },
    [SPR_sAlienParachute] = { "sAlienParachute", 16, 24, 8, 12, 3, 0, 12, 16, GM_COLCHECK_AABB, 1, 0, NULL },
    [SPR_sAlienTop] = { "sAlienTop", 16, 16, 0, 0, 0, 0, 15, 15, GM_COLCHECK_AABB, 1, 0, NULL },
    [SPR_sAltarLeft] = { "sAltarLeft", 16, 16, 0, 0, 0, 0, 15, 15, GM_COLCHECK_AABB, 1, 0, NULL },
    [SPR_sAltarRight] = { "sAltarRight", 16, 16, 0, 0, 0, 0, 15, 15, GM_COLCHECK_AABB, 1, 0, NULL },
    [SPR_sAnkh] = { "sAnkh", 16, 16, 8, 8, 1, 1, 14, 15, GM_COLCHECK_PRECISE, 1, 1, s_mask_sAnkh },
    [SPR_sAnkhIcon] = { "sAnkhIcon", 16, 16, 0, 0, 1, 0, 13, 15, GM_COLCHECK_PRECISE, 1, 1, s_mask_sAnkhIcon },
    [SPR_sArrowIcon] = { "sArrowIcon", 16, 16, 0, 0, 1, 0, 12, 15, GM_COLCHECK_PRECISE, 1, 1, s_mask_sArrowIcon },
    [SPR_sArrowLeft] = { "sArrowLeft", 8, 8, 4, 4, 0, 3, 7, 7, GM_COLCHECK_PRECISE, 1, 1, s_mask_sArrowLeft },
    [SPR_sArrowRight] = { "sArrowRight", 8, 8, 4, 4, 0, 3, 7, 7, GM_COLCHECK_PRECISE, 1, 1, s_mask_sArrowRight },
    [SPR_sArrowTrapLeft] = { "sArrowTrapLeft", 16, 16, 0, 0, 0, 0, 15, 15, GM_COLCHECK_AABB, 1, 0, NULL },
    [SPR_sArrowTrapLeftLit] = { "sArrowTrapLeftLit", 16, 16, 0, 0, 0, 0, 15, 15, GM_COLCHECK_AABB, 5, 0, NULL },
    [SPR_sArrowTrapRight] = { "sArrowTrapRight", 16, 16, 0, 0, 0, 0, 15, 15, GM_COLCHECK_AABB, 1, 0, NULL },
    [SPR_sArrowTrapRightLit] = { "sArrowTrapRightLit", 16, 16, 0, 0, 0, 0, 15, 15, GM_COLCHECK_AABB, 5, 0, NULL },
    [SPR_sAttackLeft] = { "sAttackLeft", 16, 16, 8, 8, 0, 0, 15, 15, GM_COLCHECK_AABB, 11, 0, NULL },
    [SPR_sBall] = { "sBall", 16, 16, 8, 10, 3, 6, 12, 15, GM_COLCHECK_PRECISE, 1, 1, s_mask_sBall },
    [SPR_sBarrier] = { "sBarrier", 16, 48, 0, 0, 2, 0, 12, 47, GM_COLCHECK_PRECISE, 3, 3, s_mask_sBarrier },
    [SPR_sBarrierEmitter] = { "sBarrierEmitter", 16, 16, 0, 0, 0, 0, 15, 15, GM_COLCHECK_PRECISE, 11, 11, s_mask_sBarrierEmitter },
    [SPR_sBasket] = { "sBasket", 16, 16, 0, 0, 0, 0, 15, 15, GM_COLCHECK_PRECISE, 1, 1, s_mask_sBasket },
    [SPR_sBasketball] = { "sBasketball", 8, 8, 4, 4, 0, 0, 7, 7, GM_COLCHECK_PRECISE, 1, 1, s_mask_sBasketball },
    [SPR_sBasketSwoosh] = { "sBasketSwoosh", 16, 16, 0, 0, 0, 0, 15, 15, GM_COLCHECK_PRECISE, 6, 6, s_mask_sBasketSwoosh },
    [SPR_sBatHang] = { "sBatHang", 16, 16, 0, 0, 3, 0, 13, 11, GM_COLCHECK_AABB, 1, 0, NULL },
    [SPR_sBatLeft] = { "sBatLeft", 16, 16, 0, 0, 0, 3, 15, 13, GM_COLCHECK_AABB, 3, 0, NULL },
    [SPR_sBatRight] = { "sBatRight", 16, 16, 0, 0, 0, 3, 15, 13, GM_COLCHECK_AABB, 3, 0, NULL },
    [SPR_sBell] = { "sBell", 8, 8, 0, 0, 0, 0, 7, 7, GM_COLCHECK_AABB, 1, 0, NULL },
    [SPR_sBGEnd3] = { "sBGEnd3", 480, 112, 0, 0, 0, 3, 479, 111, GM_COLCHECK_PRECISE, 1, 1, s_mask_sBGEnd3 },
    [SPR_sBigChest] = { "sBigChest", 48, 48, 0, 0, 1, 17, 46, 47, GM_COLCHECK_PRECISE, 1, 1, s_mask_sBigChest },
    [SPR_sBigChestOpen] = { "sBigChestOpen", 64, 48, 0, 0, 1, 11, 62, 47, GM_COLCHECK_PRECISE, 1, 1, s_mask_sBigChestOpen },
    [SPR_sBigCollect] = { "sBigCollect", 16, 16, 8, 8, 4, 0, 11, 15, GM_COLCHECK_PRECISE, 1, 1, s_mask_sBigCollect },
    [SPR_sBigTreasure] = { "sBigTreasure", 32, 32, 0, 0, 3, 2, 28, 31, GM_COLCHECK_PRECISE, 1, 1, s_mask_sBigTreasure },
    [SPR_sBlack] = { "sBlack", 16, 16, 0, 0, 0, 0, 15, 15, GM_COLCHECK_PRECISE, 1, 1, s_mask_sBlack },
    [SPR_sBlackFadeUp] = { "sBlackFadeUp", 16, 17, 0, 0, 0, 8, 15, 15, GM_COLCHECK_PRECISE, 1, 1, s_mask_sBlackFadeUp },
    [SPR_sBlock] = { "sBlock", 16, 16, 0, 0, 0, 0, 15, 15, GM_COLCHECK_AABB, 1, 0, NULL },
    [SPR_sBlood] = { "sBlood", 8, 8, 4, 4, 1, 1, 6, 5, GM_COLCHECK_PRECISE, 3, 3, s_mask_sBlood },
    [SPR_sBloodSpark] = { "sBloodSpark", 8, 8, 4, 4, 0, 0, 7, 7, GM_COLCHECK_PRECISE, 9, 9, s_mask_sBloodSpark },
    [SPR_sBloodTrail] = { "sBloodTrail", 8, 8, 4, 4, 0, 1, 6, 5, GM_COLCHECK_PRECISE, 7, 7, s_mask_sBloodTrail },
    [SPR_sBomb] = { "sBomb", 8, 8, 4, 4, 1, 1, 7, 7, GM_COLCHECK_PRECISE, 1, 1, s_mask_sBomb },
    [SPR_sBombArmed] = { "sBombArmed", 8, 8, 4, 4, 1, 1, 7, 7, GM_COLCHECK_PRECISE, 2, 2, s_mask_sBombArmed },
    [SPR_sBombArrowLeft] = { "sBombArrowLeft", 16, 16, 8, 8, 0, 5, 11, 11, GM_COLCHECK_PRECISE, 2, 2, s_mask_sBombArrowLeft },
    [SPR_sBombArrowRight] = { "sBombArrowRight", 16, 16, 8, 8, 4, 5, 15, 11, GM_COLCHECK_PRECISE, 2, 2, s_mask_sBombArrowRight },
    [SPR_sBombBag] = { "sBombBag", 16, 12, 8, 6, 2, 0, 13, 11, GM_COLCHECK_PRECISE, 1, 1, s_mask_sBombBag },
    [SPR_sBombBagTile] = { "sBombBagTile", 16, 16, 0, 0, 2, 4, 13, 15, GM_COLCHECK_PRECISE, 1, 1, s_mask_sBombBagTile },
    [SPR_sBombBox] = { "sBombBox", 16, 16, 8, 8, 1, 5, 14, 15, GM_COLCHECK_PRECISE, 1, 1, s_mask_sBombBox },
    [SPR_sBombBoxTile] = { "sBombBoxTile", 16, 16, 0, 0, 1, 5, 14, 15, GM_COLCHECK_PRECISE, 1, 1, s_mask_sBombBoxTile },
    [SPR_sBombIcon] = { "sBombIcon", 16, 16, 0, 0, 1, 1, 14, 14, GM_COLCHECK_PRECISE, 1, 1, s_mask_sBombIcon },
    [SPR_sBombPasteTile] = { "sBombPasteTile", 16, 16, 0, 0, 2, 4, 13, 15, GM_COLCHECK_PRECISE, 1, 1, s_mask_sBombPasteTile },
    [SPR_sBombsGet] = { "sBombsGet", 24, 16, 4, 0, 0, 3, 23, 12, GM_COLCHECK_PRECISE, 2, 2, s_mask_sBombsGet },
    [SPR_sBone] = { "sBone", 8, 8, 4, 4, 0, 0, 7, 7, GM_COLCHECK_PRECISE, 8, 8, s_mask_sBone },
    [SPR_sBonesLeft] = { "sBonesLeft", 16, 16, 0, 0, 1, 11, 15, 15, GM_COLCHECK_AABB, 1, 0, NULL },
    [SPR_sBoulder] = { "sBoulder", 32, 32, 16, 16, 0, 0, 31, 31, GM_COLCHECK_AABB, 1, 0, NULL },
    [SPR_sBoulderRotateL] = { "sBoulderRotateL", 32, 32, 16, 16, 0, 0, 31, 31, GM_COLCHECK_PRECISE, 4, 4, s_mask_sBoulderRotateL },
    [SPR_sBoulderRotateR] = { "sBoulderRotateR", 32, 32, 16, 16, 0, 0, 31, 31, GM_COLCHECK_PRECISE, 4, 4, s_mask_sBoulderRotateR },
    [SPR_sBowDisp] = { "sBowDisp", 16, 16, 8, 8, 4, 2, 10, 12, GM_COLCHECK_PRECISE, 1, 1, s_mask_sBowDisp },
    [SPR_sBowLeft] = { "sBowLeft", 16, 16, 8, 8, 3, 2, 14, 12, GM_COLCHECK_PRECISE, 4, 4, s_mask_sBowLeft },
    [SPR_sBowRight] = { "sBowRight", 16, 16, 8, 8, 1, 2, 12, 12, GM_COLCHECK_PRECISE, 4, 4, s_mask_sBowRight },
    [SPR_sBowTile] = { "sBowTile", 16, 16, 0, 0, 6, 5, 12, 15, GM_COLCHECK_PRECISE, 1, 1, s_mask_sBowTile },
    [SPR_sBox] = { "sBox", 8, 8, 0, 0, 0, 0, 7, 7, GM_COLCHECK_AABB, 1, 0, NULL },
    [SPR_sBoxChecked] = { "sBoxChecked", 8, 8, 0, 0, 0, 0, 7, 7, GM_COLCHECK_AABB, 1, 0, NULL },
    [SPR_sBoxMarked] = { "sBoxMarked", 8, 8, 0, 0, 0, 0, 7, 7, GM_COLCHECK_AABB, 1, 0, NULL },
    [SPR_sBrick] = { "sBrick", 16, 16, 0, 0, 0, 0, 15, 15, GM_COLCHECK_AABB, 1, 0, NULL },
    [SPR_sBrick2] = { "sBrick2", 16, 16, 0, 0, 0, 0, 15, 15, GM_COLCHECK_AABB, 1, 0, NULL },
    [SPR_sBrickDown] = { "sBrickDown", 16, 16, 0, 0, 0, 0, 15, 15, GM_COLCHECK_AABB, 1, 0, NULL },
    [SPR_sBrickGold] = { "sBrickGold", 16, 16, 0, 0, 0, 0, 15, 15, GM_COLCHECK_AABB, 1, 0, NULL },
    [SPR_sBrickGoldBig] = { "sBrickGoldBig", 16, 16, 0, 0, 0, 0, 15, 15, GM_COLCHECK_AABB, 1, 0, NULL },
    [SPR_sBronzeTrophy] = { "sBronzeTrophy", 16, 16, 0, 0, 4, 4, 11, 15, GM_COLCHECK_PRECISE, 1, 1, s_mask_sBronzeTrophy },
    [SPR_sBubble] = { "sBubble", 8, 8, 4, 4, 0, 1, 7, 6, GM_COLCHECK_PRECISE, 9, 9, s_mask_sBubble },
    [SPR_sBullet] = { "sBullet", 8, 8, 4, 0, 2, 2, 5, 5, GM_COLCHECK_PRECISE, 1, 1, s_mask_sBullet },
    [SPR_sBurn] = { "sBurn", 8, 16, 4, 4, 0, 1, 7, 14, GM_COLCHECK_PRECISE, 9, 9, s_mask_sBurn },
    [SPR_sButton] = { "sButton", 16, 16, 0, 0, 2, 11, 13, 15, GM_COLCHECK_AABB, 1, 0, NULL },
    [SPR_sButtonPushed] = { "sButtonPushed", 16, 16, 0, 0, 2, 13, 13, 15, GM_COLCHECK_AABB, 1, 0, NULL },
    [SPR_sCamel] = { "sCamel", 48, 48, 0, 0, 0, 1, 47, 47, GM_COLCHECK_PRECISE, 6, 6, s_mask_sCamel },
    [SPR_sCamelDamsel] = { "sCamelDamsel", 48, 48, 0, 0, 0, 1, 47, 47, GM_COLCHECK_PRECISE, 6, 6, s_mask_sCamelDamsel },
    [SPR_sCamelTunnel] = { "sCamelTunnel", 48, 48, 0, 0, 0, 1, 47, 47, GM_COLCHECK_PRECISE, 6, 6, s_mask_sCamelTunnel },
    [SPR_sCape] = { "sCape", 16, 16, 8, 8, 1, 1, 14, 15, GM_COLCHECK_PRECISE, 1, 1, s_mask_sCape },
    [SPR_sCapeBack] = { "sCapeBack", 16, 16, 8, 8, 2, 3, 13, 15, GM_COLCHECK_PRECISE, 1, 1, s_mask_sCapeBack },
    [SPR_sCapeDL] = { "sCapeDL", 16, 16, 8, 6, 3, 3, 13, 15, GM_COLCHECK_PRECISE, 1, 1, s_mask_sCapeDL },
    [SPR_sCapeDR] = { "sCapeDR", 16, 16, 8, 6, 2, 3, 12, 15, GM_COLCHECK_PRECISE, 1, 1, s_mask_sCapeDR },
    [SPR_sCapeIcon] = { "sCapeIcon", 16, 16, 0, 0, 1, 0, 15, 15, GM_COLCHECK_PRECISE, 1, 1, s_mask_sCapeIcon },
    [SPR_sCapeLeft] = { "sCapeLeft", 16, 16, 8, 8, 1, 3, 14, 12, GM_COLCHECK_PRECISE, 5, 5, s_mask_sCapeLeft },
    [SPR_sCapeRight] = { "sCapeRight", 16, 16, 8, 8, 1, 3, 14, 12, GM_COLCHECK_PRECISE, 5, 5, s_mask_sCapeRight },
    [SPR_sCapeTile] = { "sCapeTile", 16, 16, 0, 0, 1, 1, 14, 15, GM_COLCHECK_PRECISE, 1, 1, s_mask_sCapeTile },
    [SPR_sCapeUL] = { "sCapeUL", 16, 16, 8, 16, 2, 0, 15, 14, GM_COLCHECK_PRECISE, 2, 2, s_mask_sCapeUL },
    [SPR_sCapeUR] = { "sCapeUR", 16, 16, 8, 16, 0, 0, 13, 14, GM_COLCHECK_PRECISE, 2, 2, s_mask_sCapeUR },
    [SPR_sCaravan1] = { "sCaravan1", 32, 64, 0, 0, 0, 21, 31, 63, GM_COLCHECK_PRECISE, 4, 4, s_mask_sCaravan1 },
    [SPR_sCaravan2] = { "sCaravan2", 32, 64, 0, 0, 0, 5, 31, 63, GM_COLCHECK_PRECISE, 4, 4, s_mask_sCaravan2 },
    [SPR_sCaravan3] = { "sCaravan3", 32, 64, 0, 0, 0, 5, 31, 63, GM_COLCHECK_PRECISE, 4, 4, s_mask_sCaravan3 },
    [SPR_sCaveBG] = { "sCaveBG", 32, 32, 0, 0, 0, 0, 31, 31, GM_COLCHECK_PRECISE, 1, 1, s_mask_sCaveBG },
    [SPR_sCaveBG1] = { "sCaveBG1", 32, 32, 0, 0, 0, 0, 31, 30, GM_COLCHECK_PRECISE, 1, 1, s_mask_sCaveBG1 },
    [SPR_sCaveBG2] = { "sCaveBG2", 32, 32, 0, 0, 0, 1, 31, 30, GM_COLCHECK_PRECISE, 1, 1, s_mask_sCaveBG2 },
    [SPR_sCaveBGEntrance] = { "sCaveBGEntrance", 16, 16, 0, 0, 0, 0, 15, 15, GM_COLCHECK_PRECISE, 1, 1, s_mask_sCaveBGEntrance },
    [SPR_sCaveBottom] = { "sCaveBottom", 16, 16, 0, 0, 0, 0, 15, 2, GM_COLCHECK_AABB, 1, 0, NULL },
    [SPR_sCaveBottomL] = { "sCaveBottomL", 16, 16, 0, 0, 0, 0, 15, 4, GM_COLCHECK_AABB, 1, 0, NULL },
    [SPR_sCaveBottomR] = { "sCaveBottomR", 16, 16, 0, 0, 0, 0, 15, 4, GM_COLCHECK_AABB, 1, 0, NULL },
    [SPR_sCaveLeft] = { "sCaveLeft", 16, 16, 0, 0, 13, 0, 15, 15, GM_COLCHECK_AABB, 1, 0, NULL },
    [SPR_sCavemanBounceL] = { "sCavemanBounceL", 16, 16, 0, 0, 0, 2, 15, 13, GM_COLCHECK_AABB, 1, 0, NULL },
    [SPR_sCavemanDeadL] = { "sCavemanDeadL", 16, 16, 0, 0, 0, 7, 15, 15, GM_COLCHECK_AABB, 1, 0, NULL },
    [SPR_sCavemanDHeldL] = { "sCavemanDHeldL", 16, 16, 0, 0, 0, 4, 15, 15, GM_COLCHECK_AABB, 1, 0, NULL },
    [SPR_sCavemanDieLL] = { "sCavemanDieLL", 16, 16, 0, 0, 1, 0, 14, 15, GM_COLCHECK_AABB, 1, 0, NULL },
    [SPR_sCavemanDieLR] = { "sCavemanDieLR", 16, 16, 0, 0, 0, 0, 14, 15, GM_COLCHECK_AABB, 1, 0, NULL },
    [SPR_sCavemanFallL] = { "sCavemanFallL", 16, 16, 0, 0, 0, 2, 15, 13, GM_COLCHECK_AABB, 1, 0, NULL },
    [SPR_sCavemanHeldL] = { "sCavemanHeldL", 16, 16, 0, 0, 0, 1, 15, 15, GM_COLCHECK_AABB, 5, 0, NULL },
    [SPR_sCavemanLeft] = { "sCavemanLeft", 16, 16, 0, 0, 1, 0, 14, 15, GM_COLCHECK_AABB, 1, 0, NULL },
    [SPR_sCavemanRunLeft] = { "sCavemanRunLeft", 16, 16, 0, 0, 0, 0, 15, 15, GM_COLCHECK_AABB, 4, 0, NULL },
    [SPR_sCavemanStunL] = { "sCavemanStunL", 16, 16, 0, 0, 0, 1, 15, 15, GM_COLCHECK_AABB, 5, 0, NULL },
    [SPR_sCaveManWorshipL] = { "sCaveManWorshipL", 16, 16, 0, 0, 0, 1, 15, 15, GM_COLCHECK_PRECISE, 7, 7, s_mask_sCaveManWorshipL },
    [SPR_sCavemanWorshipR] = { "sCavemanWorshipR", 16, 16, 0, 0, 0, 1, 15, 15, GM_COLCHECK_PRECISE, 9, 9, s_mask_sCavemanWorshipR },
    [SPR_sCaveRight] = { "sCaveRight", 16, 16, 0, 0, 0, 0, 2, 14, GM_COLCHECK_AABB, 1, 0, NULL },
    [SPR_sCaveSmooth] = { "sCaveSmooth", 16, 16, 0, 0, 0, 0, 15, 15, GM_COLCHECK_AABB, 1, 0, NULL },
    [SPR_sCaveTop] = { "sCaveTop", 16, 17, 0, 0, 0, 13, 15, 15, GM_COLCHECK_AABB, 1, 0, NULL },
    [SPR_sCaveTop2] = { "sCaveTop2", 16, 17, 0, 0, 0, 11, 15, 15, GM_COLCHECK_AABB, 1, 0, NULL },
    [SPR_sCaveUp] = { "sCaveUp", 16, 16, 0, 0, 0, 0, 15, 15, GM_COLCHECK_AABB, 1, 0, NULL },
    [SPR_sCaveUp2] = { "sCaveUp2", 16, 16, 0, 0, 0, 0, 15, 15, GM_COLCHECK_AABB, 1, 0, NULL },
    [SPR_sCeilingTrap] = { "sCeilingTrap", 16, 16, 0, 0, 0, 0, 15, 15, GM_COLCHECK_AABB, 1, 0, NULL },
    [SPR_sCeilingTrapS] = { "sCeilingTrapS", 16, 16, 0, 0, 0, 0, 15, 15, GM_COLCHECK_AABB, 6, 0, NULL },
    [SPR_sChain] = { "sChain", 16, 16, 8, 8, 5, 9, 10, 14, GM_COLCHECK_PRECISE, 1, 1, s_mask_sChain },
    [SPR_sChangingDoor] = { "sChangingDoor", 16, 16, 0, 0, 0, 0, 15, 15, GM_COLCHECK_PRECISE, 1, 1, s_mask_sChangingDoor },
    [SPR_sChest] = { "sChest", 16, 16, 8, 8, 2, 8, 13, 15, GM_COLCHECK_PRECISE, 1, 1, s_mask_sChest },
    [SPR_sChestOpen] = { "sChestOpen", 16, 16, 8, 8, 1, 7, 13, 15, GM_COLCHECK_PRECISE, 1, 1, s_mask_sChestOpen },
    [SPR_sChestTile] = { "sChestTile", 16, 16, 0, 0, 2, 8, 13, 15, GM_COLCHECK_PRECISE, 1, 1, s_mask_sChestTile },
    [SPR_sClimbUp] = { "sClimbUp", 16, 16, 8, 8, 0, 0, 15, 15, GM_COLCHECK_AABB, 6, 0, NULL },
    [SPR_sClimbUp2] = { "sClimbUp2", 16, 24, 8, 16, 0, 6, 15, 23, GM_COLCHECK_AABB, 12, 0, NULL },
    [SPR_sClimbUp3] = { "sClimbUp3", 16, 24, 8, 16, 0, 6, 15, 23, GM_COLCHECK_AABB, 12, 0, NULL },
    [SPR_sCompass] = { "sCompass", 16, 12, 8, 6, 2, 0, 13, 11, GM_COLCHECK_PRECISE, 1, 1, s_mask_sCompass },
    [SPR_sCompassDown] = { "sCompassDown", 16, 16, 0, 0, 1, 0, 14, 15, GM_COLCHECK_PRECISE, 1, 1, s_mask_sCompassDown },
    [SPR_sCompassIcon] = { "sCompassIcon", 16, 16, 0, 0, 1, 0, 14, 15, GM_COLCHECK_PRECISE, 1, 1, s_mask_sCompassIcon },
    [SPR_sCompassLeft] = { "sCompassLeft", 16, 16, 0, 0, 1, 0, 14, 15, GM_COLCHECK_PRECISE, 1, 1, s_mask_sCompassLeft },
    [SPR_sCompassLL] = { "sCompassLL", 16, 16, 0, 0, 0, 0, 15, 15, GM_COLCHECK_PRECISE, 1, 1, s_mask_sCompassLL },
    [SPR_sCompassLR] = { "sCompassLR", 16, 16, 0, 0, 0, 0, 15, 15, GM_COLCHECK_PRECISE, 1, 1, s_mask_sCompassLR },
    [SPR_sCompassRight] = { "sCompassRight", 16, 16, 0, 0, 1, 0, 14, 15, GM_COLCHECK_PRECISE, 1, 1, s_mask_sCompassRight },
    [SPR_sCompassSmallDown] = { "sCompassSmallDown", 16, 16, 0, 0, 4, 10, 11, 15, GM_COLCHECK_PRECISE, 1, 1, s_mask_sCompassSmallDown },
    [SPR_sCompassSmallLeft] = { "sCompassSmallLeft", 16, 16, 0, 0, 0, 4, 5, 11, GM_COLCHECK_PRECISE, 1, 1, s_mask_sCompassSmallLeft },
    [SPR_sCompassSmallLL] = { "sCompassSmallLL", 16, 16, 0, 0, 0, 8, 7, 15, GM_COLCHECK_PRECISE, 1, 1, s_mask_sCompassSmallLL },
    [SPR_sCompassSmallLR] = { "sCompassSmallLR", 16, 16, 0, 0, 8, 8, 15, 15, GM_COLCHECK_PRECISE, 1, 1, s_mask_sCompassSmallLR },
    [SPR_sCompassSmallRight] = { "sCompassSmallRight", 16, 16, 0, 0, 10, 4, 15, 11, GM_COLCHECK_PRECISE, 1, 1, s_mask_sCompassSmallRight },
    [SPR_sCompassTile] = { "sCompassTile", 16, 16, 0, 0, 2, 4, 13, 15, GM_COLCHECK_PRECISE, 1, 1, s_mask_sCompassTile },
    [SPR_sCopy] = { "sCopy", 144, 16, 0, 0, 0, 0, 143, 15, GM_COLCHECK_AABB, 1, 0, NULL },
    [SPR_sCrate] = { "sCrate", 16, 16, 8, 8, 3, 6, 14, 15, GM_COLCHECK_PRECISE, 1, 1, s_mask_sCrate },
    [SPR_sCrateOpen] = { "sCrateOpen", 16, 16, 8, 8, 0, 6, 14, 15, GM_COLCHECK_PRECISE, 1, 1, s_mask_sCrateOpen },
    [SPR_sCrateTile] = { "sCrateTile", 16, 16, 0, 0, 3, 6, 14, 15, GM_COLCHECK_PRECISE, 1, 1, s_mask_sCrateTile },
    [SPR_sCrawlLeft] = { "sCrawlLeft", 20, 16, 9, 8, 0, 6, 17, 15, GM_COLCHECK_AABB, 10, 0, NULL },
    [SPR_sCrown] = { "sCrown", 16, 16, 8, 8, 2, 0, 13, 15, GM_COLCHECK_PRECISE, 1, 1, s_mask_sCrown },
    [SPR_sCrownIcon] = { "sCrownIcon", 16, 16, 0, 0, 1, 0, 14, 15, GM_COLCHECK_PRECISE, 1, 1, s_mask_sCrownIcon },
    [SPR_sCrystalSkull] = { "sCrystalSkull", 16, 16, 8, 12, 2, 1, 13, 15, GM_COLCHECK_AABB, 1, 0, NULL },
    [SPR_sCrystalSkullIco] = { "sCrystalSkullIco", 16, 16, 8, 12, 2, 1, 13, 15, GM_COLCHECK_AABB, 1, 0, NULL },
    [SPR_sCrystalSkullTile] = { "sCrystalSkullTile", 16, 16, 0, 0, 2, 1, 13, 15, GM_COLCHECK_AABB, 1, 0, NULL },
    [SPR_sDamselAttackL] = { "sDamselAttackL", 16, 16, 8, 8, 0, 0, 14, 15, GM_COLCHECK_AABB, 12, 0, NULL },
    [SPR_sDamselBounceL] = { "sDamselBounceL", 16, 16, 8, 8, 1, 1, 15, 15, GM_COLCHECK_AABB, 1, 0, NULL },
    [SPR_sDamselClimb] = { "sDamselClimb", 16, 16, 8, 8, 0, 0, 15, 15, GM_COLCHECK_AABB, 6, 0, NULL },
    [SPR_sDamselClimb2] = { "sDamselClimb2", 16, 24, 8, 16, 0, 5, 15, 23, GM_COLCHECK_AABB, 12, 0, NULL },
    [SPR_sDamselClimb3] = { "sDamselClimb3", 16, 24, 8, 16, 0, 5, 15, 23, GM_COLCHECK_AABB, 12, 0, NULL },
    [SPR_sDamselCrawlL] = { "sDamselCrawlL", 16, 16, 8, 8, 0, 4, 15, 15, GM_COLCHECK_AABB, 6, 0, NULL },
    [SPR_sDamselDieL] = { "sDamselDieL", 16, 16, 8, 8, 0, 6, 15, 15, GM_COLCHECK_AABB, 1, 0, NULL },
    [SPR_sDamselDieLL] = { "sDamselDieLL", 16, 16, 8, 8, 2, 0, 14, 14, GM_COLCHECK_AABB, 1, 0, NULL },
    [SPR_sDamselDieLR] = { "sDamselDieLR", 16, 16, 8, 8, 1, 0, 13, 15, GM_COLCHECK_AABB, 1, 0, NULL },
    [SPR_sDamselDtHL] = { "sDamselDtHL", 32, 32, 24, 8, 7, 0, 31, 28, GM_COLCHECK_AABB, 9, 0, NULL },
    [SPR_sDamselDuckL] = { "sDamselDuckL", 16, 16, 8, 8, 0, 6, 15, 15, GM_COLCHECK_AABB, 1, 0, NULL },
    [SPR_sDamselExit] = { "sDamselExit", 16, 16, 8, 8, 2, 0, 13, 15, GM_COLCHECK_AABB, 16, 0, NULL },
    [SPR_sDamselExit2] = { "sDamselExit2", 16, 16, 8, 8, 2, 0, 13, 15, GM_COLCHECK_AABB, 17, 0, NULL },
    [SPR_sDamselFallL] = { "sDamselFallL", 16, 16, 8, 8, 0, 5, 15, 14, GM_COLCHECK_AABB, 1, 0, NULL },
    [SPR_sDamselHangL] = { "sDamselHangL", 16, 16, 8, 8, 1, 0, 13, 15, GM_COLCHECK_AABB, 1, 0, NULL },
    [SPR_sDamselHoldL] = { "sDamselHoldL", 16, 16, 8, 8, 2, 1, 14, 14, GM_COLCHECK_AABB, 1, 0, NULL },
    [SPR_sDamselIcon] = { "sDamselIcon", 16, 16, 0, 0, 0, 0, 15, 15, GM_COLCHECK_PRECISE, 1, 1, s_mask_sDamselIcon },
    [SPR_sDamselKissL] = { "sDamselKissL", 16, 16, 8, 8, 0, 0, 14, 15, GM_COLCHECK_AABB, 10, 0, NULL },
    [SPR_sDamselKissR] = { "sDamselKissR", 16, 16, 8, 8, 1, 0, 15, 15, GM_COLCHECK_AABB, 10, 0, NULL },
    [SPR_sDamselLeft] = { "sDamselLeft", 16, 16, 8, 8, 2, 0, 13, 15, GM_COLCHECK_AABB, 1, 0, NULL },
    [SPR_sDamselLeftIco] = { "sDamselLeftIco", 16, 16, 0, 0, 2, 0, 13, 15, GM_COLCHECK_AABB, 1, 0, NULL },
    [SPR_sDamselLookL] = { "sDamselLookL", 16, 16, 8, 8, 2, 0, 13, 15, GM_COLCHECK_AABB, 1, 0, NULL },
    [SPR_sDamselPushL] = { "sDamselPushL", 16, 16, 8, 8, 2, 0, 15, 15, GM_COLCHECK_AABB, 9, 0, NULL },
    [SPR_sDamselRunL] = { "sDamselRunL", 16, 16, 8, 8, 2, 0, 15, 15, GM_COLCHECK_AABB, 4, 0, NULL },
    [SPR_sDamselStunL] = { "sDamselStunL", 16, 16, 8, 8, 0, 0, 15, 15, GM_COLCHECK_AABB, 5, 0, NULL },
    [SPR_sDamselWhoaL] = { "sDamselWhoaL", 16, 16, 8, 8, 1, 0, 14, 15, GM_COLCHECK_AABB, 5, 0, NULL },
    [SPR_sDamselYellL] = { "sDamselYellL", 16, 16, 8, 8, 1, 0, 15, 15, GM_COLCHECK_AABB, 10, 0, NULL },
    [SPR_sDamselYellR] = { "sDamselYellR", 16, 16, 8, 8, 0, 0, 14, 15, GM_COLCHECK_AABB, 10, 0, NULL },
    [SPR_sDark] = { "sDark", 16, 16, 0, 0, 0, 0, 15, 15, GM_COLCHECK_AABB, 1, 0, NULL },
    [SPR_sDarkBottom] = { "sDarkBottom", 16, 16, 0, 0, 0, 0, 15, 2, GM_COLCHECK_PRECISE, 1, 1, s_mask_sDarkBottom },
    [SPR_sDarkDown] = { "sDarkDown", 16, 16, 0, 0, 0, 0, 15, 15, GM_COLCHECK_AABB, 1, 0, NULL },
    [SPR_sDarkFall] = { "sDarkFall", 16, 16, 0, 0, 0, 0, 15, 8, GM_COLCHECK_PRECISE, 1, 1, s_mask_sDarkFall },
    [SPR_sDarkGold] = { "sDarkGold", 16, 16, 0, 0, 0, 0, 15, 15, GM_COLCHECK_AABB, 1, 0, NULL },
    [SPR_sDarkGoldBig] = { "sDarkGoldBig", 16, 16, 0, 0, 0, 0, 15, 15, GM_COLCHECK_AABB, 1, 0, NULL },
    [SPR_sDarkLeft] = { "sDarkLeft", 16, 16, 0, 0, 13, 0, 15, 15, GM_COLCHECK_PRECISE, 1, 1, s_mask_sDarkLeft },
    [SPR_sDarkPlat] = { "sDarkPlat", 16, 16, 0, 0, 0, 0, 15, 7, GM_COLCHECK_AABB, 1, 0, NULL },
    [SPR_sDarkRight] = { "sDarkRight", 16, 16, 0, 0, 0, 0, 2, 14, GM_COLCHECK_PRECISE, 1, 1, s_mask_sDarkRight },
    [SPR_sDarkSmooth] = { "sDarkSmooth", 16, 16, 0, 0, 0, 0, 15, 15, GM_COLCHECK_AABB, 1, 0, NULL },
    [SPR_sDarkTop] = { "sDarkTop", 16, 17, 0, 0, 0, 13, 15, 15, GM_COLCHECK_PRECISE, 1, 1, s_mask_sDarkTop },
    [SPR_sDarkTop2] = { "sDarkTop2", 16, 17, 0, 0, 0, 11, 15, 15, GM_COLCHECK_PRECISE, 1, 1, s_mask_sDarkTop2 },
    [SPR_sDarkUp] = { "sDarkUp", 16, 16, 0, 0, 0, 0, 15, 15, GM_COLCHECK_AABB, 1, 0, NULL },
    [SPR_sDarkUp2] = { "sDarkUp2", 16, 16, 0, 0, 0, 0, 15, 15, GM_COLCHECK_AABB, 1, 0, NULL },
    [SPR_sDeadFishLeft] = { "sDeadFishLeft", 8, 8, 0, 0, 0, 1, 7, 6, GM_COLCHECK_AABB, 3, 0, NULL },
    [SPR_sDeadFishLeftIco] = { "sDeadFishLeftIco", 16, 16, 0, 0, 4, 5, 11, 10, GM_COLCHECK_AABB, 1, 0, NULL },
    [SPR_sDeadFishRight] = { "sDeadFishRight", 8, 8, 0, 0, 0, 1, 7, 6, GM_COLCHECK_AABB, 3, 0, NULL },
    [SPR_sDeathMask] = { "sDeathMask", 16, 16, 8, 8, 2, 0, 13, 15, GM_COLCHECK_PRECISE, 1, 1, s_mask_sDeathMask },
    [SPR_sDeathMaskPickup] = { "sDeathMaskPickup", 16, 16, 8, 8, 2, 0, 13, 15, GM_COLCHECK_PRECISE, 1, 1, s_mask_sDeathMaskPickup },
    [SPR_sDeathMaskWear] = { "sDeathMaskWear", 8, 8, 8, 8, 0, 0, 7, 7, GM_COLCHECK_PRECISE, 1, 1, s_mask_sDeathMaskWear },
    [SPR_sDesert] = { "sDesert", 16, 16, 0, 0, 0, 0, 15, 15, GM_COLCHECK_PRECISE, 1, 1, s_mask_sDesert },
    [SPR_sDesert2] = { "sDesert2", 16, 16, 0, 0, 0, 0, 15, 15, GM_COLCHECK_PRECISE, 1, 1, s_mask_sDesert2 },
    [SPR_sDesertNight] = { "sDesertNight", 16, 16, 0, 0, 0, 0, 15, 15, GM_COLCHECK_PRECISE, 1, 1, s_mask_sDesertNight },
    [SPR_sDesertNight2] = { "sDesertNight2", 16, 16, 0, 0, 0, 0, 15, 15, GM_COLCHECK_PRECISE, 1, 1, s_mask_sDesertNight2 },
    [SPR_sDesertTop] = { "sDesertTop", 16, 17, 0, 0, 0, 13, 15, 15, GM_COLCHECK_PRECISE, 1, 1, s_mask_sDesertTop },
    [SPR_sDesertTopNight] = { "sDesertTopNight", 16, 17, 0, 0, 0, 13, 15, 15, GM_COLCHECK_PRECISE, 1, 1, s_mask_sDesertTopNight },
    [SPR_sDiamond] = { "sDiamond", 8, 8, 4, 4, 0, 0, 7, 7, GM_COLCHECK_AABB, 1, 0, NULL },
    [SPR_sDiamondTile] = { "sDiamondTile", 16, 16, 0, 0, 4, 8, 11, 15, GM_COLCHECK_AABB, 1, 0, NULL },
    [SPR_sDice1] = { "sDice1", 16, 16, 8, 8, 3, 6, 14, 15, GM_COLCHECK_PRECISE, 1, 1, s_mask_sDice1 },
    [SPR_sDice2] = { "sDice2", 16, 16, 8, 8, 3, 6, 14, 15, GM_COLCHECK_PRECISE, 1, 1, s_mask_sDice2 },
    [SPR_sDice3] = { "sDice3", 16, 16, 8, 8, 2, 6, 13, 15, GM_COLCHECK_PRECISE, 1, 1, s_mask_sDice3 },
    [SPR_sDice4] = { "sDice4", 16, 16, 8, 8, 2, 6, 13, 15, GM_COLCHECK_PRECISE, 1, 1, s_mask_sDice4 },
    [SPR_sDice5] = { "sDice5", 16, 16, 8, 8, 2, 6, 13, 15, GM_COLCHECK_PRECISE, 1, 1, s_mask_sDice5 },
    [SPR_sDice6] = { "sDice6", 16, 16, 8, 8, 2, 6, 13, 15, GM_COLCHECK_PRECISE, 1, 1, s_mask_sDice6 },
    [SPR_sDiceRoll] = { "sDiceRoll", 16, 16, 8, 8, 1, 1, 14, 15, GM_COLCHECK_PRECISE, 6, 6, s_mask_sDiceRoll },
    [SPR_sDieL] = { "sDieL", 16, 16, 8, 8, 1, 7, 15, 15, GM_COLCHECK_AABB, 1, 0, NULL },
    [SPR_sDieLBounce] = { "sDieLBounce", 16, 16, 8, 8, 0, 3, 14, 15, GM_COLCHECK_AABB, 1, 0, NULL },
    [SPR_sDieLFall] = { "sDieLFall", 16, 16, 8, 8, 0, 6, 15, 15, GM_COLCHECK_AABB, 1, 0, NULL },
    [SPR_sDieLL] = { "sDieLL", 16, 16, 8, 8, 1, 0, 13, 15, GM_COLCHECK_AABB, 1, 0, NULL },
    [SPR_sDieLR] = { "sDieLR", 16, 16, 8, 8, 1, 0, 14, 15, GM_COLCHECK_AABB, 1, 0, NULL },
    [SPR_sDollarSign] = { "sDollarSign", 16, 16, 0, 0, 2, 1, 14, 15, GM_COLCHECK_PRECISE, 1, 1, s_mask_sDollarSign },
    [SPR_sDoor] = { "sDoor", 16, 32, 0, 0, 1, 0, 14, 31, GM_COLCHECK_AABB, 1, 0, NULL },
    [SPR_sDribble] = { "sDribble", 8, 10, 4, 4, 0, 0, 7, 9, GM_COLCHECK_PRECISE, 3, 3, s_mask_sDribble },
    [SPR_sDrip] = { "sDrip", 2, 2, 1, 1, 0, 0, 1, 1, GM_COLCHECK_AABB, 1, 0, NULL },
    [SPR_sDuckLeft] = { "sDuckLeft", 16, 16, 8, 8, 1, 7, 15, 15, GM_COLCHECK_AABB, 1, 0, NULL },
    [SPR_sDuckToHangL] = { "sDuckToHangL", 32, 32, 24, 8, 8, 1, 31, 28, GM_COLCHECK_AABB, 9, 0, NULL },
    [SPR_sEditButton] = { "sEditButton", 16, 16, 0, 0, 0, 0, 15, 15, GM_COLCHECK_PRECISE, 1, 1, s_mask_sEditButton },
    [SPR_sEditButtonPressed] = { "sEditButtonPressed", 16, 16, 0, 0, 0, 0, 15, 15, GM_COLCHECK_PRECISE, 1, 1, s_mask_sEditButtonPressed },
    [SPR_sEgg] = { "sEgg", 8, 8, 4, 4, 0, 0, 7, 7, GM_COLCHECK_PRECISE, 1, 1, s_mask_sEgg },
    [SPR_sEmerald] = { "sEmerald", 4, 4, 2, 2, 0, 0, 3, 3, GM_COLCHECK_AABB, 1, 0, NULL },
    [SPR_sEmeraldBig] = { "sEmeraldBig", 8, 8, 4, 4, 0, 0, 7, 7, GM_COLCHECK_AABB, 1, 0, NULL },
    [SPR_sEmeraldBigTile] = { "sEmeraldBigTile", 16, 16, 0, 0, 4, 8, 11, 15, GM_COLCHECK_AABB, 1, 0, NULL },
    [SPR_sEnd2BG] = { "sEnd2BG", 640, 240, 0, 0, 0, 0, 639, 239, GM_COLCHECK_PRECISE, 1, 1, s_mask_sEnd2BG },
    [SPR_sEndPlat] = { "sEndPlat", 80, 16, 0, 0, 0, 0, 79, 15, GM_COLCHECK_AABB, 1, 0, NULL },
    [SPR_sEndWall] = { "sEndWall", 160, 144, 0, 0, 0, 0, 159, 143, GM_COLCHECK_PRECISE, 1, 1, s_mask_sEndWall },
    [SPR_sEntrance] = { "sEntrance", 16, 16, 0, 0, 0, 0, 15, 15, GM_COLCHECK_PRECISE, 1, 1, s_mask_sEntrance },
    [SPR_sExit] = { "sExit", 16, 16, 0, 0, 0, 0, 15, 15, GM_COLCHECK_PRECISE, 1, 1, s_mask_sExit },
    [SPR_sExplosion] = { "sExplosion", 48, 48, 24, 24, 0, 2, 47, 45, GM_COLCHECK_PRECISE, 10, 10, s_mask_sExplosion },
    [SPR_sFakeBonesLeft] = { "sFakeBonesLeft", 16, 16, 0, 0, 1, 9, 15, 15, GM_COLCHECK_PRECISE, 1, 1, s_mask_sFakeBonesLeft },
    [SPR_sFallLeft] = { "sFallLeft", 16, 16, 8, 8, 1, 0, 14, 15, GM_COLCHECK_AABB, 1, 0, NULL },
    [SPR_sFireFrogArmedL] = { "sFireFrogArmedL", 16, 16, 8, 8, 0, 4, 15, 15, GM_COLCHECK_AABB, 3, 0, NULL },
    [SPR_sFireFrogJumpL] = { "sFireFrogJumpL", 16, 16, 0, 0, 1, 2, 14, 13, GM_COLCHECK_AABB, 1, 0, NULL },
    [SPR_sFireFrogLeft] = { "sFireFrogLeft", 16, 16, 0, 0, 1, 3, 14, 15, GM_COLCHECK_AABB, 6, 0, NULL },
    [SPR_sFishBone] = { "sFishBone", 8, 8, 4, 4, 0, 2, 7, 6, GM_COLCHECK_PRECISE, 1, 1, s_mask_sFishBone },
    [SPR_sFlame] = { "sFlame", 8, 8, 4, 4, 1, 1, 6, 6, GM_COLCHECK_PRECISE, 1, 1, s_mask_sFlame },
    [SPR_sFlameTrail] = { "sFlameTrail", 8, 8, 4, 4, 0, 0, 7, 7, GM_COLCHECK_PRECISE, 5, 5, s_mask_sFlameTrail },
    [SPR_sFlare] = { "sFlare", 8, 8, 4, 4, 0, 0, 7, 7, GM_COLCHECK_PRECISE, 2, 2, s_mask_sFlare },
    [SPR_sFlareCrate] = { "sFlareCrate", 16, 16, 8, 8, 1, 2, 14, 15, GM_COLCHECK_PRECISE, 3, 3, s_mask_sFlareCrate },
    [SPR_sFlareSpark] = { "sFlareSpark", 4, 4, 2, 2, 0, 0, 3, 3, GM_COLCHECK_PRECISE, 5, 5, s_mask_sFlareSpark },
    [SPR_sFlyLeft] = { "sFlyLeft", 8, 8, 4, 4, 0, 0, 7, 7, GM_COLCHECK_PRECISE, 4, 4, s_mask_sFlyLeft },
    [SPR_sFlyRight] = { "sFlyRight", 8, 8, 4, 4, 0, 0, 7, 7, GM_COLCHECK_PRECISE, 4, 4, s_mask_sFlyRight },
    [SPR_sFont] = { "sFont", 16, 16, 0, 0, 0, 0, 15, 15, GM_COLCHECK_PRECISE, 59, 59, s_mask_sFont },
    [SPR_sFontOld] = { "sFontOld", 16, 16, 0, 0, 0, 0, 15, 15, GM_COLCHECK_PRECISE, 10, 10, s_mask_sFontOld },
    [SPR_sFontSmall] = { "sFontSmall", 8, 8, 0, 0, 0, 0, 7, 7, GM_COLCHECK_PRECISE, 59, 59, s_mask_sFontSmall },
    [SPR_sFrogJumpL] = { "sFrogJumpL", 16, 16, 0, 0, 1, 2, 14, 13, GM_COLCHECK_AABB, 1, 0, NULL },
    [SPR_sFrogLeft] = { "sFrogLeft", 16, 16, 0, 0, 2, 4, 14, 15, GM_COLCHECK_AABB, 3, 0, NULL },
    [SPR_sFrozenCaveman] = { "sFrozenCaveman", 16, 16, 0, 0, 2, 0, 14, 15, GM_COLCHECK_AABB, 1, 0, NULL },
    [SPR_sGameMakerLogoCog1] = { "sGameMakerLogoCog1", 16, 16, 511, 511, 0, 0, 0, 0, GM_COLCHECK_AABB, 1, 0, NULL },
    [SPR_sGameMakerLogoCog2] = { "sGameMakerLogoCog2", 16, 16, 0, 511, 0, 0, 0, 0, GM_COLCHECK_AABB, 1, 0, NULL },
    [SPR_sGameMakerLogoCog3] = { "sGameMakerLogoCog3", 16, 16, 0, 0, 0, 0, 0, 0, GM_COLCHECK_AABB, 1, 0, NULL },
    [SPR_sGameMakerLogoCog4] = { "sGameMakerLogoCog4", 16, 16, 511, 0, 0, 0, 0, 0, GM_COLCHECK_AABB, 1, 0, NULL },
    [SPR_sGameMakerLogoMadeWith] = { "sGameMakerLogoMadeWith", 16, 16, 160, 49, 0, 0, 0, 0, GM_COLCHECK_AABB, 1, 0, NULL },
    [SPR_sGameMakerLogoPoof] = { "sGameMakerLogoPoof", 16, 16, 110, 100, 0, 0, 0, 0, GM_COLCHECK_AABB, 1, 0, NULL },
    [SPR_sGameMakerLogoS] = { "sGameMakerLogoS", 16, 16, 274, 274, 0, 0, 0, 0, GM_COLCHECK_AABB, 1, 0, NULL },
    [SPR_sGameMakerLogoYoYo] = { "sGameMakerLogoYoYo", 16, 16, 93, 23, 0, 0, 0, 0, GM_COLCHECK_AABB, 1, 0, NULL },
    [SPR_sGhostDisappear] = { "sGhostDisappear", 24, 24, 0, 0, 1, 0, 22, 23, GM_COLCHECK_PRECISE, 14, 14, s_mask_sGhostDisappear },
    [SPR_sGhostLeft] = { "sGhostLeft", 24, 24, 0, 0, 0, 0, 23, 23, GM_COLCHECK_PRECISE, 4, 4, s_mask_sGhostLeft },
    [SPR_sGhostRight] = { "sGhostRight", 24, 24, 0, 0, 0, 0, 23, 23, GM_COLCHECK_PRECISE, 4, 4, s_mask_sGhostRight },
    [SPR_sGhostTurnLeft] = { "sGhostTurnLeft", 24, 24, 0, 0, 0, 0, 23, 23, GM_COLCHECK_PRECISE, 7, 7, s_mask_sGhostTurnLeft },
    [SPR_sGhostTurnRight] = { "sGhostTurnRight", 24, 24, 0, 0, 0, 0, 23, 23, GM_COLCHECK_PRECISE, 7, 7, s_mask_sGhostTurnRight },
    [SPR_sGiantSpider] = { "sGiantSpider", 32, 32, 0, 0, 1, 17, 30, 31, GM_COLCHECK_AABB, 4, 0, NULL },
    [SPR_sGiantSpiderCrawl] = { "sGiantSpiderCrawl", 32, 32, 0, 0, 0, 16, 31, 31, GM_COLCHECK_AABB, 4, 0, NULL },
    [SPR_sGiantSpiderDisp] = { "sGiantSpiderDisp", 32, 32, 8, 8, 1, 8, 30, 22, GM_COLCHECK_PRECISE, 1, 1, s_mask_sGiantSpiderDisp },
    [SPR_sGiantSpiderFlip] = { "sGiantSpiderFlip", 32, 32, 0, 0, 1, 0, 30, 31, GM_COLCHECK_AABB, 9, 0, NULL },
    [SPR_sGiantSpiderHang] = { "sGiantSpiderHang", 32, 16, 0, 0, 1, 0, 30, 15, GM_COLCHECK_AABB, 1, 0, NULL },
    [SPR_sGiantSpiderJump] = { "sGiantSpiderJump", 32, 32, 0, 0, 3, 12, 28, 31, GM_COLCHECK_AABB, 1, 0, NULL },
    [SPR_sGiantSpiderSquirt] = { "sGiantSpiderSquirt", 32, 32, 0, 0, 1, 8, 30, 31, GM_COLCHECK_AABB, 8, 0, NULL },
    [SPR_sGiantTikiHead] = { "sGiantTikiHead", 32, 32, 16, 16, 0, 0, 31, 31, GM_COLCHECK_PRECISE, 1, 1, s_mask_sGiantTikiHead },
    [SPR_sGlove] = { "sGlove", 16, 16, 8, 8, 0, 1, 15, 15, GM_COLCHECK_PRECISE, 1, 1, s_mask_sGlove },
    [SPR_sGlovesIcon] = { "sGlovesIcon", 16, 16, 0, 0, 0, 0, 14, 15, GM_COLCHECK_PRECISE, 1, 1, s_mask_sGlovesIcon },
    [SPR_sGlovesTile] = { "sGlovesTile", 16, 16, 0, 0, 0, 0, 15, 15, GM_COLCHECK_PRECISE, 1, 1, s_mask_sGlovesTile },
    [SPR_sGold] = { "sGold", 16, 16, 0, 0, 1, 1, 13, 14, GM_COLCHECK_AABB, 1, 0, NULL },
    [SPR_sGoldBar] = { "sGoldBar", 8, 8, 4, 4, 0, 3, 7, 7, GM_COLCHECK_AABB, 1, 0, NULL },
    [SPR_sGoldBarDraw] = { "sGoldBarDraw", 8, 8, 4, 4, 0, 1, 7, 6, GM_COLCHECK_AABB, 1, 0, NULL },
    [SPR_sGoldBars] = { "sGoldBars", 16, 16, 8, 8, 0, 6, 15, 15, GM_COLCHECK_AABB, 1, 0, NULL },
    [SPR_sGoldBarsDraw] = { "sGoldBarsDraw", 16, 16, 8, 8, 0, 2, 15, 12, GM_COLCHECK_AABB, 1, 0, NULL },
    [SPR_sGoldBarsTile] = { "sGoldBarsTile", 16, 16, 0, 0, 0, 6, 15, 15, GM_COLCHECK_AABB, 1, 0, NULL },
    [SPR_sGoldBarTile] = { "sGoldBarTile", 16, 16, 0, 0, 4, 11, 11, 15, GM_COLCHECK_AABB, 1, 0, NULL },
    [SPR_sGoldBig] = { "sGoldBig", 16, 16, 0, 0, 1, 1, 15, 15, GM_COLCHECK_AABB, 1, 0, NULL },
    [SPR_sGoldBlock] = { "sGoldBlock", 16, 16, 0, 0, 0, 0, 15, 15, GM_COLCHECK_AABB, 1, 0, NULL },
    [SPR_sGoldChunk] = { "sGoldChunk", 4, 4, 2, 2, 0, 0, 3, 3, GM_COLCHECK_AABB, 1, 0, NULL },
    [SPR_sGoldDoor] = { "sGoldDoor", 16, 16, 0, 0, 0, 0, 15, 15, GM_COLCHECK_PRECISE, 1, 1, s_mask_sGoldDoor },
    [SPR_sGoldEgg] = { "sGoldEgg", 8, 8, 4, 4, 0, 0, 7, 7, GM_COLCHECK_AABB, 1, 0, NULL },
    [SPR_sGoldIdol] = { "sGoldIdol", 16, 16, 8, 12, 2, 1, 13, 15, GM_COLCHECK_AABB, 1, 0, NULL },
    [SPR_sGoldIdolIco] = { "sGoldIdolIco", 16, 16, 8, 8, 2, 1, 13, 15, GM_COLCHECK_AABB, 1, 0, NULL },
    [SPR_sGoldIdolTile] = { "sGoldIdolTile", 16, 16, 0, 0, 2, 1, 13, 15, GM_COLCHECK_AABB, 1, 0, NULL },
    [SPR_sGoldNugget] = { "sGoldNugget", 8, 8, 4, 4, 0, 0, 7, 7, GM_COLCHECK_AABB, 1, 0, NULL },
    [SPR_sGoldTrophy] = { "sGoldTrophy", 16, 16, 0, 0, 0, 0, 15, 15, GM_COLCHECK_PRECISE, 1, 1, s_mask_sGoldTrophy },
    [SPR_sGrave] = { "sGrave", 16, 16, 0, 0, 0, 0, 15, 15, GM_COLCHECK_AABB, 1, 0, NULL },
    [SPR_sGrave2] = { "sGrave2", 16, 16, 0, 0, 0, 0, 15, 15, GM_COLCHECK_AABB, 1, 0, NULL },
    [SPR_sGrave3] = { "sGrave3", 16, 16, 0, 0, 0, 0, 15, 15, GM_COLCHECK_AABB, 1, 0, NULL },
    [SPR_sGrave4] = { "sGrave4", 16, 16, 0, 0, 0, 0, 15, 15, GM_COLCHECK_AABB, 1, 0, NULL },
    [SPR_sGrave5] = { "sGrave5", 16, 16, 0, 0, 0, 0, 15, 15, GM_COLCHECK_AABB, 1, 0, NULL },
    [SPR_sGrave6] = { "sGrave6", 16, 16, 0, 0, 0, 0, 15, 15, GM_COLCHECK_AABB, 1, 0, NULL },
    [SPR_sGraveAsh] = { "sGraveAsh", 16, 16, 0, 0, 0, 0, 15, 15, GM_COLCHECK_AABB, 1, 0, NULL },
    [SPR_sGTemple] = { "sGTemple", 16, 16, 0, 0, 0, 0, 15, 15, GM_COLCHECK_AABB, 1, 0, NULL },
    [SPR_sGTempleDown] = { "sGTempleDown", 16, 16, 0, 0, 0, 0, 15, 15, GM_COLCHECK_AABB, 1, 0, NULL },
    [SPR_sGTempleUp] = { "sGTempleUp", 16, 16, 0, 0, 0, 0, 15, 15, GM_COLCHECK_AABB, 1, 0, NULL },
    [SPR_sGTempleUp2] = { "sGTempleUp2", 16, 16, 0, 0, 0, 0, 15, 15, GM_COLCHECK_AABB, 1, 0, NULL },
    [SPR_sGTempleUp3] = { "sGTempleUp3", 16, 16, 0, 0, 0, 0, 15, 15, GM_COLCHECK_AABB, 1, 0, NULL },
    [SPR_sGTempleUp4] = { "sGTempleUp4", 16, 16, 0, 0, 0, 0, 15, 15, GM_COLCHECK_AABB, 1, 0, NULL },
    [SPR_sGTempleUp5] = { "sGTempleUp5", 16, 16, 0, 0, 0, 0, 15, 15, GM_COLCHECK_AABB, 1, 0, NULL },
    [SPR_sGTempleUp6] = { "sGTempleUp6", 16, 16, 0, 0, 0, 0, 15, 15, GM_COLCHECK_AABB, 1, 0, NULL },
    [SPR_sGTempleUp7] = { "sGTempleUp7", 16, 16, 0, 0, 0, 0, 15, 15, GM_COLCHECK_AABB, 1, 0, NULL },
    [SPR_sGTempleUp8] = { "sGTempleUp8", 16, 16, 0, 0, 0, 0, 15, 15, GM_COLCHECK_AABB, 1, 0, NULL },
    [SPR_sGTHHole] = { "sGTHHole", 32, 32, 16, 16, 0, 0, 31, 31, GM_COLCHECK_PRECISE, 1, 1, s_mask_sGTHHole },
    [SPR_sHangLeft] = { "sHangLeft", 16, 16, 8, 8, 0, 0, 14, 15, GM_COLCHECK_AABB, 1, 0, NULL },
    [SPR_sHawkBounceL] = { "sHawkBounceL", 16, 16, 0, 0, 0, 2, 15, 15, GM_COLCHECK_AABB, 1, 0, NULL },
    [SPR_sHawkDeadL] = { "sHawkDeadL", 24, 16, 4, 0, 2, 7, 21, 15, GM_COLCHECK_AABB, 1, 0, NULL },
    [SPR_sHawkDHeldL] = { "sHawkDHeldL", 24, 16, 4, 0, 4, 3, 19, 15, GM_COLCHECK_AABB, 1, 0, NULL },
    [SPR_sHawkDieLL] = { "sHawkDieLL", 16, 16, 0, 0, 0, 0, 15, 15, GM_COLCHECK_AABB, 1, 0, NULL },
    [SPR_sHawkDieLR] = { "sHawkDieLR", 16, 16, 0, 0, 0, 0, 15, 15, GM_COLCHECK_AABB, 1, 0, NULL },
    [SPR_sHawkFallL] = { "sHawkFallL", 16, 16, 0, 0, 0, 2, 15, 13, GM_COLCHECK_AABB, 1, 0, NULL },
    [SPR_sHawkHeldL] = { "sHawkHeldL", 24, 16, 4, 0, 4, 0, 19, 15, GM_COLCHECK_AABB, 5, 0, NULL },
    [SPR_sHawkLeft] = { "sHawkLeft", 16, 16, 0, 0, 0, 0, 15, 15, GM_COLCHECK_AABB, 1, 0, NULL },
    [SPR_sHawkRunLeft] = { "sHawkRunLeft", 16, 16, 0, 0, 0, 0, 15, 15, GM_COLCHECK_AABB, 4, 0, NULL },
    [SPR_sHawkStunL] = { "sHawkStunL", 24, 16, 4, 0, 2, 0, 21, 15, GM_COLCHECK_AABB, 5, 0, NULL },
    [SPR_sHawkThrowL] = { "sHawkThrowL", 24, 16, 0, 0, 4, 0, 23, 15, GM_COLCHECK_AABB, 7, 0, NULL },
    [SPR_sHeart] = { "sHeart", 16, 16, 0, 0, 1, 1, 14, 13, GM_COLCHECK_PRECISE, 1, 1, s_mask_sHeart },
    [SPR_sHintPoint] = { "sHintPoint", 16, 16, 0, 0, 1, 0, 13, 15, GM_COLCHECK_PRECISE, 5, 5, s_mask_sHintPoint },
    [SPR_sHoldItemIcon] = { "sHoldItemIcon", 16, 16, 0, 0, 0, 0, 15, 15, GM_COLCHECK_PRECISE, 1, 1, s_mask_sHoldItemIcon },
    [SPR_sHoopsIcon] = { "sHoopsIcon", 16, 16, 0, 0, 1, 0, 14, 15, GM_COLCHECK_PRECISE, 1, 1, s_mask_sHoopsIcon },
    [SPR_sIce] = { "sIce", 16, 16, 0, 0, 0, 0, 15, 15, GM_COLCHECK_AABB, 1, 0, NULL },
    [SPR_sIceBlock] = { "sIceBlock", 16, 16, 0, 0, 0, 0, 15, 15, GM_COLCHECK_AABB, 1, 0, NULL },
    [SPR_sIceBottom] = { "sIceBottom", 16, 16, 0, 0, 0, 0, 15, 1, GM_COLCHECK_AABB, 1, 0, NULL },
    [SPR_sIceBottom2] = { "sIceBottom2", 16, 16, 0, 0, 1, 0, 15, 4, GM_COLCHECK_AABB, 1, 0, NULL },
    [SPR_sIceCaveman] = { "sIceCaveman", 16, 16, 0, 0, 0, 0, 15, 15, GM_COLCHECK_AABB, 1, 0, NULL },
    [SPR_sIceDL] = { "sIceDL", 16, 16, 0, 0, 0, 0, 15, 15, GM_COLCHECK_AABB, 1, 0, NULL },
    [SPR_sIceDLR] = { "sIceDLR", 16, 16, 0, 0, 0, 0, 15, 15, GM_COLCHECK_AABB, 1, 0, NULL },
    [SPR_sIceDown] = { "sIceDown", 16, 16, 0, 0, 0, 0, 15, 15, GM_COLCHECK_AABB, 1, 0, NULL },
    [SPR_sIceDR] = { "sIceDR", 16, 16, 0, 0, 0, 0, 15, 15, GM_COLCHECK_AABB, 1, 0, NULL },
    [SPR_sIceLeft] = { "sIceLeft", 16, 16, 0, 0, 0, 0, 15, 15, GM_COLCHECK_AABB, 1, 0, NULL },
    [SPR_sIceLR] = { "sIceLR", 16, 16, 0, 0, 0, 0, 15, 15, GM_COLCHECK_AABB, 1, 0, NULL },
    [SPR_sIceRight] = { "sIceRight", 16, 16, 0, 0, 0, 0, 15, 15, GM_COLCHECK_AABB, 1, 0, NULL },
    [SPR_sIceUDL] = { "sIceUDL", 16, 16, 0, 0, 0, 0, 15, 15, GM_COLCHECK_AABB, 1, 0, NULL },
    [SPR_sIceUDR] = { "sIceUDR", 16, 16, 0, 0, 0, 0, 15, 15, GM_COLCHECK_AABB, 1, 0, NULL },
    [SPR_sIceUL] = { "sIceUL", 16, 16, 0, 0, 0, 0, 15, 15, GM_COLCHECK_AABB, 1, 0, NULL },
    [SPR_sIceULR] = { "sIceULR", 16, 16, 0, 0, 0, 0, 15, 15, GM_COLCHECK_AABB, 1, 0, NULL },
    [SPR_sIceUp] = { "sIceUp", 16, 16, 0, 0, 0, 0, 15, 15, GM_COLCHECK_AABB, 1, 0, NULL },
    [SPR_sIceUp2] = { "sIceUp2", 16, 16, 0, 0, 0, 0, 15, 15, GM_COLCHECK_AABB, 1, 0, NULL },
    [SPR_sIceUR] = { "sIceUR", 16, 16, 0, 0, 0, 0, 15, 15, GM_COLCHECK_AABB, 1, 0, NULL },
    [SPR_sIntroBG] = { "sIntroBG", 480, 112, 0, 0, 0, 3, 479, 111, GM_COLCHECK_PRECISE, 1, 1, s_mask_sIntroBG },
    [SPR_sItemGet] = { "sItemGet", 24, 16, 4, 0, 0, 3, 22, 12, GM_COLCHECK_PRECISE, 2, 2, s_mask_sItemGet },
    [SPR_sJar] = { "sJar", 16, 16, 8, 8, 3, 5, 12, 13, GM_COLCHECK_AABB, 1, 0, NULL },
    [SPR_sJarTile] = { "sJarTile", 16, 16, 0, 0, 3, 7, 12, 15, GM_COLCHECK_AABB, 1, 0, NULL },
    [SPR_sJawsBody1L] = { "sJawsBody1L", 48, 32, 0, 0, 0, 1, 41, 30, GM_COLCHECK_PRECISE, 1, 1, s_mask_sJawsBody1L },
    [SPR_sJawsBody1R] = { "sJawsBody1R", 48, 32, 0, 0, 6, 1, 47, 30, GM_COLCHECK_PRECISE, 1, 1, s_mask_sJawsBody1R },
    [SPR_sJawsBody2L] = { "sJawsBody2L", 48, 32, 0, 0, 0, 1, 41, 30, GM_COLCHECK_PRECISE, 1, 1, s_mask_sJawsBody2L },
    [SPR_sJawsBody2R] = { "sJawsBody2R", 48, 32, 0, 0, 6, 1, 47, 30, GM_COLCHECK_PRECISE, 1, 1, s_mask_sJawsBody2R },
    [SPR_sJawsBody3L] = { "sJawsBody3L", 48, 32, 0, 0, 0, 1, 42, 30, GM_COLCHECK_PRECISE, 1, 1, s_mask_sJawsBody3L },
    [SPR_sJawsBody3R] = { "sJawsBody3R", 48, 32, 0, 0, 5, 1, 47, 30, GM_COLCHECK_PRECISE, 1, 1, s_mask_sJawsBody3R },
    [SPR_sJawsLeft] = { "sJawsLeft", 16, 32, 0, 0, 2, 4, 15, 29, GM_COLCHECK_PRECISE, 9, 9, s_mask_sJawsLeft },
    [SPR_sJawsRight] = { "sJawsRight", 16, 32, 0, 0, 0, 4, 13, 29, GM_COLCHECK_PRECISE, 9, 9, s_mask_sJawsRight },
    [SPR_sJawsTurnL] = { "sJawsTurnL", 64, 32, 0, 0, 7, 1, 56, 30, GM_COLCHECK_PRECISE, 6, 6, s_mask_sJawsTurnL },
    [SPR_sJawsTurnR] = { "sJawsTurnR", 64, 32, 0, 0, 7, 1, 56, 30, GM_COLCHECK_PRECISE, 6, 6, s_mask_sJawsTurnR },
    [SPR_sJetpackBack] = { "sJetpackBack", 16, 16, 8, 8, 1, 3, 14, 15, GM_COLCHECK_AABB, 1, 0, NULL },
    [SPR_sJetpackIcon] = { "sJetpackIcon", 16, 16, 0, 0, 0, 0, 15, 15, GM_COLCHECK_PRECISE, 1, 1, s_mask_sJetpackIcon },
    [SPR_sJetpackLeft] = { "sJetpackLeft", 16, 16, 8, 8, 2, 3, 13, 15, GM_COLCHECK_AABB, 1, 0, NULL },
    [SPR_sJetpackRight] = { "sJetpackRight", 16, 16, 8, 8, 2, 3, 13, 15, GM_COLCHECK_AABB, 1, 0, NULL },
    [SPR_sJetpackTile] = { "sJetpackTile", 16, 16, 0, 0, 2, 3, 13, 15, GM_COLCHECK_AABB, 1, 0, NULL },
    [SPR_sJordans] = { "sJordans", 16, 12, 8, 6, 1, 1, 15, 11, GM_COLCHECK_PRECISE, 1, 1, s_mask_sJordans },
    [SPR_sJoyConfigButton] = { "sJoyConfigButton", 56, 16, 0, 0, 0, 0, 55, 15, GM_COLCHECK_PRECISE, 1, 1, s_mask_sJoyConfigButton },
    [SPR_sJoyConfigButtonPressed] = { "sJoyConfigButtonPressed", 56, 16, 0, 0, 0, 0, 55, 15, GM_COLCHECK_PRECISE, 1, 1, s_mask_sJoyConfigButtonPressed },
    [SPR_sJumpLeft] = { "sJumpLeft", 16, 16, 8, 8, 1, 0, 14, 15, GM_COLCHECK_AABB, 1, 0, NULL },
    [SPR_sKaliHead1] = { "sKaliHead1", 32, 32, 16, 16, 0, 0, 31, 31, GM_COLCHECK_PRECISE, 1, 1, s_mask_sKaliHead1 },
    [SPR_sKaliHead2] = { "sKaliHead2", 32, 32, 16, 16, 0, 0, 31, 31, GM_COLCHECK_PRECISE, 1, 1, s_mask_sKaliHead2 },
    [SPR_sKaliHead3] = { "sKaliHead3", 32, 32, 16, 16, 0, 0, 31, 31, GM_COLCHECK_PRECISE, 1, 1, s_mask_sKaliHead3 },
    [SPR_sKapala] = { "sKapala", 16, 16, 8, 8, 2, 2, 14, 15, GM_COLCHECK_PRECISE, 1, 1, s_mask_sKapala },
    [SPR_sKapalaIcon] = { "sKapalaIcon", 16, 16, 0, 0, 0, 0, 15, 15, GM_COLCHECK_PRECISE, 5, 5, s_mask_sKapalaIcon },
    [SPR_sKeyConfigButton] = { "sKeyConfigButton", 56, 16, 0, 0, 0, 0, 55, 15, GM_COLCHECK_PRECISE, 1, 1, s_mask_sKeyConfigButton },
    [SPR_sKeyConfigButtonPressed] = { "sKeyConfigButtonPressed", 56, 16, 0, 0, 0, 0, 55, 15, GM_COLCHECK_PRECISE, 1, 1, s_mask_sKeyConfigButtonPressed },
    [SPR_sKeyLeft] = { "sKeyLeft", 16, 12, 8, 6, 2, 4, 13, 11, GM_COLCHECK_PRECISE, 1, 1, s_mask_sKeyLeft },
    [SPR_sKeyRight] = { "sKeyRight", 16, 12, 8, 8, 2, 4, 13, 11, GM_COLCHECK_PRECISE, 1, 1, s_mask_sKeyRight },
    [SPR_sLadder] = { "sLadder", 16, 16, 0, 0, 1, 0, 14, 15, GM_COLCHECK_AABB, 1, 0, NULL },
    [SPR_sLadderTop] = { "sLadderTop", 16, 16, 0, 0, 0, 0, 15, 15, GM_COLCHECK_AABB, 1, 0, NULL },
    [SPR_sLadyXoc] = { "sLadyXoc", 80, 96, 0, 0, 1, 1, 78, 95, GM_COLCHECK_AABB, 1, 0, NULL },
    [SPR_sLamp] = { "sLamp", 16, 16, 0, 0, 1, 0, 14, 15, GM_COLCHECK_AABB, 3, 0, NULL },
    [SPR_sLampItem] = { "sLampItem", 16, 16, 8, 12, 1, 0, 14, 15, GM_COLCHECK_AABB, 3, 0, NULL },
    [SPR_sLampRed] = { "sLampRed", 16, 16, 0, 0, 1, 0, 14, 15, GM_COLCHECK_AABB, 3, 0, NULL },
    [SPR_sLampRedItem] = { "sLampRedItem", 16, 16, 8, 12, 1, 0, 14, 15, GM_COLCHECK_AABB, 3, 0, NULL },
    [SPR_sLaser] = { "sLaser", 8, 8, 4, 4, 0, 0, 7, 7, GM_COLCHECK_PRECISE, 1, 1, s_mask_sLaser },
    [SPR_sLaserExplode] = { "sLaserExplode", 32, 32, 16, 16, 5, 4, 26, 22, GM_COLCHECK_PRECISE, 8, 8, s_mask_sLaserExplode },
    [SPR_sLaserTrail] = { "sLaserTrail", 8, 8, 4, 4, 0, 0, 7, 7, GM_COLCHECK_PRECISE, 5, 5, s_mask_sLaserTrail },
    [SPR_sLava] = { "sLava", 16, 16, 0, 0, 0, 0, 15, 15, GM_COLCHECK_AABB, 1, 0, NULL },
    [SPR_sLavaDrip] = { "sLavaDrip", 8, 8, 4, 4, 0, 0, 6, 6, GM_COLCHECK_PRECISE, 5, 5, s_mask_sLavaDrip },
    [SPR_sLavaSpray] = { "sLavaSpray", 80, 256, 0, 0, 0, 0, 79, 255, GM_COLCHECK_PRECISE, 3, 3, s_mask_sLavaSpray },
    [SPR_sLavaTop] = { "sLavaTop", 16, 17, 0, 0, 0, 0, 15, 15, GM_COLCHECK_AABB, 7, 0, NULL },
    [SPR_sLeaf] = { "sLeaf", 16, 8, 4, 4, 0, 0, 14, 7, GM_COLCHECK_PRECISE, 10, 10, s_mask_sLeaf },
    [SPR_sLeafStill] = { "sLeafStill", 16, 8, 4, 4, 4, 4, 10, 7, GM_COLCHECK_PRECISE, 1, 1, s_mask_sLeafStill },
    [SPR_sLeaves] = { "sLeaves", 16, 16, 0, 0, 0, 0, 15, 15, GM_COLCHECK_PRECISE, 1, 1, s_mask_sLeaves },
    [SPR_sLeavesDead] = { "sLeavesDead", 16, 16, 0, 0, 0, 0, 15, 15, GM_COLCHECK_PRECISE, 1, 1, s_mask_sLeavesDead },
    [SPR_sLeavesDeadR] = { "sLeavesDeadR", 16, 16, 0, 0, 0, 0, 15, 15, GM_COLCHECK_PRECISE, 1, 1, s_mask_sLeavesDeadR },
    [SPR_sLeavesRight] = { "sLeavesRight", 16, 16, 0, 0, 0, 0, 15, 15, GM_COLCHECK_PRECISE, 1, 1, s_mask_sLeavesRight },
    [SPR_sLeavesTop] = { "sLeavesTop", 16, 16, 0, 0, 0, 0, 15, 15, GM_COLCHECK_PRECISE, 1, 1, s_mask_sLeavesTop },
    [SPR_sLevel13Sign] = { "sLevel13Sign", 48, 32, 0, 0, 1, 0, 46, 31, GM_COLCHECK_PRECISE, 1, 1, s_mask_sLevel13Sign },
    [SPR_sLevel5Sign] = { "sLevel5Sign", 48, 32, 0, 0, 1, 0, 46, 31, GM_COLCHECK_PRECISE, 1, 1, s_mask_sLevel5Sign },
    [SPR_sLevel9Sign] = { "sLevel9Sign", 48, 32, 0, 0, 1, 0, 46, 31, GM_COLCHECK_PRECISE, 1, 1, s_mask_sLevel9Sign },
    [SPR_sLoadButton] = { "sLoadButton", 32, 16, 0, 0, 0, 0, 31, 15, GM_COLCHECK_PRECISE, 1, 1, s_mask_sLoadButton },
    [SPR_sLoadButtonPressed] = { "sLoadButtonPressed", 32, 16, 0, 0, 0, 0, 31, 15, GM_COLCHECK_PRECISE, 1, 1, s_mask_sLoadButtonPressed },
    [SPR_sLockedChest] = { "sLockedChest", 16, 16, 8, 8, 1, 6, 14, 15, GM_COLCHECK_PRECISE, 1, 1, s_mask_sLockedChest },
    [SPR_sLockedChestOpen] = { "sLockedChestOpen", 16, 16, 8, 8, 1, 5, 15, 15, GM_COLCHECK_PRECISE, 1, 1, s_mask_sLockedChestOpen },
    [SPR_sLogoCog1] = { "sLogoCog1", 16, 16, 512, 512, 0, 0, 0, 0, GM_COLCHECK_AABB, 1, 0, NULL },
    [SPR_sLogoCog2] = { "sLogoCog2", 16, 16, 0, 512, 0, 0, 0, 0, GM_COLCHECK_AABB, 1, 0, NULL },
    [SPR_sLogoCog3] = { "sLogoCog3", 16, 16, 0, 0, 0, 0, 0, 0, GM_COLCHECK_AABB, 1, 0, NULL },
    [SPR_sLogoCog4] = { "sLogoCog4", 16, 16, 512, 0, 0, 0, 0, 0, GM_COLCHECK_AABB, 1, 0, NULL },
    [SPR_sLogoS] = { "sLogoS", 16, 16, 274, 274, 0, 0, 0, 0, GM_COLCHECK_AABB, 1, 0, NULL },
    [SPR_sLookLeft] = { "sLookLeft", 16, 16, 8, 8, 2, 0, 13, 15, GM_COLCHECK_AABB, 1, 0, NULL },
    [SPR_sLookRunL] = { "sLookRunL", 16, 16, 8, 8, 1, 0, 14, 15, GM_COLCHECK_AABB, 6, 0, NULL },
    [SPR_sLush] = { "sLush", 16, 16, 0, 0, 0, 0, 15, 15, GM_COLCHECK_AABB, 1, 0, NULL },
    [SPR_sLushBottom] = { "sLushBottom", 16, 16, 0, 0, 0, 0, 15, 1, GM_COLCHECK_AABB, 1, 0, NULL },
    [SPR_sLushBottom2] = { "sLushBottom2", 16, 16, 0, 0, 0, 0, 15, 8, GM_COLCHECK_AABB, 1, 0, NULL },
    [SPR_sLushDown] = { "sLushDown", 16, 16, 0, 0, 0, 0, 15, 15, GM_COLCHECK_AABB, 1, 0, NULL },
    [SPR_sLushGold] = { "sLushGold", 16, 16, 0, 0, 0, 0, 15, 15, GM_COLCHECK_AABB, 1, 0, NULL },
    [SPR_sLushGoldBig] = { "sLushGoldBig", 16, 16, 0, 0, 0, 0, 15, 15, GM_COLCHECK_AABB, 1, 0, NULL },
    [SPR_sLushLeft] = { "sLushLeft", 16, 16, 0, 0, 13, 0, 15, 14, GM_COLCHECK_AABB, 1, 0, NULL },
    [SPR_sLushRight] = { "sLushRight", 16, 16, 0, 0, 0, 0, 2, 14, GM_COLCHECK_AABB, 1, 0, NULL },
    [SPR_sLushSmooth] = { "sLushSmooth", 16, 16, 0, 0, 0, 0, 15, 15, GM_COLCHECK_AABB, 1, 0, NULL },
    [SPR_sLushTop] = { "sLushTop", 16, 17, 0, 0, 0, 11, 15, 15, GM_COLCHECK_AABB, 1, 0, NULL },
    [SPR_sLushTop2] = { "sLushTop2", 16, 17, 0, 0, 0, 9, 15, 15, GM_COLCHECK_AABB, 1, 0, NULL },
    [SPR_sLushUp] = { "sLushUp", 16, 16, 0, 0, 0, 0, 15, 15, GM_COLCHECK_AABB, 1, 0, NULL },
    [SPR_sLushUp2] = { "sLushUp2", 16, 16, 0, 0, 0, 0, 15, 15, GM_COLCHECK_AABB, 1, 0, NULL },
    [SPR_sLushUp3] = { "sLushUp3", 16, 16, 0, 0, 0, 0, 15, 15, GM_COLCHECK_AABB, 1, 0, NULL },
    [SPR_sLvl] = { "sLvl", 16, 16, 0, 0, 0, 0, 15, 15, GM_COLCHECK_PRECISE, 1, 1, s_mask_sLvl },
    [SPR_sMacheteLeft] = { "sMacheteLeft", 16, 12, 8, 6, 0, 4, 15, 8, GM_COLCHECK_PRECISE, 1, 1, s_mask_sMacheteLeft },
    [SPR_sMachetePreL] = { "sMachetePreL", 16, 16, 8, 8, 0, 0, 6, 8, GM_COLCHECK_PRECISE, 1, 1, s_mask_sMachetePreL },
    [SPR_sMachetePreR] = { "sMachetePreR", 16, 16, 8, 8, 9, 0, 15, 8, GM_COLCHECK_PRECISE, 1, 1, s_mask_sMachetePreR },
    [SPR_sMacheteRight] = { "sMacheteRight", 16, 12, 8, 6, 0, 4, 15, 8, GM_COLCHECK_PRECISE, 1, 1, s_mask_sMacheteRight },
    [SPR_sMacheteTile] = { "sMacheteTile", 16, 16, 0, 0, 0, 8, 15, 12, GM_COLCHECK_PRECISE, 1, 1, s_mask_sMacheteTile },
    [SPR_sMagma] = { "sMagma", 16, 16, 8, 8, 2, 3, 12, 13, GM_COLCHECK_PRECISE, 4, 4, s_mask_sMagma },
    [SPR_sMagmaManCreate] = { "sMagmaManCreate", 16, 16, 8, 8, 0, 0, 15, 15, GM_COLCHECK_PRECISE, 7, 7, s_mask_sMagmaManCreate },
    [SPR_sMagmaManDie] = { "sMagmaManDie", 16, 16, 0, 0, 0, 0, 15, 15, GM_COLCHECK_AABB, 13, 0, NULL },
    [SPR_sMagmaManLeft] = { "sMagmaManLeft", 16, 16, 0, 0, 1, 0, 14, 15, GM_COLCHECK_AABB, 4, 0, NULL },
    [SPR_sMagmaManWalkL] = { "sMagmaManWalkL", 16, 16, 0, 0, 0, 0, 14, 15, GM_COLCHECK_AABB, 6, 0, NULL },
    [SPR_sMagmaTrail] = { "sMagmaTrail", 16, 16, 8, 8, 4, 4, 11, 11, GM_COLCHECK_PRECISE, 5, 5, s_mask_sMagmaTrail },
    [SPR_sManTrapEatCavemanL] = { "sManTrapEatCavemanL", 32, 32, 8, 16, 0, 2, 24, 31, GM_COLCHECK_AABB, 14, 0, NULL },
    [SPR_sManTrapEatDamselL] = { "sManTrapEatDamselL", 32, 32, 8, 16, 0, 0, 24, 31, GM_COLCHECK_AABB, 14, 0, NULL },
    [SPR_sManTrapEatL] = { "sManTrapEatL", 32, 32, 8, 16, 0, 2, 24, 31, GM_COLCHECK_AABB, 14, 0, NULL },
    [SPR_sManTrapEatShopkeeperL] = { "sManTrapEatShopkeeperL", 32, 32, 8, 16, 0, 2, 24, 31, GM_COLCHECK_PRECISE, 14, 14, s_mask_sManTrapEatShopkeeperL },
    [SPR_sManTrapEatTunnelL] = { "sManTrapEatTunnelL", 32, 32, 8, 16, 0, 2, 24, 31, GM_COLCHECK_PRECISE, 14, 14, s_mask_sManTrapEatTunnelL },
    [SPR_sManTrapLeft] = { "sManTrapLeft", 16, 16, 0, 0, 0, 0, 15, 15, GM_COLCHECK_AABB, 4, 0, NULL },
    [SPR_sManTrapSleepL] = { "sManTrapSleepL", 16, 16, 0, 0, 0, 0, 15, 15, GM_COLCHECK_AABB, 16, 0, NULL },
    [SPR_sManTrapStunL] = { "sManTrapStunL", 16, 16, 0, 0, 0, 0, 15, 15, GM_COLCHECK_AABB, 5, 0, NULL },
    [SPR_sManTrapTemp] = { "sManTrapTemp", 32, 32, 8, 16, 4, 11, 24, 31, GM_COLCHECK_PRECISE, 11, 11, s_mask_sManTrapTemp },
    [SPR_sMattockHead] = { "sMattockHead", 16, 8, 8, 4, 2, 2, 13, 7, GM_COLCHECK_PRECISE, 1, 1, s_mask_sMattockHead },
    [SPR_sMattockHitL] = { "sMattockHitL", 16, 16, 8, 8, 5, 2, 15, 15, GM_COLCHECK_PRECISE, 3, 3, s_mask_sMattockHitL },
    [SPR_sMattockHitR] = { "sMattockHitR", 16, 16, 8, 8, 0, 2, 10, 15, GM_COLCHECK_PRECISE, 3, 3, s_mask_sMattockHitR },
    [SPR_sMattockLeft] = { "sMattockLeft", 16, 12, 8, 6, 1, 0, 14, 11, GM_COLCHECK_PRECISE, 1, 1, s_mask_sMattockLeft },
    [SPR_sMattockPreL] = { "sMattockPreL", 16, 16, 8, 8, 0, 0, 10, 11, GM_COLCHECK_PRECISE, 1, 1, s_mask_sMattockPreL },
    [SPR_sMattockPreR] = { "sMattockPreR", 16, 16, 8, 8, 5, 0, 15, 11, GM_COLCHECK_PRECISE, 1, 1, s_mask_sMattockPreR },
    [SPR_sMattockRight] = { "sMattockRight", 16, 12, 8, 6, 1, 0, 14, 11, GM_COLCHECK_PRECISE, 1, 1, s_mask_sMattockRight },
    [SPR_sMattockTile] = { "sMattockTile", 16, 16, 0, 0, 1, 4, 14, 15, GM_COLCHECK_PRECISE, 1, 1, s_mask_sMattockTile },
    [SPR_sMegaMouth] = { "sMegaMouth", 64, 32, 8, 8, 2, 1, 57, 30, GM_COLCHECK_PRECISE, 1, 1, s_mask_sMegaMouth },
    [SPR_sMegaMouthTile] = { "sMegaMouthTile", 64, 32, 0, 0, 0, 0, 63, 31, GM_COLCHECK_PRECISE, 1, 1, s_mask_sMegaMouthTile },
    [SPR_sMenuBottom] = { "sMenuBottom", 16, 16, 0, 0, 0, 0, 15, 3, GM_COLCHECK_PRECISE, 1, 1, s_mask_sMenuBottom },
    [SPR_sMenuLeft] = { "sMenuLeft", 16, 16, 0, 0, 0, 0, 15, 15, GM_COLCHECK_PRECISE, 1, 1, s_mask_sMenuLeft },
    [SPR_sMenuLL] = { "sMenuLL", 16, 16, 0, 0, 0, 0, 15, 3, GM_COLCHECK_PRECISE, 1, 1, s_mask_sMenuLL },
    [SPR_sMenuLR] = { "sMenuLR", 16, 16, 0, 0, 0, 0, 15, 3, GM_COLCHECK_PRECISE, 1, 1, s_mask_sMenuLR },
    [SPR_sMenuRight] = { "sMenuRight", 16, 16, 0, 0, 0, 0, 15, 15, GM_COLCHECK_PRECISE, 1, 1, s_mask_sMenuRight },
    [SPR_sMenuSelOff] = { "sMenuSelOff", 208, 8, 0, 0, 0, 0, 207, 7, GM_COLCHECK_PRECISE, 1, 1, s_mask_sMenuSelOff },
    [SPR_sMenuSelOn] = { "sMenuSelOn", 208, 8, 0, 0, 0, 0, 207, 7, GM_COLCHECK_PRECISE, 1, 1, s_mask_sMenuSelOn },
    [SPR_sMenuTop] = { "sMenuTop", 16, 17, 0, 0, 0, 5, 15, 15, GM_COLCHECK_PRECISE, 1, 1, s_mask_sMenuTop },
    [SPR_sMenuUL] = { "sMenuUL", 16, 17, 0, 0, 0, 5, 15, 15, GM_COLCHECK_PRECISE, 1, 1, s_mask_sMenuUL },
    [SPR_sMenuUR] = { "sMenuUR", 16, 17, 0, 0, 0, 5, 15, 15, GM_COLCHECK_PRECISE, 1, 1, s_mask_sMenuUR },
    [SPR_sMetalBlock] = { "sMetalBlock", 16, 16, 0, 0, 0, 0, 15, 15, GM_COLCHECK_AABB, 1, 0, NULL },
    [SPR_sMetalDoor] = { "sMetalDoor", 16, 16, 0, 0, 0, 0, 15, 15, GM_COLCHECK_AABB, 1, 0, NULL },
    [SPR_sMitt] = { "sMitt", 16, 16, 8, 8, 1, 2, 14, 15, GM_COLCHECK_PRECISE, 1, 1, s_mask_sMitt },
    [SPR_sMittIcon] = { "sMittIcon", 16, 16, 0, 0, 0, 0, 15, 15, GM_COLCHECK_PRECISE, 1, 1, s_mask_sMittIcon },
    [SPR_sMittTile] = { "sMittTile", 16, 16, 0, 0, 1, 1, 14, 15, GM_COLCHECK_PRECISE, 1, 1, s_mask_sMittTile },
    [SPR_sMoai] = { "sMoai", 16, 64, 0, 0, 0, 0, 15, 63, GM_COLCHECK_AABB, 1, 0, NULL },
    [SPR_sMoai2] = { "sMoai2", 16, 16, 0, 0, 0, 0, 15, 15, GM_COLCHECK_AABB, 1, 0, NULL },
    [SPR_sMoai3] = { "sMoai3", 16, 64, 0, 0, 0, 0, 15, 63, GM_COLCHECK_AABB, 1, 0, NULL },
    [SPR_sMoaiInside] = { "sMoaiInside", 16, 48, 0, 0, 0, 0, 15, 47, GM_COLCHECK_AABB, 1, 0, NULL },
    [SPR_sMonkeyClimbL] = { "sMonkeyClimbL", 16, 16, 0, 0, 4, 1, 15, 15, GM_COLCHECK_PRECISE, 3, 3, s_mask_sMonkeyClimbL },
    [SPR_sMonkeyHangL] = { "sMonkeyHangL", 16, 16, 0, 0, 4, 1, 15, 14, GM_COLCHECK_PRECISE, 1, 1, s_mask_sMonkeyHangL },
    [SPR_sMonkeyJumpL] = { "sMonkeyJumpL", 16, 16, 0, 0, 3, 1, 14, 14, GM_COLCHECK_PRECISE, 1, 1, s_mask_sMonkeyJumpL },
    [SPR_sMonkeyLeft] = { "sMonkeyLeft", 16, 16, 0, 0, 2, 4, 14, 15, GM_COLCHECK_PRECISE, 1, 1, s_mask_sMonkeyLeft },
    [SPR_sMonkeyWalkL] = { "sMonkeyWalkL", 16, 16, 0, 0, 2, 2, 14, 15, GM_COLCHECK_PRECISE, 6, 6, s_mask_sMonkeyWalkL },
    [SPR_sMoon] = { "sMoon", 96, 96, 0, 0, 0, 2, 95, 93, GM_COLCHECK_PRECISE, 1, 1, s_mask_sMoon },
    [SPR_sMoonDoor] = { "sMoonDoor", 16, 16, 0, 0, 0, 0, 15, 15, GM_COLCHECK_PRECISE, 1, 1, s_mask_sMoonDoor },
    [SPR_sMsgSign] = { "sMsgSign", 16, 16, 0, 0, 0, 0, 15, 15, GM_COLCHECK_PRECISE, 1, 1, s_mask_sMsgSign },
    [SPR_sMultiGold] = { "sMultiGold", 16, 16, 0, 0, 1, 1, 14, 15, GM_COLCHECK_PRECISE, 1, 1, s_mask_sMultiGold },
    [SPR_sMushroom1] = { "sMushroom1", 16, 16, 0, 0, 3, 4, 12, 15, GM_COLCHECK_PRECISE, 1, 1, s_mask_sMushroom1 },
    [SPR_sMushroom2] = { "sMushroom2", 16, 16, 0, 0, 2, 3, 13, 15, GM_COLCHECK_PRECISE, 1, 1, s_mask_sMushroom2 },
    [SPR_sMushroom3] = { "sMushroom3", 16, 16, 0, 0, 3, 3, 12, 15, GM_COLCHECK_PRECISE, 1, 1, s_mask_sMushroom3 },
    [SPR_sMushroom4] = { "sMushroom4", 16, 16, 0, 0, 3, 2, 12, 15, GM_COLCHECK_PRECISE, 1, 1, s_mask_sMushroom4 },
    [SPR_sMushroom5] = { "sMushroom5", 16, 16, 0, 0, 3, 3, 12, 15, GM_COLCHECK_PRECISE, 1, 1, s_mask_sMushroom5 },
    [SPR_sMushroom6] = { "sMushroom6", 16, 16, 0, 0, 2, 4, 13, 15, GM_COLCHECK_PRECISE, 1, 1, s_mask_sMushroom6 },
    [SPR_sMushroom7] = { "sMushroom7", 16, 16, 0, 0, 3, 1, 12, 15, GM_COLCHECK_PRECISE, 1, 1, s_mask_sMushroom7 },
    [SPR_sMushroom8] = { "sMushroom8", 16, 16, 0, 0, 3, 3, 12, 15, GM_COLCHECK_PRECISE, 1, 1, s_mask_sMushroom8 },
    [SPR_sNew] = { "sNew", 16, 8, 0, 0, 0, 0, 15, 6, GM_COLCHECK_PRECISE, 1, 1, s_mask_sNew },
    [SPR_sNewButton] = { "sNewButton", 32, 16, 0, 0, 0, 0, 31, 15, GM_COLCHECK_PRECISE, 1, 1, s_mask_sNewButton },
    [SPR_sNewButtonPressed] = { "sNewButtonPressed", 32, 16, 0, 0, 0, 0, 31, 15, GM_COLCHECK_PRECISE, 1, 1, s_mask_sNewButtonPressed },
    [SPR_sNinjaSuit] = { "sNinjaSuit", 16, 16, 8, 8, 1, 0, 14, 15, GM_COLCHECK_PRECISE, 1, 1, s_mask_sNinjaSuit },
    [SPR_sOKButton] = { "sOKButton", 24, 16, 0, 0, 0, 0, 23, 15, GM_COLCHECK_PRECISE, 1, 1, s_mask_sOKButton },
    [SPR_sOKButtonPressed] = { "sOKButtonPressed", 24, 16, 0, 0, 0, 0, 23, 15, GM_COLCHECK_PRECISE, 1, 1, s_mask_sOKButtonPressed },
    [SPR_sOlmec] = { "sOlmec", 64, 64, 0, 0, 0, 0, 63, 63, GM_COLCHECK_PRECISE, 1, 1, s_mask_sOlmec },
    [SPR_sOlmecDebris] = { "sOlmecDebris", 12, 12, 6, 6, 2, 2, 9, 9, GM_COLCHECK_PRECISE, 4, 4, s_mask_sOlmecDebris },
    [SPR_sOlmecDebris2] = { "sOlmecDebris2", 12, 12, 6, 6, 2, 2, 9, 9, GM_COLCHECK_PRECISE, 4, 4, s_mask_sOlmecDebris2 },
    [SPR_sOlmecDebris3] = { "sOlmecDebris3", 12, 12, 6, 6, 2, 2, 9, 9, GM_COLCHECK_PRECISE, 4, 4, s_mask_sOlmecDebris3 },
    [SPR_sOlmecSlam] = { "sOlmecSlam", 64, 8, 0, 0, 2, 0, 60, 7, GM_COLCHECK_AABB, 1, 0, NULL },
    [SPR_sOlmecStart1] = { "sOlmecStart1", 64, 64, 0, 0, 0, 0, 63, 63, GM_COLCHECK_PRECISE, 1, 1, s_mask_sOlmecStart1 },
    [SPR_sOlmecStart2] = { "sOlmecStart2", 64, 64, 0, 0, 0, 0, 63, 63, GM_COLCHECK_PRECISE, 1, 1, s_mask_sOlmecStart2 },
    [SPR_sOlmecStart3] = { "sOlmecStart3", 64, 64, 0, 0, 0, 0, 63, 63, GM_COLCHECK_PRECISE, 1, 1, s_mask_sOlmecStart3 },
    [SPR_sPageDown] = { "sPageDown", 8, 8, 0, 0, 1, 1, 7, 7, GM_COLCHECK_PRECISE, 1, 1, s_mask_sPageDown },
    [SPR_sPageUp] = { "sPageUp", 8, 8, 0, 0, 1, 0, 7, 6, GM_COLCHECK_PRECISE, 1, 1, s_mask_sPageUp },
    [SPR_sPalmTree] = { "sPalmTree", 32, 128, 0, 0, 0, 3, 31, 127, GM_COLCHECK_PRECISE, 1, 1, s_mask_sPalmTree },
    [SPR_sPalmTreeDark] = { "sPalmTreeDark", 32, 128, 0, 0, 0, 3, 31, 127, GM_COLCHECK_PRECISE, 1, 1, s_mask_sPalmTreeDark },
    [SPR_sParachute] = { "sParachute", 16, 16, 0, 0, 1, 0, 14, 15, GM_COLCHECK_PRECISE, 1, 1, s_mask_sParachute },
    [SPR_sParachuteIcon] = { "sParachuteIcon", 16, 16, 0, 0, 0, 0, 15, 15, GM_COLCHECK_PRECISE, 1, 1, s_mask_sParachuteIcon },
    [SPR_sParachuteTile] = { "sParachuteTile", 16, 16, 0, 0, 2, 4, 14, 15, GM_COLCHECK_PRECISE, 1, 1, s_mask_sParachuteTile },
    [SPR_sParaOpen] = { "sParaOpen", 16, 16, 0, 0, 1, 0, 14, 15, GM_COLCHECK_PRECISE, 5, 5, s_mask_sParaOpen },
    [SPR_sParaPickup] = { "sParaPickup", 16, 12, 8, 6, 2, 0, 14, 11, GM_COLCHECK_PRECISE, 1, 1, s_mask_sParaPickup },
    [SPR_sParaUsed] = { "sParaUsed", 16, 16, 0, 0, 0, 10, 15, 15, GM_COLCHECK_PRECISE, 1, 1, s_mask_sParaUsed },
    [SPR_sPaste] = { "sPaste", 16, 12, 8, 6, 2, 0, 13, 11, GM_COLCHECK_PRECISE, 1, 1, s_mask_sPaste },
    [SPR_sPExit] = { "sPExit", 16, 16, 8, 8, 1, 0, 14, 15, GM_COLCHECK_AABB, 16, 0, NULL },
    [SPR_sPiranhaLeft] = { "sPiranhaLeft", 8, 8, 0, 0, 0, 0, 7, 7, GM_COLCHECK_AABB, 3, 0, NULL },
    [SPR_sPiranhaLeftIco] = { "sPiranhaLeftIco", 16, 16, 0, 0, 4, 4, 11, 11, GM_COLCHECK_AABB, 1, 0, NULL },
    [SPR_sPiranhaRight] = { "sPiranhaRight", 8, 8, 0, 0, 0, 0, 7, 7, GM_COLCHECK_AABB, 3, 0, NULL },
    [SPR_sPiranhaTile] = { "sPiranhaTile", 16, 16, 0, 0, 0, 0, 15, 15, GM_COLCHECK_AABB, 1, 0, NULL },
    [SPR_sPistolLeft] = { "sPistolLeft", 16, 8, 8, 4, 4, 1, 12, 6, GM_COLCHECK_PRECISE, 1, 1, s_mask_sPistolLeft },
    [SPR_sPistolRight] = { "sPistolRight", 16, 8, 8, 4, 3, 1, 11, 6, GM_COLCHECK_PRECISE, 1, 1, s_mask_sPistolRight },
    [SPR_sPistolTile] = { "sPistolTile", 16, 16, 0, 0, 3, 9, 11, 14, GM_COLCHECK_PRECISE, 1, 1, s_mask_sPistolTile },
    [SPR_sPKissL] = { "sPKissL", 16, 16, 8, 8, 0, 0, 14, 15, GM_COLCHECK_AABB, 10, 0, NULL },
    [SPR_sPKissR] = { "sPKissR", 16, 16, 8, 8, 1, 0, 15, 15, GM_COLCHECK_AABB, 10, 0, NULL },
    [SPR_sPlayerSil] = { "sPlayerSil", 8, 8, 0, 0, 0, 0, 7, 7, GM_COLCHECK_PRECISE, 8, 8, s_mask_sPlayerSil },
    [SPR_sPoof] = { "sPoof", 8, 8, 4, 4, 0, 0, 7, 6, GM_COLCHECK_PRECISE, 6, 6, s_mask_sPoof },
    [SPR_sprite1112] = { "sprite1112", 480, 240, 0, 0, 0, 0, 479, 239, GM_COLCHECK_PRECISE, 1, 1, s_mask_sprite1112 },
    [SPR_sprite624] = { "sprite624", 16, 16, 0, 0, 1, 1, 14, 15, GM_COLCHECK_AABB, 3, 0, NULL },
    [SPR_sprite625] = { "sprite625", 16, 16, 0, 0, 0, 1, 15, 13, GM_COLCHECK_AABB, 1, 0, NULL },
    [SPR_sprite818] = { "sprite818", 32, 32, 0, 0, 0, 0, 0, 0, GM_COLCHECK_AABB, 0, 0, NULL },
    [SPR_sPsychicCreate] = { "sPsychicCreate", 16, 16, 8, 8, 5, 5, 10, 10, GM_COLCHECK_PRECISE, 6, 6, s_mask_sPsychicCreate },
    [SPR_sPsychicWave] = { "sPsychicWave", 16, 16, 8, 8, 1, 1, 14, 14, GM_COLCHECK_PRECISE, 17, 17, s_mask_sPsychicWave },
    [SPR_sPsychicWaveP] = { "sPsychicWaveP", 16, 16, 8, 8, 1, 1, 14, 14, GM_COLCHECK_PRECISE, 25, 25, s_mask_sPsychicWaveP },
    [SPR_sPushLeft] = { "sPushLeft", 16, 16, 8, 8, 2, 0, 15, 15, GM_COLCHECK_AABB, 7, 0, NULL },
    [SPR_sQuitSign] = { "sQuitSign", 32, 16, 0, 0, 0, 0, 31, 15, GM_COLCHECK_AABB, 1, 0, NULL },
    [SPR_sRed] = { "sRed", 16, 16, 0, 0, 0, 1, 15, 14, GM_COLCHECK_PRECISE, 1, 1, s_mask_sRed },
    [SPR_sRedArrowDown] = { "sRedArrowDown", 16, 16, 8, 8, 0, 3, 15, 15, GM_COLCHECK_PRECISE, 1, 1, s_mask_sRedArrowDown },
    [SPR_sResetSign] = { "sResetSign", 48, 16, 0, 0, 0, 0, 47, 15, GM_COLCHECK_AABB, 1, 0, NULL },
    [SPR_sRim] = { "sRim", 16, 16, 0, 0, 0, 0, 15, 3, GM_COLCHECK_AABB, 1, 0, NULL },
    [SPR_sRimDeflect] = { "sRimDeflect", 16, 16, 0, 0, 0, 0, 15, 3, GM_COLCHECK_PRECISE, 1, 1, s_mask_sRimDeflect },
    [SPR_sRock] = { "sRock", 8, 8, 4, 4, 1, 1, 7, 7, GM_COLCHECK_PRECISE, 1, 1, s_mask_sRock },
    [SPR_sRockTile] = { "sRockTile", 16, 16, 0, 0, 5, 9, 11, 15, GM_COLCHECK_PRECISE, 1, 1, s_mask_sRockTile },
    [SPR_sRoom] = { "sRoom", 160, 128, 0, 0, 2, 2, 157, 125, GM_COLCHECK_PRECISE, 1, 1, s_mask_sRoom },
    [SPR_sRope] = { "sRope", 16, 8, 4, 4, 10, 0, 13, 7, GM_COLCHECK_AABB, 1, 0, NULL },
    [SPR_sRopeEnd] = { "sRopeEnd", 8, 8, 4, 4, 0, 0, 7, 7, GM_COLCHECK_PRECISE, 1, 1, s_mask_sRopeEnd },
    [SPR_sRopeGet] = { "sRopeGet", 24, 16, 4, 0, 0, 3, 22, 12, GM_COLCHECK_PRECISE, 2, 2, s_mask_sRopeGet },
    [SPR_sRopeIcon] = { "sRopeIcon", 16, 16, 0, 0, 1, 0, 13, 14, GM_COLCHECK_PRECISE, 1, 1, s_mask_sRopeIcon },
    [SPR_sRopePile] = { "sRopePile", 16, 10, 8, 5, 2, 1, 13, 9, GM_COLCHECK_PRECISE, 1, 1, s_mask_sRopePile },
    [SPR_sRopePileTile] = { "sRopePileTile", 16, 16, 0, 0, 2, 7, 13, 15, GM_COLCHECK_PRECISE, 1, 1, s_mask_sRopePileTile },
    [SPR_sRopeTop] = { "sRopeTop", 8, 8, 4, 4, 0, 0, 7, 7, GM_COLCHECK_PRECISE, 1, 1, s_mask_sRopeTop },
    [SPR_sRubble] = { "sRubble", 8, 8, 4, 4, 1, 1, 6, 6, GM_COLCHECK_PRECISE, 1, 1, s_mask_sRubble },
    [SPR_sRubbleDark] = { "sRubbleDark", 8, 8, 4, 4, 1, 1, 6, 6, GM_COLCHECK_PRECISE, 1, 1, s_mask_sRubbleDark },
    [SPR_sRubbleDarkSmall] = { "sRubbleDarkSmall", 4, 4, 4, 4, 0, 0, 3, 3, GM_COLCHECK_PRECISE, 1, 1, s_mask_sRubbleDarkSmall },
    [SPR_sRubbleLush] = { "sRubbleLush", 8, 8, 4, 4, 1, 1, 6, 6, GM_COLCHECK_PRECISE, 1, 1, s_mask_sRubbleLush },
    [SPR_sRubbleLushSmall] = { "sRubbleLushSmall", 4, 4, 4, 4, 0, 0, 3, 3, GM_COLCHECK_PRECISE, 1, 1, s_mask_sRubbleLushSmall },
    [SPR_sRubbleSmall] = { "sRubbleSmall", 4, 4, 4, 4, 0, 0, 3, 3, GM_COLCHECK_PRECISE, 1, 1, s_mask_sRubbleSmall },
    [SPR_sRubbleTan] = { "sRubbleTan", 8, 8, 4, 4, 1, 1, 6, 6, GM_COLCHECK_PRECISE, 1, 1, s_mask_sRubbleTan },
    [SPR_sRubbleTanSmall] = { "sRubbleTanSmall", 4, 4, 4, 4, 0, 0, 3, 3, GM_COLCHECK_PRECISE, 1, 1, s_mask_sRubbleTanSmall },
    [SPR_sRuby] = { "sRuby", 4, 4, 2, 2, 0, 0, 3, 3, GM_COLCHECK_AABB, 1, 0, NULL },
    [SPR_sRubyBig] = { "sRubyBig", 8, 8, 4, 4, 0, 0, 7, 7, GM_COLCHECK_AABB, 1, 0, NULL },
    [SPR_sRubyBigTile] = { "sRubyBigTile", 16, 16, 0, 0, 4, 8, 11, 15, GM_COLCHECK_AABB, 1, 0, NULL },
    [SPR_sRunLeft] = { "sRunLeft", 16, 16, 8, 8, 1, 0, 14, 15, GM_COLCHECK_AABB, 6, 0, NULL },
    [SPR_sSacAltar] = { "sSacAltar", 32, 16, 0, 0, 0, 0, 31, 15, GM_COLCHECK_AABB, 2, 0, NULL },
    [SPR_sSacAltarLeft] = { "sSacAltarLeft", 16, 16, 0, 0, 0, 0, 15, 15, GM_COLCHECK_AABB, 1, 0, NULL },
    [SPR_sSacAltarRight] = { "sSacAltarRight", 16, 16, 0, 0, 0, 0, 15, 15, GM_COLCHECK_AABB, 1, 0, NULL },
    [SPR_sSapphire] = { "sSapphire", 4, 4, 2, 2, 0, 0, 3, 3, GM_COLCHECK_AABB, 1, 0, NULL },
    [SPR_sSapphireBig] = { "sSapphireBig", 8, 8, 4, 4, 0, 0, 7, 7, GM_COLCHECK_AABB, 1, 0, NULL },
    [SPR_sSapphireBigTile] = { "sSapphireBigTile", 16, 16, 0, 0, 4, 8, 11, 15, GM_COLCHECK_AABB, 1, 0, NULL },
    [SPR_sScarab] = { "sScarab", 16, 16, 0, 0, 1, 2, 13, 12, GM_COLCHECK_AABB, 3, 0, NULL },
    [SPR_sScarabDisp] = { "sScarabDisp", 16, 16, 8, 8, 1, 2, 13, 12, GM_COLCHECK_AABB, 3, 0, NULL },
    [SPR_sSceptreLeft] = { "sSceptreLeft", 16, 12, 8, 6, 0, 1, 15, 10, GM_COLCHECK_PRECISE, 1, 1, s_mask_sSceptreLeft },
    [SPR_sSceptreRight] = { "sSceptreRight", 16, 12, 8, 6, 0, 1, 15, 10, GM_COLCHECK_PRECISE, 1, 1, s_mask_sSceptreRight },
    [SPR_sScoresSign] = { "sScoresSign", 48, 32, 0, 0, 1, 0, 46, 31, GM_COLCHECK_PRECISE, 1, 1, s_mask_sScoresSign },
    [SPR_sShopBounceL] = { "sShopBounceL", 16, 16, 0, 0, 0, 2, 15, 14, GM_COLCHECK_AABB, 1, 0, NULL },
    [SPR_sShopDHeldL] = { "sShopDHeldL", 16, 16, 0, 0, 0, 3, 15, 15, GM_COLCHECK_AABB, 1, 0, NULL },
    [SPR_sShopDieL] = { "sShopDieL", 16, 16, 0, 0, 0, 9, 15, 15, GM_COLCHECK_AABB, 1, 0, NULL },
    [SPR_sShopDieLL] = { "sShopDieLL", 16, 16, 0, 0, 2, 0, 14, 14, GM_COLCHECK_AABB, 1, 0, NULL },
    [SPR_sShopDieLR] = { "sShopDieLR", 16, 16, 0, 0, 1, 0, 14, 15, GM_COLCHECK_AABB, 1, 0, NULL },
    [SPR_sShopFallL] = { "sShopFallL", 16, 16, 0, 0, 0, 2, 15, 13, GM_COLCHECK_AABB, 1, 0, NULL },
    [SPR_sShopHeldL] = { "sShopHeldL", 16, 16, 0, 0, 0, 0, 15, 15, GM_COLCHECK_AABB, 6, 0, NULL },
    [SPR_sShopkeeperIcon] = { "sShopkeeperIcon", 16, 16, 0, 0, 1, 0, 14, 15, GM_COLCHECK_PRECISE, 1, 1, s_mask_sShopkeeperIcon },
    [SPR_sShopLeft] = { "sShopLeft", 16, 16, 0, 0, 2, 1, 13, 15, GM_COLCHECK_AABB, 1, 0, NULL },
    [SPR_sShopLeftIco] = { "sShopLeftIco", 16, 16, 0, 0, 2, 1, 13, 15, GM_COLCHECK_AABB, 1, 0, NULL },
    [SPR_sShopRunLeft] = { "sShopRunLeft", 16, 16, 0, 0, 0, 0, 15, 15, GM_COLCHECK_AABB, 6, 0, NULL },
    [SPR_sShopStunL] = { "sShopStunL", 16, 16, 0, 0, 0, 0, 15, 15, GM_COLCHECK_AABB, 6, 0, NULL },
    [SPR_sShopThrowL] = { "sShopThrowL", 24, 16, 4, 0, 4, 0, 22, 15, GM_COLCHECK_PRECISE, 7, 7, s_mask_sShopThrowL },
    [SPR_sShotgunBlastLeft] = { "sShotgunBlastLeft", 16, 16, 8, 8, 0, 2, 14, 13, GM_COLCHECK_PRECISE, 10, 10, s_mask_sShotgunBlastLeft },
    [SPR_sShotgunBlastRight] = { "sShotgunBlastRight", 16, 16, 8, 8, 1, 2, 15, 13, GM_COLCHECK_PRECISE, 10, 10, s_mask_sShotgunBlastRight },
    [SPR_sShotgunLeft] = { "sShotgunLeft", 16, 8, 8, 4, 1, 1, 13, 7, GM_COLCHECK_PRECISE, 1, 1, s_mask_sShotgunLeft },
    [SPR_sShotgunRight] = { "sShotgunRight", 16, 8, 8, 4, 2, 1, 14, 7, GM_COLCHECK_PRECISE, 1, 1, s_mask_sShotgunRight },
    [SPR_sShotgunTile] = { "sShotgunTile", 16, 16, 0, 0, 2, 9, 14, 15, GM_COLCHECK_PRECISE, 1, 1, s_mask_sShotgunTile },
    [SPR_sShrub] = { "sShrub", 16, 16, 0, 0, 0, 1, 15, 15, GM_COLCHECK_PRECISE, 1, 1, s_mask_sShrub },
    [SPR_sShrubDark] = { "sShrubDark", 16, 16, 0, 0, 0, 1, 15, 15, GM_COLCHECK_PRECISE, 1, 1, s_mask_sShrubDark },
    [SPR_sSight] = { "sSight", 16, 16, 0, 0, 0, 0, 15, 15, GM_COLCHECK_AABB, 1, 0, NULL },
    [SPR_sSign] = { "sSign", 16, 16, 0, 0, 0, 0, 15, 15, GM_COLCHECK_AABB, 1, 0, NULL },
    [SPR_sSignBomb] = { "sSignBomb", 16, 16, 0, 0, 0, 0, 15, 15, GM_COLCHECK_AABB, 1, 0, NULL },
    [SPR_sSignClothing] = { "sSignClothing", 16, 16, 0, 0, 0, 0, 15, 15, GM_COLCHECK_AABB, 1, 0, NULL },
    [SPR_sSignCraps] = { "sSignCraps", 16, 16, 0, 0, 0, 0, 15, 15, GM_COLCHECK_AABB, 1, 0, NULL },
    [SPR_sSignGeneral] = { "sSignGeneral", 16, 16, 0, 0, 0, 0, 15, 15, GM_COLCHECK_AABB, 1, 0, NULL },
    [SPR_sSignKissing] = { "sSignKissing", 16, 16, 0, 0, 0, 0, 15, 15, GM_COLCHECK_AABB, 1, 0, NULL },
    [SPR_sSignRare] = { "sSignRare", 16, 16, 0, 0, 0, 0, 15, 15, GM_COLCHECK_AABB, 1, 0, NULL },
    [SPR_sSignWeapon] = { "sSignWeapon", 16, 16, 0, 0, 0, 0, 15, 15, GM_COLCHECK_AABB, 1, 0, NULL },
    [SPR_sSilverTrophy] = { "sSilverTrophy", 16, 16, 0, 0, 3, 1, 12, 15, GM_COLCHECK_PRECISE, 1, 1, s_mask_sSilverTrophy },
    [SPR_sSkeletonCreateL] = { "sSkeletonCreateL", 16, 16, 0, 0, 1, 0, 15, 15, GM_COLCHECK_AABB, 6, 0, NULL },
    [SPR_sSkeletonCreateR] = { "sSkeletonCreateR", 16, 16, 0, 0, 0, 0, 15, 15, GM_COLCHECK_AABB, 6, 0, NULL },
    [SPR_sSkeletonLeft] = { "sSkeletonLeft", 16, 16, 0, 0, 2, 0, 12, 15, GM_COLCHECK_AABB, 1, 0, NULL },
    [SPR_sSkeletonWalkLeft] = { "sSkeletonWalkLeft", 16, 16, 0, 0, 1, 0, 12, 15, GM_COLCHECK_AABB, 5, 0, NULL },
    [SPR_sSkull] = { "sSkull", 8, 8, 4, 4, 0, 1, 7, 7, GM_COLCHECK_PRECISE, 1, 1, s_mask_sSkull },
    [SPR_sSkullBlock] = { "sSkullBlock", 16, 16, 0, 0, 0, 0, 15, 15, GM_COLCHECK_AABB, 1, 0, NULL },
    [SPR_sSlashLeft] = { "sSlashLeft", 32, 32, 4, 24, 1, 4, 29, 27, GM_COLCHECK_PRECISE, 3, 3, s_mask_sSlashLeft },
    [SPR_sSlashRight] = { "sSlashRight", 32, 32, 28, 24, 2, 4, 30, 27, GM_COLCHECK_PRECISE, 3, 3, s_mask_sSlashRight },
    [SPR_sSlider] = { "sSlider", 8, 8, 0, 0, 2, 0, 5, 7, GM_COLCHECK_AABB, 1, 0, NULL },
    [SPR_sSliderBG] = { "sSliderBG", 144, 8, 0, 0, 0, 0, 143, 7, GM_COLCHECK_AABB, 1, 0, NULL },
    [SPR_sSmallCollect] = { "sSmallCollect", 8, 10, 4, 4, 1, 0, 6, 9, GM_COLCHECK_PRECISE, 20, 20, s_mask_sSmallCollect },
    [SPR_sSmashTrap] = { "sSmashTrap", 16, 16, 0, 0, 0, 0, 15, 15, GM_COLCHECK_AABB, 1, 0, NULL },
    [SPR_sSmashTrapLit] = { "sSmashTrapLit", 16, 16, 0, 0, 0, 0, 15, 15, GM_COLCHECK_AABB, 5, 0, NULL },
    [SPR_sSmokePuff] = { "sSmokePuff", 8, 8, 4, 4, 0, 0, 7, 7, GM_COLCHECK_PRECISE, 8, 8, s_mask_sSmokePuff },
    [SPR_sSmoochHeart] = { "sSmoochHeart", 16, 16, 8, 8, 2, 3, 12, 13, GM_COLCHECK_PRECISE, 2, 2, s_mask_sSmoochHeart },
    [SPR_sSnakeLeft] = { "sSnakeLeft", 16, 16, 0, 0, 1, 4, 14, 15, GM_COLCHECK_AABB, 1, 0, NULL },
    [SPR_sSnakeWalkL] = { "sSnakeWalkL", 16, 16, 0, 0, 0, 3, 15, 15, GM_COLCHECK_AABB, 4, 0, NULL },
    [SPR_sSpearsLeft] = { "sSpearsLeft", 16, 16, 0, 0, 7, 0, 15, 14, GM_COLCHECK_AABB, 31, 0, NULL },
    [SPR_sSpearsRight] = { "sSpearsRight", 16, 16, 0, 0, 0, 0, 8, 14, GM_COLCHECK_AABB, 31, 0, NULL },
    [SPR_sSpearTrap1] = { "sSpearTrap1", 16, 16, 0, 0, 0, 0, 15, 15, GM_COLCHECK_AABB, 1, 0, NULL },
    [SPR_sSpearTrap2] = { "sSpearTrap2", 16, 16, 0, 0, 0, 0, 15, 15, GM_COLCHECK_AABB, 1, 0, NULL },
    [SPR_sSpearTrapLit] = { "sSpearTrapLit", 16, 16, 0, 0, 0, 0, 15, 15, GM_COLCHECK_AABB, 4, 0, NULL },
    [SPR_sSpectacles] = { "sSpectacles", 16, 12, 8, 6, 0, 4, 15, 11, GM_COLCHECK_PRECISE, 1, 1, s_mask_sSpectacles },
    [SPR_sSpectaclesIcon] = { "sSpectaclesIcon", 16, 16, 0, 0, 0, 1, 15, 13, GM_COLCHECK_PRECISE, 1, 1, s_mask_sSpectaclesIcon },
    [SPR_sSpectaclesTile] = { "sSpectaclesTile", 16, 16, 0, 0, 0, 8, 15, 15, GM_COLCHECK_PRECISE, 1, 1, s_mask_sSpectaclesTile },
    [SPR_sSpider] = { "sSpider", 16, 16, 0, 0, 0, 5, 15, 15, GM_COLCHECK_AABB, 4, 0, NULL },
    [SPR_sSpiderDrown] = { "sSpiderDrown", 16, 16, 0, 0, 1, 6, 14, 15, GM_COLCHECK_AABB, 1, 0, NULL },
    [SPR_sSpiderDrowning] = { "sSpiderDrowning", 16, 16, 0, 0, 0, 0, 15, 9, GM_COLCHECK_AABB, 2, 0, NULL },
    [SPR_sSpiderFlip] = { "sSpiderFlip", 16, 16, 0, 0, 0, 0, 15, 15, GM_COLCHECK_AABB, 9, 0, NULL },
    [SPR_sSpiderHang] = { "sSpiderHang", 16, 16, 0, 0, 0, 0, 15, 9, GM_COLCHECK_AABB, 1, 0, NULL },
    [SPR_sSpikes] = { "sSpikes", 16, 16, 0, 0, 0, 3, 15, 15, GM_COLCHECK_AABB, 1, 0, NULL },
    [SPR_sSpikesBlood] = { "sSpikesBlood", 16, 16, 0, 0, 0, 4, 15, 15, GM_COLCHECK_AABB, 1, 0, NULL },
    [SPR_sSpikeShoes] = { "sSpikeShoes", 16, 12, 8, 6, 1, 0, 14, 11, GM_COLCHECK_PRECISE, 1, 1, s_mask_sSpikeShoes },
    [SPR_sSpikeShoesIcon] = { "sSpikeShoesIcon", 16, 16, 0, 0, 0, 0, 15, 15, GM_COLCHECK_PRECISE, 1, 1, s_mask_sSpikeShoesIcon },
    [SPR_sSpikeShoesTile] = { "sSpikeShoesTile", 16, 16, 0, 0, 1, 4, 14, 15, GM_COLCHECK_PRECISE, 1, 1, s_mask_sSpikeShoesTile },
    [SPR_sSplash] = { "sSplash", 16, 16, 8, 8, 1, 2, 14, 15, GM_COLCHECK_AABB, 6, 0, NULL },
    [SPR_sSpringShoes] = { "sSpringShoes", 16, 12, 8, 6, 1, 0, 14, 11, GM_COLCHECK_PRECISE, 1, 1, s_mask_sSpringShoes },
    [SPR_sSpringShoesIcon] = { "sSpringShoesIcon", 16, 16, 0, 0, 1, 0, 14, 15, GM_COLCHECK_PRECISE, 1, 1, s_mask_sSpringShoesIcon },
    [SPR_sSpringShoesTile] = { "sSpringShoesTile", 16, 16, 0, 0, 1, 4, 14, 15, GM_COLCHECK_PRECISE, 1, 1, s_mask_sSpringShoesTile },
    [SPR_sSpringTrap] = { "sSpringTrap", 16, 16, 0, 0, 0, 12, 15, 15, GM_COLCHECK_AABB, 1, 0, NULL },
    [SPR_sSpringTrapSprung] = { "sSpringTrapSprung", 16, 16, 0, 0, 0, 0, 15, 15, GM_COLCHECK_AABB, 9, 0, NULL },
    [SPR_sStandLeft] = { "sStandLeft", 16, 16, 8, 8, 2, 0, 13, 15, GM_COLCHECK_AABB, 1, 0, NULL },
    [SPR_sStandLeftIco] = { "sStandLeftIco", 16, 16, 0, 0, 2, 0, 13, 15, GM_COLCHECK_AABB, 1, 0, NULL },
    [SPR_sStarDoor] = { "sStarDoor", 16, 16, 0, 0, 0, 0, 15, 15, GM_COLCHECK_PRECISE, 1, 1, s_mask_sStarDoor },
    [SPR_sStartSign] = { "sStartSign", 48, 32, 0, 0, 1, 0, 46, 31, GM_COLCHECK_PRECISE, 1, 1, s_mask_sStartSign },
    [SPR_sStickyBombIcon] = { "sStickyBombIcon", 16, 16, 0, 0, 0, 1, 14, 14, GM_COLCHECK_PRECISE, 1, 1, s_mask_sStickyBombIcon },
    [SPR_sStunL] = { "sStunL", 16, 16, 8, 8, 1, 0, 15, 15, GM_COLCHECK_AABB, 5, 0, NULL },
    [SPR_sSunDoor] = { "sSunDoor", 16, 16, 0, 0, 0, 0, 15, 15, GM_COLCHECK_PRECISE, 1, 1, s_mask_sSunDoor },
    [SPR_sTarget] = { "sTarget", 16, 32, 0, 16, 4, 2, 11, 29, GM_COLCHECK_PRECISE, 1, 1, s_mask_sTarget },
    [SPR_sTeleporter] = { "sTeleporter", 16, 16, 8, 12, 2, 1, 12, 15, GM_COLCHECK_PRECISE, 16, 16, s_mask_sTeleporter },
    [SPR_sTeleporterTile] = { "sTeleporterTile", 16, 16, 0, 0, 4, 2, 10, 15, GM_COLCHECK_PRECISE, 1, 1, s_mask_sTeleporterTile },
    [SPR_sTemple] = { "sTemple", 16, 16, 0, 0, 0, 0, 15, 15, GM_COLCHECK_AABB, 1, 0, NULL },
    [SPR_sTempleBottom] = { "sTempleBottom", 16, 16, 0, 0, 0, 0, 15, 2, GM_COLCHECK_AABB, 1, 0, NULL },
    [SPR_sTempleDown] = { "sTempleDown", 16, 16, 0, 0, 0, 0, 15, 15, GM_COLCHECK_AABB, 1, 0, NULL },
    [SPR_sTempleGold] = { "sTempleGold", 16, 16, 0, 0, 0, 0, 15, 15, GM_COLCHECK_AABB, 1, 0, NULL },
    [SPR_sTempleGoldBig] = { "sTempleGoldBig", 16, 16, 0, 0, 0, 0, 15, 15, GM_COLCHECK_AABB, 1, 0, NULL },
    [SPR_sTempleLeft] = { "sTempleLeft", 16, 16, 0, 0, 14, 0, 15, 14, GM_COLCHECK_AABB, 1, 0, NULL },
    [SPR_sTempleRight] = { "sTempleRight", 16, 16, 0, 0, 0, 0, 1, 14, GM_COLCHECK_AABB, 1, 0, NULL },
    [SPR_sTempleTop] = { "sTempleTop", 16, 17, 0, 0, 3, 13, 13, 15, GM_COLCHECK_AABB, 1, 0, NULL },
    [SPR_sTempleTop2] = { "sTempleTop2", 16, 17, 0, 0, 3, 14, 9, 15, GM_COLCHECK_AABB, 1, 0, NULL },
    [SPR_sTempleUp] = { "sTempleUp", 16, 16, 0, 0, 0, 0, 15, 15, GM_COLCHECK_AABB, 1, 0, NULL },
    [SPR_sTempleUp2] = { "sTempleUp2", 16, 16, 0, 0, 0, 0, 15, 15, GM_COLCHECK_AABB, 1, 0, NULL },
    [SPR_sTempleUp3] = { "sTempleUp3", 16, 16, 0, 0, 0, 0, 15, 15, GM_COLCHECK_AABB, 1, 0, NULL },
    [SPR_sTempleUp4] = { "sTempleUp4", 16, 16, 0, 0, 0, 0, 15, 15, GM_COLCHECK_AABB, 1, 0, NULL },
    [SPR_sTempleUp5] = { "sTempleUp5", 16, 16, 0, 0, 0, 0, 15, 15, GM_COLCHECK_AABB, 1, 0, NULL },
    [SPR_sTempleUp6] = { "sTempleUp6", 16, 16, 0, 0, 0, 0, 15, 15, GM_COLCHECK_AABB, 1, 0, NULL },
    [SPR_sTempleUp7] = { "sTempleUp7", 16, 16, 0, 0, 0, 0, 15, 15, GM_COLCHECK_AABB, 1, 0, NULL },
    [SPR_sTempleUp8] = { "sTempleUp8", 16, 16, 0, 0, 0, 0, 15, 15, GM_COLCHECK_AABB, 1, 0, NULL },
    [SPR_sTestButton] = { "sTestButton", 32, 16, 0, 0, 0, 0, 31, 15, GM_COLCHECK_PRECISE, 1, 1, s_mask_sTestButton },
    [SPR_sTestButtonPressed] = { "sTestButtonPressed", 32, 16, 0, 0, 0, 0, 31, 15, GM_COLCHECK_PRECISE, 1, 1, s_mask_sTestButtonPressed },
    [SPR_sThinIce1] = { "sThinIce1", 16, 16, 0, 0, 0, 0, 15, 8, GM_COLCHECK_AABB, 1, 0, NULL },
    [SPR_sThinIce2] = { "sThinIce2", 16, 16, 0, 0, 0, 0, 15, 8, GM_COLCHECK_AABB, 1, 0, NULL },
    [SPR_sThinIce3] = { "sThinIce3", 16, 16, 0, 0, 0, 0, 15, 8, GM_COLCHECK_AABB, 1, 0, NULL },
    [SPR_sThinIce4] = { "sThinIce4", 16, 16, 0, 0, 0, 0, 15, 6, GM_COLCHECK_AABB, 1, 0, NULL },
    [SPR_sThinIce5] = { "sThinIce5", 16, 16, 0, 0, 0, 0, 15, 5, GM_COLCHECK_AABB, 1, 0, NULL },
    [SPR_sThinIce6] = { "sThinIce6", 16, 16, 0, 0, 0, 0, 15, 4, GM_COLCHECK_AABB, 1, 0, NULL },
    [SPR_sThrowLeft] = { "sThrowLeft", 16, 16, 8, 8, 0, 0, 15, 15, GM_COLCHECK_AABB, 9, 0, NULL },
    [SPR_sThwompTrap] = { "sThwompTrap", 16, 16, 0, 0, 0, 1, 15, 15, GM_COLCHECK_AABB, 1, 0, NULL },
    [SPR_sTikiTorch] = { "sTikiTorch", 16, 32, 0, 0, 5, 0, 10, 31, GM_COLCHECK_AABB, 5, 0, NULL },
    [SPR_sTimerIcon] = { "sTimerIcon", 16, 16, 0, 0, 1, 1, 14, 14, GM_COLCHECK_PRECISE, 1, 1, s_mask_sTimerIcon },
    [SPR_sTitle] = { "sTitle", 128, 16, 0, 0, 0, 0, 127, 15, GM_COLCHECK_PRECISE, 1, 1, s_mask_sTitle },
    [SPR_sTitleBG] = { "sTitleBG", 192, 80, 0, 0, 0, 0, 190, 79, GM_COLCHECK_PRECISE, 1, 1, s_mask_sTitleBG },
    [SPR_sTombLordAttackL] = { "sTombLordAttackL", 32, 32, 0, 0, 1, 0, 27, 31, GM_COLCHECK_PRECISE, 14, 14, s_mask_sTombLordAttackL },
    [SPR_sTombLordAttackR] = { "sTombLordAttackR", 32, 32, 0, 0, 4, 0, 30, 31, GM_COLCHECK_PRECISE, 14, 14, s_mask_sTombLordAttackR },
    [SPR_sTombLordDisp] = { "sTombLordDisp", 32, 32, 8, 8, 3, 2, 25, 31, GM_COLCHECK_PRECISE, 4, 4, s_mask_sTombLordDisp },
    [SPR_sTombLordLeft] = { "sTombLordLeft", 32, 32, 0, 0, 3, 2, 25, 31, GM_COLCHECK_PRECISE, 4, 4, s_mask_sTombLordLeft },
    [SPR_sTombLordRight] = { "sTombLordRight", 32, 32, 0, 0, 6, 2, 28, 31, GM_COLCHECK_PRECISE, 4, 4, s_mask_sTombLordRight },
    [SPR_sTombLordTurnL] = { "sTombLordTurnL", 32, 32, 0, 0, 4, 2, 27, 31, GM_COLCHECK_PRECISE, 7, 7, s_mask_sTombLordTurnL },
    [SPR_sTombLordTurnR] = { "sTombLordTurnR", 32, 32, 0, 0, 4, 2, 27, 31, GM_COLCHECK_PRECISE, 7, 7, s_mask_sTombLordTurnR },
    [SPR_sTombLordWalkL] = { "sTombLordWalkL", 32, 32, 0, 0, 4, 0, 25, 31, GM_COLCHECK_PRECISE, 6, 6, s_mask_sTombLordWalkL },
    [SPR_sTombLordWalkR] = { "sTombLordWalkR", 32, 32, 0, 0, 6, 0, 27, 31, GM_COLCHECK_PRECISE, 6, 6, s_mask_sTombLordWalkR },
    [SPR_sTreasureSil] = { "sTreasureSil", 8, 8, 0, 0, 1, 0, 6, 7, GM_COLCHECK_PRECISE, 1, 1, s_mask_sTreasureSil },
    [SPR_sTreeBranchDeadL] = { "sTreeBranchDeadL", 16, 16, 0, 0, 0, 0, 15, 9, GM_COLCHECK_AABB, 1, 0, NULL },
    [SPR_sTreeBranchDeadR] = { "sTreeBranchDeadR", 16, 16, 0, 0, 0, 0, 15, 9, GM_COLCHECK_AABB, 1, 0, NULL },
    [SPR_sTreeBranchLeft] = { "sTreeBranchLeft", 16, 16, 0, 0, 0, 0, 15, 10, GM_COLCHECK_AABB, 1, 0, NULL },
    [SPR_sTreeBranchRight] = { "sTreeBranchRight", 16, 16, 0, 0, 0, 0, 15, 10, GM_COLCHECK_AABB, 1, 0, NULL },
    [SPR_sTreeTop] = { "sTreeTop", 16, 16, 0, 0, 0, 0, 15, 15, GM_COLCHECK_PRECISE, 1, 1, s_mask_sTreeTop },
    [SPR_sTreeTopDead] = { "sTreeTopDead", 16, 16, 0, 0, 0, 0, 15, 15, GM_COLCHECK_PRECISE, 1, 1, s_mask_sTreeTopDead },
    [SPR_sTreeTrunk] = { "sTreeTrunk", 16, 16, 0, 0, 0, 0, 15, 15, GM_COLCHECK_AABB, 1, 0, NULL },
    [SPR_sTunnelAttackL] = { "sTunnelAttackL", 16, 16, 8, 8, 0, 0, 15, 15, GM_COLCHECK_PRECISE, 11, 11, s_mask_sTunnelAttackL },
    [SPR_sTunnelClimb] = { "sTunnelClimb", 16, 16, 8, 8, 0, 0, 15, 15, GM_COLCHECK_AABB, 6, 0, NULL },
    [SPR_sTunnelClimb2] = { "sTunnelClimb2", 16, 24, 8, 16, 0, 5, 15, 23, GM_COLCHECK_AABB, 12, 0, NULL },
    [SPR_sTunnelClimb3] = { "sTunnelClimb3", 16, 24, 8, 16, 0, 5, 15, 23, GM_COLCHECK_AABB, 12, 0, NULL },
    [SPR_sTunnelCrawlL] = { "sTunnelCrawlL", 20, 16, 9, 8, 0, 6, 17, 15, GM_COLCHECK_AABB, 10, 0, NULL },
    [SPR_sTunnelDieL] = { "sTunnelDieL", 16, 16, 8, 8, 1, 7, 15, 15, GM_COLCHECK_AABB, 1, 0, NULL },
    [SPR_sTunnelDieLL] = { "sTunnelDieLL", 16, 16, 8, 8, 2, 0, 13, 15, GM_COLCHECK_AABB, 1, 0, NULL },
    [SPR_sTunnelDieLR] = { "sTunnelDieLR", 16, 16, 8, 8, 1, 0, 13, 15, GM_COLCHECK_AABB, 1, 0, NULL },
    [SPR_sTunnelDtHL] = { "sTunnelDtHL", 32, 32, 24, 8, 8, 1, 31, 28, GM_COLCHECK_AABB, 10, 0, NULL },
    [SPR_sTunnelDuckL] = { "sTunnelDuckL", 16, 16, 9, 8, 1, 7, 15, 15, GM_COLCHECK_PRECISE, 1, 1, s_mask_sTunnelDuckL },
    [SPR_sTunnelExit] = { "sTunnelExit", 16, 16, 8, 8, 1, 0, 14, 15, GM_COLCHECK_AABB, 16, 0, NULL },
    [SPR_sTunnelFallL] = { "sTunnelFallL", 16, 16, 8, 8, 1, 0, 14, 15, GM_COLCHECK_AABB, 1, 0, NULL },
    [SPR_sTunnelHangL] = { "sTunnelHangL", 16, 16, 8, 8, 0, 0, 14, 15, GM_COLCHECK_AABB, 1, 0, NULL },
    [SPR_sTunnelJumpL] = { "sTunnelJumpL", 16, 16, 8, 8, 1, 0, 14, 15, GM_COLCHECK_AABB, 1, 0, NULL },
    [SPR_sTunnelLBounce] = { "sTunnelLBounce", 16, 16, 8, 8, 0, 3, 14, 15, GM_COLCHECK_AABB, 1, 0, NULL },
    [SPR_sTunnelLeft] = { "sTunnelLeft", 16, 16, 8, 8, 2, 0, 13, 15, GM_COLCHECK_AABB, 1, 0, NULL },
    [SPR_sTunnelLFall] = { "sTunnelLFall", 16, 16, 8, 8, 0, 6, 15, 15, GM_COLCHECK_AABB, 1, 0, NULL },
    [SPR_sTunnelLookL] = { "sTunnelLookL", 16, 16, 8, 8, 2, 0, 13, 15, GM_COLCHECK_AABB, 1, 0, NULL },
    [SPR_sTunnelLookRunL] = { "sTunnelLookRunL", 16, 16, 8, 8, 1, 0, 14, 15, GM_COLCHECK_AABB, 6, 0, NULL },
    [SPR_sTunnelManLeft] = { "sTunnelManLeft", 16, 16, 8, 8, 2, 0, 13, 15, GM_COLCHECK_AABB, 1, 0, NULL },
    [SPR_sTunnelManRight] = { "sTunnelManRight", 16, 16, 8, 8, 2, 0, 13, 15, GM_COLCHECK_AABB, 1, 0, NULL },
    [SPR_sTunnelPushL] = { "sTunnelPushL", 16, 16, 8, 8, 2, 0, 15, 15, GM_COLCHECK_AABB, 7, 0, NULL },
    [SPR_sTunnelRunL] = { "sTunnelRunL", 16, 16, 8, 8, 1, 0, 14, 15, GM_COLCHECK_AABB, 6, 0, NULL },
    [SPR_sTunnelStunL] = { "sTunnelStunL", 16, 16, 8, 8, 1, 0, 15, 15, GM_COLCHECK_AABB, 5, 0, NULL },
    [SPR_sTunnelWhoaL] = { "sTunnelWhoaL", 24, 24, 12, 16, 4, 6, 20, 23, GM_COLCHECK_AABB, 7, 0, NULL },
    [SPR_sTutorialSign] = { "sTutorialSign", 32, 16, 0, 0, 0, 0, 31, 15, GM_COLCHECK_AABB, 1, 0, NULL },
    [SPR_sUdjatEye] = { "sUdjatEye", 16, 12, 8, 6, 0, 1, 15, 11, GM_COLCHECK_PRECISE, 1, 1, s_mask_sUdjatEye },
    [SPR_sUdjatEyeIcon] = { "sUdjatEyeIcon", 16, 16, 0, 0, 0, 0, 14, 15, GM_COLCHECK_PRECISE, 1, 1, s_mask_sUdjatEyeIcon },
    [SPR_sUdjatEyeIcon2] = { "sUdjatEyeIcon2", 16, 16, 0, 0, 0, 0, 14, 15, GM_COLCHECK_PRECISE, 1, 1, s_mask_sUdjatEyeIcon2 },
    [SPR_sUFO] = { "sUFO", 16, 16, 0, 0, 0, 1, 15, 13, GM_COLCHECK_AABB, 8, 0, NULL },
    [SPR_sUFOBlast] = { "sUFOBlast", 16, 16, 0, 0, 0, 0, 15, 15, GM_COLCHECK_AABB, 20, 0, NULL },
    [SPR_sUFOCrash] = { "sUFOCrash", 16, 16, 0, 0, 0, 4, 14, 13, GM_COLCHECK_AABB, 1, 0, NULL },
    [SPR_sVampireBatHang] = { "sVampireBatHang", 16, 16, 0, 0, 1, 0, 14, 14, GM_COLCHECK_AABB, 1, 0, NULL },
    [SPR_sVampireBatLeft] = { "sVampireBatLeft", 16, 16, 0, 0, 0, 0, 15, 15, GM_COLCHECK_AABB, 4, 0, NULL },
    [SPR_sVampireBatRight] = { "sVampireBatRight", 16, 16, 0, 0, 0, 0, 15, 15, GM_COLCHECK_AABB, 4, 0, NULL },
    [SPR_sVampireBounceL] = { "sVampireBounceL", 16, 16, 0, 0, 0, 0, 15, 14, GM_COLCHECK_AABB, 1, 0, NULL },
    [SPR_sVampireDeadL] = { "sVampireDeadL", 16, 16, 0, 0, 0, 9, 15, 15, GM_COLCHECK_AABB, 1, 0, NULL },
    [SPR_sVampireDHeldL] = { "sVampireDHeldL", 16, 16, 0, 0, 0, 3, 15, 15, GM_COLCHECK_AABB, 1, 0, NULL },
    [SPR_sVampireDieLL] = { "sVampireDieLL", 16, 16, 0, 0, 1, 0, 15, 15, GM_COLCHECK_AABB, 1, 0, NULL },
    [SPR_sVampireDieLR] = { "sVampireDieLR", 16, 16, 0, 0, 0, 0, 14, 15, GM_COLCHECK_AABB, 1, 0, NULL },
    [SPR_sVampireFallL] = { "sVampireFallL", 16, 16, 0, 0, 0, 2, 15, 14, GM_COLCHECK_AABB, 1, 0, NULL },
    [SPR_sVampireHeldL] = { "sVampireHeldL", 16, 16, 0, 0, 0, 0, 15, 15, GM_COLCHECK_AABB, 6, 0, NULL },
    [SPR_sVampireJumpL] = { "sVampireJumpL", 16, 16, 0, 0, 0, 0, 15, 15, GM_COLCHECK_AABB, 1, 0, NULL },
    [SPR_sVampireLeft] = { "sVampireLeft", 16, 16, 0, 0, 2, 0, 15, 15, GM_COLCHECK_AABB, 1, 0, NULL },
    [SPR_sVampireRunL] = { "sVampireRunL", 16, 16, 0, 0, 0, 0, 15, 15, GM_COLCHECK_AABB, 6, 0, NULL },
    [SPR_sVampireStunL] = { "sVampireStunL", 16, 16, 0, 0, 0, 0, 15, 15, GM_COLCHECK_AABB, 6, 0, NULL },
    [SPR_sVine] = { "sVine", 16, 16, 0, 0, 1, 0, 13, 15, GM_COLCHECK_AABB, 1, 0, NULL },
    [SPR_sVineBottom] = { "sVineBottom", 16, 16, 0, 0, 3, 0, 11, 15, GM_COLCHECK_AABB, 1, 0, NULL },
    [SPR_sVineSource] = { "sVineSource", 16, 16, 0, 0, 0, 0, 15, 15, GM_COLCHECK_AABB, 1, 0, NULL },
    [SPR_sVineTop] = { "sVineTop", 16, 16, 0, 0, 0, 0, 15, 15, GM_COLCHECK_AABB, 1, 0, NULL },
    [SPR_sVolcanoFlame] = { "sVolcanoFlame", 16, 16, 0, 0, 5, 5, 9, 10, GM_COLCHECK_PRECISE, 5, 5, s_mask_sVolcanoFlame },
    [SPR_sWalDamsel] = { "sWalDamsel", 48, 48, 0, 0, 0, 0, 47, 47, GM_COLCHECK_AABB, 18, 0, NULL },
    [SPR_sWater] = { "sWater", 16, 16, 0, 0, 0, 0, 15, 15, GM_COLCHECK_AABB, 1, 0, NULL },
    [SPR_sWaterBottom] = { "sWaterBottom", 16, 16, 0, 0, 0, 0, 15, 15, GM_COLCHECK_AABB, 1, 0, NULL },
    [SPR_sWaterBottom2] = { "sWaterBottom2", 16, 16, 0, 0, 0, 0, 15, 15, GM_COLCHECK_AABB, 1, 0, NULL },
    [SPR_sWaterBottom3] = { "sWaterBottom3", 16, 16, 0, 0, 0, 0, 15, 15, GM_COLCHECK_AABB, 1, 0, NULL },
    [SPR_sWaterBottom4] = { "sWaterBottom4", 16, 16, 0, 0, 0, 0, 15, 15, GM_COLCHECK_AABB, 1, 0, NULL },
    [SPR_sWaterBottomTall1] = { "sWaterBottomTall1", 16, 16, 0, 0, 0, 0, 15, 15, GM_COLCHECK_AABB, 1, 0, NULL },
    [SPR_sWaterBottomTall2] = { "sWaterBottomTall2", 16, 16, 0, 0, 0, 0, 15, 15, GM_COLCHECK_AABB, 1, 0, NULL },
    [SPR_sWaterTop] = { "sWaterTop", 16, 16, 0, 0, 0, 0, 15, 15, GM_COLCHECK_AABB, 1, 0, NULL },
    [SPR_sWeb] = { "sWeb", 16, 16, 0, 0, 0, 0, 15, 15, GM_COLCHECK_PRECISE, 1, 1, s_mask_sWeb },
    [SPR_sWebBall] = { "sWebBall", 16, 16, 8, 8, 3, 3, 11, 11, GM_COLCHECK_PRECISE, 1, 1, s_mask_sWebBall },
    [SPR_sWebCannonL] = { "sWebCannonL", 16, 8, 8, 4, 0, 0, 12, 6, GM_COLCHECK_PRECISE, 1, 1, s_mask_sWebCannonL },
    [SPR_sWebCannonR] = { "sWebCannonR", 16, 8, 8, 4, 3, 0, 15, 6, GM_COLCHECK_PRECISE, 1, 1, s_mask_sWebCannonR },
    [SPR_sWebCannonTile] = { "sWebCannonTile", 16, 16, 0, 0, 3, 8, 15, 14, GM_COLCHECK_PRECISE, 1, 1, s_mask_sWebCannonTile },
    [SPR_sWebCreate] = { "sWebCreate", 16, 16, 8, 8, 0, 0, 15, 15, GM_COLCHECK_PRECISE, 5, 5, s_mask_sWebCreate },
    [SPR_sWebTile] = { "sWebTile", 16, 16, 0, 0, 0, 0, 15, 15, GM_COLCHECK_PRECISE, 1, 1, s_mask_sWebTile },
    [SPR_sWhipLeft] = { "sWhipLeft", 16, 16, 8, 8, 3, 6, 15, 10, GM_COLCHECK_PRECISE, 1, 1, s_mask_sWhipLeft },
    [SPR_sWhipPreL] = { "sWhipPreL", 16, 16, 8, 8, 0, 0, 9, 11, GM_COLCHECK_PRECISE, 1, 1, s_mask_sWhipPreL },
    [SPR_sWhipPreR] = { "sWhipPreR", 16, 16, 8, 8, 6, 0, 15, 11, GM_COLCHECK_PRECISE, 1, 1, s_mask_sWhipPreR },
    [SPR_sWhipRight] = { "sWhipRight", 16, 16, 8, 8, 0, 6, 12, 10, GM_COLCHECK_PRECISE, 1, 1, s_mask_sWhipRight },
    [SPR_sWhoaLeft] = { "sWhoaLeft", 24, 24, 12, 16, 3, 6, 20, 23, GM_COLCHECK_AABB, 7, 0, NULL },
    [SPR_sYellHelp] = { "sYellHelp", 16, 16, 8, 8, 0, 0, 15, 15, GM_COLCHECK_PRECISE, 1, 1, s_mask_sYellHelp },
    [SPR_sYellLeft] = { "sYellLeft", 16, 16, 8, 8, 0, 0, 15, 15, GM_COLCHECK_AABB, 10, 0, NULL },
    [SPR_sYellowBall] = { "sYellowBall", 16, 16, 8, 8, 1, 1, 14, 14, GM_COLCHECK_PRECISE, 2, 2, s_mask_sYellowBall },
    [SPR_sYellowTrail] = { "sYellowTrail", 16, 16, 8, 8, 1, 1, 14, 14, GM_COLCHECK_PRECISE, 12, 12, s_mask_sYellowTrail },
    [SPR_sYellRight] = { "sYellRight", 16, 16, 8, 8, 0, 0, 15, 15, GM_COLCHECK_AABB, 10, 0, NULL },
    [SPR_sYetiBounceL] = { "sYetiBounceL", 16, 16, 0, 0, 0, 2, 15, 15, GM_COLCHECK_AABB, 1, 0, NULL },
    [SPR_sYetiDeadL] = { "sYetiDeadL", 24, 16, 4, 0, 2, 7, 21, 15, GM_COLCHECK_AABB, 1, 0, NULL },
    [SPR_sYetiDHeldL] = { "sYetiDHeldL", 24, 16, 4, 0, 4, 3, 19, 15, GM_COLCHECK_AABB, 1, 0, NULL },
    [SPR_sYetiDieLL] = { "sYetiDieLL", 16, 16, 0, 0, 0, 0, 15, 15, GM_COLCHECK_AABB, 1, 0, NULL },
    [SPR_sYetiDieLR] = { "sYetiDieLR", 16, 16, 0, 0, 0, 0, 15, 15, GM_COLCHECK_AABB, 1, 0, NULL },
    [SPR_sYetiFallL] = { "sYetiFallL", 16, 16, 0, 0, 0, 1, 15, 12, GM_COLCHECK_AABB, 1, 0, NULL },
    [SPR_sYetiHeldL] = { "sYetiHeldL", 24, 16, 4, 0, 4, 0, 19, 15, GM_COLCHECK_AABB, 5, 0, NULL },
    [SPR_sYetiKingDisp] = { "sYetiKingDisp", 32, 32, 8, 8, 1, 0, 31, 31, GM_COLCHECK_AABB, 1, 0, NULL },
    [SPR_sYetiKingLeft] = { "sYetiKingLeft", 32, 32, 0, 0, 1, 0, 31, 31, GM_COLCHECK_AABB, 1, 0, NULL },
    [SPR_sYetiKingRight] = { "sYetiKingRight", 32, 32, 0, 0, 0, 0, 30, 31, GM_COLCHECK_AABB, 1, 0, NULL },
    [SPR_sYetiKingTurnL] = { "sYetiKingTurnL", 32, 32, 0, 0, 0, 0, 31, 31, GM_COLCHECK_AABB, 5, 0, NULL },
    [SPR_sYetiKingTurnR] = { "sYetiKingTurnR", 32, 32, 0, 0, 0, 0, 31, 31, GM_COLCHECK_AABB, 5, 0, NULL },
    [SPR_sYetiKingWalkL] = { "sYetiKingWalkL", 32, 32, 0, 0, 1, 0, 31, 31, GM_COLCHECK_AABB, 8, 0, NULL },
    [SPR_sYetiKingWalkR] = { "sYetiKingWalkR", 32, 32, 0, 0, 0, 0, 30, 31, GM_COLCHECK_AABB, 8, 0, NULL },
    [SPR_sYetiKingYellL] = { "sYetiKingYellL", 32, 32, 0, 0, 1, 0, 31, 31, GM_COLCHECK_AABB, 13, 0, NULL },
    [SPR_sYetiKingYellR] = { "sYetiKingYellR", 32, 32, 0, 0, 0, 0, 30, 31, GM_COLCHECK_AABB, 13, 0, NULL },
    [SPR_sYetiLeft] = { "sYetiLeft", 16, 16, 0, 0, 0, 0, 15, 15, GM_COLCHECK_AABB, 1, 0, NULL },
    [SPR_sYetiRunLeft] = { "sYetiRunLeft", 16, 16, 0, 0, 0, 0, 15, 15, GM_COLCHECK_AABB, 4, 0, NULL },
    [SPR_sYetiStunL] = { "sYetiStunL", 24, 16, 4, 0, 2, 0, 21, 15, GM_COLCHECK_AABB, 5, 0, NULL },
    [SPR_sYetiThrowL] = { "sYetiThrowL", 24, 16, 4, 0, 4, 0, 23, 15, GM_COLCHECK_AABB, 7, 0, NULL },
    [SPR_sYYScreen] = { "sYYScreen", 64, 16, 0, 0, 6, 3, 51, 13, GM_COLCHECK_AABB, 1, 0, NULL },
    [SPR_sZombieJumpL] = { "sZombieJumpL", 16, 16, 0, 0, 0, 0, 14, 15, GM_COLCHECK_AABB, 1, 0, NULL },
    [SPR_sZombieLeft] = { "sZombieLeft", 16, 16, 0, 0, 0, 0, 15, 15, GM_COLCHECK_AABB, 4, 0, NULL },
    [SPR_TouchArrowsOp] = { "TouchArrowsOp", 96, 96, 0, 0, 0, 0, 95, 95, GM_COLCHECK_AABB, 1, 0, NULL },
    [SPR_TouchArrowsSemiTr] = { "TouchArrowsSemiTr", 96, 96, 0, 0, 0, 0, 95, 95, GM_COLCHECK_AABB, 1, 0, NULL },
    [SPR_TouchButtons1Op] = { "TouchButtons1Op", 80, 80, 0, 0, 0, 0, 79, 79, GM_COLCHECK_AABB, 1, 0, NULL },
    [SPR_TouchButtons1SemiTr] = { "TouchButtons1SemiTr", 80, 80, 0, 0, 0, 0, 79, 79, GM_COLCHECK_AABB, 1, 0, NULL },
    [SPR_TouchButtons2Op0] = { "TouchButtons2Op0", 32, 160, 0, 0, 0, 0, 31, 159, GM_COLCHECK_AABB, 1, 0, NULL },
    [SPR_TouchButtons2Op1] = { "TouchButtons2Op1", 32, 160, 0, 0, 0, 0, 31, 159, GM_COLCHECK_AABB, 1, 0, NULL },
    [SPR_TouchButtons2SemiTr0] = { "TouchButtons2SemiTr0", 32, 160, 0, 0, 0, 0, 31, 159, GM_COLCHECK_AABB, 1, 0, NULL },
    [SPR_TouchButtons2SemiTr1] = { "TouchButtons2SemiTr1", 32, 160, 0, 0, 0, 0, 31, 159, GM_COLCHECK_AABB, 1, 0, NULL },
    [SPR_TouchButtonsCheatOp] = { "TouchButtonsCheatOp", 128, 32, 0, 0, 0, 0, 127, 31, GM_COLCHECK_AABB, 1, 0, NULL },
    [SPR_TouchButtonsCheatSemiTr] = { "TouchButtonsCheatSemiTr", 128, 32, 0, 0, 0, 0, 127, 31, GM_COLCHECK_AABB, 1, 0, NULL },
};
